inventory_id,date,store_id,product_id,current_stock,reorder_level
INV-20260508-S001-P001,2026-05-08,S001,P001,253,57.0
INV-20260508-S001-P002,2026-05-08,S001,P002,89,41.0
INV-20260508-S001-P003,2026-05-08,S001,P003,179,24.0
INV-20260508-S001-P004,2026-05-08,S001,P004,227,20.0
INV-20260508-S001-P005,2026-05-08,S001,P005,403,66.0
INV-20260508-S001-P006,2026-05-08,S001,P006,414,26.0
INV-20260508-S001-P007,2026-05-08,S001,P007,120,97.0
INV-20260508-S001-P008,2026-05-08,S001,P008,376,65.0
INV-20260508-S001-P009,2026-05-08,S001,P009,102,43.0
INV-20260508-S001-P010,2026-05-08,S001,P010,323,66.0
INV-20260508-S001-P011,2026-05-08,S001,P011,366,12.0
INV-20260508-S001-P012,2026-05-08,S001,P012,369,101.0
INV-20260508-S001-P013,2026-05-08,S001,P013,141,56.0
INV-20260508-S001-P014,2026-05-08,S001,P014,374,84.0
INV-20260508-S001-P015,2026-05-08,S001,P015,116,18.0
INV-20260508-S001-P016,2026-05-08,S001,P016,244,56.0
INV-20260508-S001-P017,2026-05-08,S001,P017,228,56.0
INV-20260508-S001-P018,2026-05-08,S001,P018,178,99.0
INV-20260508-S001-P019,2026-05-08,S001,P019,76,64.0
INV-20260508-S001-P020,2026-05-08,S001,P020,327,55.0
INV-20260508-S001-P021,2026-05-08,S001,P021,191,35.0
INV-20260508-S001-P022,2026-05-08,S001,P022,297,41.0
INV-20260508-S001-P023,2026-05-08,S001,P023,209,59.0
INV-20260508-S001-P024,2026-05-08,S001,P024,201,51.0
INV-20260508-S001-P025,2026-05-08,S001,P025,381,12.0
INV-20260508-S001-P026,2026-05-08,S001,P026,95,88.0
INV-20260508-S001-P027,2026-05-08,S001,P027,311,95.0
INV-20260508-S001-P028,2026-05-08,S001,P028,328,23.0
INV-20260508-S001-P029,2026-05-08,S001,P029,200,62.0
INV-20260508-S001-P030,2026-05-08,S001,P030,166,20.0
INV-20260508-S001-P031,2026-05-08,S001,P031,365,74.0
INV-20260508-S001-P032,2026-05-08,S001,P032,394,37.0
INV-20260508-S001-P033,2026-05-08,S001,P033,388,72.0
INV-20260508-S001-P034,2026-05-08,S001,P034,148,79.0
INV-20260508-S001-P035,2026-05-08,S001,P035,402,83.0
INV-20260508-S001-P036,2026-05-08,S001,P036,117,20.0
INV-20260508-S001-P037,2026-05-08,S001,P037,475,97.0
INV-20260508-S001-P038,2026-05-08,S001,P038,360,32.0
INV-20260508-S001-P039,2026-05-08,S001,P039,382,14.0
INV-20260508-S001-P040,2026-05-08,S001,P040,124,62.0
INV-20260508-S001-P041,2026-05-08,S001,P041,324,45.0
INV-20260508-S001-P042,2026-05-08,S001,P042,126,88.0
INV-20260508-S001-P043,2026-05-08,S001,P043,190,86.0
INV-20260508-S001-P044,2026-05-08,S001,P044,273,40.0
INV-20260508-S001-P045,2026-05-08,S001,P045,317,100.0
INV-20260508-S001-P046,2026-05-08,S001,P046,373,37.0
INV-20260508-S001-P047,2026-05-08,S001,P047,83,59.0
INV-20260508-S001-P048,2026-05-08,S001,P048,144,34.0
INV-20260508-S001-P049,2026-05-08,S001,P049,164,98.0
INV-20260508-S001-P050,2026-05-08,S001,P050,181,26.0
INV-20260508-S002-P001,2026-05-08,S002,P001,413,57.0
INV-20260508-S002-P002,2026-05-08,S002,P002,338,41.0
INV-20260508-S002-P003,2026-05-08,S002,P003,186,24.0
INV-20260508-S002-P004,2026-05-08,S002,P004,410,20.0
INV-20260508-S002-P005,2026-05-08,S002,P005,237,66.0
INV-20260508-S002-P006,2026-05-08,S002,P006,247,26.0
INV-20260508-S002-P007,2026-05-08,S002,P007,227,97.0
INV-20260508-S002-P008,2026-05-08,S002,P008,115,65.0
INV-20260508-S002-P009,2026-05-08,S002,P009,387,43.0
INV-20260508-S002-P010,2026-05-08,S002,P010,67,66.0
INV-20260508-S002-P011,2026-05-08,S002,P011,136,12.0
INV-20260508-S002-P012,2026-05-08,S002,P012,146,101.0
INV-20260508-S002-P013,2026-05-08,S002,P013,159,56.0
INV-20260508-S002-P014,2026-05-08,S002,P014,113,84.0
INV-20260508-S002-P015,2026-05-08,S002,P015,85,18.0
INV-20260508-S002-P016,2026-05-08,S002,P016,294,56.0
INV-20260508-S002-P017,2026-05-08,S002,P017,401,56.0
INV-20260508-S002-P018,2026-05-08,S002,P018,101,99.0
INV-20260508-S002-P019,2026-05-08,S002,P019,169,64.0
INV-20260508-S002-P020,2026-05-08,S002,P020,236,55.0
INV-20260508-S002-P021,2026-05-08,S002,P021,387,35.0
INV-20260508-S002-P022,2026-05-08,S002,P022,310,41.0
INV-20260508-S002-P023,2026-05-08,S002,P023,334,59.0
INV-20260508-S002-P024,2026-05-08,S002,P024,268,51.0
INV-20260508-S002-P025,2026-05-08,S002,P025,219,12.0
INV-20260508-S002-P026,2026-05-08,S002,P026,132,88.0
INV-20260508-S002-P027,2026-05-08,S002,P027,354,95.0
INV-20260508-S002-P028,2026-05-08,S002,P028,347,23.0
INV-20260508-S002-P029,2026-05-08,S002,P029,72,62.0
INV-20260508-S002-P030,2026-05-08,S002,P030,321,20.0
INV-20260508-S002-P031,2026-05-08,S002,P031,97,74.0
INV-20260508-S002-P032,2026-05-08,S002,P032,323,37.0
INV-20260508-S002-P033,2026-05-08,S002,P033,349,72.0
INV-20260508-S002-P034,2026-05-08,S002,P034,114,79.0
INV-20260508-S002-P035,2026-05-08,S002,P035,213,83.0
INV-20260508-S002-P036,2026-05-08,S002,P036,117,20.0
INV-20260508-S002-P037,2026-05-08,S002,P037,248,97.0
INV-20260508-S002-P038,2026-05-08,S002,P038,387,32.0
INV-20260508-S002-P039,2026-05-08,S002,P039,105,14.0
INV-20260508-S002-P040,2026-05-08,S002,P040,203,62.0
INV-20260508-S002-P041,2026-05-08,S002,P041,397,45.0
INV-20260508-S002-P042,2026-05-08,S002,P042,167,88.0
INV-20260508-S002-P043,2026-05-08,S002,P043,99,86.0
INV-20260508-S002-P044,2026-05-08,S002,P044,244,40.0
INV-20260508-S002-P045,2026-05-08,S002,P045,235,100.0
INV-20260508-S002-P046,2026-05-08,S002,P046,302,37.0
INV-20260508-S002-P047,2026-05-08,S002,P047,179,59.0
INV-20260508-S002-P048,2026-05-08,S002,P048,402,34.0
INV-20260508-S002-P049,2026-05-08,S002,P049,245,98.0
INV-20260508-S002-P050,2026-05-08,S002,P050,177,26.0
INV-20260508-S003-P001,2026-05-08,S003,P001,398,57.0
INV-20260508-S003-P002,2026-05-08,S003,P002,389,41.0
INV-20260508-S003-P003,2026-05-08,S003,P003,247,24.0
INV-20260508-S003-P004,2026-05-08,S003,P004,88,20.0
INV-20260508-S003-P005,2026-05-08,S003,P005,279,66.0
INV-20260508-S003-P006,2026-05-08,S003,P006,268,26.0
INV-20260508-S003-P007,2026-05-08,S003,P007,123,97.0
INV-20260508-S003-P008,2026-05-08,S003,P008,291,65.0
INV-20260508-S003-P009,2026-05-08,S003,P009,357,43.0
INV-20260508-S003-P010,2026-05-08,S003,P010,107,66.0
INV-20260508-S003-P011,2026-05-08,S003,P011,325,12.0
INV-20260508-S003-P012,2026-05-08,S003,P012,116,101.0
INV-20260508-S003-P013,2026-05-08,S003,P013,326,56.0
INV-20260508-S003-P014,2026-05-08,S003,P014,210,84.0
INV-20260508-S003-P015,2026-05-08,S003,P015,80,18.0
INV-20260508-S003-P016,2026-05-08,S003,P016,403,56.0
INV-20260508-S003-P017,2026-05-08,S003,P017,131,56.0
INV-20260508-S003-P018,2026-05-08,S003,P018,273,99.0
INV-20260508-S003-P019,2026-05-08,S003,P019,132,64.0
INV-20260508-S003-P020,2026-05-08,S003,P020,390,55.0
INV-20260508-S003-P021,2026-05-08,S003,P021,326,35.0
INV-20260508-S003-P022,2026-05-08,S003,P022,344,41.0
INV-20260508-S003-P023,2026-05-08,S003,P023,220,59.0
INV-20260508-S003-P024,2026-05-08,S003,P024,227,51.0
INV-20260508-S003-P025,2026-05-08,S003,P025,295,12.0
INV-20260508-S003-P026,2026-05-08,S003,P026,337,88.0
INV-20260508-S003-P027,2026-05-08,S003,P027,360,95.0
INV-20260508-S003-P028,2026-05-08,S003,P028,83,23.0
INV-20260508-S003-P029,2026-05-08,S003,P029,299,62.0
INV-20260508-S003-P030,2026-05-08,S003,P030,115,20.0
INV-20260508-S003-P031,2026-05-08,S003,P031,164,74.0
INV-20260508-S003-P032,2026-05-08,S003,P032,359,37.0
INV-20260508-S003-P033,2026-05-08,S003,P033,155,72.0
INV-20260508-S003-P034,2026-05-08,S003,P034,340,79.0
INV-20260508-S003-P035,2026-05-08,S003,P035,228,83.0
INV-20260508-S003-P036,2026-05-08,S003,P036,155,20.0
INV-20260508-S003-P037,2026-05-08,S003,P037,181,97.0
INV-20260508-S003-P038,2026-05-08,S003,P038,255,32.0
INV-20260508-S003-P039,2026-05-08,S003,P039,338,14.0
INV-20260508-S003-P040,2026-05-08,S003,P040,279,62.0
INV-20260508-S003-P041,2026-05-08,S003,P041,395,45.0
INV-20260508-S003-P042,2026-05-08,S003,P042,366,88.0
INV-20260508-S003-P043,2026-05-08,S003,P043,326,86.0
INV-20260508-S003-P044,2026-05-08,S003,P044,279,40.0
INV-20260508-S003-P045,2026-05-08,S003,P045,160,100.0
INV-20260508-S003-P046,2026-05-08,S003,P046,217,37.0
INV-20260508-S003-P047,2026-05-08,S003,P047,114,59.0
INV-20260508-S003-P048,2026-05-08,S003,P048,204,34.0
INV-20260508-S003-P049,2026-05-08,S003,P049,388,98.0
INV-20260509-S001-P001,2026-05-09,S001,P001,239,57.0
INV-20260509-S001-P002,2026-05-09,S001,P002,76,41.0
INV-20260509-S001-P003,2026-05-09,S001,P003,174,24.0
INV-20260509-S001-P004,2026-05-09,S001,P004,226,20.0
INV-20260509-S001-P005,2026-05-09,S001,P005,391,66.0
INV-20260509-S001-P006,2026-05-09,S001,P006,412,26.0
INV-20260509-S001-P007,2026-05-09,S001,P007,108,97.0
INV-20260509-S001-P008,2026-05-09,S001,P008,361,65.0
INV-20260509-S001-P009,2026-05-09,S001,P009,97,43.0
INV-20260509-S001-P010,2026-05-09,S001,P010,307,66.0
INV-20260509-S001-P011,2026-05-09,S001,P011,362,12.0
INV-20260509-S001-P012,2026-05-09,S001,P012,351,101.0
INV-20260509-S001-P013,2026-05-09,S001,P013,130,56.0
INV-20260509-S001-P014,2026-05-09,S001,P014,360,84.0
INV-20260509-S001-P015,2026-05-09,S001,P015,110,18.0
INV-20260509-S001-P016,2026-05-09,S001,P016,234,56.0
INV-20260509-S001-P017,2026-05-09,S001,P017,221,56.0
INV-20260509-S001-P018,2026-05-09,S001,P018,158,99.0
INV-20260509-S001-P019,2026-05-09,S001,P019,69,64.0
INV-20260509-S001-P020,2026-05-09,S001,P020,317,55.0
INV-20260509-S001-P021,2026-05-09,S001,P021,181,35.0
INV-20260509-S001-P022,2026-05-09,S001,P022,290,41.0
INV-20260509-S001-P023,2026-05-09,S001,P023,197,59.0
INV-20260509-S001-P024,2026-05-09,S001,P024,198,51.0
INV-20260509-S001-P025,2026-05-09,S001,P025,379,12.0
INV-20260509-S001-P026,2026-05-09,S001,P026,433,88.0
INV-20260509-S001-P027,2026-05-09,S001,P027,300,95.0
INV-20260509-S001-P028,2026-05-09,S001,P028,323,23.0
INV-20260509-S001-P029,2026-05-09,S001,P029,187,62.0
INV-20260509-S001-P030,2026-05-09,S001,P030,161,20.0
INV-20260509-S001-P031,2026-05-09,S001,P031,356,74.0
INV-20260509-S001-P032,2026-05-09,S001,P032,392,37.0
INV-20260509-S001-P033,2026-05-09,S001,P033,381,72.0
INV-20260509-S001-P034,2026-05-09,S001,P034,136,79.0
INV-20260509-S001-P035,2026-05-09,S001,P035,383,83.0
INV-20260509-S001-P036,2026-05-09,S001,P036,114,20.0
INV-20260509-S001-P037,2026-05-09,S001,P037,458,97.0
INV-20260509-S001-P038,2026-05-09,S001,P038,357,32.0
INV-20260509-S001-P039,2026-05-09,S001,P039,380,14.0
INV-20260509-S001-P040,2026-05-09,S001,P040,115,62.0
INV-20260509-S001-P041,2026-05-09,S001,P041,316,45.0
INV-20260509-S001-P042,2026-05-09,S001,P042,106,88.0
INV-20260509-S001-P043,2026-05-09,S001,P043,176,86.0
INV-20260509-S001-P044,2026-05-09,S001,P044,268,40.0
INV-20260509-S001-P045,2026-05-09,S001,P045,304,100.0
INV-20260509-S001-P046,2026-05-09,S001,P046,369,37.0
INV-20260509-S001-P047,2026-05-09,S001,P047,74,59.0
INV-20260509-S001-P048,2026-05-09,S001,P048,141,34.0
INV-20260509-S001-P049,2026-05-09,S001,P049,143,98.0
INV-20260509-S001-P050,2026-05-09,S001,P050,177,26.0
INV-20260509-S002-P001,2026-05-09,S002,P001,401,57.0
INV-20260509-S002-P002,2026-05-09,S002,P002,329,41.0
INV-20260509-S002-P003,2026-05-09,S002,P003,182,24.0
INV-20260509-S002-P004,2026-05-09,S002,P004,410,20.0
INV-20260509-S002-P005,2026-05-09,S002,P005,225,66.0
INV-20260509-S002-P006,2026-05-09,S002,P006,239,26.0
INV-20260509-S002-P007,2026-05-09,S002,P007,227,97.0
INV-20260509-S002-P008,2026-05-09,S002,P008,104,65.0
INV-20260509-S002-P009,2026-05-09,S002,P009,381,43.0
INV-20260509-S002-P010,2026-05-09,S002,P010,316,66.0
INV-20260509-S002-P011,2026-05-09,S002,P011,132,12.0
INV-20260509-S002-P012,2026-05-09,S002,P012,117,101.0
INV-20260509-S002-P013,2026-05-09,S002,P013,142,56.0
INV-20260509-S002-P014,2026-05-09,S002,P014,94,84.0
INV-20260509-S002-P015,2026-05-09,S002,P015,85,18.0
INV-20260509-S002-P016,2026-05-09,S002,P016,283,56.0
INV-20260509-S002-P017,2026-05-09,S002,P017,392,56.0
INV-20260509-S002-P018,2026-05-09,S002,P018,479,99.0
INV-20260509-S002-P019,2026-05-09,S002,P019,159,64.0
INV-20260509-S002-P020,2026-05-09,S002,P020,222,55.0
INV-20260509-S002-P021,2026-05-09,S002,P021,377,35.0
INV-20260509-S002-P022,2026-05-09,S002,P022,300,41.0
INV-20260509-S002-P023,2026-05-09,S002,P023,318,59.0
INV-20260509-S002-P024,2026-05-09,S002,P024,258,51.0
INV-20260509-S002-P025,2026-05-09,S002,P025,217,12.0
INV-20260509-S002-P026,2026-05-09,S002,P026,116,88.0
INV-20260509-S002-P027,2026-05-09,S002,P027,335,95.0
INV-20260509-S002-P028,2026-05-09,S002,P028,345,23.0
INV-20260509-S002-P029,2026-05-09,S002,P029,312,62.0
INV-20260509-S002-P030,2026-05-09,S002,P030,316,20.0
INV-20260509-S002-P031,2026-05-09,S002,P031,83,74.0
INV-20260509-S002-P032,2026-05-09,S002,P032,316,37.0
INV-20260509-S002-P033,2026-05-09,S002,P033,328,72.0
INV-20260509-S002-P034,2026-05-09,S002,P034,104,79.0
INV-20260509-S002-P035,2026-05-09,S002,P035,192,83.0
INV-20260509-S002-P036,2026-05-09,S002,P036,112,20.0
INV-20260509-S002-P037,2026-05-09,S002,P037,216,97.0
INV-20260509-S002-P038,2026-05-09,S002,P038,377,32.0
INV-20260509-S002-P039,2026-05-09,S002,P039,98,14.0
INV-20260509-S002-P040,2026-05-09,S002,P040,192,62.0
INV-20260509-S002-P041,2026-05-09,S002,P041,390,45.0
INV-20260509-S002-P042,2026-05-09,S002,P042,155,88.0
INV-20260509-S002-P043,2026-05-09,S002,P043,91,86.0
INV-20260509-S002-P044,2026-05-09,S002,P044,237,40.0
INV-20260509-S002-P045,2026-05-09,S002,P045,214,100.0
INV-20260509-S002-P046,2026-05-09,S002,P046,294,37.0
INV-20260509-S002-P047,2026-05-09,S002,P047,171,59.0
INV-20260509-S002-P048,2026-05-09,S002,P048,395,34.0
INV-20260509-S002-P049,2026-05-09,S002,P049,232,98.0
INV-20260509-S002-P050,2026-05-09,S002,P050,170,26.0
INV-20260509-S003-P001,2026-05-09,S003,P001,390,57.0
INV-20260509-S003-P002,2026-05-09,S003,P002,378,41.0
INV-20260509-S003-P003,2026-05-09,S003,P003,242,24.0
INV-20260509-S003-P004,2026-05-09,S003,P004,86,20.0
INV-20260509-S003-P005,2026-05-09,S003,P005,271,66.0
INV-20260509-S003-P006,2026-05-09,S003,P006,263,26.0
INV-20260509-S003-P007,2026-05-09,S003,P007,110,97.0
INV-20260509-S003-P008,2026-05-09,S003,P008,285,65.0
INV-20260509-S003-P009,2026-05-09,S003,P009,350,43.0
INV-20260509-S003-P010,2026-05-09,S003,P010,99,66.0
INV-20260509-S003-P011,2026-05-09,S003,P011,324,12.0
INV-20260509-S003-P012,2026-05-09,S003,P012,103,101.0
INV-20260509-S003-P013,2026-05-09,S003,P013,318,56.0
INV-20260509-S003-P014,2026-05-09,S003,P014,199,84.0
INV-20260509-S003-P015,2026-05-09,S003,P015,76,18.0
INV-20260509-S003-P016,2026-05-09,S003,P016,391,56.0
INV-20260509-S003-P017,2026-05-09,S003,P017,126,56.0
INV-20260509-S003-P018,2026-05-09,S003,P018,256,99.0
INV-20260509-S003-P019,2026-05-09,S003,P019,124,64.0
INV-20260509-S003-P020,2026-05-09,S003,P020,381,55.0
INV-20260509-S003-P021,2026-05-09,S003,P021,325,35.0
INV-20260509-S003-P022,2026-05-09,S003,P022,340,41.0
INV-20260509-S003-P023,2026-05-09,S003,P023,214,59.0
INV-20260509-S003-P024,2026-05-09,S003,P024,215,51.0
INV-20260509-S003-P025,2026-05-09,S003,P025,294,12.0
INV-20260509-S003-P026,2026-05-09,S003,P026,329,88.0
INV-20260509-S003-P027,2026-05-09,S003,P027,350,95.0
INV-20260509-S003-P028,2026-05-09,S003,P028,79,23.0
INV-20260509-S003-P029,2026-05-09,S003,P029,293,62.0
INV-20260509-S003-P030,2026-05-09,S003,P030,112,20.0
INV-20260509-S003-P031,2026-05-09,S003,P031,151,74.0
INV-20260509-S003-P032,2026-05-09,S003,P032,353,37.0
INV-20260509-S003-P033,2026-05-09,S003,P033,140,72.0
INV-20260509-S003-P034,2026-05-09,S003,P034,328,79.0
INV-20260509-S003-P035,2026-05-09,S003,P035,218,83.0
INV-20260509-S003-P036,2026-05-09,S003,P036,150,20.0
INV-20260509-S003-P037,2026-05-09,S003,P037,165,97.0
INV-20260509-S003-P038,2026-05-09,S003,P038,252,32.0
INV-20260509-S003-P039,2026-05-09,S003,P039,336,14.0
INV-20260509-S003-P040,2026-05-09,S003,P040,274,62.0
INV-20260509-S003-P041,2026-05-09,S003,P041,388,45.0
INV-20260509-S003-P042,2026-05-09,S003,P042,354,88.0
INV-20260509-S003-P043,2026-05-09,S003,P043,317,86.0
INV-20260509-S003-P044,2026-05-09,S003,P044,273,40.0
INV-20260509-S003-P045,2026-05-09,S003,P045,147,100.0
INV-20260509-S003-P046,2026-05-09,S003,P046,212,37.0
INV-20260509-S003-P047,2026-05-09,S003,P047,107,59.0
INV-20260509-S003-P048,2026-05-09,S003,P048,202,34.0
INV-20260509-S003-P049,2026-05-09,S003,P049,374,98.0
INV-20260510-S001-P001,2026-05-10,S001,P001,228,57.0
INV-20260510-S001-P002,2026-05-10,S001,P002,69,41.0
INV-20260510-S001-P003,2026-05-10,S001,P003,169,24.0
INV-20260510-S001-P004,2026-05-10,S001,P004,222,20.0
INV-20260510-S001-P005,2026-05-10,S001,P005,378,66.0
INV-20260510-S001-P006,2026-05-10,S001,P006,409,26.0
INV-20260510-S001-P007,2026-05-10,S001,P007,98,97.0
INV-20260510-S001-P008,2026-05-10,S001,P008,351,65.0
INV-20260510-S001-P009,2026-05-10,S001,P009,85,43.0
INV-20260510-S001-P010,2026-05-10,S001,P010,296,66.0
INV-20260510-S001-P011,2026-05-10,S001,P011,358,12.0
INV-20260510-S001-P012,2026-05-10,S001,P012,339,101.0
INV-20260510-S001-P013,2026-05-10,S001,P013,129,56.0
INV-20260510-S001-P014,2026-05-10,S001,P014,347,84.0
INV-20260510-S001-P015,2026-05-10,S001,P015,109,18.0
INV-20260510-S001-P016,2026-05-10,S001,P016,223,56.0
INV-20260510-S001-P017,2026-05-10,S001,P017,206,56.0
INV-20260510-S001-P018,2026-05-10,S001,P018,137,99.0
INV-20260510-S001-P019,2026-05-10,S001,P019,313,64.0
INV-20260510-S001-P020,2026-05-10,S001,P020,307,55.0
INV-20260510-S001-P021,2026-05-10,S001,P021,176,35.0
INV-20260510-S001-P022,2026-05-10,S001,P022,286,41.0
INV-20260510-S001-P023,2026-05-10,S001,P023,191,59.0
INV-20260510-S001-P024,2026-05-10,S001,P024,193,51.0
INV-20260510-S001-P025,2026-05-10,S001,P025,377,12.0
INV-20260510-S001-P026,2026-05-10,S001,P026,423,88.0
INV-20260510-S001-P027,2026-05-10,S001,P027,282,95.0
INV-20260510-S001-P028,2026-05-10,S001,P028,318,23.0
INV-20260510-S001-P029,2026-05-10,S001,P029,179,62.0
INV-20260510-S001-P030,2026-05-10,S001,P030,159,20.0
INV-20260510-S001-P031,2026-05-10,S001,P031,344,74.0
INV-20260510-S001-P032,2026-05-10,S001,P032,385,37.0
INV-20260510-S001-P033,2026-05-10,S001,P033,377,72.0
INV-20260510-S001-P034,2026-05-10,S001,P034,123,79.0
INV-20260510-S001-P035,2026-05-10,S001,P035,373,83.0
INV-20260510-S001-P036,2026-05-10,S001,P036,111,20.0
INV-20260510-S001-P037,2026-05-10,S001,P037,440,97.0
INV-20260510-S001-P038,2026-05-10,S001,P038,353,32.0
INV-20260510-S001-P039,2026-05-10,S001,P039,376,14.0
INV-20260510-S001-P040,2026-05-10,S001,P040,106,62.0
INV-20260510-S001-P041,2026-05-10,S001,P041,305,45.0
INV-20260510-S001-P042,2026-05-10,S001,P042,96,88.0
INV-20260510-S001-P043,2026-05-10,S001,P043,159,86.0
INV-20260510-S001-P044,2026-05-10,S001,P044,262,40.0
INV-20260510-S001-P045,2026-05-10,S001,P045,282,100.0
INV-20260510-S001-P046,2026-05-10,S001,P046,363,37.0
INV-20260510-S001-P047,2026-05-10,S001,P047,67,59.0
INV-20260510-S001-P048,2026-05-10,S001,P048,137,34.0
INV-20260510-S001-P049,2026-05-10,S001,P049,127,98.0
INV-20260510-S001-P050,2026-05-10,S001,P050,173,26.0
INV-20260510-S002-P001,2026-05-10,S002,P001,390,57.0
INV-20260510-S002-P002,2026-05-10,S002,P002,322,41.0
INV-20260510-S002-P003,2026-05-10,S002,P003,176,24.0
INV-20260510-S002-P004,2026-05-10,S002,P004,410,20.0
INV-20260510-S002-P005,2026-05-10,S002,P005,208,66.0
INV-20260510-S002-P006,2026-05-10,S002,P006,235,26.0
INV-20260510-S002-P007,2026-05-10,S002,P007,227,97.0
INV-20260510-S002-P008,2026-05-10,S002,P008,83,65.0
INV-20260510-S002-P009,2026-05-10,S002,P009,371,43.0
INV-20260510-S002-P010,2026-05-10,S002,P010,298,66.0
INV-20260510-S002-P011,2026-05-10,S002,P011,129,12.0
INV-20260510-S002-P012,2026-05-10,S002,P012,505,101.0
INV-20260510-S002-P013,2026-05-10,S002,P013,134,56.0
INV-20260510-S002-P014,2026-05-10,S002,P014,417,84.0
INV-20260510-S002-P015,2026-05-10,S002,P015,80,18.0
INV-20260510-S002-P016,2026-05-10,S002,P016,273,56.0
INV-20260510-S002-P017,2026-05-10,S002,P017,381,56.0
INV-20260510-S002-P018,2026-05-10,S002,P018,463,99.0
INV-20260510-S002-P019,2026-05-10,S002,P019,139,64.0
INV-20260510-S002-P020,2026-05-10,S002,P020,209,55.0
INV-20260510-S002-P021,2026-05-10,S002,P021,370,35.0
INV-20260510-S002-P022,2026-05-10,S002,P022,295,41.0
INV-20260510-S002-P023,2026-05-10,S002,P023,310,59.0
INV-20260510-S002-P024,2026-05-10,S002,P024,249,51.0
INV-20260510-S002-P025,2026-05-10,S002,P025,216,12.0
INV-20260510-S002-P026,2026-05-10,S002,P026,91,88.0
INV-20260510-S002-P027,2026-05-10,S002,P027,316,95.0
INV-20260510-S002-P028,2026-05-10,S002,P028,336,23.0
INV-20260510-S002-P029,2026-05-10,S002,P029,305,62.0
INV-20260510-S002-P030,2026-05-10,S002,P030,313,20.0
INV-20260510-S002-P031,2026-05-10,S002,P031,359,74.0
INV-20260510-S002-P032,2026-05-10,S002,P032,312,37.0
INV-20260510-S002-P033,2026-05-10,S002,P033,315,72.0
INV-20260510-S002-P034,2026-05-10,S002,P034,83,79.0
INV-20260510-S002-P035,2026-05-10,S002,P035,169,83.0
INV-20260510-S002-P036,2026-05-10,S002,P036,108,20.0
INV-20260510-S002-P037,2026-05-10,S002,P037,202,97.0
INV-20260510-S002-P038,2026-05-10,S002,P038,367,32.0
INV-20260510-S002-P039,2026-05-10,S002,P039,94,14.0
INV-20260510-S002-P040,2026-05-10,S002,P040,179,62.0
INV-20260510-S002-P041,2026-05-10,S002,P041,383,45.0
INV-20260510-S002-P042,2026-05-10,S002,P042,142,88.0
INV-20260510-S002-P043,2026-05-10,S002,P043,420,86.0
INV-20260510-S002-P044,2026-05-10,S002,P044,229,40.0
INV-20260510-S002-P045,2026-05-10,S002,P045,200,100.0
INV-20260510-S002-P046,2026-05-10,S002,P046,285,37.0
INV-20260510-S002-P047,2026-05-10,S002,P047,161,59.0
INV-20260510-S002-P048,2026-05-10,S002,P048,389,34.0
INV-20260510-S002-P049,2026-05-10,S002,P049,212,98.0
INV-20260510-S002-P050,2026-05-10,S002,P050,167,26.0
INV-20260510-S003-P001,2026-05-10,S003,P001,382,57.0
INV-20260510-S003-P002,2026-05-10,S003,P002,370,41.0
INV-20260510-S003-P003,2026-05-10,S003,P003,240,24.0
INV-20260510-S003-P004,2026-05-10,S003,P004,79,20.0
INV-20260510-S003-P005,2026-05-10,S003,P005,263,66.0
INV-20260510-S003-P006,2026-05-10,S003,P006,261,26.0
INV-20260510-S003-P007,2026-05-10,S003,P007,483,97.0
INV-20260510-S003-P008,2026-05-10,S003,P008,278,65.0
INV-20260510-S003-P009,2026-05-10,S003,P009,348,43.0
INV-20260510-S003-P010,2026-05-10,S003,P010,86,66.0
INV-20260510-S003-P011,2026-05-10,S003,P011,323,12.0
INV-20260510-S003-P012,2026-05-10,S003,P012,496,101.0
INV-20260510-S003-P013,2026-05-10,S003,P013,313,56.0
INV-20260510-S003-P014,2026-05-10,S003,P014,193,84.0
INV-20260510-S003-P015,2026-05-10,S003,P015,74,18.0
INV-20260510-S003-P016,2026-05-10,S003,P016,381,56.0
INV-20260510-S003-P017,2026-05-10,S003,P017,122,56.0
INV-20260510-S003-P018,2026-05-10,S003,P018,240,99.0
INV-20260510-S003-P019,2026-05-10,S003,P019,120,64.0
INV-20260510-S003-P020,2026-05-10,S003,P020,371,55.0
INV-20260510-S003-P021,2026-05-10,S003,P021,319,35.0
INV-20260510-S003-P022,2026-05-10,S003,P022,335,41.0
INV-20260510-S003-P023,2026-05-10,S003,P023,207,59.0
INV-20260510-S003-P024,2026-05-10,S003,P024,214,51.0
INV-20260510-S003-P025,2026-05-10,S003,P025,292,12.0
INV-20260510-S003-P026,2026-05-10,S003,P026,314,88.0
INV-20260510-S003-P027,2026-05-10,S003,P027,336,95.0
INV-20260510-S003-P028,2026-05-10,S003,P028,78,23.0
INV-20260510-S003-P029,2026-05-10,S003,P029,282,62.0
INV-20260510-S003-P030,2026-05-10,S003,P030,110,20.0
INV-20260510-S003-P031,2026-05-10,S003,P031,135,74.0
INV-20260510-S003-P032,2026-05-10,S003,P032,348,37.0
INV-20260510-S003-P033,2026-05-10,S003,P033,132,72.0
INV-20260510-S003-P034,2026-05-10,S003,P034,323,79.0
INV-20260510-S003-P035,2026-05-10,S003,P035,205,83.0
INV-20260510-S003-P036,2026-05-10,S003,P036,144,20.0
INV-20260510-S003-P037,2026-05-10,S003,P037,150,97.0
INV-20260510-S003-P038,2026-05-10,S003,P038,247,32.0
INV-20260510-S003-P039,2026-05-10,S003,P039,335,14.0
INV-20260510-S003-P040,2026-05-10,S003,P040,263,62.0
INV-20260510-S003-P041,2026-05-10,S003,P041,380,45.0
INV-20260510-S003-P042,2026-05-10,S003,P042,341,88.0
INV-20260510-S003-P043,2026-05-10,S003,P043,306,86.0
INV-20260510-S003-P044,2026-05-10,S003,P044,269,40.0
INV-20260510-S003-P045,2026-05-10,S003,P045,137,100.0
INV-20260510-S003-P046,2026-05-10,S003,P046,208,37.0
INV-20260510-S003-P047,2026-05-10,S003,P047,99,59.0
INV-20260510-S003-P048,2026-05-10,S003,P048,195,34.0
INV-20260510-S003-P049,2026-05-10,S003,P049,357,98.0
INV-20260511-S001-P001,2026-05-11,S001,P001,220,57.0
INV-20260511-S001-P002,2026-05-11,S001,P002,64,41.0
INV-20260511-S001-P003,2026-05-11,S001,P003,166,24.0
INV-20260511-S001-P004,2026-05-11,S001,P004,216,20.0
INV-20260511-S001-P005,2026-05-11,S001,P005,366,66.0
INV-20260511-S001-P006,2026-05-11,S001,P006,407,26.0
INV-20260511-S001-P007,2026-05-11,S001,P007,470,97.0
INV-20260511-S001-P008,2026-05-11,S001,P008,341,65.0
INV-20260511-S001-P009,2026-05-11,S001,P009,79,43.0
INV-20260511-S001-P010,2026-05-11,S001,P010,288,66.0
INV-20260511-S001-P011,2026-05-11,S001,P011,355,12.0
INV-20260511-S001-P012,2026-05-11,S001,P012,321,101.0
INV-20260511-S001-P013,2026-05-11,S001,P013,120,56.0
INV-20260511-S001-P014,2026-05-11,S001,P014,339,84.0
INV-20260511-S001-P015,2026-05-11,S001,P015,108,18.0
INV-20260511-S001-P016,2026-05-11,S001,P016,212,56.0
INV-20260511-S001-P017,2026-05-11,S001,P017,203,56.0
INV-20260511-S001-P018,2026-05-11,S001,P018,126,99.0
INV-20260511-S001-P019,2026-05-11,S001,P019,304,64.0
INV-20260511-S001-P020,2026-05-11,S001,P020,296,55.0
INV-20260511-S001-P021,2026-05-11,S001,P021,174,35.0
INV-20260511-S001-P022,2026-05-11,S001,P022,277,41.0
INV-20260511-S001-P023,2026-05-11,S001,P023,178,59.0
INV-20260511-S001-P024,2026-05-11,S001,P024,184,51.0
INV-20260511-S001-P025,2026-05-11,S001,P025,373,12.0
INV-20260511-S001-P026,2026-05-11,S001,P026,404,88.0
INV-20260511-S001-P027,2026-05-11,S001,P027,263,95.0
INV-20260511-S001-P028,2026-05-11,S001,P028,310,23.0
INV-20260511-S001-P029,2026-05-11,S001,P029,170,62.0
INV-20260511-S001-P030,2026-05-11,S001,P030,155,20.0
INV-20260511-S001-P031,2026-05-11,S001,P031,333,74.0
INV-20260511-S001-P032,2026-05-11,S001,P032,376,37.0
INV-20260511-S001-P033,2026-05-11,S001,P033,363,72.0
INV-20260511-S001-P034,2026-05-11,S001,P034,109,79.0
INV-20260511-S001-P035,2026-05-11,S001,P035,361,83.0
INV-20260511-S001-P036,2026-05-11,S001,P036,107,20.0
INV-20260511-S001-P037,2026-05-11,S001,P037,426,97.0
INV-20260511-S001-P038,2026-05-11,S001,P038,345,32.0
INV-20260511-S001-P039,2026-05-11,S001,P039,373,14.0
INV-20260511-S001-P040,2026-05-11,S001,P040,99,62.0
INV-20260511-S001-P041,2026-05-11,S001,P041,298,45.0
INV-20260511-S001-P042,2026-05-11,S001,P042,431,88.0
INV-20260511-S001-P043,2026-05-11,S001,P043,148,86.0
INV-20260511-S001-P044,2026-05-11,S001,P044,256,40.0
INV-20260511-S001-P045,2026-05-11,S001,P045,268,100.0
INV-20260511-S001-P046,2026-05-11,S001,P046,360,37.0
INV-20260511-S001-P047,2026-05-11,S001,P047,290,59.0
INV-20260511-S001-P048,2026-05-11,S001,P048,131,34.0
INV-20260511-S001-P049,2026-05-11,S001,P049,113,98.0
INV-20260511-S001-P050,2026-05-11,S001,P050,170,26.0
INV-20260511-S002-P001,2026-05-11,S002,P001,384,57.0
INV-20260511-S002-P002,2026-05-11,S002,P002,313,41.0
INV-20260511-S002-P003,2026-05-11,S002,P003,167,24.0
INV-20260511-S002-P004,2026-05-11,S002,P004,410,20.0
INV-20260511-S002-P005,2026-05-11,S002,P005,201,66.0
INV-20260511-S002-P006,2026-05-11,S002,P006,231,26.0
INV-20260511-S002-P007,2026-05-11,S002,P007,227,97.0
INV-20260511-S002-P008,2026-05-11,S002,P008,66,65.0
INV-20260511-S002-P009,2026-05-11,S002,P009,368,43.0
INV-20260511-S002-P010,2026-05-11,S002,P010,285,66.0
INV-20260511-S002-P011,2026-05-11,S002,P011,126,12.0
INV-20260511-S002-P012,2026-05-11,S002,P012,483,101.0
INV-20260511-S002-P013,2026-05-11,S002,P013,121,56.0
INV-20260511-S002-P014,2026-05-11,S002,P014,402,84.0
INV-20260511-S002-P015,2026-05-11,S002,P015,75,18.0
INV-20260511-S002-P016,2026-05-11,S002,P016,263,56.0
INV-20260511-S002-P017,2026-05-11,S002,P017,373,56.0
INV-20260511-S002-P018,2026-05-11,S002,P018,443,99.0
INV-20260511-S002-P019,2026-05-11,S002,P019,128,64.0
INV-20260511-S002-P020,2026-05-11,S002,P020,199,55.0
INV-20260511-S002-P021,2026-05-11,S002,P021,360,35.0
INV-20260511-S002-P022,2026-05-11,S002,P022,289,41.0
INV-20260511-S002-P023,2026-05-11,S002,P023,299,59.0
INV-20260511-S002-P024,2026-05-11,S002,P024,243,51.0
INV-20260511-S002-P025,2026-05-11,S002,P025,215,12.0
INV-20260511-S002-P026,2026-05-11,S002,P026,428,88.0
INV-20260511-S002-P027,2026-05-11,S002,P027,298,95.0
INV-20260511-S002-P028,2026-05-11,S002,P028,334,23.0
INV-20260511-S002-P029,2026-05-11,S002,P029,298,62.0
INV-20260511-S002-P030,2026-05-11,S002,P030,307,20.0
INV-20260511-S002-P031,2026-05-11,S002,P031,344,74.0
INV-20260511-S002-P032,2026-05-11,S002,P032,305,37.0
INV-20260511-S002-P033,2026-05-11,S002,P033,295,72.0
INV-20260511-S002-P034,2026-05-11,S002,P034,382,79.0
INV-20260511-S002-P035,2026-05-11,S002,P035,153,83.0
INV-20260511-S002-P036,2026-05-11,S002,P036,106,20.0
INV-20260511-S002-P037,2026-05-11,S002,P037,179,97.0
INV-20260511-S002-P038,2026-05-11,S002,P038,364,32.0
INV-20260511-S002-P039,2026-05-11,S002,P039,93,14.0
INV-20260511-S002-P040,2026-05-11,S002,P040,166,62.0
INV-20260511-S002-P041,2026-05-11,S002,P041,373,45.0
INV-20260511-S002-P042,2026-05-11,S002,P042,129,88.0
INV-20260511-S002-P043,2026-05-11,S002,P043,399,86.0
INV-20260511-S002-P044,2026-05-11,S002,P044,221,40.0
INV-20260511-S002-P045,2026-05-11,S002,P045,174,100.0
INV-20260511-S002-P046,2026-05-11,S002,P046,283,37.0
INV-20260511-S002-P047,2026-05-11,S002,P047,155,59.0
INV-20260511-S002-P048,2026-05-11,S002,P048,384,34.0
INV-20260511-S002-P049,2026-05-11,S002,P049,194,98.0
INV-20260511-S002-P050,2026-05-11,S002,P050,158,26.0
INV-20260511-S003-P001,2026-05-11,S003,P001,378,57.0
INV-20260511-S003-P002,2026-05-11,S003,P002,363,41.0
INV-20260511-S003-P003,2026-05-11,S003,P003,236,24.0
INV-20260511-S003-P004,2026-05-11,S003,P004,75,20.0
INV-20260511-S003-P005,2026-05-11,S003,P005,254,66.0
INV-20260511-S003-P006,2026-05-11,S003,P006,258,26.0
INV-20260511-S003-P007,2026-05-11,S003,P007,474,97.0
INV-20260511-S003-P008,2026-05-11,S003,P008,268,65.0
INV-20260511-S003-P009,2026-05-11,S003,P009,343,43.0
INV-20260511-S003-P010,2026-05-11,S003,P010,73,66.0
INV-20260511-S003-P011,2026-05-11,S003,P011,320,12.0
INV-20260511-S003-P012,2026-05-11,S003,P012,482,101.0
INV-20260511-S003-P013,2026-05-11,S003,P013,306,56.0
INV-20260511-S003-P014,2026-05-11,S003,P014,183,84.0
INV-20260511-S003-P015,2026-05-11,S003,P015,72,18.0
INV-20260511-S003-P016,2026-05-11,S003,P016,371,56.0
INV-20260511-S003-P017,2026-05-11,S003,P017,109,56.0
INV-20260511-S003-P018,2026-05-11,S003,P018,233,99.0
INV-20260511-S003-P019,2026-05-11,S003,P019,110,64.0
INV-20260511-S003-P020,2026-05-11,S003,P020,362,55.0
INV-20260511-S003-P021,2026-05-11,S003,P021,316,35.0
INV-20260511-S003-P022,2026-05-11,S003,P022,331,41.0
INV-20260511-S003-P023,2026-05-11,S003,P023,198,59.0
INV-20260511-S003-P024,2026-05-11,S003,P024,209,51.0
INV-20260511-S003-P025,2026-05-11,S003,P025,287,12.0
INV-20260511-S003-P026,2026-05-11,S003,P026,304,88.0
INV-20260511-S003-P027,2026-05-11,S003,P027,328,95.0
INV-20260511-S003-P028,2026-05-11,S003,P028,77,23.0
INV-20260511-S003-P029,2026-05-11,S003,P029,273,62.0
INV-20260511-S003-P030,2026-05-11,S003,P030,109,20.0
INV-20260511-S003-P031,2026-05-11,S003,P031,127,74.0
INV-20260511-S003-P032,2026-05-11,S003,P032,343,37.0
INV-20260511-S003-P033,2026-05-11,S003,P033,126,72.0
INV-20260511-S003-P034,2026-05-11,S003,P034,312,79.0
INV-20260511-S003-P035,2026-05-11,S003,P035,193,83.0
INV-20260511-S003-P036,2026-05-11,S003,P036,143,20.0
INV-20260511-S003-P037,2026-05-11,S003,P037,132,97.0
INV-20260511-S003-P038,2026-05-11,S003,P038,245,32.0
INV-20260511-S003-P039,2026-05-11,S003,P039,335,14.0
INV-20260511-S003-P040,2026-05-11,S003,P040,257,62.0
INV-20260511-S003-P041,2026-05-11,S003,P041,377,45.0
INV-20260511-S003-P042,2026-05-11,S003,P042,331,88.0
INV-20260511-S003-P043,2026-05-11,S003,P043,293,86.0
INV-20260511-S003-P044,2026-05-11,S003,P044,263,40.0
INV-20260511-S003-P045,2026-05-11,S003,P045,124,100.0
INV-20260511-S003-P046,2026-05-11,S003,P046,205,37.0
INV-20260511-S003-P047,2026-05-11,S003,P047,91,59.0
INV-20260511-S003-P048,2026-05-11,S003,P048,188,34.0
INV-20260511-S003-P049,2026-05-11,S003,P049,341,98.0
INV-20260512-S001-P001,2026-05-12,S001,P001,215,57.0
INV-20260512-S001-P002,2026-05-12,S001,P002,58,41.0
INV-20260512-S001-P003,2026-05-12,S001,P003,158,24.0
INV-20260512-S001-P004,2026-05-12,S001,P004,214,20.0
INV-20260512-S001-P005,2026-05-12,S001,P005,360,66.0
INV-20260512-S001-P006,2026-05-12,S001,P006,402,26.0
INV-20260512-S001-P007,2026-05-12,S001,P007,456,97.0
INV-20260512-S001-P008,2026-05-12,S001,P008,335,65.0
INV-20260512-S001-P009,2026-05-12,S001,P009,78,43.0
INV-20260512-S001-P010,2026-05-12,S001,P010,279,66.0
INV-20260512-S001-P011,2026-05-12,S001,P011,355,12.0
INV-20260512-S001-P012,2026-05-12,S001,P012,309,101.0
INV-20260512-S001-P013,2026-05-12,S001,P013,109,56.0
INV-20260512-S001-P014,2026-05-12,S001,P014,330,84.0
INV-20260512-S001-P015,2026-05-12,S001,P015,105,18.0
INV-20260512-S001-P016,2026-05-12,S001,P016,203,56.0
INV-20260512-S001-P017,2026-05-12,S001,P017,200,56.0
INV-20260512-S001-P018,2026-05-12,S001,P018,114,99.0
INV-20260512-S001-P019,2026-05-12,S001,P019,292,64.0
INV-20260512-S001-P020,2026-05-12,S001,P020,291,55.0
INV-20260512-S001-P021,2026-05-12,S001,P021,172,35.0
INV-20260512-S001-P022,2026-05-12,S001,P022,266,41.0
INV-20260512-S001-P023,2026-05-12,S001,P023,171,59.0
INV-20260512-S001-P024,2026-05-12,S001,P024,175,51.0
INV-20260512-S001-P025,2026-05-12,S001,P025,372,12.0
INV-20260512-S001-P026,2026-05-12,S001,P026,397,88.0
INV-20260512-S001-P027,2026-05-12,S001,P027,254,95.0
INV-20260512-S001-P028,2026-05-12,S001,P028,309,23.0
INV-20260512-S001-P029,2026-05-12,S001,P029,161,62.0
INV-20260512-S001-P030,2026-05-12,S001,P030,154,20.0
INV-20260512-S001-P031,2026-05-12,S001,P031,319,74.0
INV-20260512-S001-P032,2026-05-12,S001,P032,371,37.0
INV-20260512-S001-P033,2026-05-12,S001,P033,355,72.0
INV-20260512-S001-P034,2026-05-12,S001,P034,97,79.0
INV-20260512-S001-P035,2026-05-12,S001,P035,353,83.0
INV-20260512-S001-P036,2026-05-12,S001,P036,102,20.0
INV-20260512-S001-P037,2026-05-12,S001,P037,412,97.0
INV-20260512-S001-P038,2026-05-12,S001,P038,340,32.0
INV-20260512-S001-P039,2026-05-12,S001,P039,370,14.0
INV-20260512-S001-P040,2026-05-12,S001,P040,87,62.0
INV-20260512-S001-P041,2026-05-12,S001,P041,284,45.0
INV-20260512-S001-P042,2026-05-12,S001,P042,417,88.0
INV-20260512-S001-P043,2026-05-12,S001,P043,133,86.0
INV-20260512-S001-P044,2026-05-12,S001,P044,253,40.0
INV-20260512-S001-P045,2026-05-12,S001,P045,252,100.0
INV-20260512-S001-P046,2026-05-12,S001,P046,348,37.0
INV-20260512-S001-P047,2026-05-12,S001,P047,282,59.0
INV-20260512-S001-P048,2026-05-12,S001,P048,128,34.0
INV-20260512-S001-P049,2026-05-12,S001,P049,103,98.0
INV-20260512-S001-P050,2026-05-12,S001,P050,167,26.0
INV-20260512-S002-P001,2026-05-12,S002,P001,371,57.0
INV-20260512-S002-P002,2026-05-12,S002,P002,301,41.0
INV-20260512-S002-P003,2026-05-12,S002,P003,162,24.0
INV-20260512-S002-P004,2026-05-12,S002,P004,410,20.0
INV-20260512-S002-P005,2026-05-12,S002,P005,190,66.0
INV-20260512-S002-P006,2026-05-12,S002,P006,227,26.0
INV-20260512-S002-P007,2026-05-12,S002,P007,227,97.0
INV-20260512-S002-P008,2026-05-12,S002,P008,317,65.0
INV-20260512-S002-P009,2026-05-12,S002,P009,359,43.0
INV-20260512-S002-P010,2026-05-12,S002,P010,266,66.0
INV-20260512-S002-P011,2026-05-12,S002,P011,125,12.0
INV-20260512-S002-P012,2026-05-12,S002,P012,466,101.0
INV-20260512-S002-P013,2026-05-12,S002,P013,117,56.0
INV-20260512-S002-P014,2026-05-12,S002,P014,391,84.0
INV-20260512-S002-P015,2026-05-12,S002,P015,70,18.0
INV-20260512-S002-P016,2026-05-12,S002,P016,250,56.0
INV-20260512-S002-P017,2026-05-12,S002,P017,363,56.0
INV-20260512-S002-P018,2026-05-12,S002,P018,422,99.0
INV-20260512-S002-P019,2026-05-12,S002,P019,119,64.0
INV-20260512-S002-P020,2026-05-12,S002,P020,192,55.0
INV-20260512-S002-P021,2026-05-12,S002,P021,356,35.0
INV-20260512-S002-P022,2026-05-12,S002,P022,282,41.0
INV-20260512-S002-P023,2026-05-12,S002,P023,288,59.0
INV-20260512-S002-P024,2026-05-12,S002,P024,235,51.0
INV-20260512-S002-P025,2026-05-12,S002,P025,213,12.0
INV-20260512-S002-P026,2026-05-12,S002,P026,413,88.0
INV-20260512-S002-P027,2026-05-12,S002,P027,288,95.0
INV-20260512-S002-P028,2026-05-12,S002,P028,331,23.0
INV-20260512-S002-P029,2026-05-12,S002,P029,286,62.0
INV-20260512-S002-P030,2026-05-12,S002,P030,303,20.0
INV-20260512-S002-P031,2026-05-12,S002,P031,327,74.0
INV-20260512-S002-P032,2026-05-12,S002,P032,301,37.0
INV-20260512-S002-P033,2026-05-12,S002,P033,281,72.0
INV-20260512-S002-P034,2026-05-12,S002,P034,365,79.0
INV-20260512-S002-P035,2026-05-12,S002,P035,139,83.0
INV-20260512-S002-P036,2026-05-12,S002,P036,100,20.0
INV-20260512-S002-P037,2026-05-12,S002,P037,160,97.0
INV-20260512-S002-P038,2026-05-12,S002,P038,355,32.0
INV-20260512-S002-P039,2026-05-12,S002,P039,92,14.0
INV-20260512-S002-P040,2026-05-12,S002,P040,151,62.0
INV-20260512-S002-P041,2026-05-12,S002,P041,367,45.0
INV-20260512-S002-P042,2026-05-12,S002,P042,114,88.0
INV-20260512-S002-P043,2026-05-12,S002,P043,381,86.0
INV-20260512-S002-P044,2026-05-12,S002,P044,214,40.0
INV-20260512-S002-P045,2026-05-12,S002,P045,160,100.0
INV-20260512-S002-P046,2026-05-12,S002,P046,271,37.0
INV-20260512-S002-P047,2026-05-12,S002,P047,150,59.0
INV-20260512-S002-P048,2026-05-12,S002,P048,376,34.0
INV-20260512-S002-P049,2026-05-12,S002,P049,180,98.0
INV-20260512-S002-P050,2026-05-12,S002,P050,153,26.0
INV-20260512-S003-P001,2026-05-12,S003,P001,376,57.0
INV-20260512-S003-P002,2026-05-12,S003,P002,361,41.0
INV-20260512-S003-P003,2026-05-12,S003,P003,233,24.0
INV-20260512-S003-P004,2026-05-12,S003,P004,73,20.0
INV-20260512-S003-P005,2026-05-12,S003,P005,248,66.0
INV-20260512-S003-P006,2026-05-12,S003,P006,254,26.0
INV-20260512-S003-P007,2026-05-12,S003,P007,460,97.0
INV-20260512-S003-P008,2026-05-12,S003,P008,259,65.0
INV-20260512-S003-P009,2026-05-12,S003,P009,340,43.0
INV-20260512-S003-P010,2026-05-12,S003,P010,327,66.0
INV-20260512-S003-P011,2026-05-12,S003,P011,319,12.0
INV-20260512-S003-P012,2026-05-12,S003,P012,469,101.0
INV-20260512-S003-P013,2026-05-12,S003,P013,301,56.0
INV-20260512-S003-P014,2026-05-12,S003,P014,173,84.0
INV-20260512-S003-P015,2026-05-12,S003,P015,72,18.0
INV-20260512-S003-P016,2026-05-12,S003,P016,369,56.0
INV-20260512-S003-P017,2026-05-12,S003,P017,101,56.0
INV-20260512-S003-P018,2026-05-12,S003,P018,215,99.0
INV-20260512-S003-P019,2026-05-12,S003,P019,102,64.0
INV-20260512-S003-P020,2026-05-12,S003,P020,355,55.0
INV-20260512-S003-P021,2026-05-12,S003,P021,309,35.0
INV-20260512-S003-P022,2026-05-12,S003,P022,326,41.0
INV-20260512-S003-P023,2026-05-12,S003,P023,189,59.0
INV-20260512-S003-P024,2026-05-12,S003,P024,205,51.0
INV-20260512-S003-P025,2026-05-12,S003,P025,286,12.0
INV-20260512-S003-P026,2026-05-12,S003,P026,294,88.0
INV-20260512-S003-P027,2026-05-12,S003,P027,323,95.0
INV-20260512-S003-P028,2026-05-12,S003,P028,75,23.0
INV-20260512-S003-P029,2026-05-12,S003,P029,264,62.0
INV-20260512-S003-P030,2026-05-12,S003,P030,106,20.0
INV-20260512-S003-P031,2026-05-12,S003,P031,121,74.0
INV-20260512-S003-P032,2026-05-12,S003,P032,340,37.0
INV-20260512-S003-P033,2026-05-12,S003,P033,121,72.0
INV-20260512-S003-P034,2026-05-12,S003,P034,307,79.0
INV-20260512-S003-P035,2026-05-12,S003,P035,183,83.0
INV-20260512-S003-P036,2026-05-12,S003,P036,142,20.0
INV-20260512-S003-P037,2026-05-12,S003,P037,121,97.0
INV-20260512-S003-P038,2026-05-12,S003,P038,241,32.0
INV-20260512-S003-P039,2026-05-12,S003,P039,334,14.0
INV-20260512-S003-P040,2026-05-12,S003,P040,252,62.0
INV-20260512-S003-P041,2026-05-12,S003,P041,373,45.0
INV-20260512-S003-P042,2026-05-12,S003,P042,321,88.0
INV-20260512-S003-P043,2026-05-12,S003,P043,281,86.0
INV-20260512-S003-P044,2026-05-12,S003,P044,256,40.0
INV-20260512-S003-P045,2026-05-12,S003,P045,107,100.0
INV-20260512-S003-P046,2026-05-12,S003,P046,201,37.0
INV-20260512-S003-P047,2026-05-12,S003,P047,82,59.0
INV-20260512-S003-P048,2026-05-12,S003,P048,185,34.0
INV-20260512-S003-P049,2026-05-12,S003,P049,329,98.0
INV-20260513-S001-P001,2026-05-13,S001,P001,205,57.0
INV-20260513-S001-P002,2026-05-13,S001,P002,51,41.0
INV-20260513-S001-P003,2026-05-13,S001,P003,157,24.0
INV-20260513-S001-P004,2026-05-13,S001,P004,211,20.0
INV-20260513-S001-P005,2026-05-13,S001,P005,351,66.0
INV-20260513-S001-P006,2026-05-13,S001,P006,401,26.0
INV-20260513-S001-P007,2026-05-13,S001,P007,447,97.0
INV-20260513-S001-P008,2026-05-13,S001,P008,324,65.0
INV-20260513-S001-P009,2026-05-13,S001,P009,67,43.0
INV-20260513-S001-P010,2026-05-13,S001,P010,263,66.0
INV-20260513-S001-P011,2026-05-13,S001,P011,351,12.0
INV-20260513-S001-P012,2026-05-13,S001,P012,295,101.0
INV-20260513-S001-P013,2026-05-13,S001,P013,104,56.0
INV-20260513-S001-P014,2026-05-13,S001,P014,320,84.0
INV-20260513-S001-P015,2026-05-13,S001,P015,102,18.0
INV-20260513-S001-P016,2026-05-13,S001,P016,201,56.0
INV-20260513-S001-P017,2026-05-13,S001,P017,192,56.0
INV-20260513-S001-P018,2026-05-13,S001,P018,102,99.0
INV-20260513-S001-P019,2026-05-13,S001,P019,275,64.0
INV-20260513-S001-P020,2026-05-13,S001,P020,288,55.0
INV-20260513-S001-P021,2026-05-13,S001,P021,167,35.0
INV-20260513-S001-P022,2026-05-13,S001,P022,263,41.0
INV-20260513-S001-P023,2026-05-13,S001,P023,165,59.0
INV-20260513-S001-P024,2026-05-13,S001,P024,169,51.0
INV-20260513-S001-P025,2026-05-13,S001,P025,372,12.0
INV-20260513-S001-P026,2026-05-13,S001,P026,383,88.0
INV-20260513-S001-P027,2026-05-13,S001,P027,245,95.0
INV-20260513-S001-P028,2026-05-13,S001,P028,307,23.0
INV-20260513-S001-P029,2026-05-13,S001,P029,153,62.0
INV-20260513-S001-P030,2026-05-13,S001,P030,153,20.0
INV-20260513-S001-P031,2026-05-13,S001,P031,307,74.0
INV-20260513-S001-P032,2026-05-13,S001,P032,367,37.0
INV-20260513-S001-P033,2026-05-13,S001,P033,347,72.0
INV-20260513-S001-P034,2026-05-13,S001,P034,86,79.0
INV-20260513-S001-P035,2026-05-13,S001,P035,339,83.0
INV-20260513-S001-P036,2026-05-13,S001,P036,97,20.0
INV-20260513-S001-P037,2026-05-13,S001,P037,395,97.0
INV-20260513-S001-P038,2026-05-13,S001,P038,339,32.0
INV-20260513-S001-P039,2026-05-13,S001,P039,368,14.0
INV-20260513-S001-P040,2026-05-13,S001,P040,80,62.0
INV-20260513-S001-P041,2026-05-13,S001,P041,278,45.0
INV-20260513-S001-P042,2026-05-13,S001,P042,403,88.0
INV-20260513-S001-P043,2026-05-13,S001,P043,123,86.0
INV-20260513-S001-P044,2026-05-13,S001,P044,246,40.0
INV-20260513-S001-P045,2026-05-13,S001,P045,235,100.0
INV-20260513-S001-P046,2026-05-13,S001,P046,340,37.0
INV-20260513-S001-P047,2026-05-13,S001,P047,276,59.0
INV-20260513-S001-P048,2026-05-13,S001,P048,124,34.0
INV-20260513-S001-P049,2026-05-13,S001,P049,485,98.0
INV-20260513-S001-P050,2026-05-13,S001,P050,166,26.0
INV-20260513-S002-P001,2026-05-13,S002,P001,360,57.0
INV-20260513-S002-P002,2026-05-13,S002,P002,290,41.0
INV-20260513-S002-P003,2026-05-13,S002,P003,159,24.0
INV-20260513-S002-P004,2026-05-13,S002,P004,410,20.0
INV-20260513-S002-P005,2026-05-13,S002,P005,184,66.0
INV-20260513-S002-P006,2026-05-13,S002,P006,224,26.0
INV-20260513-S002-P007,2026-05-13,S002,P007,227,97.0
INV-20260513-S002-P008,2026-05-13,S002,P008,309,65.0
INV-20260513-S002-P009,2026-05-13,S002,P009,350,43.0
INV-20260513-S002-P010,2026-05-13,S002,P010,254,66.0
INV-20260513-S002-P011,2026-05-13,S002,P011,124,12.0
INV-20260513-S002-P012,2026-05-13,S002,P012,447,101.0
INV-20260513-S002-P013,2026-05-13,S002,P013,107,56.0
INV-20260513-S002-P014,2026-05-13,S002,P014,379,84.0
INV-20260513-S002-P015,2026-05-13,S002,P015,68,18.0
INV-20260513-S002-P016,2026-05-13,S002,P016,247,56.0
INV-20260513-S002-P017,2026-05-13,S002,P017,355,56.0
INV-20260513-S002-P018,2026-05-13,S002,P018,410,99.0
INV-20260513-S002-P019,2026-05-13,S002,P019,105,64.0
INV-20260513-S002-P020,2026-05-13,S002,P020,185,55.0
INV-20260513-S002-P021,2026-05-13,S002,P021,349,35.0
INV-20260513-S002-P022,2026-05-13,S002,P022,274,41.0
INV-20260513-S002-P023,2026-05-13,S002,P023,278,59.0
INV-20260513-S002-P024,2026-05-13,S002,P024,228,51.0
INV-20260513-S002-P025,2026-05-13,S002,P025,208,12.0
INV-20260513-S002-P026,2026-05-13,S002,P026,394,88.0
INV-20260513-S002-P027,2026-05-13,S002,P027,270,95.0
INV-20260513-S002-P028,2026-05-13,S002,P028,326,23.0
INV-20260513-S002-P029,2026-05-13,S002,P029,277,62.0
INV-20260513-S002-P030,2026-05-13,S002,P030,301,20.0
INV-20260513-S002-P031,2026-05-13,S002,P031,319,74.0
INV-20260513-S002-P032,2026-05-13,S002,P032,296,37.0
INV-20260513-S002-P033,2026-05-13,S002,P033,272,72.0
INV-20260513-S002-P034,2026-05-13,S002,P034,355,79.0
INV-20260513-S002-P035,2026-05-13,S002,P035,129,83.0
INV-20260513-S002-P036,2026-05-13,S002,P036,93,20.0
INV-20260513-S002-P037,2026-05-13,S002,P037,144,97.0
INV-20260513-S002-P038,2026-05-13,S002,P038,351,32.0
INV-20260513-S002-P039,2026-05-13,S002,P039,90,14.0
INV-20260513-S002-P040,2026-05-13,S002,P040,145,62.0
INV-20260513-S002-P041,2026-05-13,S002,P041,361,45.0
INV-20260513-S002-P042,2026-05-13,S002,P042,98,88.0
INV-20260513-S002-P043,2026-05-13,S002,P043,365,86.0
INV-20260513-S002-P044,2026-05-13,S002,P044,206,40.0
INV-20260513-S002-P045,2026-05-13,S002,P045,144,100.0
INV-20260513-S002-P046,2026-05-13,S002,P046,265,37.0
INV-20260513-S002-P047,2026-05-13,S002,P047,137,59.0
INV-20260513-S002-P048,2026-05-13,S002,P048,370,34.0
INV-20260513-S002-P049,2026-05-13,S002,P049,167,98.0
INV-20260513-S002-P050,2026-05-13,S002,P050,146,26.0
INV-20260513-S003-P001,2026-05-13,S003,P001,369,57.0
INV-20260513-S003-P002,2026-05-13,S003,P002,357,41.0
INV-20260513-S003-P003,2026-05-13,S003,P003,230,24.0
INV-20260513-S003-P004,2026-05-13,S003,P004,70,20.0
INV-20260513-S003-P005,2026-05-13,S003,P005,242,66.0
INV-20260513-S003-P006,2026-05-13,S003,P006,252,26.0
INV-20260513-S003-P007,2026-05-13,S003,P007,453,97.0
INV-20260513-S003-P008,2026-05-13,S003,P008,258,65.0
INV-20260513-S003-P009,2026-05-13,S003,P009,336,43.0
INV-20260513-S003-P010,2026-05-13,S003,P010,321,66.0
INV-20260513-S003-P011,2026-05-13,S003,P011,317,12.0
INV-20260513-S003-P012,2026-05-13,S003,P012,457,101.0
INV-20260513-S003-P013,2026-05-13,S003,P013,294,56.0
INV-20260513-S003-P014,2026-05-13,S003,P014,168,84.0
INV-20260513-S003-P015,2026-05-13,S003,P015,71,18.0
INV-20260513-S003-P016,2026-05-13,S003,P016,367,56.0
INV-20260513-S003-P017,2026-05-13,S003,P017,94,56.0
INV-20260513-S003-P018,2026-05-13,S003,P018,205,99.0
INV-20260513-S003-P019,2026-05-13,S003,P019,90,64.0
INV-20260513-S003-P020,2026-05-13,S003,P020,351,55.0
INV-20260513-S003-P021,2026-05-13,S003,P021,306,35.0
INV-20260513-S003-P022,2026-05-13,S003,P022,321,41.0
INV-20260513-S003-P023,2026-05-13,S003,P023,182,59.0
INV-20260513-S003-P024,2026-05-13,S003,P024,198,51.0
INV-20260513-S003-P025,2026-05-13,S003,P025,286,12.0
INV-20260513-S003-P026,2026-05-13,S003,P026,286,88.0
INV-20260513-S003-P027,2026-05-13,S003,P027,315,95.0
INV-20260513-S003-P028,2026-05-13,S003,P028,75,23.0
INV-20260513-S003-P029,2026-05-13,S003,P029,258,62.0
INV-20260513-S003-P030,2026-05-13,S003,P030,103,20.0
INV-20260513-S003-P031,2026-05-13,S003,P031,111,74.0
INV-20260513-S003-P032,2026-05-13,S003,P032,336,37.0
INV-20260513-S003-P033,2026-05-13,S003,P033,119,72.0
INV-20260513-S003-P034,2026-05-13,S003,P034,295,79.0
INV-20260513-S003-P035,2026-05-13,S003,P035,177,83.0
INV-20260513-S003-P036,2026-05-13,S003,P036,141,20.0
INV-20260513-S003-P037,2026-05-13,S003,P037,111,97.0
INV-20260513-S003-P038,2026-05-13,S003,P038,240,32.0
INV-20260513-S003-P039,2026-05-13,S003,P039,331,14.0
INV-20260513-S003-P040,2026-05-13,S003,P040,245,62.0
INV-20260513-S003-P041,2026-05-13,S003,P041,368,45.0
INV-20260513-S003-P042,2026-05-13,S003,P042,307,88.0
INV-20260513-S003-P043,2026-05-13,S003,P043,277,86.0
INV-20260513-S003-P044,2026-05-13,S003,P044,252,40.0
INV-20260513-S003-P045,2026-05-13,S003,P045,497,100.0
INV-20260513-S003-P046,2026-05-13,S003,P046,197,37.0
INV-20260513-S003-P047,2026-05-13,S003,P047,78,59.0
INV-20260513-S003-P048,2026-05-13,S003,P048,180,34.0
INV-20260513-S003-P049,2026-05-13,S003,P049,323,98.0
INV-20260514-S001-P001,2026-05-14,S001,P001,196,57.0
INV-20260514-S001-P002,2026-05-14,S001,P002,45,41.0
INV-20260514-S001-P003,2026-05-14,S001,P003,153,24.0
INV-20260514-S001-P004,2026-05-14,S001,P004,209,20.0
INV-20260514-S001-P005,2026-05-14,S001,P005,341,66.0
INV-20260514-S001-P006,2026-05-14,S001,P006,396,26.0
INV-20260514-S001-P007,2026-05-14,S001,P007,437,97.0
INV-20260514-S001-P008,2026-05-14,S001,P008,312,65.0
INV-20260514-S001-P009,2026-05-14,S001,P009,61,43.0
INV-20260514-S001-P010,2026-05-14,S001,P010,253,66.0
INV-20260514-S001-P011,2026-05-14,S001,P011,347,12.0
INV-20260514-S001-P012,2026-05-14,S001,P012,278,101.0
INV-20260514-S001-P013,2026-05-14,S001,P013,96,56.0
INV-20260514-S001-P014,2026-05-14,S001,P014,310,84.0
INV-20260514-S001-P015,2026-05-14,S001,P015,101,18.0
INV-20260514-S001-P016,2026-05-14,S001,P016,198,56.0
INV-20260514-S001-P017,2026-05-14,S001,P017,187,56.0
INV-20260514-S001-P018,2026-05-14,S001,P018,487,99.0
INV-20260514-S001-P019,2026-05-14,S001,P019,265,64.0
INV-20260514-S001-P020,2026-05-14,S001,P020,283,55.0
INV-20260514-S001-P021,2026-05-14,S001,P021,162,35.0
INV-20260514-S001-P022,2026-05-14,S001,P022,257,41.0
INV-20260514-S001-P023,2026-05-14,S001,P023,157,59.0
INV-20260514-S001-P024,2026-05-14,S001,P024,158,51.0
INV-20260514-S001-P025,2026-05-14,S001,P025,370,12.0
INV-20260514-S001-P026,2026-05-14,S001,P026,370,88.0
INV-20260514-S001-P027,2026-05-14,S001,P027,240,95.0
INV-20260514-S001-P028,2026-05-14,S001,P028,304,23.0
INV-20260514-S001-P029,2026-05-14,S001,P029,145,62.0
INV-20260514-S001-P030,2026-05-14,S001,P030,150,20.0
INV-20260514-S001-P031,2026-05-14,S001,P031,298,74.0
INV-20260514-S001-P032,2026-05-14,S001,P032,362,37.0
INV-20260514-S001-P033,2026-05-14,S001,P033,341,72.0
INV-20260514-S001-P034,2026-05-14,S001,P034,390,79.0
INV-20260514-S001-P035,2026-05-14,S001,P035,330,83.0
INV-20260514-S001-P036,2026-05-14,S001,P036,95,20.0
INV-20260514-S001-P037,2026-05-14,S001,P037,385,97.0
INV-20260514-S001-P038,2026-05-14,S001,P038,336,32.0
INV-20260514-S001-P039,2026-05-14,S001,P039,366,14.0
INV-20260514-S001-P040,2026-05-14,S001,P040,64,62.0
INV-20260514-S001-P041,2026-05-14,S001,P041,274,45.0
INV-20260514-S001-P042,2026-05-14,S001,P042,395,88.0
INV-20260514-S001-P043,2026-05-14,S001,P043,111,86.0
INV-20260514-S001-P044,2026-05-14,S001,P044,239,40.0
INV-20260514-S001-P045,2026-05-14,S001,P045,229,100.0
INV-20260514-S001-P046,2026-05-14,S001,P046,335,37.0
INV-20260514-S001-P047,2026-05-14,S001,P047,267,59.0
INV-20260514-S001-P048,2026-05-14,S001,P048,123,34.0
INV-20260514-S001-P049,2026-05-14,S001,P049,470,98.0
INV-20260514-S001-P050,2026-05-14,S001,P050,159,26.0
INV-20260514-S002-P001,2026-05-14,S002,P001,355,57.0
INV-20260514-S002-P002,2026-05-14,S002,P002,282,41.0
INV-20260514-S002-P003,2026-05-14,S002,P003,155,24.0
INV-20260514-S002-P004,2026-05-14,S002,P004,409,20.0
INV-20260514-S002-P005,2026-05-14,S002,P005,170,66.0
INV-20260514-S002-P006,2026-05-14,S002,P006,223,26.0
INV-20260514-S002-P007,2026-05-14,S002,P007,227,97.0
INV-20260514-S002-P008,2026-05-14,S002,P008,302,65.0
INV-20260514-S002-P009,2026-05-14,S002,P009,346,43.0
INV-20260514-S002-P010,2026-05-14,S002,P010,242,66.0
INV-20260514-S002-P011,2026-05-14,S002,P011,123,12.0
INV-20260514-S002-P012,2026-05-14,S002,P012,430,101.0
INV-20260514-S002-P013,2026-05-14,S002,P013,95,56.0
INV-20260514-S002-P014,2026-05-14,S002,P014,370,84.0
INV-20260514-S002-P015,2026-05-14,S002,P015,67,18.0
INV-20260514-S002-P016,2026-05-14,S002,P016,242,56.0
INV-20260514-S002-P017,2026-05-14,S002,P017,348,56.0
INV-20260514-S002-P018,2026-05-14,S002,P018,400,99.0
INV-20260514-S002-P019,2026-05-14,S002,P019,100,64.0
INV-20260514-S002-P020,2026-05-14,S002,P020,182,55.0
INV-20260514-S002-P021,2026-05-14,S002,P021,342,35.0
INV-20260514-S002-P022,2026-05-14,S002,P022,270,41.0
INV-20260514-S002-P023,2026-05-14,S002,P023,270,59.0
INV-20260514-S002-P024,2026-05-14,S002,P024,219,51.0
INV-20260514-S002-P025,2026-05-14,S002,P025,206,12.0
INV-20260514-S002-P026,2026-05-14,S002,P026,374,88.0
INV-20260514-S002-P027,2026-05-14,S002,P027,263,95.0
INV-20260514-S002-P028,2026-05-14,S002,P028,315,23.0
INV-20260514-S002-P029,2026-05-14,S002,P029,268,62.0
INV-20260514-S002-P030,2026-05-14,S002,P030,298,20.0
INV-20260514-S002-P031,2026-05-14,S002,P031,306,74.0
INV-20260514-S002-P032,2026-05-14,S002,P032,288,37.0
INV-20260514-S002-P033,2026-05-14,S002,P033,260,72.0
INV-20260514-S002-P034,2026-05-14,S002,P034,340,79.0
INV-20260514-S002-P035,2026-05-14,S002,P035,120,83.0
INV-20260514-S002-P036,2026-05-14,S002,P036,90,20.0
INV-20260514-S002-P037,2026-05-14,S002,P037,130,97.0
INV-20260514-S002-P038,2026-05-14,S002,P038,348,32.0
INV-20260514-S002-P039,2026-05-14,S002,P039,90,14.0
INV-20260514-S002-P040,2026-05-14,S002,P040,134,62.0
INV-20260514-S002-P041,2026-05-14,S002,P041,358,45.0
INV-20260514-S002-P042,2026-05-14,S002,P042,432,88.0
INV-20260514-S002-P043,2026-05-14,S002,P043,353,86.0
INV-20260514-S002-P044,2026-05-14,S002,P044,198,40.0
INV-20260514-S002-P045,2026-05-14,S002,P045,130,100.0
INV-20260514-S002-P046,2026-05-14,S002,P046,258,37.0
INV-20260514-S002-P047,2026-05-14,S002,P047,121,59.0
INV-20260514-S002-P048,2026-05-14,S002,P048,365,34.0
INV-20260514-S002-P049,2026-05-14,S002,P049,150,98.0
INV-20260514-S002-P050,2026-05-14,S002,P050,141,26.0
INV-20260514-S003-P001,2026-05-14,S003,P001,364,57.0
INV-20260514-S003-P002,2026-05-14,S003,P002,351,41.0
INV-20260514-S003-P003,2026-05-14,S003,P003,228,24.0
INV-20260514-S003-P004,2026-05-14,S003,P004,68,20.0
INV-20260514-S003-P005,2026-05-14,S003,P005,235,66.0
INV-20260514-S003-P006,2026-05-14,S003,P006,250,26.0
INV-20260514-S003-P007,2026-05-14,S003,P007,439,97.0
INV-20260514-S003-P008,2026-05-14,S003,P008,253,65.0
INV-20260514-S003-P009,2026-05-14,S003,P009,332,43.0
INV-20260514-S003-P010,2026-05-14,S003,P010,309,66.0
INV-20260514-S003-P011,2026-05-14,S003,P011,317,12.0
INV-20260514-S003-P012,2026-05-14,S003,P012,439,101.0
INV-20260514-S003-P013,2026-05-14,S003,P013,285,56.0
INV-20260514-S003-P014,2026-05-14,S003,P014,162,84.0
INV-20260514-S003-P015,2026-05-14,S003,P015,70,18.0
INV-20260514-S003-P016,2026-05-14,S003,P016,364,56.0
INV-20260514-S003-P017,2026-05-14,S003,P017,88,56.0
INV-20260514-S003-P018,2026-05-14,S003,P018,193,99.0
INV-20260514-S003-P019,2026-05-14,S003,P019,82,64.0
INV-20260514-S003-P020,2026-05-14,S003,P020,351,55.0
INV-20260514-S003-P021,2026-05-14,S003,P021,301,35.0
INV-20260514-S003-P022,2026-05-14,S003,P022,316,41.0
INV-20260514-S003-P023,2026-05-14,S003,P023,177,59.0
INV-20260514-S003-P024,2026-05-14,S003,P024,193,51.0
INV-20260514-S003-P025,2026-05-14,S003,P025,286,12.0
INV-20260514-S003-P026,2026-05-14,S003,P026,277,88.0
INV-20260514-S003-P027,2026-05-14,S003,P027,308,95.0
INV-20260514-S003-P028,2026-05-14,S003,P028,73,23.0
INV-20260514-S003-P029,2026-05-14,S003,P029,248,62.0
INV-20260514-S003-P030,2026-05-14,S003,P030,100,20.0
INV-20260514-S003-P031,2026-05-14,S003,P031,109,74.0
INV-20260514-S003-P032,2026-05-14,S003,P032,328,37.0
INV-20260514-S003-P033,2026-05-14,S003,P033,113,72.0
INV-20260514-S003-P034,2026-05-14,S003,P034,288,79.0
INV-20260514-S003-P035,2026-05-14,S003,P035,170,83.0
INV-20260514-S003-P036,2026-05-14,S003,P036,138,20.0
INV-20260514-S003-P037,2026-05-14,S003,P037,98,97.0
INV-20260514-S003-P038,2026-05-14,S003,P038,235,32.0
INV-20260514-S003-P039,2026-05-14,S003,P039,329,14.0
INV-20260514-S003-P040,2026-05-14,S003,P040,239,62.0
INV-20260514-S003-P041,2026-05-14,S003,P041,362,45.0
INV-20260514-S003-P042,2026-05-14,S003,P042,300,88.0
INV-20260514-S003-P043,2026-05-14,S003,P043,266,86.0
INV-20260514-S003-P044,2026-05-14,S003,P044,248,40.0
INV-20260514-S003-P045,2026-05-14,S003,P045,487,100.0
INV-20260514-S003-P046,2026-05-14,S003,P046,195,37.0
INV-20260514-S003-P047,2026-05-14,S003,P047,73,59.0
INV-20260514-S003-P048,2026-05-14,S003,P048,175,34.0
INV-20260514-S003-P049,2026-05-14,S003,P049,318,98.0
INV-20260515-S001-P001,2026-05-15,S001,P001,187,57.0
INV-20260515-S001-P002,2026-05-15,S001,P002,207,41.0
INV-20260515-S001-P003,2026-05-15,S001,P003,149,24.0
INV-20260515-S001-P004,2026-05-15,S001,P004,204,20.0
INV-20260515-S001-P005,2026-05-15,S001,P005,331,66.0
INV-20260515-S001-P006,2026-05-15,S001,P006,395,26.0
INV-20260515-S001-P007,2026-05-15,S001,P007,422,97.0
INV-20260515-S001-P008,2026-05-15,S001,P008,303,65.0
INV-20260515-S001-P009,2026-05-15,S001,P009,55,43.0
INV-20260515-S001-P010,2026-05-15,S001,P010,243,66.0
INV-20260515-S001-P011,2026-05-15,S001,P011,346,12.0
INV-20260515-S001-P012,2026-05-15,S001,P012,261,101.0
INV-20260515-S001-P013,2026-05-15,S001,P013,80,56.0
INV-20260515-S001-P014,2026-05-15,S001,P014,304,84.0
INV-20260515-S001-P015,2026-05-15,S001,P015,98,18.0
INV-20260515-S001-P016,2026-05-15,S001,P016,191,56.0
INV-20260515-S001-P017,2026-05-15,S001,P017,180,56.0
INV-20260515-S001-P018,2026-05-15,S001,P018,471,99.0
INV-20260515-S001-P019,2026-05-15,S001,P019,255,64.0
INV-20260515-S001-P020,2026-05-15,S001,P020,270,55.0
INV-20260515-S001-P021,2026-05-15,S001,P021,152,35.0
INV-20260515-S001-P022,2026-05-15,S001,P022,251,41.0
INV-20260515-S001-P023,2026-05-15,S001,P023,145,59.0
INV-20260515-S001-P024,2026-05-15,S001,P024,149,51.0
INV-20260515-S001-P025,2026-05-15,S001,P025,370,12.0
INV-20260515-S001-P026,2026-05-15,S001,P026,352,88.0
INV-20260515-S001-P027,2026-05-15,S001,P027,226,95.0
INV-20260515-S001-P028,2026-05-15,S001,P028,301,23.0
INV-20260515-S001-P029,2026-05-15,S001,P029,136,62.0
INV-20260515-S001-P030,2026-05-15,S001,P030,150,20.0
INV-20260515-S001-P031,2026-05-15,S001,P031,283,74.0
INV-20260515-S001-P032,2026-05-15,S001,P032,358,37.0
INV-20260515-S001-P033,2026-05-15,S001,P033,329,72.0
INV-20260515-S001-P034,2026-05-15,S001,P034,376,79.0
INV-20260515-S001-P035,2026-05-15,S001,P035,314,83.0
INV-20260515-S001-P036,2026-05-15,S001,P036,94,20.0
INV-20260515-S001-P037,2026-05-15,S001,P037,369,97.0
INV-20260515-S001-P038,2026-05-15,S001,P038,334,32.0
INV-20260515-S001-P039,2026-05-15,S001,P039,364,14.0
INV-20260515-S001-P040,2026-05-15,S001,P040,307,62.0
INV-20260515-S001-P041,2026-05-15,S001,P041,267,45.0
INV-20260515-S001-P042,2026-05-15,S001,P042,378,88.0
INV-20260515-S001-P043,2026-05-15,S001,P043,94,86.0
INV-20260515-S001-P044,2026-05-15,S001,P044,237,40.0
INV-20260515-S001-P045,2026-05-15,S001,P045,219,100.0
INV-20260515-S001-P046,2026-05-15,S001,P046,328,37.0
INV-20260515-S001-P047,2026-05-15,S001,P047,258,59.0
INV-20260515-S001-P048,2026-05-15,S001,P048,116,34.0
INV-20260515-S001-P049,2026-05-15,S001,P049,458,98.0
INV-20260515-S001-P050,2026-05-15,S001,P050,156,26.0
INV-20260515-S002-P001,2026-05-15,S002,P001,343,57.0
INV-20260515-S002-P002,2026-05-15,S002,P002,278,41.0
INV-20260515-S002-P003,2026-05-15,S002,P003,150,24.0
INV-20260515-S002-P004,2026-05-15,S002,P004,409,20.0
INV-20260515-S002-P005,2026-05-15,S002,P005,159,66.0
INV-20260515-S002-P006,2026-05-15,S002,P006,220,26.0
INV-20260515-S002-P007,2026-05-15,S002,P007,227,97.0
INV-20260515-S002-P008,2026-05-15,S002,P008,290,65.0
INV-20260515-S002-P009,2026-05-15,S002,P009,339,43.0
INV-20260515-S002-P010,2026-05-15,S002,P010,220,66.0
INV-20260515-S002-P011,2026-05-15,S002,P011,121,12.0
INV-20260515-S002-P012,2026-05-15,S002,P012,410,101.0
INV-20260515-S002-P013,2026-05-15,S002,P013,85,56.0
INV-20260515-S002-P014,2026-05-15,S002,P014,357,84.0
INV-20260515-S002-P015,2026-05-15,S002,P015,66,18.0
INV-20260515-S002-P016,2026-05-15,S002,P016,232,56.0
INV-20260515-S002-P017,2026-05-15,S002,P017,333,56.0
INV-20260515-S002-P018,2026-05-15,S002,P018,384,99.0
INV-20260515-S002-P019,2026-05-15,S002,P019,85,64.0
INV-20260515-S002-P020,2026-05-15,S002,P020,171,55.0
INV-20260515-S002-P021,2026-05-15,S002,P021,339,35.0
INV-20260515-S002-P022,2026-05-15,S002,P022,258,41.0
INV-20260515-S002-P023,2026-05-15,S002,P023,261,59.0
INV-20260515-S002-P024,2026-05-15,S002,P024,212,51.0
INV-20260515-S002-P025,2026-05-15,S002,P025,205,12.0
INV-20260515-S002-P026,2026-05-15,S002,P026,358,88.0
INV-20260515-S002-P027,2026-05-15,S002,P027,247,95.0
INV-20260515-S002-P028,2026-05-15,S002,P028,310,23.0
INV-20260515-S002-P029,2026-05-15,S002,P029,261,62.0
INV-20260515-S002-P030,2026-05-15,S002,P030,293,20.0
INV-20260515-S002-P031,2026-05-15,S002,P031,295,74.0
INV-20260515-S002-P032,2026-05-15,S002,P032,283,37.0
INV-20260515-S002-P033,2026-05-15,S002,P033,243,72.0
INV-20260515-S002-P034,2026-05-15,S002,P034,324,79.0
INV-20260515-S002-P035,2026-05-15,S002,P035,112,83.0
INV-20260515-S002-P036,2026-05-15,S002,P036,89,20.0
INV-20260515-S002-P037,2026-05-15,S002,P037,112,97.0
INV-20260515-S002-P038,2026-05-15,S002,P038,343,32.0
INV-20260515-S002-P039,2026-05-15,S002,P039,90,14.0
INV-20260515-S002-P040,2026-05-15,S002,P040,128,62.0
INV-20260515-S002-P041,2026-05-15,S002,P041,350,45.0
INV-20260515-S002-P042,2026-05-15,S002,P042,418,88.0
INV-20260515-S002-P043,2026-05-15,S002,P043,344,86.0
INV-20260515-S002-P044,2026-05-15,S002,P044,191,40.0
INV-20260515-S002-P045,2026-05-15,S002,P045,121,100.0
INV-20260515-S002-P046,2026-05-15,S002,P046,253,37.0
INV-20260515-S002-P047,2026-05-15,S002,P047,110,59.0
INV-20260515-S002-P048,2026-05-15,S002,P048,358,34.0
INV-20260515-S002-P049,2026-05-15,S002,P049,137,98.0
INV-20260515-S002-P050,2026-05-15,S002,P050,139,26.0
INV-20260515-S003-P001,2026-05-15,S003,P001,352,57.0
INV-20260515-S003-P002,2026-05-15,S003,P002,349,41.0
INV-20260515-S003-P003,2026-05-15,S003,P003,222,24.0
INV-20260515-S003-P004,2026-05-15,S003,P004,65,20.0
INV-20260515-S003-P005,2026-05-15,S003,P005,225,66.0
INV-20260515-S003-P006,2026-05-15,S003,P006,245,26.0
INV-20260515-S003-P007,2026-05-15,S003,P007,430,97.0
INV-20260515-S003-P008,2026-05-15,S003,P008,248,65.0
INV-20260515-S003-P009,2026-05-15,S003,P009,325,43.0
INV-20260515-S003-P010,2026-05-15,S003,P010,304,66.0
INV-20260515-S003-P011,2026-05-15,S003,P011,316,12.0
INV-20260515-S003-P012,2026-05-15,S003,P012,424,101.0
INV-20260515-S003-P013,2026-05-15,S003,P013,279,56.0
INV-20260515-S003-P014,2026-05-15,S003,P014,152,84.0
INV-20260515-S003-P015,2026-05-15,S003,P015,69,18.0
INV-20260515-S003-P016,2026-05-15,S003,P016,357,56.0
INV-20260515-S003-P017,2026-05-15,S003,P017,81,56.0
INV-20260515-S003-P018,2026-05-15,S003,P018,180,99.0
INV-20260515-S003-P019,2026-05-15,S003,P019,76,64.0
INV-20260515-S003-P020,2026-05-15,S003,P020,343,55.0
INV-20260515-S003-P021,2026-05-15,S003,P021,297,35.0
INV-20260515-S003-P022,2026-05-15,S003,P022,311,41.0
INV-20260515-S003-P023,2026-05-15,S003,P023,173,59.0
INV-20260515-S003-P024,2026-05-15,S003,P024,188,51.0
INV-20260515-S003-P025,2026-05-15,S003,P025,285,12.0
INV-20260515-S003-P026,2026-05-15,S003,P026,267,88.0
INV-20260515-S003-P027,2026-05-15,S003,P027,293,95.0
INV-20260515-S003-P028,2026-05-15,S003,P028,65,23.0
INV-20260515-S003-P029,2026-05-15,S003,P029,238,62.0
INV-20260515-S003-P030,2026-05-15,S003,P030,96,20.0
INV-20260515-S003-P031,2026-05-15,S003,P031,97,74.0
INV-20260515-S003-P032,2026-05-15,S003,P032,323,37.0
INV-20260515-S003-P033,2026-05-15,S003,P033,100,72.0
INV-20260515-S003-P034,2026-05-15,S003,P034,272,79.0
INV-20260515-S003-P035,2026-05-15,S003,P035,159,83.0
INV-20260515-S003-P036,2026-05-15,S003,P036,136,20.0
INV-20260515-S003-P037,2026-05-15,S003,P037,475,97.0
INV-20260515-S003-P038,2026-05-15,S003,P038,232,32.0
INV-20260515-S003-P039,2026-05-15,S003,P039,326,14.0
INV-20260515-S003-P040,2026-05-15,S003,P040,229,62.0
INV-20260515-S003-P041,2026-05-15,S003,P041,359,45.0
INV-20260515-S003-P042,2026-05-15,S003,P042,288,88.0
INV-20260515-S003-P043,2026-05-15,S003,P043,260,86.0
INV-20260515-S003-P044,2026-05-15,S003,P044,243,40.0
INV-20260515-S003-P045,2026-05-15,S003,P045,478,100.0
INV-20260515-S003-P046,2026-05-15,S003,P046,190,37.0
INV-20260515-S003-P047,2026-05-15,S003,P047,68,59.0
INV-20260515-S003-P048,2026-05-15,S003,P048,173,34.0
INV-20260515-S003-P049,2026-05-15,S003,P049,308,98.0
INV-20260516-S001-P001,2026-05-16,S001,P001,182,57.0
INV-20260516-S001-P002,2026-05-16,S001,P002,201,41.0
INV-20260516-S001-P003,2026-05-16,S001,P003,144,24.0
INV-20260516-S001-P004,2026-05-16,S001,P004,200,20.0
INV-20260516-S001-P005,2026-05-16,S001,P005,318,66.0
INV-20260516-S001-P006,2026-05-16,S001,P006,390,26.0
INV-20260516-S001-P007,2026-05-16,S001,P007,404,97.0
INV-20260516-S001-P008,2026-05-16,S001,P008,293,65.0
INV-20260516-S001-P009,2026-05-16,S001,P009,216,43.0
INV-20260516-S001-P010,2026-05-16,S001,P010,231,66.0
INV-20260516-S001-P011,2026-05-16,S001,P011,346,12.0
INV-20260516-S001-P012,2026-05-16,S001,P012,241,101.0
INV-20260516-S001-P013,2026-05-16,S001,P013,70,56.0
INV-20260516-S001-P014,2026-05-16,S001,P014,291,84.0
INV-20260516-S001-P015,2026-05-16,S001,P015,92,18.0
INV-20260516-S001-P016,2026-05-16,S001,P016,183,56.0
INV-20260516-S001-P017,2026-05-16,S001,P017,172,56.0
INV-20260516-S001-P018,2026-05-16,S001,P018,457,99.0
INV-20260516-S001-P019,2026-05-16,S001,P019,244,64.0
INV-20260516-S001-P020,2026-05-16,S001,P020,264,55.0
INV-20260516-S001-P021,2026-05-16,S001,P021,143,35.0
INV-20260516-S001-P022,2026-05-16,S001,P022,244,41.0
INV-20260516-S001-P023,2026-05-16,S001,P023,135,59.0
INV-20260516-S001-P024,2026-05-16,S001,P024,132,51.0
INV-20260516-S001-P025,2026-05-16,S001,P025,369,12.0
INV-20260516-S001-P026,2026-05-16,S001,P026,333,88.0
INV-20260516-S001-P027,2026-05-16,S001,P027,214,95.0
INV-20260516-S001-P028,2026-05-16,S001,P028,296,23.0
INV-20260516-S001-P029,2026-05-16,S001,P029,131,62.0
INV-20260516-S001-P030,2026-05-16,S001,P030,150,20.0
INV-20260516-S001-P031,2026-05-16,S001,P031,276,74.0
INV-20260516-S001-P032,2026-05-16,S001,P032,353,37.0
INV-20260516-S001-P033,2026-05-16,S001,P033,320,72.0
INV-20260516-S001-P034,2026-05-16,S001,P034,368,79.0
INV-20260516-S001-P035,2026-05-16,S001,P035,296,83.0
INV-20260516-S001-P036,2026-05-16,S001,P036,91,20.0
INV-20260516-S001-P037,2026-05-16,S001,P037,354,97.0
INV-20260516-S001-P038,2026-05-16,S001,P038,328,32.0
INV-20260516-S001-P039,2026-05-16,S001,P039,360,14.0
INV-20260516-S001-P040,2026-05-16,S001,P040,295,62.0
INV-20260516-S001-P041,2026-05-16,S001,P041,263,45.0
INV-20260516-S001-P042,2026-05-16,S001,P042,362,88.0
INV-20260516-S001-P043,2026-05-16,S001,P043,87,86.0
INV-20260516-S001-P044,2026-05-16,S001,P044,225,40.0
INV-20260516-S001-P045,2026-05-16,S001,P045,197,100.0
INV-20260516-S001-P046,2026-05-16,S001,P046,320,37.0
INV-20260516-S001-P047,2026-05-16,S001,P047,248,59.0
INV-20260516-S001-P048,2026-05-16,S001,P048,108,34.0
INV-20260516-S001-P049,2026-05-16,S001,P049,442,98.0
INV-20260516-S001-P050,2026-05-16,S001,P050,152,26.0
INV-20260516-S002-P001,2026-05-16,S002,P001,337,57.0
INV-20260516-S002-P002,2026-05-16,S002,P002,271,41.0
INV-20260516-S002-P003,2026-05-16,S002,P003,142,24.0
INV-20260516-S002-P004,2026-05-16,S002,P004,409,20.0
INV-20260516-S002-P005,2026-05-16,S002,P005,151,66.0
INV-20260516-S002-P006,2026-05-16,S002,P006,218,26.0
INV-20260516-S002-P007,2026-05-16,S002,P007,227,97.0
INV-20260516-S002-P008,2026-05-16,S002,P008,274,65.0
INV-20260516-S002-P009,2026-05-16,S002,P009,331,43.0
INV-20260516-S002-P010,2026-05-16,S002,P010,209,66.0
INV-20260516-S002-P011,2026-05-16,S002,P011,120,12.0
INV-20260516-S002-P012,2026-05-16,S002,P012,397,101.0
INV-20260516-S002-P013,2026-05-16,S002,P013,74,56.0
INV-20260516-S002-P014,2026-05-16,S002,P014,338,84.0
INV-20260516-S002-P015,2026-05-16,S002,P015,62,18.0
INV-20260516-S002-P016,2026-05-16,S002,P016,222,56.0
INV-20260516-S002-P017,2026-05-16,S002,P017,317,56.0
INV-20260516-S002-P018,2026-05-16,S002,P018,367,99.0
INV-20260516-S002-P019,2026-05-16,S002,P019,68,64.0
INV-20260516-S002-P020,2026-05-16,S002,P020,157,55.0
INV-20260516-S002-P021,2026-05-16,S002,P021,329,35.0
INV-20260516-S002-P022,2026-05-16,S002,P022,248,41.0
INV-20260516-S002-P023,2026-05-16,S002,P023,247,59.0
INV-20260516-S002-P024,2026-05-16,S002,P024,201,51.0
INV-20260516-S002-P025,2026-05-16,S002,P025,203,12.0
INV-20260516-S002-P026,2026-05-16,S002,P026,346,88.0
INV-20260516-S002-P027,2026-05-16,S002,P027,226,95.0
INV-20260516-S002-P028,2026-05-16,S002,P028,303,23.0
INV-20260516-S002-P029,2026-05-16,S002,P029,251,62.0
INV-20260516-S002-P030,2026-05-16,S002,P030,291,20.0
INV-20260516-S002-P031,2026-05-16,S002,P031,279,74.0
INV-20260516-S002-P032,2026-05-16,S002,P032,277,37.0
INV-20260516-S002-P033,2026-05-16,S002,P033,228,72.0
INV-20260516-S002-P034,2026-05-16,S002,P034,304,79.0
INV-20260516-S002-P035,2026-05-16,S002,P035,93,83.0
INV-20260516-S002-P036,2026-05-16,S002,P036,85,20.0
INV-20260516-S002-P037,2026-05-16,S002,P037,102,97.0
INV-20260516-S002-P038,2026-05-16,S002,P038,335,32.0
INV-20260516-S002-P039,2026-05-16,S002,P039,86,14.0
INV-20260516-S002-P040,2026-05-16,S002,P040,113,62.0
INV-20260516-S002-P041,2026-05-16,S002,P041,345,45.0
INV-20260516-S002-P042,2026-05-16,S002,P042,408,88.0
INV-20260516-S002-P043,2026-05-16,S002,P043,327,86.0
INV-20260516-S002-P044,2026-05-16,S002,P044,183,40.0
INV-20260516-S002-P045,2026-05-16,S002,P045,101,100.0
INV-20260516-S002-P046,2026-05-16,S002,P046,248,37.0
INV-20260516-S002-P047,2026-05-16,S002,P047,90,59.0
INV-20260516-S002-P048,2026-05-16,S002,P048,352,34.0
INV-20260516-S002-P049,2026-05-16,S002,P049,123,98.0
INV-20260516-S002-P050,2026-05-16,S002,P050,135,26.0
INV-20260516-S003-P001,2026-05-16,S003,P001,336,57.0
INV-20260516-S003-P002,2026-05-16,S003,P002,342,41.0
INV-20260516-S003-P003,2026-05-16,S003,P003,218,24.0
INV-20260516-S003-P004,2026-05-16,S003,P004,59,20.0
INV-20260516-S003-P005,2026-05-16,S003,P005,213,66.0
INV-20260516-S003-P006,2026-05-16,S003,P006,241,26.0
INV-20260516-S003-P007,2026-05-16,S003,P007,419,97.0
INV-20260516-S003-P008,2026-05-16,S003,P008,240,65.0
INV-20260516-S003-P009,2026-05-16,S003,P009,318,43.0
INV-20260516-S003-P010,2026-05-16,S003,P010,294,66.0
INV-20260516-S003-P011,2026-05-16,S003,P011,315,12.0
INV-20260516-S003-P012,2026-05-16,S003,P012,416,101.0
INV-20260516-S003-P013,2026-05-16,S003,P013,264,56.0
INV-20260516-S003-P014,2026-05-16,S003,P014,142,84.0
INV-20260516-S003-P015,2026-05-16,S003,P015,69,18.0
INV-20260516-S003-P016,2026-05-16,S003,P016,348,56.0
INV-20260516-S003-P017,2026-05-16,S003,P017,79,56.0
INV-20260516-S003-P018,2026-05-16,S003,P018,170,99.0
INV-20260516-S003-P019,2026-05-16,S003,P019,68,64.0
INV-20260516-S003-P020,2026-05-16,S003,P020,334,55.0
INV-20260516-S003-P021,2026-05-16,S003,P021,293,35.0
INV-20260516-S003-P022,2026-05-16,S003,P022,308,41.0
INV-20260516-S003-P023,2026-05-16,S003,P023,164,59.0
INV-20260516-S003-P024,2026-05-16,S003,P024,179,51.0
INV-20260516-S003-P025,2026-05-16,S003,P025,284,12.0
INV-20260516-S003-P026,2026-05-16,S003,P026,254,88.0
INV-20260516-S003-P027,2026-05-16,S003,P027,278,95.0
INV-20260516-S003-P028,2026-05-16,S003,P028,63,23.0
INV-20260516-S003-P029,2026-05-16,S003,P029,230,62.0
INV-20260516-S003-P030,2026-05-16,S003,P030,94,20.0
INV-20260516-S003-P031,2026-05-16,S003,P031,91,74.0
INV-20260516-S003-P032,2026-05-16,S003,P032,314,37.0
INV-20260516-S003-P033,2026-05-16,S003,P033,91,72.0
INV-20260516-S003-P034,2026-05-16,S003,P034,262,79.0
INV-20260516-S003-P035,2026-05-16,S003,P035,152,83.0
INV-20260516-S003-P036,2026-05-16,S003,P036,134,20.0
INV-20260516-S003-P037,2026-05-16,S003,P037,465,97.0
INV-20260516-S003-P038,2026-05-16,S003,P038,228,32.0
INV-20260516-S003-P039,2026-05-16,S003,P039,322,14.0
INV-20260516-S003-P040,2026-05-16,S003,P040,213,62.0
INV-20260516-S003-P041,2026-05-16,S003,P041,356,45.0
INV-20260516-S003-P042,2026-05-16,S003,P042,276,88.0
INV-20260516-S003-P043,2026-05-16,S003,P043,246,86.0
INV-20260516-S003-P044,2026-05-16,S003,P044,242,40.0
INV-20260516-S003-P045,2026-05-16,S003,P045,458,100.0
INV-20260516-S003-P046,2026-05-16,S003,P046,186,37.0
INV-20260516-S003-P047,2026-05-16,S003,P047,61,59.0
INV-20260516-S003-P048,2026-05-16,S003,P048,166,34.0
INV-20260516-S003-P049,2026-05-16,S003,P049,297,98.0
INV-20260517-S001-P001,2026-05-17,S001,P001,170,57.0
INV-20260517-S001-P002,2026-05-17,S001,P002,195,41.0
INV-20260517-S001-P003,2026-05-17,S001,P003,142,24.0
INV-20260517-S001-P004,2026-05-17,S001,P004,200,20.0
INV-20260517-S001-P005,2026-05-17,S001,P005,309,66.0
INV-20260517-S001-P006,2026-05-17,S001,P006,386,26.0
INV-20260517-S001-P007,2026-05-17,S001,P007,386,97.0
INV-20260517-S001-P008,2026-05-17,S001,P008,283,65.0
INV-20260517-S001-P009,2026-05-17,S001,P009,203,43.0
INV-20260517-S001-P010,2026-05-17,S001,P010,216,66.0
INV-20260517-S001-P011,2026-05-17,S001,P011,345,12.0
INV-20260517-S001-P012,2026-05-17,S001,P012,225,101.0
INV-20260517-S001-P013,2026-05-17,S001,P013,63,56.0
INV-20260517-S001-P014,2026-05-17,S001,P014,279,84.0
INV-20260517-S001-P015,2026-05-17,S001,P015,88,18.0
INV-20260517-S001-P016,2026-05-17,S001,P016,173,56.0
INV-20260517-S001-P017,2026-05-17,S001,P017,162,56.0
INV-20260517-S001-P018,2026-05-17,S001,P018,439,99.0
INV-20260517-S001-P019,2026-05-17,S001,P019,233,64.0
INV-20260517-S001-P020,2026-05-17,S001,P020,257,55.0
INV-20260517-S001-P021,2026-05-17,S001,P021,136,35.0
INV-20260517-S001-P022,2026-05-17,S001,P022,237,41.0
INV-20260517-S001-P023,2026-05-17,S001,P023,126,59.0
INV-20260517-S001-P024,2026-05-17,S001,P024,120,51.0
INV-20260517-S001-P025,2026-05-17,S001,P025,367,12.0
INV-20260517-S001-P026,2026-05-17,S001,P026,318,88.0
INV-20260517-S001-P027,2026-05-17,S001,P027,203,95.0
INV-20260517-S001-P028,2026-05-17,S001,P028,292,23.0
INV-20260517-S001-P029,2026-05-17,S001,P029,118,62.0
INV-20260517-S001-P030,2026-05-17,S001,P030,144,20.0
INV-20260517-S001-P031,2026-05-17,S001,P031,269,74.0
INV-20260517-S001-P032,2026-05-17,S001,P032,344,37.0
INV-20260517-S001-P033,2026-05-17,S001,P033,299,72.0
INV-20260517-S001-P034,2026-05-17,S001,P034,356,79.0
INV-20260517-S001-P035,2026-05-17,S001,P035,289,83.0
INV-20260517-S001-P036,2026-05-17,S001,P036,88,20.0
INV-20260517-S001-P037,2026-05-17,S001,P037,341,97.0
INV-20260517-S001-P038,2026-05-17,S001,P038,327,32.0
INV-20260517-S001-P039,2026-05-17,S001,P039,356,14.0
INV-20260517-S001-P040,2026-05-17,S001,P040,284,62.0
INV-20260517-S001-P041,2026-05-17,S001,P041,257,45.0
INV-20260517-S001-P042,2026-05-17,S001,P042,351,88.0
INV-20260517-S001-P043,2026-05-17,S001,P043,417,86.0
INV-20260517-S001-P044,2026-05-17,S001,P044,218,40.0
INV-20260517-S001-P045,2026-05-17,S001,P045,184,100.0
INV-20260517-S001-P046,2026-05-17,S001,P046,310,37.0
INV-20260517-S001-P047,2026-05-17,S001,P047,244,59.0
INV-20260517-S001-P048,2026-05-17,S001,P048,102,34.0
INV-20260517-S001-P049,2026-05-17,S001,P049,424,98.0
INV-20260517-S001-P050,2026-05-17,S001,P050,148,26.0
INV-20260517-S002-P001,2026-05-17,S002,P001,325,57.0
INV-20260517-S002-P002,2026-05-17,S002,P002,263,41.0
INV-20260517-S002-P003,2026-05-17,S002,P003,138,24.0
INV-20260517-S002-P004,2026-05-17,S002,P004,408,20.0
INV-20260517-S002-P005,2026-05-17,S002,P005,138,66.0
INV-20260517-S002-P006,2026-05-17,S002,P006,209,26.0
INV-20260517-S002-P007,2026-05-17,S002,P007,227,97.0
INV-20260517-S002-P008,2026-05-17,S002,P008,258,65.0
INV-20260517-S002-P009,2026-05-17,S002,P009,329,43.0
INV-20260517-S002-P010,2026-05-17,S002,P010,193,66.0
INV-20260517-S002-P011,2026-05-17,S002,P011,116,12.0
INV-20260517-S002-P012,2026-05-17,S002,P012,374,101.0
INV-20260517-S002-P013,2026-05-17,S002,P013,63,56.0
INV-20260517-S002-P014,2026-05-17,S002,P014,316,84.0
INV-20260517-S002-P015,2026-05-17,S002,P015,59,18.0
INV-20260517-S002-P016,2026-05-17,S002,P016,209,56.0
INV-20260517-S002-P017,2026-05-17,S002,P017,306,56.0
INV-20260517-S002-P018,2026-05-17,S002,P018,345,99.0
INV-20260517-S002-P019,2026-05-17,S002,P019,315,64.0
INV-20260517-S002-P020,2026-05-17,S002,P020,150,55.0
INV-20260517-S002-P021,2026-05-17,S002,P021,323,35.0
INV-20260517-S002-P022,2026-05-17,S002,P022,241,41.0
INV-20260517-S002-P023,2026-05-17,S002,P023,228,59.0
INV-20260517-S002-P024,2026-05-17,S002,P024,190,51.0
INV-20260517-S002-P025,2026-05-17,S002,P025,202,12.0
INV-20260517-S002-P026,2026-05-17,S002,P026,334,88.0
INV-20260517-S002-P027,2026-05-17,S002,P027,201,95.0
INV-20260517-S002-P028,2026-05-17,S002,P028,298,23.0
INV-20260517-S002-P029,2026-05-17,S002,P029,233,62.0
INV-20260517-S002-P030,2026-05-17,S002,P030,289,20.0
INV-20260517-S002-P031,2026-05-17,S002,P031,259,74.0
INV-20260517-S002-P032,2026-05-17,S002,P032,270,37.0
INV-20260517-S002-P033,2026-05-17,S002,P033,225,72.0
INV-20260517-S002-P034,2026-05-17,S002,P034,290,79.0
INV-20260517-S002-P035,2026-05-17,S002,P035,404,83.0
INV-20260517-S002-P036,2026-05-17,S002,P036,80,20.0
INV-20260517-S002-P037,2026-05-17,S002,P037,472,97.0
INV-20260517-S002-P038,2026-05-17,S002,P038,319,32.0
INV-20260517-S002-P039,2026-05-17,S002,P039,81,14.0
INV-20260517-S002-P040,2026-05-17,S002,P040,102,62.0
INV-20260517-S002-P041,2026-05-17,S002,P041,336,45.0
INV-20260517-S002-P042,2026-05-17,S002,P042,390,88.0
INV-20260517-S002-P043,2026-05-17,S002,P043,304,86.0
INV-20260517-S002-P044,2026-05-17,S002,P044,182,40.0
INV-20260517-S002-P045,2026-05-17,S002,P045,482,100.0
INV-20260517-S002-P046,2026-05-17,S002,P046,242,37.0
INV-20260517-S002-P047,2026-05-17,S002,P047,79,59.0
INV-20260517-S002-P048,2026-05-17,S002,P048,347,34.0
INV-20260517-S002-P049,2026-05-17,S002,P049,100,98.0
INV-20260517-S002-P050,2026-05-17,S002,P050,128,26.0
INV-20260517-S003-P001,2026-05-17,S003,P001,325,57.0
INV-20260517-S003-P002,2026-05-17,S003,P002,333,41.0
INV-20260517-S003-P003,2026-05-17,S003,P003,215,24.0
INV-20260517-S003-P004,2026-05-17,S003,P004,57,20.0
INV-20260517-S003-P005,2026-05-17,S003,P005,205,66.0
INV-20260517-S003-P006,2026-05-17,S003,P006,238,26.0
INV-20260517-S003-P007,2026-05-17,S003,P007,406,97.0
INV-20260517-S003-P008,2026-05-17,S003,P008,232,65.0
INV-20260517-S003-P009,2026-05-17,S003,P009,313,43.0
INV-20260517-S003-P010,2026-05-17,S003,P010,286,66.0
INV-20260517-S003-P011,2026-05-17,S003,P011,313,12.0
INV-20260517-S003-P012,2026-05-17,S003,P012,400,101.0
INV-20260517-S003-P013,2026-05-17,S003,P013,254,56.0
INV-20260517-S003-P014,2026-05-17,S003,P014,133,84.0
INV-20260517-S003-P015,2026-05-17,S003,P015,66,18.0
INV-20260517-S003-P016,2026-05-17,S003,P016,343,56.0
INV-20260517-S003-P017,2026-05-17,S003,P017,75,56.0
INV-20260517-S003-P018,2026-05-17,S003,P018,165,99.0
INV-20260517-S003-P019,2026-05-17,S003,P019,317,64.0
INV-20260517-S003-P020,2026-05-17,S003,P020,324,55.0
INV-20260517-S003-P021,2026-05-17,S003,P021,287,35.0
INV-20260517-S003-P022,2026-05-17,S003,P022,302,41.0
INV-20260517-S003-P023,2026-05-17,S003,P023,158,59.0
INV-20260517-S003-P024,2026-05-17,S003,P024,170,51.0
INV-20260517-S003-P025,2026-05-17,S003,P025,282,12.0
INV-20260517-S003-P026,2026-05-17,S003,P026,246,88.0
INV-20260517-S003-P027,2026-05-17,S003,P027,263,95.0
INV-20260517-S003-P028,2026-05-17,S003,P028,60,23.0
INV-20260517-S003-P029,2026-05-17,S003,P029,223,62.0
INV-20260517-S003-P030,2026-05-17,S003,P030,92,20.0
INV-20260517-S003-P031,2026-05-17,S003,P031,84,74.0
INV-20260517-S003-P032,2026-05-17,S003,P032,308,37.0
INV-20260517-S003-P033,2026-05-17,S003,P033,82,72.0
INV-20260517-S003-P034,2026-05-17,S003,P034,255,79.0
INV-20260517-S003-P035,2026-05-17,S003,P035,139,83.0
INV-20260517-S003-P036,2026-05-17,S003,P036,134,20.0
INV-20260517-S003-P037,2026-05-17,S003,P037,455,97.0
INV-20260517-S003-P038,2026-05-17,S003,P038,222,32.0
INV-20260517-S003-P039,2026-05-17,S003,P039,322,14.0
INV-20260517-S003-P040,2026-05-17,S003,P040,206,62.0
INV-20260517-S003-P041,2026-05-17,S003,P041,351,45.0
INV-20260517-S003-P042,2026-05-17,S003,P042,263,88.0
INV-20260517-S003-P043,2026-05-17,S003,P043,226,86.0
INV-20260517-S003-P044,2026-05-17,S003,P044,233,40.0
INV-20260517-S003-P045,2026-05-17,S003,P045,445,100.0
INV-20260517-S003-P046,2026-05-17,S003,P046,179,37.0
INV-20260517-S003-P047,2026-05-17,S003,P047,291,59.0
INV-20260517-S003-P048,2026-05-17,S003,P048,163,34.0
INV-20260517-S003-P049,2026-05-17,S003,P049,288,98.0
INV-20260518-S001-P001,2026-05-18,S001,P001,163,57.0
INV-20260518-S001-P002,2026-05-18,S001,P002,185,41.0
INV-20260518-S001-P003,2026-05-18,S001,P003,138,24.0
INV-20260518-S001-P004,2026-05-18,S001,P004,198,20.0
INV-20260518-S001-P005,2026-05-18,S001,P005,297,66.0
INV-20260518-S001-P006,2026-05-18,S001,P006,382,26.0
INV-20260518-S001-P007,2026-05-18,S001,P007,375,97.0
INV-20260518-S001-P008,2026-05-18,S001,P008,273,65.0
INV-20260518-S001-P009,2026-05-18,S001,P009,190,43.0
INV-20260518-S001-P010,2026-05-18,S001,P010,207,66.0
INV-20260518-S001-P011,2026-05-18,S001,P011,344,12.0
INV-20260518-S001-P012,2026-05-18,S001,P012,200,101.0
INV-20260518-S001-P013,2026-05-18,S001,P013,275,56.0
INV-20260518-S001-P014,2026-05-18,S001,P014,263,84.0
INV-20260518-S001-P015,2026-05-18,S001,P015,86,18.0
INV-20260518-S001-P016,2026-05-18,S001,P016,161,56.0
INV-20260518-S001-P017,2026-05-18,S001,P017,158,56.0
INV-20260518-S001-P018,2026-05-18,S001,P018,419,99.0
INV-20260518-S001-P019,2026-05-18,S001,P019,224,64.0
INV-20260518-S001-P020,2026-05-18,S001,P020,239,55.0
INV-20260518-S001-P021,2026-05-18,S001,P021,131,35.0
INV-20260518-S001-P022,2026-05-18,S001,P022,229,41.0
INV-20260518-S001-P023,2026-05-18,S001,P023,116,59.0
INV-20260518-S001-P024,2026-05-18,S001,P024,115,51.0
INV-20260518-S001-P025,2026-05-18,S001,P025,367,12.0
INV-20260518-S001-P026,2026-05-18,S001,P026,299,88.0
INV-20260518-S001-P027,2026-05-18,S001,P027,188,95.0
INV-20260518-S001-P028,2026-05-18,S001,P028,288,23.0
INV-20260518-S001-P029,2026-05-18,S001,P029,108,62.0
INV-20260518-S001-P030,2026-05-18,S001,P030,139,20.0
INV-20260518-S001-P031,2026-05-18,S001,P031,257,74.0
INV-20260518-S001-P032,2026-05-18,S001,P032,335,37.0
INV-20260518-S001-P033,2026-05-18,S001,P033,284,72.0
INV-20260518-S001-P034,2026-05-18,S001,P034,344,79.0
INV-20260518-S001-P035,2026-05-18,S001,P035,278,83.0
INV-20260518-S001-P036,2026-05-18,S001,P036,86,20.0
INV-20260518-S001-P037,2026-05-18,S001,P037,325,97.0
INV-20260518-S001-P038,2026-05-18,S001,P038,324,32.0
INV-20260518-S001-P039,2026-05-18,S001,P039,352,14.0
INV-20260518-S001-P040,2026-05-18,S001,P040,274,62.0
INV-20260518-S001-P041,2026-05-18,S001,P041,247,45.0
INV-20260518-S001-P042,2026-05-18,S001,P042,336,88.0
INV-20260518-S001-P043,2026-05-18,S001,P043,405,86.0
INV-20260518-S001-P044,2026-05-18,S001,P044,212,40.0
INV-20260518-S001-P045,2026-05-18,S001,P045,167,100.0
INV-20260518-S001-P046,2026-05-18,S001,P046,302,37.0
INV-20260518-S001-P047,2026-05-18,S001,P047,238,59.0
INV-20260518-S001-P048,2026-05-18,S001,P048,94,34.0
INV-20260518-S001-P049,2026-05-18,S001,P049,408,98.0
INV-20260518-S001-P050,2026-05-18,S001,P050,143,26.0
INV-20260518-S002-P001,2026-05-18,S002,P001,313,57.0
INV-20260518-S002-P002,2026-05-18,S002,P002,254,41.0
INV-20260518-S002-P003,2026-05-18,S002,P003,133,24.0
INV-20260518-S002-P004,2026-05-18,S002,P004,408,20.0
INV-20260518-S002-P005,2026-05-18,S002,P005,127,66.0
INV-20260518-S002-P006,2026-05-18,S002,P006,204,26.0
INV-20260518-S002-P007,2026-05-18,S002,P007,227,97.0
INV-20260518-S002-P008,2026-05-18,S002,P008,243,65.0
INV-20260518-S002-P009,2026-05-18,S002,P009,317,43.0
INV-20260518-S002-P010,2026-05-18,S002,P010,178,66.0
INV-20260518-S002-P011,2026-05-18,S002,P011,112,12.0
INV-20260518-S002-P012,2026-05-18,S002,P012,355,101.0
INV-20260518-S002-P013,2026-05-18,S002,P013,278,56.0
INV-20260518-S002-P014,2026-05-18,S002,P014,306,84.0
INV-20260518-S002-P015,2026-05-18,S002,P015,55,18.0
INV-20260518-S002-P016,2026-05-18,S002,P016,191,56.0
INV-20260518-S002-P017,2026-05-18,S002,P017,296,56.0
INV-20260518-S002-P018,2026-05-18,S002,P018,329,99.0
INV-20260518-S002-P019,2026-05-18,S002,P019,305,64.0
INV-20260518-S002-P020,2026-05-18,S002,P020,141,55.0
INV-20260518-S002-P021,2026-05-18,S002,P021,314,35.0
INV-20260518-S002-P022,2026-05-18,S002,P022,234,41.0
INV-20260518-S002-P023,2026-05-18,S002,P023,216,59.0
INV-20260518-S002-P024,2026-05-18,S002,P024,179,51.0
INV-20260518-S002-P025,2026-05-18,S002,P025,200,12.0
INV-20260518-S002-P026,2026-05-18,S002,P026,319,88.0
INV-20260518-S002-P027,2026-05-18,S002,P027,188,95.0
INV-20260518-S002-P028,2026-05-18,S002,P028,293,23.0
INV-20260518-S002-P029,2026-05-18,S002,P029,218,62.0
INV-20260518-S002-P030,2026-05-18,S002,P030,284,20.0
INV-20260518-S002-P031,2026-05-18,S002,P031,249,74.0
INV-20260518-S002-P032,2026-05-18,S002,P032,263,37.0
INV-20260518-S002-P033,2026-05-18,S002,P033,212,72.0
INV-20260518-S002-P034,2026-05-18,S002,P034,279,79.0
INV-20260518-S002-P035,2026-05-18,S002,P035,387,83.0
INV-20260518-S002-P036,2026-05-18,S002,P036,74,20.0
INV-20260518-S002-P037,2026-05-18,S002,P037,456,97.0
INV-20260518-S002-P038,2026-05-18,S002,P038,310,32.0
INV-20260518-S002-P039,2026-05-18,S002,P039,75,14.0
INV-20260518-S002-P040,2026-05-18,S002,P040,89,62.0
INV-20260518-S002-P041,2026-05-18,S002,P041,322,45.0
INV-20260518-S002-P042,2026-05-18,S002,P042,380,88.0
INV-20260518-S002-P043,2026-05-18,S002,P043,283,86.0
INV-20260518-S002-P044,2026-05-18,S002,P044,175,40.0
INV-20260518-S002-P045,2026-05-18,S002,P045,461,100.0
INV-20260518-S002-P046,2026-05-18,S002,P046,232,37.0
INV-20260518-S002-P047,2026-05-18,S002,P047,69,59.0
INV-20260518-S002-P048,2026-05-18,S002,P048,343,34.0
INV-20260518-S002-P049,2026-05-18,S002,P049,462,98.0
INV-20260518-S002-P050,2026-05-18,S002,P050,119,26.0
INV-20260518-S003-P001,2026-05-18,S003,P001,317,57.0
INV-20260518-S003-P002,2026-05-18,S003,P002,327,41.0
INV-20260518-S003-P003,2026-05-18,S003,P003,209,24.0
INV-20260518-S003-P004,2026-05-18,S003,P004,53,20.0
INV-20260518-S003-P005,2026-05-18,S003,P005,199,66.0
INV-20260518-S003-P006,2026-05-18,S003,P006,238,26.0
INV-20260518-S003-P007,2026-05-18,S003,P007,390,97.0
INV-20260518-S003-P008,2026-05-18,S003,P008,220,65.0
INV-20260518-S003-P009,2026-05-18,S003,P009,308,43.0
INV-20260518-S003-P010,2026-05-18,S003,P010,277,66.0
INV-20260518-S003-P011,2026-05-18,S003,P011,313,12.0
INV-20260518-S003-P012,2026-05-18,S003,P012,390,101.0
INV-20260518-S003-P013,2026-05-18,S003,P013,250,56.0
INV-20260518-S003-P014,2026-05-18,S003,P014,124,84.0
INV-20260518-S003-P015,2026-05-18,S003,P015,61,18.0
INV-20260518-S003-P016,2026-05-18,S003,P016,334,56.0
INV-20260518-S003-P017,2026-05-18,S003,P017,61,56.0
INV-20260518-S003-P018,2026-05-18,S003,P018,155,99.0
INV-20260518-S003-P019,2026-05-18,S003,P019,313,64.0
INV-20260518-S003-P020,2026-05-18,S003,P020,317,55.0
INV-20260518-S003-P021,2026-05-18,S003,P021,282,35.0
INV-20260518-S003-P022,2026-05-18,S003,P022,299,41.0
INV-20260518-S003-P023,2026-05-18,S003,P023,150,59.0
INV-20260518-S003-P024,2026-05-18,S003,P024,164,51.0
INV-20260518-S003-P025,2026-05-18,S003,P025,282,12.0
INV-20260518-S003-P026,2026-05-18,S003,P026,234,88.0
INV-20260518-S003-P027,2026-05-18,S003,P027,249,95.0
INV-20260518-S003-P028,2026-05-18,S003,P028,59,23.0
INV-20260518-S003-P029,2026-05-18,S003,P029,217,62.0
INV-20260518-S003-P030,2026-05-18,S003,P030,91,20.0
INV-20260518-S003-P031,2026-05-18,S003,P031,78,74.0
INV-20260518-S003-P032,2026-05-18,S003,P032,304,37.0
INV-20260518-S003-P033,2026-05-18,S003,P033,73,72.0
INV-20260518-S003-P034,2026-05-18,S003,P034,244,79.0
INV-20260518-S003-P035,2026-05-18,S003,P035,131,83.0
INV-20260518-S003-P036,2026-05-18,S003,P036,132,20.0
INV-20260518-S003-P037,2026-05-18,S003,P037,441,97.0
INV-20260518-S003-P038,2026-05-18,S003,P038,218,32.0
INV-20260518-S003-P039,2026-05-18,S003,P039,320,14.0
INV-20260518-S003-P040,2026-05-18,S003,P040,195,62.0
INV-20260518-S003-P041,2026-05-18,S003,P041,347,45.0
INV-20260518-S003-P042,2026-05-18,S003,P042,248,88.0
INV-20260518-S003-P043,2026-05-18,S003,P043,219,86.0
INV-20260518-S003-P044,2026-05-18,S003,P044,231,40.0
INV-20260518-S003-P045,2026-05-18,S003,P045,432,100.0
INV-20260518-S003-P046,2026-05-18,S003,P046,175,37.0
INV-20260518-S003-P047,2026-05-18,S003,P047,285,59.0
INV-20260518-S003-P048,2026-05-18,S003,P048,162,34.0
INV-20260518-S003-P049,2026-05-18,S003,P049,276,98.0
INV-20260519-S001-P001,2026-05-19,S001,P001,154,57.0
INV-20260519-S001-P002,2026-05-19,S001,P002,178,41.0
INV-20260519-S001-P003,2026-05-19,S001,P003,134,24.0
INV-20260519-S001-P004,2026-05-19,S001,P004,191,20.0
INV-20260519-S001-P005,2026-05-19,S001,P005,291,66.0
INV-20260519-S001-P006,2026-05-19,S001,P006,380,26.0
INV-20260519-S001-P007,2026-05-19,S001,P007,362,97.0
INV-20260519-S001-P008,2026-05-19,S001,P008,262,65.0
INV-20260519-S001-P009,2026-05-19,S001,P009,183,43.0
INV-20260519-S001-P010,2026-05-19,S001,P010,193,66.0
INV-20260519-S001-P011,2026-05-19,S001,P011,343,12.0
INV-20260519-S001-P012,2026-05-19,S001,P012,189,101.0
INV-20260519-S001-P013,2026-05-19,S001,P013,260,56.0
INV-20260519-S001-P014,2026-05-19,S001,P014,252,84.0
INV-20260519-S001-P015,2026-05-19,S001,P015,81,18.0
INV-20260519-S001-P016,2026-05-19,S001,P016,155,56.0
INV-20260519-S001-P017,2026-05-19,S001,P017,152,56.0
INV-20260519-S001-P018,2026-05-19,S001,P018,404,99.0
INV-20260519-S001-P019,2026-05-19,S001,P019,213,64.0
INV-20260519-S001-P020,2026-05-19,S001,P020,232,55.0
INV-20260519-S001-P021,2026-05-19,S001,P021,127,35.0
INV-20260519-S001-P022,2026-05-19,S001,P022,225,41.0
INV-20260519-S001-P023,2026-05-19,S001,P023,108,59.0
INV-20260519-S001-P024,2026-05-19,S001,P024,110,51.0
INV-20260519-S001-P025,2026-05-19,S001,P025,364,12.0
INV-20260519-S001-P026,2026-05-19,S001,P026,288,88.0
INV-20260519-S001-P027,2026-05-19,S001,P027,178,95.0
INV-20260519-S001-P028,2026-05-19,S001,P028,286,23.0
INV-20260519-S001-P029,2026-05-19,S001,P029,96,62.0
INV-20260519-S001-P030,2026-05-19,S001,P030,136,20.0
INV-20260519-S001-P031,2026-05-19,S001,P031,247,74.0
INV-20260519-S001-P032,2026-05-19,S001,P032,334,37.0
INV-20260519-S001-P033,2026-05-19,S001,P033,274,72.0
INV-20260519-S001-P034,2026-05-19,S001,P034,334,79.0
INV-20260519-S001-P035,2026-05-19,S001,P035,265,83.0
INV-20260519-S001-P036,2026-05-19,S001,P036,82,20.0
INV-20260519-S001-P037,2026-05-19,S001,P037,304,97.0
INV-20260519-S001-P038,2026-05-19,S001,P038,323,32.0
INV-20260519-S001-P039,2026-05-19,S001,P039,349,14.0
INV-20260519-S001-P040,2026-05-19,S001,P040,263,62.0
INV-20260519-S001-P041,2026-05-19,S001,P041,241,45.0
INV-20260519-S001-P042,2026-05-19,S001,P042,323,88.0
INV-20260519-S001-P043,2026-05-19,S001,P043,387,86.0
INV-20260519-S001-P044,2026-05-19,S001,P044,207,40.0
INV-20260519-S001-P045,2026-05-19,S001,P045,150,100.0
INV-20260519-S001-P046,2026-05-19,S001,P046,294,37.0
INV-20260519-S001-P047,2026-05-19,S001,P047,226,59.0
INV-20260519-S001-P048,2026-05-19,S001,P048,92,34.0
INV-20260519-S001-P049,2026-05-19,S001,P049,392,98.0
INV-20260519-S001-P050,2026-05-19,S001,P050,141,26.0
INV-20260519-S002-P001,2026-05-19,S002,P001,295,57.0
INV-20260519-S002-P002,2026-05-19,S002,P002,246,41.0
INV-20260519-S002-P003,2026-05-19,S002,P003,132,24.0
INV-20260519-S002-P004,2026-05-19,S002,P004,408,20.0
INV-20260519-S002-P005,2026-05-19,S002,P005,120,66.0
INV-20260519-S002-P006,2026-05-19,S002,P006,201,26.0
INV-20260519-S002-P007,2026-05-19,S002,P007,227,97.0
INV-20260519-S002-P008,2026-05-19,S002,P008,233,65.0
INV-20260519-S002-P009,2026-05-19,S002,P009,304,43.0
INV-20260519-S002-P010,2026-05-19,S002,P010,166,66.0
INV-20260519-S002-P011,2026-05-19,S002,P011,109,12.0
INV-20260519-S002-P012,2026-05-19,S002,P012,340,101.0
INV-20260519-S002-P013,2026-05-19,S002,P013,270,56.0
INV-20260519-S002-P014,2026-05-19,S002,P014,297,84.0
INV-20260519-S002-P015,2026-05-19,S002,P015,55,18.0
INV-20260519-S002-P016,2026-05-19,S002,P016,183,56.0
INV-20260519-S002-P017,2026-05-19,S002,P017,283,56.0
INV-20260519-S002-P018,2026-05-19,S002,P018,308,99.0
INV-20260519-S002-P019,2026-05-19,S002,P019,294,64.0
INV-20260519-S002-P020,2026-05-19,S002,P020,126,55.0
INV-20260519-S002-P021,2026-05-19,S002,P021,310,35.0
INV-20260519-S002-P022,2026-05-19,S002,P022,226,41.0
INV-20260519-S002-P023,2026-05-19,S002,P023,209,59.0
INV-20260519-S002-P024,2026-05-19,S002,P024,170,51.0
INV-20260519-S002-P025,2026-05-19,S002,P025,199,12.0
INV-20260519-S002-P026,2026-05-19,S002,P026,306,88.0
INV-20260519-S002-P027,2026-05-19,S002,P027,170,95.0
INV-20260519-S002-P028,2026-05-19,S002,P028,290,23.0
INV-20260519-S002-P029,2026-05-19,S002,P029,211,62.0
INV-20260519-S002-P030,2026-05-19,S002,P030,282,20.0
INV-20260519-S002-P031,2026-05-19,S002,P031,237,74.0
INV-20260519-S002-P032,2026-05-19,S002,P032,261,37.0
INV-20260519-S002-P033,2026-05-19,S002,P033,197,72.0
INV-20260519-S002-P034,2026-05-19,S002,P034,263,79.0
INV-20260519-S002-P035,2026-05-19,S002,P035,373,83.0
INV-20260519-S002-P036,2026-05-19,S002,P036,71,20.0
INV-20260519-S002-P037,2026-05-19,S002,P037,439,97.0
INV-20260519-S002-P038,2026-05-19,S002,P038,305,32.0
INV-20260519-S002-P039,2026-05-19,S002,P039,75,14.0
INV-20260519-S002-P040,2026-05-19,S002,P040,75,62.0
INV-20260519-S002-P041,2026-05-19,S002,P041,316,45.0
INV-20260519-S002-P042,2026-05-19,S002,P042,361,88.0
INV-20260519-S002-P043,2026-05-19,S002,P043,270,86.0
INV-20260519-S002-P044,2026-05-19,S002,P044,169,40.0
INV-20260519-S002-P045,2026-05-19,S002,P045,440,100.0
INV-20260519-S002-P046,2026-05-19,S002,P046,224,37.0
INV-20260519-S002-P047,2026-05-19,S002,P047,60,59.0
INV-20260519-S002-P048,2026-05-19,S002,P048,334,34.0
INV-20260519-S002-P049,2026-05-19,S002,P049,445,98.0
INV-20260519-S002-P050,2026-05-19,S002,P050,114,26.0
INV-20260519-S003-P001,2026-05-19,S003,P001,308,57.0
INV-20260519-S003-P002,2026-05-19,S003,P002,324,41.0
INV-20260519-S003-P003,2026-05-19,S003,P003,204,24.0
INV-20260519-S003-P004,2026-05-19,S003,P004,52,20.0
INV-20260519-S003-P005,2026-05-19,S003,P005,192,66.0
INV-20260519-S003-P006,2026-05-19,S003,P006,236,26.0
INV-20260519-S003-P007,2026-05-19,S003,P007,384,97.0
INV-20260519-S003-P008,2026-05-19,S003,P008,216,65.0
INV-20260519-S003-P009,2026-05-19,S003,P009,302,43.0
INV-20260519-S003-P010,2026-05-19,S003,P010,269,66.0
INV-20260519-S003-P011,2026-05-19,S003,P011,313,12.0
INV-20260519-S003-P012,2026-05-19,S003,P012,377,101.0
INV-20260519-S003-P013,2026-05-19,S003,P013,247,56.0
INV-20260519-S003-P014,2026-05-19,S003,P014,113,84.0
INV-20260519-S003-P015,2026-05-19,S003,P015,61,18.0
INV-20260519-S003-P016,2026-05-19,S003,P016,327,56.0
INV-20260519-S003-P017,2026-05-19,S003,P017,279,56.0
INV-20260519-S003-P018,2026-05-19,S003,P018,146,99.0
INV-20260519-S003-P019,2026-05-19,S003,P019,300,64.0
INV-20260519-S003-P020,2026-05-19,S003,P020,311,55.0
INV-20260519-S003-P021,2026-05-19,S003,P021,276,35.0
INV-20260519-S003-P022,2026-05-19,S003,P022,290,41.0
INV-20260519-S003-P023,2026-05-19,S003,P023,140,59.0
INV-20260519-S003-P024,2026-05-19,S003,P024,155,51.0
INV-20260519-S003-P025,2026-05-19,S003,P025,282,12.0
INV-20260519-S003-P026,2026-05-19,S003,P026,223,88.0
INV-20260519-S003-P027,2026-05-19,S003,P027,237,95.0
INV-20260519-S003-P028,2026-05-19,S003,P028,58,23.0
INV-20260519-S003-P029,2026-05-19,S003,P029,206,62.0
INV-20260519-S003-P030,2026-05-19,S003,P030,87,20.0
INV-20260519-S003-P031,2026-05-19,S003,P031,364,74.0
INV-20260519-S003-P032,2026-05-19,S003,P032,299,37.0
INV-20260519-S003-P033,2026-05-19,S003,P033,357,72.0
INV-20260519-S003-P034,2026-05-19,S003,P034,241,79.0
INV-20260519-S003-P035,2026-05-19,S003,P035,111,83.0
INV-20260519-S003-P036,2026-05-19,S003,P036,131,20.0
INV-20260519-S003-P037,2026-05-19,S003,P037,433,97.0
INV-20260519-S003-P038,2026-05-19,S003,P038,213,32.0
INV-20260519-S003-P039,2026-05-19,S003,P039,320,14.0
INV-20260519-S003-P040,2026-05-19,S003,P040,189,62.0
INV-20260519-S003-P041,2026-05-19,S003,P041,340,45.0
INV-20260519-S003-P042,2026-05-19,S003,P042,238,88.0
INV-20260519-S003-P043,2026-05-19,S003,P043,208,86.0
INV-20260519-S003-P044,2026-05-19,S003,P044,227,40.0
INV-20260519-S003-P045,2026-05-19,S003,P045,412,100.0
INV-20260519-S003-P046,2026-05-19,S003,P046,170,37.0
INV-20260519-S003-P047,2026-05-19,S003,P047,274,59.0
INV-20260519-S003-P048,2026-05-19,S003,P048,160,34.0
INV-20260519-S003-P049,2026-05-19,S003,P049,263,98.0
INV-20260520-S001-P001,2026-05-20,S001,P001,147,57.0
INV-20260520-S001-P002,2026-05-20,S001,P002,174,41.0
INV-20260520-S001-P003,2026-05-20,S001,P003,132,24.0
INV-20260520-S001-P004,2026-05-20,S001,P004,189,20.0
INV-20260520-S001-P005,2026-05-20,S001,P005,287,66.0
INV-20260520-S001-P006,2026-05-20,S001,P006,374,26.0
INV-20260520-S001-P007,2026-05-20,S001,P007,347,97.0
INV-20260520-S001-P008,2026-05-20,S001,P008,251,65.0
INV-20260520-S001-P009,2026-05-20,S001,P009,174,43.0
INV-20260520-S001-P010,2026-05-20,S001,P010,190,66.0
INV-20260520-S001-P011,2026-05-20,S001,P011,341,12.0
INV-20260520-S001-P012,2026-05-20,S001,P012,173,101.0
INV-20260520-S001-P013,2026-05-20,S001,P013,250,56.0
INV-20260520-S001-P014,2026-05-20,S001,P014,240,84.0
INV-20260520-S001-P015,2026-05-20,S001,P015,78,18.0
INV-20260520-S001-P016,2026-05-20,S001,P016,146,56.0
INV-20260520-S001-P017,2026-05-20,S001,P017,144,56.0
INV-20260520-S001-P018,2026-05-20,S001,P018,388,99.0
INV-20260520-S001-P019,2026-05-20,S001,P019,200,64.0
INV-20260520-S001-P020,2026-05-20,S001,P020,226,55.0
INV-20260520-S001-P021,2026-05-20,S001,P021,126,35.0
INV-20260520-S001-P022,2026-05-20,S001,P022,220,41.0
INV-20260520-S001-P023,2026-05-20,S001,P023,102,59.0
INV-20260520-S001-P024,2026-05-20,S001,P024,106,51.0
INV-20260520-S001-P025,2026-05-20,S001,P025,363,12.0
INV-20260520-S001-P026,2026-05-20,S001,P026,273,88.0
INV-20260520-S001-P027,2026-05-20,S001,P027,162,95.0
INV-20260520-S001-P028,2026-05-20,S001,P028,284,23.0
INV-20260520-S001-P029,2026-05-20,S001,P029,92,62.0
INV-20260520-S001-P030,2026-05-20,S001,P030,131,20.0
INV-20260520-S001-P031,2026-05-20,S001,P031,239,74.0
INV-20260520-S001-P032,2026-05-20,S001,P032,332,37.0
INV-20260520-S001-P033,2026-05-20,S001,P033,259,72.0
INV-20260520-S001-P034,2026-05-20,S001,P034,323,79.0
INV-20260520-S001-P035,2026-05-20,S001,P035,251,83.0
INV-20260520-S001-P036,2026-05-20,S001,P036,81,20.0
INV-20260520-S001-P037,2026-05-20,S001,P037,286,97.0
INV-20260520-S001-P038,2026-05-20,S001,P038,319,32.0
INV-20260520-S001-P039,2026-05-20,S001,P039,347,14.0
INV-20260520-S001-P040,2026-05-20,S001,P040,253,62.0
INV-20260520-S001-P041,2026-05-20,S001,P041,235,45.0
INV-20260520-S001-P042,2026-05-20,S001,P042,314,88.0
INV-20260520-S001-P043,2026-05-20,S001,P043,378,86.0
INV-20260520-S001-P044,2026-05-20,S001,P044,206,40.0
INV-20260520-S001-P045,2026-05-20,S001,P045,141,100.0
INV-20260520-S001-P046,2026-05-20,S001,P046,293,37.0
INV-20260520-S001-P047,2026-05-20,S001,P047,221,59.0
INV-20260520-S001-P048,2026-05-20,S001,P048,89,34.0
INV-20260520-S001-P049,2026-05-20,S001,P049,380,98.0
INV-20260520-S001-P050,2026-05-20,S001,P050,138,26.0
INV-20260520-S002-P001,2026-05-20,S002,P001,292,57.0
INV-20260520-S002-P002,2026-05-20,S002,P002,239,41.0
INV-20260520-S002-P003,2026-05-20,S002,P003,127,24.0
INV-20260520-S002-P004,2026-05-20,S002,P004,407,20.0
INV-20260520-S002-P005,2026-05-20,S002,P005,106,66.0
INV-20260520-S002-P006,2026-05-20,S002,P006,196,26.0
INV-20260520-S002-P007,2026-05-20,S002,P007,227,97.0
INV-20260520-S002-P008,2026-05-20,S002,P008,226,65.0
INV-20260520-S002-P009,2026-05-20,S002,P009,299,43.0
INV-20260520-S002-P010,2026-05-20,S002,P010,158,66.0
INV-20260520-S002-P011,2026-05-20,S002,P011,108,12.0
INV-20260520-S002-P012,2026-05-20,S002,P012,330,101.0
INV-20260520-S002-P013,2026-05-20,S002,P013,262,56.0
INV-20260520-S002-P014,2026-05-20,S002,P014,285,84.0
INV-20260520-S002-P015,2026-05-20,S002,P015,52,18.0
INV-20260520-S002-P016,2026-05-20,S002,P016,174,56.0
INV-20260520-S002-P017,2026-05-20,S002,P017,276,56.0
INV-20260520-S002-P018,2026-05-20,S002,P018,286,99.0
INV-20260520-S002-P019,2026-05-20,S002,P019,284,64.0
INV-20260520-S002-P020,2026-05-20,S002,P020,111,55.0
INV-20260520-S002-P021,2026-05-20,S002,P021,304,35.0
INV-20260520-S002-P022,2026-05-20,S002,P022,219,41.0
INV-20260520-S002-P023,2026-05-20,S002,P023,203,59.0
INV-20260520-S002-P024,2026-05-20,S002,P024,160,51.0
INV-20260520-S002-P025,2026-05-20,S002,P025,196,12.0
INV-20260520-S002-P026,2026-05-20,S002,P026,288,88.0
INV-20260520-S002-P027,2026-05-20,S002,P027,153,95.0
INV-20260520-S002-P028,2026-05-20,S002,P028,290,23.0
INV-20260520-S002-P029,2026-05-20,S002,P029,198,62.0
INV-20260520-S002-P030,2026-05-20,S002,P030,282,20.0
INV-20260520-S002-P031,2026-05-20,S002,P031,227,74.0
INV-20260520-S002-P032,2026-05-20,S002,P032,256,37.0
INV-20260520-S002-P033,2026-05-20,S002,P033,184,72.0
INV-20260520-S002-P034,2026-05-20,S002,P034,256,79.0
INV-20260520-S002-P035,2026-05-20,S002,P035,362,83.0
INV-20260520-S002-P036,2026-05-20,S002,P036,64,20.0
INV-20260520-S002-P037,2026-05-20,S002,P037,426,97.0
INV-20260520-S002-P038,2026-05-20,S002,P038,301,32.0
INV-20260520-S002-P039,2026-05-20,S002,P039,74,14.0
INV-20260520-S002-P040,2026-05-20,S002,P040,68,62.0
INV-20260520-S002-P041,2026-05-20,S002,P041,310,45.0
INV-20260520-S002-P042,2026-05-20,S002,P042,340,88.0
INV-20260520-S002-P043,2026-05-20,S002,P043,255,86.0
INV-20260520-S002-P044,2026-05-20,S002,P044,163,40.0
INV-20260520-S002-P045,2026-05-20,S002,P045,422,100.0
INV-20260520-S002-P046,2026-05-20,S002,P046,215,37.0
INV-20260520-S002-P047,2026-05-20,S002,P047,287,59.0
INV-20260520-S002-P048,2026-05-20,S002,P048,330,34.0
INV-20260520-S002-P049,2026-05-20,S002,P049,424,98.0
INV-20260520-S002-P050,2026-05-20,S002,P050,110,26.0
INV-20260520-S003-P001,2026-05-20,S003,P001,301,57.0
INV-20260520-S003-P002,2026-05-20,S003,P002,318,41.0
INV-20260520-S003-P003,2026-05-20,S003,P003,201,24.0
INV-20260520-S003-P004,2026-05-20,S003,P004,50,20.0
INV-20260520-S003-P005,2026-05-20,S003,P005,185,66.0
INV-20260520-S003-P006,2026-05-20,S003,P006,234,26.0
INV-20260520-S003-P007,2026-05-20,S003,P007,372,97.0
INV-20260520-S003-P008,2026-05-20,S003,P008,208,65.0
INV-20260520-S003-P009,2026-05-20,S003,P009,297,43.0
INV-20260520-S003-P010,2026-05-20,S003,P010,266,66.0
INV-20260520-S003-P011,2026-05-20,S003,P011,312,12.0
INV-20260520-S003-P012,2026-05-20,S003,P012,359,101.0
INV-20260520-S003-P013,2026-05-20,S003,P013,241,56.0
INV-20260520-S003-P014,2026-05-20,S003,P014,109,84.0
INV-20260520-S003-P015,2026-05-20,S003,P015,59,18.0
INV-20260520-S003-P016,2026-05-20,S003,P016,324,56.0
INV-20260520-S003-P017,2026-05-20,S003,P017,274,56.0
INV-20260520-S003-P018,2026-05-20,S003,P018,137,99.0
INV-20260520-S003-P019,2026-05-20,S003,P019,292,64.0
INV-20260520-S003-P020,2026-05-20,S003,P020,303,55.0
INV-20260520-S003-P021,2026-05-20,S003,P021,274,35.0
INV-20260520-S003-P022,2026-05-20,S003,P022,284,41.0
INV-20260520-S003-P023,2026-05-20,S003,P023,137,59.0
INV-20260520-S003-P024,2026-05-20,S003,P024,151,51.0
INV-20260520-S003-P025,2026-05-20,S003,P025,281,12.0
INV-20260520-S003-P026,2026-05-20,S003,P026,210,88.0
INV-20260520-S003-P027,2026-05-20,S003,P027,228,95.0
INV-20260520-S003-P028,2026-05-20,S003,P028,57,23.0
INV-20260520-S003-P029,2026-05-20,S003,P029,202,62.0
INV-20260520-S003-P030,2026-05-20,S003,P030,87,20.0
INV-20260520-S003-P031,2026-05-20,S003,P031,355,74.0
INV-20260520-S003-P032,2026-05-20,S003,P032,295,37.0
INV-20260520-S003-P033,2026-05-20,S003,P033,350,72.0
INV-20260520-S003-P034,2026-05-20,S003,P034,235,79.0
INV-20260520-S003-P035,2026-05-20,S003,P035,97,83.0
INV-20260520-S003-P036,2026-05-20,S003,P036,129,20.0
INV-20260520-S003-P037,2026-05-20,S003,P037,425,97.0
INV-20260520-S003-P038,2026-05-20,S003,P038,209,32.0
INV-20260520-S003-P039,2026-05-20,S003,P039,320,14.0
INV-20260520-S003-P040,2026-05-20,S003,P040,182,62.0
INV-20260520-S003-P041,2026-05-20,S003,P041,334,45.0
INV-20260520-S003-P042,2026-05-20,S003,P042,227,88.0
INV-20260520-S003-P043,2026-05-20,S003,P043,200,86.0
INV-20260520-S003-P044,2026-05-20,S003,P044,219,40.0
INV-20260520-S003-P045,2026-05-20,S003,P045,398,100.0
INV-20260520-S003-P046,2026-05-20,S003,P046,167,37.0
INV-20260520-S003-P047,2026-05-20,S003,P047,267,59.0
INV-20260520-S003-P048,2026-05-20,S003,P048,155,34.0
INV-20260520-S003-P049,2026-05-20,S003,P049,254,98.0
INV-20260521-S001-P001,2026-05-21,S001,P001,135,57.0
INV-20260521-S001-P002,2026-05-21,S001,P002,169,41.0
INV-20260521-S001-P003,2026-05-21,S001,P003,128,24.0
INV-20260521-S001-P004,2026-05-21,S001,P004,188,20.0
INV-20260521-S001-P005,2026-05-21,S001,P005,280,66.0
INV-20260521-S001-P006,2026-05-21,S001,P006,372,26.0
INV-20260521-S001-P007,2026-05-21,S001,P007,336,97.0
INV-20260521-S001-P008,2026-05-21,S001,P008,242,65.0
INV-20260521-S001-P009,2026-05-21,S001,P009,167,43.0
INV-20260521-S001-P010,2026-05-21,S001,P010,183,66.0
INV-20260521-S001-P011,2026-05-21,S001,P011,340,12.0
INV-20260521-S001-P012,2026-05-21,S001,P012,149,101.0
INV-20260521-S001-P013,2026-05-21,S001,P013,247,56.0
INV-20260521-S001-P014,2026-05-21,S001,P014,232,84.0
INV-20260521-S001-P015,2026-05-21,S001,P015,76,18.0
INV-20260521-S001-P016,2026-05-21,S001,P016,142,56.0
INV-20260521-S001-P017,2026-05-21,S001,P017,134,56.0
INV-20260521-S001-P018,2026-05-21,S001,P018,374,99.0
INV-20260521-S001-P019,2026-05-21,S001,P019,193,64.0
INV-20260521-S001-P020,2026-05-21,S001,P020,218,55.0
INV-20260521-S001-P021,2026-05-21,S001,P021,121,35.0
INV-20260521-S001-P022,2026-05-21,S001,P022,214,41.0
INV-20260521-S001-P023,2026-05-21,S001,P023,94,59.0
INV-20260521-S001-P024,2026-05-21,S001,P024,100,51.0
INV-20260521-S001-P025,2026-05-21,S001,P025,359,12.0
INV-20260521-S001-P026,2026-05-21,S001,P026,259,88.0
INV-20260521-S001-P027,2026-05-21,S001,P027,146,95.0
INV-20260521-S001-P028,2026-05-21,S001,P028,283,23.0
INV-20260521-S001-P029,2026-05-21,S001,P029,85,62.0
INV-20260521-S001-P030,2026-05-21,S001,P030,129,20.0
INV-20260521-S001-P031,2026-05-21,S001,P031,224,74.0
INV-20260521-S001-P032,2026-05-21,S001,P032,326,37.0
INV-20260521-S001-P033,2026-05-21,S001,P033,248,72.0
INV-20260521-S001-P034,2026-05-21,S001,P034,314,79.0
INV-20260521-S001-P035,2026-05-21,S001,P035,237,83.0
INV-20260521-S001-P036,2026-05-21,S001,P036,77,20.0
INV-20260521-S001-P037,2026-05-21,S001,P037,276,97.0
INV-20260521-S001-P038,2026-05-21,S001,P038,312,32.0
INV-20260521-S001-P039,2026-05-21,S001,P039,344,14.0
INV-20260521-S001-P040,2026-05-21,S001,P040,241,62.0
INV-20260521-S001-P041,2026-05-21,S001,P041,227,45.0
INV-20260521-S001-P042,2026-05-21,S001,P042,299,88.0
INV-20260521-S001-P043,2026-05-21,S001,P043,366,86.0
INV-20260521-S001-P044,2026-05-21,S001,P044,200,40.0
INV-20260521-S001-P045,2026-05-21,S001,P045,124,100.0
INV-20260521-S001-P046,2026-05-21,S001,P046,288,37.0
INV-20260521-S001-P047,2026-05-21,S001,P047,209,59.0
INV-20260521-S001-P048,2026-05-21,S001,P048,85,34.0
INV-20260521-S001-P049,2026-05-21,S001,P049,363,98.0
INV-20260521-S001-P050,2026-05-21,S001,P050,133,26.0
INV-20260521-S002-P001,2026-05-21,S002,P001,284,57.0
INV-20260521-S002-P002,2026-05-21,S002,P002,226,41.0
INV-20260521-S002-P003,2026-05-21,S002,P003,123,24.0
INV-20260521-S002-P004,2026-05-21,S002,P004,407,20.0
INV-20260521-S002-P005,2026-05-21,S002,P005,96,66.0
INV-20260521-S002-P006,2026-05-21,S002,P006,191,26.0
INV-20260521-S002-P007,2026-05-21,S002,P007,227,97.0
INV-20260521-S002-P008,2026-05-21,S002,P008,218,65.0
INV-20260521-S002-P009,2026-05-21,S002,P009,295,43.0
INV-20260521-S002-P010,2026-05-21,S002,P010,147,66.0
INV-20260521-S002-P011,2026-05-21,S002,P011,107,12.0
INV-20260521-S002-P012,2026-05-21,S002,P012,315,101.0
INV-20260521-S002-P013,2026-05-21,S002,P013,248,56.0
INV-20260521-S002-P014,2026-05-21,S002,P014,272,84.0
INV-20260521-S002-P015,2026-05-21,S002,P015,48,18.0
INV-20260521-S002-P016,2026-05-21,S002,P016,162,56.0
INV-20260521-S002-P017,2026-05-21,S002,P017,270,56.0
INV-20260521-S002-P018,2026-05-21,S002,P018,269,99.0
INV-20260521-S002-P019,2026-05-21,S002,P019,269,64.0
INV-20260521-S002-P020,2026-05-21,S002,P020,103,55.0
INV-20260521-S002-P021,2026-05-21,S002,P021,297,35.0
INV-20260521-S002-P022,2026-05-21,S002,P022,214,41.0
INV-20260521-S002-P023,2026-05-21,S002,P023,190,59.0
INV-20260521-S002-P024,2026-05-21,S002,P024,153,51.0
INV-20260521-S002-P025,2026-05-21,S002,P025,192,12.0
INV-20260521-S002-P026,2026-05-21,S002,P026,272,88.0
INV-20260521-S002-P027,2026-05-21,S002,P027,143,95.0
INV-20260521-S002-P028,2026-05-21,S002,P028,285,23.0
INV-20260521-S002-P029,2026-05-21,S002,P029,187,62.0
INV-20260521-S002-P030,2026-05-21,S002,P030,279,20.0
INV-20260521-S002-P031,2026-05-21,S002,P031,218,74.0
INV-20260521-S002-P032,2026-05-21,S002,P032,252,37.0
INV-20260521-S002-P033,2026-05-21,S002,P033,173,72.0
INV-20260521-S002-P034,2026-05-21,S002,P034,245,79.0
INV-20260521-S002-P035,2026-05-21,S002,P035,354,83.0
INV-20260521-S002-P036,2026-05-21,S002,P036,59,20.0
INV-20260521-S002-P037,2026-05-21,S002,P037,415,97.0
INV-20260521-S002-P038,2026-05-21,S002,P038,294,32.0
INV-20260521-S002-P039,2026-05-21,S002,P039,72,14.0
INV-20260521-S002-P040,2026-05-21,S002,P040,63,62.0
INV-20260521-S002-P041,2026-05-21,S002,P041,300,45.0
INV-20260521-S002-P042,2026-05-21,S002,P042,322,88.0
INV-20260521-S002-P043,2026-05-21,S002,P043,242,86.0
INV-20260521-S002-P044,2026-05-21,S002,P044,153,40.0
INV-20260521-S002-P045,2026-05-21,S002,P045,410,100.0
INV-20260521-S002-P046,2026-05-21,S002,P046,213,37.0
INV-20260521-S002-P047,2026-05-21,S002,P047,275,59.0
INV-20260521-S002-P048,2026-05-21,S002,P048,322,34.0
INV-20260521-S002-P049,2026-05-21,S002,P049,411,98.0
INV-20260521-S002-P050,2026-05-21,S002,P050,104,26.0
INV-20260521-S003-P001,2026-05-21,S003,P001,297,57.0
INV-20260521-S003-P002,2026-05-21,S003,P002,315,41.0
INV-20260521-S003-P003,2026-05-21,S003,P003,193,24.0
INV-20260521-S003-P004,2026-05-21,S003,P004,48,20.0
INV-20260521-S003-P005,2026-05-21,S003,P005,175,66.0
INV-20260521-S003-P006,2026-05-21,S003,P006,230,26.0
INV-20260521-S003-P007,2026-05-21,S003,P007,358,97.0
INV-20260521-S003-P008,2026-05-21,S003,P008,194,65.0
INV-20260521-S003-P009,2026-05-21,S003,P009,289,43.0
INV-20260521-S003-P010,2026-05-21,S003,P010,254,66.0
INV-20260521-S003-P011,2026-05-21,S003,P011,311,12.0
INV-20260521-S003-P012,2026-05-21,S003,P012,351,101.0
INV-20260521-S003-P013,2026-05-21,S003,P013,237,56.0
INV-20260521-S003-P014,2026-05-21,S003,P014,97,84.0
INV-20260521-S003-P015,2026-05-21,S003,P015,55,18.0
INV-20260521-S003-P016,2026-05-21,S003,P016,313,56.0
INV-20260521-S003-P017,2026-05-21,S003,P017,264,56.0
INV-20260521-S003-P018,2026-05-21,S003,P018,124,99.0
INV-20260521-S003-P019,2026-05-21,S003,P019,278,64.0
INV-20260521-S003-P020,2026-05-21,S003,P020,295,55.0
INV-20260521-S003-P021,2026-05-21,S003,P021,269,35.0
INV-20260521-S003-P022,2026-05-21,S003,P022,281,41.0
INV-20260521-S003-P023,2026-05-21,S003,P023,131,59.0
INV-20260521-S003-P024,2026-05-21,S003,P024,144,51.0
INV-20260521-S003-P025,2026-05-21,S003,P025,281,12.0
INV-20260521-S003-P026,2026-05-21,S003,P026,196,88.0
INV-20260521-S003-P027,2026-05-21,S003,P027,216,95.0
INV-20260521-S003-P028,2026-05-21,S003,P028,57,23.0
INV-20260521-S003-P029,2026-05-21,S003,P029,196,62.0
INV-20260521-S003-P030,2026-05-21,S003,P030,84,20.0
INV-20260521-S003-P031,2026-05-21,S003,P031,346,74.0
INV-20260521-S003-P032,2026-05-21,S003,P032,291,37.0
INV-20260521-S003-P033,2026-05-21,S003,P033,343,72.0
INV-20260521-S003-P034,2026-05-21,S003,P034,224,79.0
INV-20260521-S003-P035,2026-05-21,S003,P035,92,83.0
INV-20260521-S003-P036,2026-05-21,S003,P036,129,20.0
INV-20260521-S003-P037,2026-05-21,S003,P037,419,97.0
INV-20260521-S003-P038,2026-05-21,S003,P038,208,32.0
INV-20260521-S003-P039,2026-05-21,S003,P039,319,14.0
INV-20260521-S003-P040,2026-05-21,S003,P040,177,62.0
INV-20260521-S003-P041,2026-05-21,S003,P041,328,45.0
INV-20260521-S003-P042,2026-05-21,S003,P042,213,88.0
INV-20260521-S003-P043,2026-05-21,S003,P043,191,86.0
INV-20260521-S003-P044,2026-05-21,S003,P044,215,40.0
INV-20260521-S003-P045,2026-05-21,S003,P045,391,100.0
INV-20260521-S003-P046,2026-05-21,S003,P046,165,37.0
INV-20260521-S003-P047,2026-05-21,S003,P047,263,59.0
INV-20260521-S003-P048,2026-05-21,S003,P048,150,34.0
INV-20260521-S003-P049,2026-05-21,S003,P049,249,98.0
INV-20260522-S001-P001,2026-05-22,S001,P001,127,57.0
INV-20260522-S001-P002,2026-05-22,S001,P002,163,41.0
INV-20260522-S001-P003,2026-05-22,S001,P003,124,24.0
INV-20260522-S001-P004,2026-05-22,S001,P004,185,20.0
INV-20260522-S001-P005,2026-05-22,S001,P005,269,66.0
INV-20260522-S001-P006,2026-05-22,S001,P006,369,26.0
INV-20260522-S001-P007,2026-05-22,S001,P007,325,97.0
INV-20260522-S001-P008,2026-05-22,S001,P008,234,65.0
INV-20260522-S001-P009,2026-05-22,S001,P009,163,43.0
INV-20260522-S001-P010,2026-05-22,S001,P010,177,66.0
INV-20260522-S001-P011,2026-05-22,S001,P011,339,12.0
INV-20260522-S001-P012,2026-05-22,S001,P012,133,101.0
INV-20260522-S001-P013,2026-05-22,S001,P013,238,56.0
INV-20260522-S001-P014,2026-05-22,S001,P014,219,84.0
INV-20260522-S001-P015,2026-05-22,S001,P015,66,18.0
INV-20260522-S001-P016,2026-05-22,S001,P016,137,56.0
INV-20260522-S001-P017,2026-05-22,S001,P017,129,56.0
INV-20260522-S001-P018,2026-05-22,S001,P018,357,99.0
INV-20260522-S001-P019,2026-05-22,S001,P019,183,64.0
INV-20260522-S001-P020,2026-05-22,S001,P020,213,55.0
INV-20260522-S001-P021,2026-05-22,S001,P021,116,35.0
INV-20260522-S001-P022,2026-05-22,S001,P022,209,41.0
INV-20260522-S001-P023,2026-05-22,S001,P023,90,59.0
INV-20260522-S001-P024,2026-05-22,S001,P024,93,51.0
INV-20260522-S001-P025,2026-05-22,S001,P025,355,12.0
INV-20260522-S001-P026,2026-05-22,S001,P026,242,88.0
INV-20260522-S001-P027,2026-05-22,S001,P027,128,95.0
INV-20260522-S001-P028,2026-05-22,S001,P028,280,23.0
INV-20260522-S001-P029,2026-05-22,S001,P029,76,62.0
INV-20260522-S001-P030,2026-05-22,S001,P030,128,20.0
INV-20260522-S001-P031,2026-05-22,S001,P031,211,74.0
INV-20260522-S001-P032,2026-05-22,S001,P032,317,37.0
INV-20260522-S001-P033,2026-05-22,S001,P033,236,72.0
INV-20260522-S001-P034,2026-05-22,S001,P034,306,79.0
INV-20260522-S001-P035,2026-05-22,S001,P035,226,83.0
INV-20260522-S001-P036,2026-05-22,S001,P036,75,20.0
INV-20260522-S001-P037,2026-05-22,S001,P037,266,97.0
INV-20260522-S001-P038,2026-05-22,S001,P038,303,32.0
INV-20260522-S001-P039,2026-05-22,S001,P039,343,14.0
INV-20260522-S001-P040,2026-05-22,S001,P040,235,62.0
INV-20260522-S001-P041,2026-05-22,S001,P041,221,45.0
INV-20260522-S001-P042,2026-05-22,S001,P042,288,88.0
INV-20260522-S001-P043,2026-05-22,S001,P043,356,86.0
INV-20260522-S001-P044,2026-05-22,S001,P044,197,40.0
INV-20260522-S001-P045,2026-05-22,S001,P045,107,100.0
INV-20260522-S001-P046,2026-05-22,S001,P046,283,37.0
INV-20260522-S001-P047,2026-05-22,S001,P047,206,59.0
INV-20260522-S001-P048,2026-05-22,S001,P048,78,34.0
INV-20260522-S001-P049,2026-05-22,S001,P049,349,98.0
INV-20260522-S001-P050,2026-05-22,S001,P050,132,26.0
INV-20260522-S002-P001,2026-05-22,S002,P001,281,57.0
INV-20260522-S002-P002,2026-05-22,S002,P002,217,41.0
INV-20260522-S002-P003,2026-05-22,S002,P003,118,24.0
INV-20260522-S002-P004,2026-05-22,S002,P004,407,20.0
INV-20260522-S002-P005,2026-05-22,S002,P005,88,66.0
INV-20260522-S002-P006,2026-05-22,S002,P006,190,26.0
INV-20260522-S002-P007,2026-05-22,S002,P007,227,97.0
INV-20260522-S002-P008,2026-05-22,S002,P008,208,65.0
INV-20260522-S002-P009,2026-05-22,S002,P009,289,43.0
INV-20260522-S002-P010,2026-05-22,S002,P010,131,66.0
INV-20260522-S002-P011,2026-05-22,S002,P011,104,12.0
INV-20260522-S002-P012,2026-05-22,S002,P012,300,101.0
INV-20260522-S002-P013,2026-05-22,S002,P013,241,56.0
INV-20260522-S002-P014,2026-05-22,S002,P014,258,84.0
INV-20260522-S002-P015,2026-05-22,S002,P015,47,18.0
INV-20260522-S002-P016,2026-05-22,S002,P016,149,56.0
INV-20260522-S002-P017,2026-05-22,S002,P017,259,56.0
INV-20260522-S002-P018,2026-05-22,S002,P018,258,99.0
INV-20260522-S002-P019,2026-05-22,S002,P019,258,64.0
INV-20260522-S002-P020,2026-05-22,S002,P020,91,55.0
INV-20260522-S002-P021,2026-05-22,S002,P021,289,35.0
INV-20260522-S002-P022,2026-05-22,S002,P022,206,41.0
INV-20260522-S002-P023,2026-05-22,S002,P023,186,59.0
INV-20260522-S002-P024,2026-05-22,S002,P024,142,51.0
INV-20260522-S002-P025,2026-05-22,S002,P025,191,12.0
INV-20260522-S002-P026,2026-05-22,S002,P026,254,88.0
INV-20260522-S002-P027,2026-05-22,S002,P027,129,95.0
INV-20260522-S002-P028,2026-05-22,S002,P028,281,23.0
INV-20260522-S002-P029,2026-05-22,S002,P029,179,62.0
INV-20260522-S002-P030,2026-05-22,S002,P030,277,20.0
INV-20260522-S002-P031,2026-05-22,S002,P031,205,74.0
INV-20260522-S002-P032,2026-05-22,S002,P032,246,37.0
INV-20260522-S002-P033,2026-05-22,S002,P033,157,72.0
INV-20260522-S002-P034,2026-05-22,S002,P034,231,79.0
INV-20260522-S002-P035,2026-05-22,S002,P035,335,83.0
INV-20260522-S002-P036,2026-05-22,S002,P036,54,20.0
INV-20260522-S002-P037,2026-05-22,S002,P037,401,97.0
INV-20260522-S002-P038,2026-05-22,S002,P038,286,32.0
INV-20260522-S002-P039,2026-05-22,S002,P039,70,14.0
INV-20260522-S002-P040,2026-05-22,S002,P040,302,62.0
INV-20260522-S002-P041,2026-05-22,S002,P041,290,45.0
INV-20260522-S002-P042,2026-05-22,S002,P042,307,88.0
INV-20260522-S002-P043,2026-05-22,S002,P043,228,86.0
INV-20260522-S002-P044,2026-05-22,S002,P044,144,40.0
INV-20260522-S002-P045,2026-05-22,S002,P045,396,100.0
INV-20260522-S002-P046,2026-05-22,S002,P046,203,37.0
INV-20260522-S002-P047,2026-05-22,S002,P047,264,59.0
INV-20260522-S002-P048,2026-05-22,S002,P048,316,34.0
INV-20260522-S002-P049,2026-05-22,S002,P049,393,98.0
INV-20260522-S002-P050,2026-05-22,S002,P050,99,26.0
INV-20260522-S003-P001,2026-05-22,S003,P001,291,57.0
INV-20260522-S003-P002,2026-05-22,S003,P002,310,41.0
INV-20260522-S003-P003,2026-05-22,S003,P003,190,24.0
INV-20260522-S003-P004,2026-05-22,S003,P004,46,20.0
INV-20260522-S003-P005,2026-05-22,S003,P005,167,66.0
INV-20260522-S003-P006,2026-05-22,S003,P006,223,26.0
INV-20260522-S003-P007,2026-05-22,S003,P007,347,97.0
INV-20260522-S003-P008,2026-05-22,S003,P008,186,65.0
INV-20260522-S003-P009,2026-05-22,S003,P009,282,43.0
INV-20260522-S003-P010,2026-05-22,S003,P010,249,66.0
INV-20260522-S003-P011,2026-05-22,S003,P011,310,12.0
INV-20260522-S003-P012,2026-05-22,S003,P012,339,101.0
INV-20260522-S003-P013,2026-05-22,S003,P013,234,56.0
INV-20260522-S003-P014,2026-05-22,S003,P014,88,84.0
INV-20260522-S003-P015,2026-05-22,S003,P015,54,18.0
INV-20260522-S003-P016,2026-05-22,S003,P016,308,56.0
INV-20260522-S003-P017,2026-05-22,S003,P017,255,56.0
INV-20260522-S003-P018,2026-05-22,S003,P018,114,99.0
INV-20260522-S003-P019,2026-05-22,S003,P019,263,64.0
INV-20260522-S003-P020,2026-05-22,S003,P020,289,55.0
INV-20260522-S003-P021,2026-05-22,S003,P021,264,35.0
INV-20260522-S003-P022,2026-05-22,S003,P022,279,41.0
INV-20260522-S003-P023,2026-05-22,S003,P023,123,59.0
INV-20260522-S003-P024,2026-05-22,S003,P024,135,51.0
INV-20260522-S003-P025,2026-05-22,S003,P025,281,12.0
INV-20260522-S003-P026,2026-05-22,S003,P026,188,88.0
INV-20260522-S003-P027,2026-05-22,S003,P027,199,95.0
INV-20260522-S003-P028,2026-05-22,S003,P028,55,23.0
INV-20260522-S003-P029,2026-05-22,S003,P029,185,62.0
INV-20260522-S003-P030,2026-05-22,S003,P030,84,20.0
INV-20260522-S003-P031,2026-05-22,S003,P031,340,74.0
INV-20260522-S003-P032,2026-05-22,S003,P032,287,37.0
INV-20260522-S003-P033,2026-05-22,S003,P033,337,72.0
INV-20260522-S003-P034,2026-05-22,S003,P034,218,79.0
INV-20260522-S003-P035,2026-05-22,S003,P035,84,83.0
INV-20260522-S003-P036,2026-05-22,S003,P036,127,20.0
INV-20260522-S003-P037,2026-05-22,S003,P037,408,97.0
INV-20260522-S003-P038,2026-05-22,S003,P038,201,32.0
INV-20260522-S003-P039,2026-05-22,S003,P039,315,14.0
INV-20260522-S003-P040,2026-05-22,S003,P040,163,62.0
INV-20260522-S003-P041,2026-05-22,S003,P041,319,45.0
INV-20260522-S003-P042,2026-05-22,S003,P042,205,88.0
INV-20260522-S003-P043,2026-05-22,S003,P043,184,86.0
INV-20260522-S003-P044,2026-05-22,S003,P044,210,40.0
INV-20260522-S003-P045,2026-05-22,S003,P045,375,100.0
INV-20260522-S003-P046,2026-05-22,S003,P046,161,37.0
INV-20260522-S003-P047,2026-05-22,S003,P047,258,59.0
INV-20260522-S003-P048,2026-05-22,S003,P048,146,34.0
INV-20260522-S003-P049,2026-05-22,S003,P049,230,98.0
INV-20260523-S001-P001,2026-05-23,S001,P001,120,57.0
INV-20260523-S001-P002,2026-05-23,S001,P002,159,41.0
INV-20260523-S001-P003,2026-05-23,S001,P003,118,24.0
INV-20260523-S001-P004,2026-05-23,S001,P004,183,20.0
INV-20260523-S001-P005,2026-05-23,S001,P005,259,66.0
INV-20260523-S001-P006,2026-05-23,S001,P006,366,26.0
INV-20260523-S001-P007,2026-05-23,S001,P007,312,97.0
INV-20260523-S001-P008,2026-05-23,S001,P008,230,65.0
INV-20260523-S001-P009,2026-05-23,S001,P009,157,43.0
INV-20260523-S001-P010,2026-05-23,S001,P010,168,66.0
INV-20260523-S001-P011,2026-05-23,S001,P011,335,12.0
INV-20260523-S001-P012,2026-05-23,S001,P012,116,101.0
INV-20260523-S001-P013,2026-05-23,S001,P013,226,56.0
INV-20260523-S001-P014,2026-05-23,S001,P014,210,84.0
INV-20260523-S001-P015,2026-05-23,S001,P015,62,18.0
INV-20260523-S001-P016,2026-05-23,S001,P016,128,56.0
INV-20260523-S001-P017,2026-05-23,S001,P017,119,56.0
INV-20260523-S001-P018,2026-05-23,S001,P018,342,99.0
INV-20260523-S001-P019,2026-05-23,S001,P019,177,64.0
INV-20260523-S001-P020,2026-05-23,S001,P020,202,55.0
INV-20260523-S001-P021,2026-05-23,S001,P021,111,35.0
INV-20260523-S001-P022,2026-05-23,S001,P022,200,41.0
INV-20260523-S001-P023,2026-05-23,S001,P023,83,59.0
INV-20260523-S001-P024,2026-05-23,S001,P024,83,51.0
INV-20260523-S001-P025,2026-05-23,S001,P025,354,12.0
INV-20260523-S001-P026,2026-05-23,S001,P026,222,88.0
INV-20260523-S001-P027,2026-05-23,S001,P027,117,95.0
INV-20260523-S001-P028,2026-05-23,S001,P028,271,23.0
INV-20260523-S001-P029,2026-05-23,S001,P029,70,62.0
INV-20260523-S001-P030,2026-05-23,S001,P030,127,20.0
INV-20260523-S001-P031,2026-05-23,S001,P031,196,74.0
INV-20260523-S001-P032,2026-05-23,S001,P032,311,37.0
INV-20260523-S001-P033,2026-05-23,S001,P033,228,72.0
INV-20260523-S001-P034,2026-05-23,S001,P034,300,79.0
INV-20260523-S001-P035,2026-05-23,S001,P035,215,83.0
INV-20260523-S001-P036,2026-05-23,S001,P036,70,20.0
INV-20260523-S001-P037,2026-05-23,S001,P037,251,97.0
INV-20260523-S001-P038,2026-05-23,S001,P038,296,32.0
INV-20260523-S001-P039,2026-05-23,S001,P039,343,14.0
INV-20260523-S001-P040,2026-05-23,S001,P040,228,62.0
INV-20260523-S001-P041,2026-05-23,S001,P041,217,45.0
INV-20260523-S001-P042,2026-05-23,S001,P042,277,88.0
INV-20260523-S001-P043,2026-05-23,S001,P043,346,86.0
INV-20260523-S001-P044,2026-05-23,S001,P044,186,40.0
INV-20260523-S001-P045,2026-05-23,S001,P045,489,100.0
INV-20260523-S001-P046,2026-05-23,S001,P046,275,37.0
INV-20260523-S001-P047,2026-05-23,S001,P047,201,59.0
INV-20260523-S001-P048,2026-05-23,S001,P048,72,34.0
INV-20260523-S001-P049,2026-05-23,S001,P049,331,98.0
INV-20260523-S001-P050,2026-05-23,S001,P050,124,26.0
INV-20260523-S002-P001,2026-05-23,S002,P001,268,57.0
INV-20260523-S002-P002,2026-05-23,S002,P002,213,41.0
INV-20260523-S002-P003,2026-05-23,S002,P003,115,24.0
INV-20260523-S002-P004,2026-05-23,S002,P004,407,20.0
INV-20260523-S002-P005,2026-05-23,S002,P005,72,66.0
INV-20260523-S002-P006,2026-05-23,S002,P006,186,26.0
INV-20260523-S002-P007,2026-05-23,S002,P007,227,97.0
INV-20260523-S002-P008,2026-05-23,S002,P008,195,65.0
INV-20260523-S002-P009,2026-05-23,S002,P009,284,43.0
INV-20260523-S002-P010,2026-05-23,S002,P010,115,66.0
INV-20260523-S002-P011,2026-05-23,S002,P011,100,12.0
INV-20260523-S002-P012,2026-05-23,S002,P012,283,101.0
INV-20260523-S002-P013,2026-05-23,S002,P013,233,56.0
INV-20260523-S002-P014,2026-05-23,S002,P014,244,84.0
INV-20260523-S002-P015,2026-05-23,S002,P015,41,18.0
INV-20260523-S002-P016,2026-05-23,S002,P016,141,56.0
INV-20260523-S002-P017,2026-05-23,S002,P017,252,56.0
INV-20260523-S002-P018,2026-05-23,S002,P018,233,99.0
INV-20260523-S002-P019,2026-05-23,S002,P019,244,64.0
INV-20260523-S002-P020,2026-05-23,S002,P020,82,55.0
INV-20260523-S002-P021,2026-05-23,S002,P021,279,35.0
INV-20260523-S002-P022,2026-05-23,S002,P022,199,41.0
INV-20260523-S002-P023,2026-05-23,S002,P023,179,59.0
INV-20260523-S002-P024,2026-05-23,S002,P024,131,51.0
INV-20260523-S002-P025,2026-05-23,S002,P025,188,12.0
INV-20260523-S002-P026,2026-05-23,S002,P026,237,88.0
INV-20260523-S002-P027,2026-05-23,S002,P027,110,95.0
INV-20260523-S002-P028,2026-05-23,S002,P028,275,23.0
INV-20260523-S002-P029,2026-05-23,S002,P029,171,62.0
INV-20260523-S002-P030,2026-05-23,S002,P030,271,20.0
INV-20260523-S002-P031,2026-05-23,S002,P031,191,74.0
INV-20260523-S002-P032,2026-05-23,S002,P032,240,37.0
INV-20260523-S002-P033,2026-05-23,S002,P033,136,72.0
INV-20260523-S002-P034,2026-05-23,S002,P034,215,79.0
INV-20260523-S002-P035,2026-05-23,S002,P035,313,83.0
INV-20260523-S002-P036,2026-05-23,S002,P036,53,20.0
INV-20260523-S002-P037,2026-05-23,S002,P037,387,97.0
INV-20260523-S002-P038,2026-05-23,S002,P038,279,32.0
INV-20260523-S002-P039,2026-05-23,S002,P039,68,14.0
INV-20260523-S002-P040,2026-05-23,S002,P040,289,62.0
INV-20260523-S002-P041,2026-05-23,S002,P041,283,45.0
INV-20260523-S002-P042,2026-05-23,S002,P042,291,88.0
INV-20260523-S002-P043,2026-05-23,S002,P043,210,86.0
INV-20260523-S002-P044,2026-05-23,S002,P044,128,40.0
INV-20260523-S002-P045,2026-05-23,S002,P045,375,100.0
INV-20260523-S002-P046,2026-05-23,S002,P046,200,37.0
INV-20260523-S002-P047,2026-05-23,S002,P047,255,59.0
INV-20260523-S002-P048,2026-05-23,S002,P048,306,34.0
INV-20260523-S002-P049,2026-05-23,S002,P049,375,98.0
INV-20260523-S002-P050,2026-05-23,S002,P050,95,26.0
INV-20260523-S003-P001,2026-05-23,S003,P001,278,57.0
INV-20260523-S003-P002,2026-05-23,S003,P002,307,41.0
INV-20260523-S003-P003,2026-05-23,S003,P003,187,24.0
INV-20260523-S003-P004,2026-05-23,S003,P004,45,20.0
INV-20260523-S003-P005,2026-05-23,S003,P005,158,66.0
INV-20260523-S003-P006,2026-05-23,S003,P006,219,26.0
INV-20260523-S003-P007,2026-05-23,S003,P007,332,97.0
INV-20260523-S003-P008,2026-05-23,S003,P008,183,65.0
INV-20260523-S003-P009,2026-05-23,S003,P009,275,43.0
INV-20260523-S003-P010,2026-05-23,S003,P010,243,66.0
INV-20260523-S003-P011,2026-05-23,S003,P011,306,12.0
INV-20260523-S003-P012,2026-05-23,S003,P012,329,101.0
INV-20260523-S003-P013,2026-05-23,S003,P013,227,56.0
INV-20260523-S003-P014,2026-05-23,S003,P014,417,84.0
INV-20260523-S003-P015,2026-05-23,S003,P015,52,18.0
INV-20260523-S003-P016,2026-05-23,S003,P016,300,56.0
INV-20260523-S003-P017,2026-05-23,S003,P017,245,56.0
INV-20260523-S003-P018,2026-05-23,S003,P018,107,99.0
INV-20260523-S003-P019,2026-05-23,S003,P019,254,64.0
INV-20260523-S003-P020,2026-05-23,S003,P020,282,55.0
INV-20260523-S003-P021,2026-05-23,S003,P021,256,35.0
INV-20260523-S003-P022,2026-05-23,S003,P022,275,41.0
INV-20260523-S003-P023,2026-05-23,S003,P023,112,59.0
INV-20260523-S003-P024,2026-05-23,S003,P024,125,51.0
INV-20260523-S003-P025,2026-05-23,S003,P025,278,12.0
INV-20260523-S003-P026,2026-05-23,S003,P026,180,88.0
INV-20260523-S003-P027,2026-05-23,S003,P027,184,95.0
INV-20260523-S003-P028,2026-05-23,S003,P028,50,23.0
INV-20260523-S003-P029,2026-05-23,S003,P029,172,62.0
INV-20260523-S003-P030,2026-05-23,S003,P030,83,20.0
INV-20260523-S003-P031,2026-05-23,S003,P031,329,74.0
INV-20260523-S003-P032,2026-05-23,S003,P032,284,37.0
INV-20260523-S003-P033,2026-05-23,S003,P033,326,72.0
INV-20260523-S003-P034,2026-05-23,S003,P034,208,79.0
INV-20260523-S003-P035,2026-05-23,S003,P035,403,83.0
INV-20260523-S003-P036,2026-05-23,S003,P036,124,20.0
INV-20260523-S003-P037,2026-05-23,S003,P037,394,97.0
INV-20260523-S003-P038,2026-05-23,S003,P038,199,32.0
INV-20260523-S003-P039,2026-05-23,S003,P039,314,14.0
INV-20260523-S003-P040,2026-05-23,S003,P040,159,62.0
INV-20260523-S003-P041,2026-05-23,S003,P041,313,45.0
INV-20260523-S003-P042,2026-05-23,S003,P042,187,88.0
INV-20260523-S003-P043,2026-05-23,S003,P043,172,86.0
INV-20260523-S003-P044,2026-05-23,S003,P044,200,40.0
INV-20260523-S003-P045,2026-05-23,S003,P045,366,100.0
INV-20260523-S003-P046,2026-05-23,S003,P046,156,37.0
INV-20260523-S003-P047,2026-05-23,S003,P047,252,59.0
INV-20260523-S003-P048,2026-05-23,S003,P048,144,34.0
INV-20260523-S003-P049,2026-05-23,S003,P049,215,98.0
INV-20260524-S001-P001,2026-05-24,S001,P001,107,57.0
INV-20260524-S001-P002,2026-05-24,S001,P002,151,41.0
INV-20260524-S001-P003,2026-05-24,S001,P003,114,24.0
INV-20260524-S001-P004,2026-05-24,S001,P004,179,20.0
INV-20260524-S001-P005,2026-05-24,S001,P005,249,66.0
INV-20260524-S001-P006,2026-05-24,S001,P006,364,26.0
INV-20260524-S001-P007,2026-05-24,S001,P007,298,97.0
INV-20260524-S001-P008,2026-05-24,S001,P008,223,65.0
INV-20260524-S001-P009,2026-05-24,S001,P009,153,43.0
INV-20260524-S001-P010,2026-05-24,S001,P010,159,66.0
INV-20260524-S001-P011,2026-05-24,S001,P011,333,12.0
INV-20260524-S001-P012,2026-05-24,S001,P012,500,101.0
INV-20260524-S001-P013,2026-05-24,S001,P013,216,56.0
INV-20260524-S001-P014,2026-05-24,S001,P014,200,84.0
INV-20260524-S001-P015,2026-05-24,S001,P015,61,18.0
INV-20260524-S001-P016,2026-05-24,S001,P016,116,56.0
INV-20260524-S001-P017,2026-05-24,S001,P017,111,56.0
INV-20260524-S001-P018,2026-05-24,S001,P018,330,99.0
INV-20260524-S001-P019,2026-05-24,S001,P019,165,64.0
INV-20260524-S001-P020,2026-05-24,S001,P020,195,55.0
INV-20260524-S001-P021,2026-05-24,S001,P021,104,35.0
INV-20260524-S001-P022,2026-05-24,S001,P022,194,41.0
INV-20260524-S001-P023,2026-05-24,S001,P023,72,59.0
INV-20260524-S001-P024,2026-05-24,S001,P024,77,51.0
INV-20260524-S001-P025,2026-05-24,S001,P025,350,12.0
INV-20260524-S001-P026,2026-05-24,S001,P026,212,88.0
INV-20260524-S001-P027,2026-05-24,S001,P027,96,95.0
INV-20260524-S001-P028,2026-05-24,S001,P028,269,23.0
INV-20260524-S001-P029,2026-05-24,S001,P029,305,62.0
INV-20260524-S001-P030,2026-05-24,S001,P030,127,20.0
INV-20260524-S001-P031,2026-05-24,S001,P031,181,74.0
INV-20260524-S001-P032,2026-05-24,S001,P032,306,37.0
INV-20260524-S001-P033,2026-05-24,S001,P033,214,72.0
INV-20260524-S001-P034,2026-05-24,S001,P034,282,79.0
INV-20260524-S001-P035,2026-05-24,S001,P035,204,83.0
INV-20260524-S001-P036,2026-05-24,S001,P036,66,20.0
INV-20260524-S001-P037,2026-05-24,S001,P037,233,97.0
INV-20260524-S001-P038,2026-05-24,S001,P038,288,32.0
INV-20260524-S001-P039,2026-05-24,S001,P039,339,14.0
INV-20260524-S001-P040,2026-05-24,S001,P040,217,62.0
INV-20260524-S001-P041,2026-05-24,S001,P041,207,45.0
INV-20260524-S001-P042,2026-05-24,S001,P042,268,88.0
INV-20260524-S001-P043,2026-05-24,S001,P043,339,86.0
INV-20260524-S001-P044,2026-05-24,S001,P044,176,40.0
INV-20260524-S001-P045,2026-05-24,S001,P045,470,100.0
INV-20260524-S001-P046,2026-05-24,S001,P046,267,37.0
INV-20260524-S001-P047,2026-05-24,S001,P047,191,59.0
INV-20260524-S001-P048,2026-05-24,S001,P048,66,34.0
INV-20260524-S001-P049,2026-05-24,S001,P049,316,98.0
INV-20260524-S001-P050,2026-05-24,S001,P050,121,26.0
INV-20260524-S002-P001,2026-05-24,S002,P001,257,57.0
INV-20260524-S002-P002,2026-05-24,S002,P002,205,41.0
INV-20260524-S002-P003,2026-05-24,S002,P003,110,24.0
INV-20260524-S002-P004,2026-05-24,S002,P004,406,20.0
INV-20260524-S002-P005,2026-05-24,S002,P005,318,66.0
INV-20260524-S002-P006,2026-05-24,S002,P006,177,26.0
INV-20260524-S002-P007,2026-05-24,S002,P007,227,97.0
INV-20260524-S002-P008,2026-05-24,S002,P008,179,65.0
INV-20260524-S002-P009,2026-05-24,S002,P009,275,43.0
INV-20260524-S002-P010,2026-05-24,S002,P010,96,66.0
INV-20260524-S002-P011,2026-05-24,S002,P011,99,12.0
INV-20260524-S002-P012,2026-05-24,S002,P012,270,101.0
INV-20260524-S002-P013,2026-05-24,S002,P013,223,56.0
INV-20260524-S002-P014,2026-05-24,S002,P014,231,84.0
INV-20260524-S002-P015,2026-05-24,S002,P015,41,18.0
INV-20260524-S002-P016,2026-05-24,S002,P016,131,56.0
INV-20260524-S002-P017,2026-05-24,S002,P017,245,56.0
INV-20260524-S002-P018,2026-05-24,S002,P018,212,99.0
INV-20260524-S002-P019,2026-05-24,S002,P019,232,64.0
INV-20260524-S002-P020,2026-05-24,S002,P020,68,55.0
INV-20260524-S002-P021,2026-05-24,S002,P021,274,35.0
INV-20260524-S002-P022,2026-05-24,S002,P022,194,41.0
INV-20260524-S002-P023,2026-05-24,S002,P023,167,59.0
INV-20260524-S002-P024,2026-05-24,S002,P024,114,51.0
INV-20260524-S002-P025,2026-05-24,S002,P025,186,12.0
INV-20260524-S002-P026,2026-05-24,S002,P026,216,88.0
INV-20260524-S002-P027,2026-05-24,S002,P027,469,95.0
INV-20260524-S002-P028,2026-05-24,S002,P028,273,23.0
INV-20260524-S002-P029,2026-05-24,S002,P029,154,62.0
INV-20260524-S002-P030,2026-05-24,S002,P030,264,20.0
INV-20260524-S002-P031,2026-05-24,S002,P031,174,74.0
INV-20260524-S002-P032,2026-05-24,S002,P032,231,37.0
INV-20260524-S002-P033,2026-05-24,S002,P033,123,72.0
INV-20260524-S002-P034,2026-05-24,S002,P034,204,79.0
INV-20260524-S002-P035,2026-05-24,S002,P035,294,83.0
INV-20260524-S002-P036,2026-05-24,S002,P036,48,20.0
INV-20260524-S002-P037,2026-05-24,S002,P037,375,97.0
INV-20260524-S002-P038,2026-05-24,S002,P038,274,32.0
INV-20260524-S002-P039,2026-05-24,S002,P039,65,14.0
INV-20260524-S002-P040,2026-05-24,S002,P040,280,62.0
INV-20260524-S002-P041,2026-05-24,S002,P041,274,45.0
INV-20260524-S002-P042,2026-05-24,S002,P042,277,88.0
INV-20260524-S002-P043,2026-05-24,S002,P043,188,86.0
INV-20260524-S002-P044,2026-05-24,S002,P044,124,40.0
INV-20260524-S002-P045,2026-05-24,S002,P045,343,100.0
INV-20260524-S002-P046,2026-05-24,S002,P046,189,37.0
INV-20260524-S002-P047,2026-05-24,S002,P047,239,59.0
INV-20260524-S002-P048,2026-05-24,S002,P048,299,34.0
INV-20260524-S002-P049,2026-05-24,S002,P049,350,98.0
INV-20260524-S002-P050,2026-05-24,S002,P050,92,26.0
INV-20260524-S003-P001,2026-05-24,S003,P001,270,57.0
INV-20260524-S003-P002,2026-05-24,S003,P002,304,41.0
INV-20260524-S003-P003,2026-05-24,S003,P003,184,24.0
INV-20260524-S003-P004,2026-05-24,S003,P004,42,20.0
INV-20260524-S003-P005,2026-05-24,S003,P005,156,66.0
INV-20260524-S003-P006,2026-05-24,S003,P006,216,26.0
INV-20260524-S003-P007,2026-05-24,S003,P007,320,97.0
INV-20260524-S003-P008,2026-05-24,S003,P008,168,65.0
INV-20260524-S003-P009,2026-05-24,S003,P009,268,43.0
INV-20260524-S003-P010,2026-05-24,S003,P010,235,66.0
INV-20260524-S003-P011,2026-05-24,S003,P011,304,12.0
INV-20260524-S003-P012,2026-05-24,S003,P012,306,101.0
INV-20260524-S003-P013,2026-05-24,S003,P013,223,56.0
INV-20260524-S003-P014,2026-05-24,S003,P014,408,84.0
INV-20260524-S003-P015,2026-05-24,S003,P015,52,18.0
INV-20260524-S003-P016,2026-05-24,S003,P016,294,56.0
INV-20260524-S003-P017,2026-05-24,S003,P017,235,56.0
INV-20260524-S003-P018,2026-05-24,S003,P018,492,99.0
INV-20260524-S003-P019,2026-05-24,S003,P019,247,64.0
INV-20260524-S003-P020,2026-05-24,S003,P020,276,55.0
INV-20260524-S003-P021,2026-05-24,S003,P021,251,35.0
INV-20260524-S003-P022,2026-05-24,S003,P022,268,41.0
INV-20260524-S003-P023,2026-05-24,S003,P023,107,59.0
INV-20260524-S003-P024,2026-05-24,S003,P024,120,51.0
INV-20260524-S003-P025,2026-05-24,S003,P025,278,12.0
INV-20260524-S003-P026,2026-05-24,S003,P026,166,88.0
INV-20260524-S003-P027,2026-05-24,S003,P027,165,95.0
INV-20260524-S003-P028,2026-05-24,S003,P028,49,23.0
INV-20260524-S003-P029,2026-05-24,S003,P029,163,62.0
INV-20260524-S003-P030,2026-05-24,S003,P030,82,20.0
INV-20260524-S003-P031,2026-05-24,S003,P031,325,74.0
INV-20260524-S003-P032,2026-05-24,S003,P032,273,37.0
INV-20260524-S003-P033,2026-05-24,S003,P033,321,72.0
INV-20260524-S003-P034,2026-05-24,S003,P034,199,79.0
INV-20260524-S003-P035,2026-05-24,S003,P035,393,83.0
INV-20260524-S003-P036,2026-05-24,S003,P036,122,20.0
INV-20260524-S003-P037,2026-05-24,S003,P037,381,97.0
INV-20260524-S003-P038,2026-05-24,S003,P038,191,32.0
INV-20260524-S003-P039,2026-05-24,S003,P039,313,14.0
INV-20260524-S003-P040,2026-05-24,S003,P040,149,62.0
INV-20260524-S003-P041,2026-05-24,S003,P041,308,45.0
INV-20260524-S003-P042,2026-05-24,S003,P042,175,88.0
INV-20260524-S003-P043,2026-05-24,S003,P043,158,86.0
INV-20260524-S003-P044,2026-05-24,S003,P044,196,40.0
INV-20260524-S003-P045,2026-05-24,S003,P045,349,100.0
INV-20260524-S003-P046,2026-05-24,S003,P046,151,37.0
INV-20260524-S003-P047,2026-05-24,S003,P047,242,59.0
INV-20260524-S003-P048,2026-05-24,S003,P048,136,34.0
INV-20260524-S003-P049,2026-05-24,S003,P049,204,98.0
INV-20260525-S001-P001,2026-05-25,S001,P001,98,57.0
INV-20260525-S001-P002,2026-05-25,S001,P002,145,41.0
INV-20260525-S001-P003,2026-05-25,S001,P003,111,24.0
INV-20260525-S001-P004,2026-05-25,S001,P004,175,20.0
INV-20260525-S001-P005,2026-05-25,S001,P005,242,66.0
INV-20260525-S001-P006,2026-05-25,S001,P006,360,26.0
INV-20260525-S001-P007,2026-05-25,S001,P007,288,97.0
INV-20260525-S001-P008,2026-05-25,S001,P008,212,65.0
INV-20260525-S001-P009,2026-05-25,S001,P009,147,43.0
INV-20260525-S001-P010,2026-05-25,S001,P010,150,66.0
INV-20260525-S001-P011,2026-05-25,S001,P011,332,12.0
INV-20260525-S001-P012,2026-05-25,S001,P012,488,101.0
INV-20260525-S001-P013,2026-05-25,S001,P013,206,56.0
INV-20260525-S001-P014,2026-05-25,S001,P014,190,84.0
INV-20260525-S001-P015,2026-05-25,S001,P015,58,18.0
INV-20260525-S001-P016,2026-05-25,S001,P016,107,56.0
INV-20260525-S001-P017,2026-05-25,S001,P017,103,56.0
INV-20260525-S001-P018,2026-05-25,S001,P018,313,99.0
INV-20260525-S001-P019,2026-05-25,S001,P019,152,64.0
INV-20260525-S001-P020,2026-05-25,S001,P020,185,55.0
INV-20260525-S001-P021,2026-05-25,S001,P021,99,35.0
INV-20260525-S001-P022,2026-05-25,S001,P022,188,41.0
INV-20260525-S001-P023,2026-05-25,S001,P023,63,59.0
INV-20260525-S001-P024,2026-05-25,S001,P024,69,51.0
INV-20260525-S001-P025,2026-05-25,S001,P025,346,12.0
INV-20260525-S001-P026,2026-05-25,S001,P026,200,88.0
INV-20260525-S001-P027,2026-05-25,S001,P027,459,95.0
INV-20260525-S001-P028,2026-05-25,S001,P028,263,23.0
INV-20260525-S001-P029,2026-05-25,S001,P029,295,62.0
INV-20260525-S001-P030,2026-05-25,S001,P030,125,20.0
INV-20260525-S001-P031,2026-05-25,S001,P031,168,74.0
INV-20260525-S001-P032,2026-05-25,S001,P032,298,37.0
INV-20260525-S001-P033,2026-05-25,S001,P033,201,72.0
INV-20260525-S001-P034,2026-05-25,S001,P034,267,79.0
INV-20260525-S001-P035,2026-05-25,S001,P035,186,83.0
INV-20260525-S001-P036,2026-05-25,S001,P036,63,20.0
INV-20260525-S001-P037,2026-05-25,S001,P037,215,97.0
INV-20260525-S001-P038,2026-05-25,S001,P038,287,32.0
INV-20260525-S001-P039,2026-05-25,S001,P039,337,14.0
INV-20260525-S001-P040,2026-05-25,S001,P040,207,62.0
INV-20260525-S001-P041,2026-05-25,S001,P041,200,45.0
INV-20260525-S001-P042,2026-05-25,S001,P042,253,88.0
INV-20260525-S001-P043,2026-05-25,S001,P043,318,86.0
INV-20260525-S001-P044,2026-05-25,S001,P044,166,40.0
INV-20260525-S001-P045,2026-05-25,S001,P045,456,100.0
INV-20260525-S001-P046,2026-05-25,S001,P046,265,37.0
INV-20260525-S001-P047,2026-05-25,S001,P047,185,59.0
INV-20260525-S001-P048,2026-05-25,S001,P048,65,34.0
INV-20260525-S001-P049,2026-05-25,S001,P049,298,98.0
INV-20260525-S001-P050,2026-05-25,S001,P050,119,26.0
INV-20260525-S002-P001,2026-05-25,S002,P001,250,57.0
INV-20260525-S002-P002,2026-05-25,S002,P002,201,41.0
INV-20260525-S002-P003,2026-05-25,S002,P003,107,24.0
INV-20260525-S002-P004,2026-05-25,S002,P004,406,20.0
INV-20260525-S002-P005,2026-05-25,S002,P005,298,66.0
INV-20260525-S002-P006,2026-05-25,S002,P006,172,26.0
INV-20260525-S002-P007,2026-05-25,S002,P007,227,97.0
INV-20260525-S002-P008,2026-05-25,S002,P008,165,65.0
INV-20260525-S002-P009,2026-05-25,S002,P009,265,43.0
INV-20260525-S002-P010,2026-05-25,S002,P010,78,66.0
INV-20260525-S002-P011,2026-05-25,S002,P011,94,12.0
INV-20260525-S002-P012,2026-05-25,S002,P012,249,101.0
INV-20260525-S002-P013,2026-05-25,S002,P013,212,56.0
INV-20260525-S002-P014,2026-05-25,S002,P014,213,84.0
INV-20260525-S002-P015,2026-05-25,S002,P015,36,18.0
INV-20260525-S002-P016,2026-05-25,S002,P016,126,56.0
INV-20260525-S002-P017,2026-05-25,S002,P017,235,56.0
INV-20260525-S002-P018,2026-05-25,S002,P018,194,99.0
INV-20260525-S002-P019,2026-05-25,S002,P019,220,64.0
INV-20260525-S002-P020,2026-05-25,S002,P020,60,55.0
INV-20260525-S002-P021,2026-05-25,S002,P021,264,35.0
INV-20260525-S002-P022,2026-05-25,S002,P022,187,41.0
INV-20260525-S002-P023,2026-05-25,S002,P023,152,59.0
INV-20260525-S002-P024,2026-05-25,S002,P024,104,51.0
INV-20260525-S002-P025,2026-05-25,S002,P025,185,12.0
INV-20260525-S002-P026,2026-05-25,S002,P026,198,88.0
INV-20260525-S002-P027,2026-05-25,S002,P027,447,95.0
INV-20260525-S002-P028,2026-05-25,S002,P028,271,23.0
INV-20260525-S002-P029,2026-05-25,S002,P029,140,62.0
INV-20260525-S002-P030,2026-05-25,S002,P030,256,20.0
INV-20260525-S002-P031,2026-05-25,S002,P031,156,74.0
INV-20260525-S002-P032,2026-05-25,S002,P032,227,37.0
INV-20260525-S002-P033,2026-05-25,S002,P033,113,72.0
INV-20260525-S002-P034,2026-05-25,S002,P034,190,79.0
INV-20260525-S002-P035,2026-05-25,S002,P035,274,83.0
INV-20260525-S002-P036,2026-05-25,S002,P036,45,20.0
INV-20260525-S002-P037,2026-05-25,S002,P037,354,97.0
INV-20260525-S002-P038,2026-05-25,S002,P038,268,32.0
INV-20260525-S002-P039,2026-05-25,S002,P039,63,14.0
INV-20260525-S002-P040,2026-05-25,S002,P040,272,62.0
INV-20260525-S002-P041,2026-05-25,S002,P041,265,45.0
INV-20260525-S002-P042,2026-05-25,S002,P042,259,88.0
INV-20260525-S002-P043,2026-05-25,S002,P043,173,86.0
INV-20260525-S002-P044,2026-05-25,S002,P044,115,40.0
INV-20260525-S002-P045,2026-05-25,S002,P045,324,100.0
INV-20260525-S002-P046,2026-05-25,S002,P046,177,37.0
INV-20260525-S002-P047,2026-05-25,S002,P047,230,59.0
INV-20260525-S002-P048,2026-05-25,S002,P048,292,34.0
INV-20260525-S002-P049,2026-05-25,S002,P049,332,98.0
INV-20260525-S002-P050,2026-05-25,S002,P050,90,26.0
INV-20260525-S003-P001,2026-05-25,S003,P001,263,57.0
INV-20260525-S003-P002,2026-05-25,S003,P002,295,41.0
INV-20260525-S003-P003,2026-05-25,S003,P003,179,24.0
INV-20260525-S003-P004,2026-05-25,S003,P004,37,20.0
INV-20260525-S003-P005,2026-05-25,S003,P005,151,66.0
INV-20260525-S003-P006,2026-05-25,S003,P006,208,26.0
INV-20260525-S003-P007,2026-05-25,S003,P007,309,97.0
INV-20260525-S003-P008,2026-05-25,S003,P008,156,65.0
INV-20260525-S003-P009,2026-05-25,S003,P009,266,43.0
INV-20260525-S003-P010,2026-05-25,S003,P010,221,66.0
INV-20260525-S003-P011,2026-05-25,S003,P011,303,12.0
INV-20260525-S003-P012,2026-05-25,S003,P012,293,101.0
INV-20260525-S003-P013,2026-05-25,S003,P013,216,56.0
INV-20260525-S003-P014,2026-05-25,S003,P014,395,84.0
INV-20260525-S003-P015,2026-05-25,S003,P015,52,18.0
INV-20260525-S003-P016,2026-05-25,S003,P016,278,56.0
INV-20260525-S003-P017,2026-05-25,S003,P017,224,56.0
INV-20260525-S003-P018,2026-05-25,S003,P018,479,99.0
INV-20260525-S003-P019,2026-05-25,S003,P019,234,64.0
INV-20260525-S003-P020,2026-05-25,S003,P020,268,55.0
INV-20260525-S003-P021,2026-05-25,S003,P021,249,35.0
INV-20260525-S003-P022,2026-05-25,S003,P022,257,41.0
INV-20260525-S003-P023,2026-05-25,S003,P023,100,59.0
INV-20260525-S003-P024,2026-05-25,S003,P024,116,51.0
INV-20260525-S003-P025,2026-05-25,S003,P025,278,12.0
INV-20260525-S003-P026,2026-05-25,S003,P026,155,88.0
INV-20260525-S003-P027,2026-05-25,S003,P027,153,95.0
INV-20260525-S003-P028,2026-05-25,S003,P028,47,23.0
INV-20260525-S003-P029,2026-05-25,S003,P029,153,62.0
INV-20260525-S003-P030,2026-05-25,S003,P030,80,20.0
INV-20260525-S003-P031,2026-05-25,S003,P031,317,74.0
INV-20260525-S003-P032,2026-05-25,S003,P032,268,37.0
INV-20260525-S003-P033,2026-05-25,S003,P033,304,72.0
INV-20260525-S003-P034,2026-05-25,S003,P034,188,79.0
INV-20260525-S003-P035,2026-05-25,S003,P035,382,83.0
INV-20260525-S003-P036,2026-05-25,S003,P036,118,20.0
INV-20260525-S003-P037,2026-05-25,S003,P037,369,97.0
INV-20260525-S003-P038,2026-05-25,S003,P038,189,32.0
INV-20260525-S003-P039,2026-05-25,S003,P039,308,14.0
INV-20260525-S003-P040,2026-05-25,S003,P040,138,62.0
INV-20260525-S003-P041,2026-05-25,S003,P041,303,45.0
INV-20260525-S003-P042,2026-05-25,S003,P042,164,88.0
INV-20260525-S003-P043,2026-05-25,S003,P043,146,86.0
INV-20260525-S003-P044,2026-05-25,S003,P044,190,40.0
INV-20260525-S003-P045,2026-05-25,S003,P045,333,100.0
INV-20260525-S003-P046,2026-05-25,S003,P046,141,37.0
INV-20260525-S003-P047,2026-05-25,S003,P047,235,59.0
INV-20260525-S003-P048,2026-05-25,S003,P048,134,34.0
INV-20260525-S003-P049,2026-05-25,S003,P049,193,98.0
INV-20260526-S001-P001,2026-05-26,S001,P001,89,57.0
INV-20260526-S001-P002,2026-05-26,S001,P002,138,41.0
INV-20260526-S001-P003,2026-05-26,S001,P003,107,24.0
INV-20260526-S001-P004,2026-05-26,S001,P004,174,20.0
INV-20260526-S001-P005,2026-05-26,S001,P005,236,66.0
INV-20260526-S001-P006,2026-05-26,S001,P006,356,26.0
INV-20260526-S001-P007,2026-05-26,S001,P007,275,97.0
INV-20260526-S001-P008,2026-05-26,S001,P008,196,65.0
INV-20260526-S001-P009,2026-05-26,S001,P009,141,43.0
INV-20260526-S001-P010,2026-05-26,S001,P010,140,66.0
INV-20260526-S001-P011,2026-05-26,S001,P011,331,12.0
INV-20260526-S001-P012,2026-05-26,S001,P012,475,101.0
INV-20260526-S001-P013,2026-05-26,S001,P013,195,56.0
INV-20260526-S001-P014,2026-05-26,S001,P014,184,84.0
INV-20260526-S001-P015,2026-05-26,S001,P015,52,18.0
INV-20260526-S001-P016,2026-05-26,S001,P016,99,56.0
INV-20260526-S001-P017,2026-05-26,S001,P017,101,56.0
INV-20260526-S001-P018,2026-05-26,S001,P018,300,99.0
INV-20260526-S001-P019,2026-05-26,S001,P019,144,64.0
INV-20260526-S001-P020,2026-05-26,S001,P020,179,55.0
INV-20260526-S001-P021,2026-05-26,S001,P021,94,35.0
INV-20260526-S001-P022,2026-05-26,S001,P022,182,41.0
INV-20260526-S001-P023,2026-05-26,S001,P023,289,59.0
INV-20260526-S001-P024,2026-05-26,S001,P024,64,51.0
INV-20260526-S001-P025,2026-05-26,S001,P025,344,12.0
INV-20260526-S001-P026,2026-05-26,S001,P026,188,88.0
INV-20260526-S001-P027,2026-05-26,S001,P027,449,95.0
INV-20260526-S001-P028,2026-05-26,S001,P028,262,23.0
INV-20260526-S001-P029,2026-05-26,S001,P029,283,62.0
INV-20260526-S001-P030,2026-05-26,S001,P030,123,20.0
INV-20260526-S001-P031,2026-05-26,S001,P031,157,74.0
INV-20260526-S001-P032,2026-05-26,S001,P032,291,37.0
INV-20260526-S001-P033,2026-05-26,S001,P033,191,72.0
INV-20260526-S001-P034,2026-05-26,S001,P034,260,79.0
INV-20260526-S001-P035,2026-05-26,S001,P035,172,83.0
INV-20260526-S001-P036,2026-05-26,S001,P036,60,20.0
INV-20260526-S001-P037,2026-05-26,S001,P037,198,97.0
INV-20260526-S001-P038,2026-05-26,S001,P038,282,32.0
INV-20260526-S001-P039,2026-05-26,S001,P039,336,14.0
INV-20260526-S001-P040,2026-05-26,S001,P040,196,62.0
INV-20260526-S001-P041,2026-05-26,S001,P041,191,45.0
INV-20260526-S001-P042,2026-05-26,S001,P042,244,88.0
INV-20260526-S001-P043,2026-05-26,S001,P043,299,86.0
INV-20260526-S001-P044,2026-05-26,S001,P044,165,40.0
INV-20260526-S001-P045,2026-05-26,S001,P045,438,100.0
INV-20260526-S001-P046,2026-05-26,S001,P046,259,37.0
INV-20260526-S001-P047,2026-05-26,S001,P047,175,59.0
INV-20260526-S001-P048,2026-05-26,S001,P048,60,34.0
INV-20260526-S001-P049,2026-05-26,S001,P049,277,98.0
INV-20260526-S001-P050,2026-05-26,S001,P050,115,26.0
INV-20260526-S002-P001,2026-05-26,S002,P001,238,57.0
INV-20260526-S002-P002,2026-05-26,S002,P002,193,41.0
INV-20260526-S002-P003,2026-05-26,S002,P003,105,24.0
INV-20260526-S002-P004,2026-05-26,S002,P004,406,20.0
INV-20260526-S002-P005,2026-05-26,S002,P005,281,66.0
INV-20260526-S002-P006,2026-05-26,S002,P006,164,26.0
INV-20260526-S002-P007,2026-05-26,S002,P007,227,97.0
INV-20260526-S002-P008,2026-05-26,S002,P008,153,65.0
INV-20260526-S002-P009,2026-05-26,S002,P009,263,43.0
INV-20260526-S002-P010,2026-05-26,S002,P010,69,66.0
INV-20260526-S002-P011,2026-05-26,S002,P011,90,12.0
INV-20260526-S002-P012,2026-05-26,S002,P012,227,101.0
INV-20260526-S002-P013,2026-05-26,S002,P013,198,56.0
INV-20260526-S002-P014,2026-05-26,S002,P014,199,84.0
INV-20260526-S002-P015,2026-05-26,S002,P015,34,18.0
INV-20260526-S002-P016,2026-05-26,S002,P016,111,56.0
INV-20260526-S002-P017,2026-05-26,S002,P017,220,56.0
INV-20260526-S002-P018,2026-05-26,S002,P018,179,99.0
INV-20260526-S002-P019,2026-05-26,S002,P019,211,64.0
INV-20260526-S002-P020,2026-05-26,S002,P020,270,55.0
INV-20260526-S002-P021,2026-05-26,S002,P021,259,35.0
INV-20260526-S002-P022,2026-05-26,S002,P022,175,41.0
INV-20260526-S002-P023,2026-05-26,S002,P023,136,59.0
INV-20260526-S002-P024,2026-05-26,S002,P024,96,51.0
INV-20260526-S002-P025,2026-05-26,S002,P025,183,12.0
INV-20260526-S002-P026,2026-05-26,S002,P026,186,88.0
INV-20260526-S002-P027,2026-05-26,S002,P027,431,95.0
INV-20260526-S002-P028,2026-05-26,S002,P028,270,23.0
INV-20260526-S002-P029,2026-05-26,S002,P029,130,62.0
INV-20260526-S002-P030,2026-05-26,S002,P030,254,20.0
INV-20260526-S002-P031,2026-05-26,S002,P031,144,74.0
INV-20260526-S002-P032,2026-05-26,S002,P032,221,37.0
INV-20260526-S002-P033,2026-05-26,S002,P033,98,72.0
INV-20260526-S002-P034,2026-05-26,S002,P034,170,79.0
INV-20260526-S002-P035,2026-05-26,S002,P035,259,83.0
INV-20260526-S002-P036,2026-05-26,S002,P036,41,20.0
INV-20260526-S002-P037,2026-05-26,S002,P037,334,97.0
INV-20260526-S002-P038,2026-05-26,S002,P038,261,32.0
INV-20260526-S002-P039,2026-05-26,S002,P039,62,14.0
INV-20260526-S002-P040,2026-05-26,S002,P040,263,62.0
INV-20260526-S002-P041,2026-05-26,S002,P041,258,45.0
INV-20260526-S002-P042,2026-05-26,S002,P042,244,88.0
INV-20260526-S002-P043,2026-05-26,S002,P043,153,86.0
INV-20260526-S002-P044,2026-05-26,S002,P044,106,40.0
INV-20260526-S002-P045,2026-05-26,S002,P045,312,100.0
INV-20260526-S002-P046,2026-05-26,S002,P046,165,37.0
INV-20260526-S002-P047,2026-05-26,S002,P047,215,59.0
INV-20260526-S002-P048,2026-05-26,S002,P048,285,34.0
INV-20260526-S002-P049,2026-05-26,S002,P049,316,98.0
INV-20260526-S002-P050,2026-05-26,S002,P050,86,26.0
INV-20260526-S003-P001,2026-05-26,S003,P001,259,57.0
INV-20260526-S003-P002,2026-05-26,S003,P002,291,41.0
INV-20260526-S003-P003,2026-05-26,S003,P003,176,24.0
INV-20260526-S003-P004,2026-05-26,S003,P004,33,20.0
INV-20260526-S003-P005,2026-05-26,S003,P005,138,66.0
INV-20260526-S003-P006,2026-05-26,S003,P006,207,26.0
INV-20260526-S003-P007,2026-05-26,S003,P007,296,97.0
INV-20260526-S003-P008,2026-05-26,S003,P008,152,65.0
INV-20260526-S003-P009,2026-05-26,S003,P009,265,43.0
INV-20260526-S003-P010,2026-05-26,S003,P010,217,66.0
INV-20260526-S003-P011,2026-05-26,S003,P011,300,12.0
INV-20260526-S003-P012,2026-05-26,S003,P012,283,101.0
INV-20260526-S003-P013,2026-05-26,S003,P013,207,56.0
INV-20260526-S003-P014,2026-05-26,S003,P014,386,84.0
INV-20260526-S003-P015,2026-05-26,S003,P015,50,18.0
INV-20260526-S003-P016,2026-05-26,S003,P016,276,56.0
INV-20260526-S003-P017,2026-05-26,S003,P017,218,56.0
INV-20260526-S003-P018,2026-05-26,S003,P018,466,99.0
INV-20260526-S003-P019,2026-05-26,S003,P019,228,64.0
INV-20260526-S003-P020,2026-05-26,S003,P020,266,55.0
INV-20260526-S003-P021,2026-05-26,S003,P021,242,35.0
INV-20260526-S003-P022,2026-05-26,S003,P022,253,41.0
INV-20260526-S003-P023,2026-05-26,S003,P023,92,59.0
INV-20260526-S003-P024,2026-05-26,S003,P024,110,51.0
INV-20260526-S003-P025,2026-05-26,S003,P025,278,12.0
INV-20260526-S003-P026,2026-05-26,S003,P026,141,88.0
INV-20260526-S003-P027,2026-05-26,S003,P027,147,95.0
INV-20260526-S003-P028,2026-05-26,S003,P028,44,23.0
INV-20260526-S003-P029,2026-05-26,S003,P029,147,62.0
INV-20260526-S003-P030,2026-05-26,S003,P030,78,20.0
INV-20260526-S003-P031,2026-05-26,S003,P031,307,74.0
INV-20260526-S003-P032,2026-05-26,S003,P032,264,37.0
INV-20260526-S003-P033,2026-05-26,S003,P033,299,72.0
INV-20260526-S003-P034,2026-05-26,S003,P034,179,79.0
INV-20260526-S003-P035,2026-05-26,S003,P035,372,83.0
INV-20260526-S003-P036,2026-05-26,S003,P036,117,20.0
INV-20260526-S003-P037,2026-05-26,S003,P037,359,97.0
INV-20260526-S003-P038,2026-05-26,S003,P038,184,32.0
INV-20260526-S003-P039,2026-05-26,S003,P039,306,14.0
INV-20260526-S003-P040,2026-05-26,S003,P040,128,62.0
INV-20260526-S003-P041,2026-05-26,S003,P041,297,45.0
INV-20260526-S003-P042,2026-05-26,S003,P042,153,88.0
INV-20260526-S003-P043,2026-05-26,S003,P043,138,86.0
INV-20260526-S003-P044,2026-05-26,S003,P044,187,40.0
INV-20260526-S003-P045,2026-05-26,S003,P045,322,100.0
INV-20260526-S003-P046,2026-05-26,S003,P046,137,37.0
INV-20260526-S003-P047,2026-05-26,S003,P047,228,59.0
INV-20260526-S003-P048,2026-05-26,S003,P048,126,34.0
INV-20260526-S003-P049,2026-05-26,S003,P049,180,98.0
INV-20260527-S001-P001,2026-05-27,S001,P001,84,57.0
INV-20260527-S001-P002,2026-05-27,S001,P002,132,41.0
INV-20260527-S001-P003,2026-05-27,S001,P003,104,24.0
INV-20260527-S001-P004,2026-05-27,S001,P004,168,20.0
INV-20260527-S001-P005,2026-05-27,S001,P005,222,66.0
INV-20260527-S001-P006,2026-05-27,S001,P006,355,26.0
INV-20260527-S001-P007,2026-05-27,S001,P007,257,97.0
INV-20260527-S001-P008,2026-05-27,S001,P008,185,65.0
INV-20260527-S001-P009,2026-05-27,S001,P009,136,43.0
INV-20260527-S001-P010,2026-05-27,S001,P010,128,66.0
INV-20260527-S001-P011,2026-05-27,S001,P011,329,12.0
INV-20260527-S001-P012,2026-05-27,S001,P012,465,101.0
INV-20260527-S001-P013,2026-05-27,S001,P013,188,56.0
INV-20260527-S001-P014,2026-05-27,S001,P014,167,84.0
INV-20260527-S001-P015,2026-05-27,S001,P015,50,18.0
INV-20260527-S001-P016,2026-05-27,S001,P016,92,56.0
INV-20260527-S001-P017,2026-05-27,S001,P017,95,56.0
INV-20260527-S001-P018,2026-05-27,S001,P018,290,99.0
INV-20260527-S001-P019,2026-05-27,S001,P019,138,64.0
INV-20260527-S001-P020,2026-05-27,S001,P020,169,55.0
INV-20260527-S001-P021,2026-05-27,S001,P021,91,35.0
INV-20260527-S001-P022,2026-05-27,S001,P022,177,41.0
INV-20260527-S001-P023,2026-05-27,S001,P023,282,59.0
INV-20260527-S001-P024,2026-05-27,S001,P024,59,51.0
INV-20260527-S001-P025,2026-05-27,S001,P025,340,12.0
INV-20260527-S001-P026,2026-05-27,S001,P026,179,88.0
INV-20260527-S001-P027,2026-05-27,S001,P027,443,95.0
INV-20260527-S001-P028,2026-05-27,S001,P028,258,23.0
INV-20260527-S001-P029,2026-05-27,S001,P029,278,62.0
INV-20260527-S001-P030,2026-05-27,S001,P030,119,20.0
INV-20260527-S001-P031,2026-05-27,S001,P031,147,74.0
INV-20260527-S001-P032,2026-05-27,S001,P032,285,37.0
INV-20260527-S001-P033,2026-05-27,S001,P033,182,72.0
INV-20260527-S001-P034,2026-05-27,S001,P034,248,79.0
INV-20260527-S001-P035,2026-05-27,S001,P035,159,83.0
INV-20260527-S001-P036,2026-05-27,S001,P036,58,20.0
INV-20260527-S001-P037,2026-05-27,S001,P037,188,97.0
INV-20260527-S001-P038,2026-05-27,S001,P038,280,32.0
INV-20260527-S001-P039,2026-05-27,S001,P039,334,14.0
INV-20260527-S001-P040,2026-05-27,S001,P040,191,62.0
INV-20260527-S001-P041,2026-05-27,S001,P041,187,45.0
INV-20260527-S001-P042,2026-05-27,S001,P042,234,88.0
INV-20260527-S001-P043,2026-05-27,S001,P043,289,86.0
INV-20260527-S001-P044,2026-05-27,S001,P044,161,40.0
INV-20260527-S001-P045,2026-05-27,S001,P045,421,100.0
INV-20260527-S001-P046,2026-05-27,S001,P046,254,37.0
INV-20260527-S001-P047,2026-05-27,S001,P047,169,59.0
INV-20260527-S001-P048,2026-05-27,S001,P048,58,34.0
INV-20260527-S001-P049,2026-05-27,S001,P049,267,98.0
INV-20260527-S001-P050,2026-05-27,S001,P050,110,26.0
INV-20260527-S002-P001,2026-05-27,S002,P001,230,57.0
INV-20260527-S002-P002,2026-05-27,S002,P002,187,41.0
INV-20260527-S002-P003,2026-05-27,S002,P003,103,24.0
INV-20260527-S002-P004,2026-05-27,S002,P004,405,20.0
INV-20260527-S002-P005,2026-05-27,S002,P005,273,66.0
INV-20260527-S002-P006,2026-05-27,S002,P006,160,26.0
INV-20260527-S002-P007,2026-05-27,S002,P007,227,97.0
INV-20260527-S002-P008,2026-05-27,S002,P008,146,65.0
INV-20260527-S002-P009,2026-05-27,S002,P009,254,43.0
INV-20260527-S002-P010,2026-05-27,S002,P010,325,66.0
INV-20260527-S002-P011,2026-05-27,S002,P011,88,12.0
INV-20260527-S002-P012,2026-05-27,S002,P012,206,101.0
INV-20260527-S002-P013,2026-05-27,S002,P013,185,56.0
INV-20260527-S002-P014,2026-05-27,S002,P014,177,84.0
INV-20260527-S002-P015,2026-05-27,S002,P015,31,18.0
INV-20260527-S002-P016,2026-05-27,S002,P016,103,56.0
INV-20260527-S002-P017,2026-05-27,S002,P017,209,56.0
INV-20260527-S002-P018,2026-05-27,S002,P018,161,99.0
INV-20260527-S002-P019,2026-05-27,S002,P019,196,64.0
INV-20260527-S002-P020,2026-05-27,S002,P020,262,55.0
INV-20260527-S002-P021,2026-05-27,S002,P021,256,35.0
INV-20260527-S002-P022,2026-05-27,S002,P022,172,41.0
INV-20260527-S002-P023,2026-05-27,S002,P023,124,59.0
INV-20260527-S002-P024,2026-05-27,S002,P024,83,51.0
INV-20260527-S002-P025,2026-05-27,S002,P025,181,12.0
INV-20260527-S002-P026,2026-05-27,S002,P026,169,88.0
INV-20260527-S002-P027,2026-05-27,S002,P027,418,95.0
INV-20260527-S002-P028,2026-05-27,S002,P028,267,23.0
INV-20260527-S002-P029,2026-05-27,S002,P029,125,62.0
INV-20260527-S002-P030,2026-05-27,S002,P030,250,20.0
INV-20260527-S002-P031,2026-05-27,S002,P031,132,74.0
INV-20260527-S002-P032,2026-05-27,S002,P032,218,37.0
INV-20260527-S002-P033,2026-05-27,S002,P033,90,72.0
INV-20260527-S002-P034,2026-05-27,S002,P034,162,79.0
INV-20260527-S002-P035,2026-05-27,S002,P035,242,83.0
INV-20260527-S002-P036,2026-05-27,S002,P036,37,20.0
INV-20260527-S002-P037,2026-05-27,S002,P037,313,97.0
INV-20260527-S002-P038,2026-05-27,S002,P038,256,32.0
INV-20260527-S002-P039,2026-05-27,S002,P039,58,14.0
INV-20260527-S002-P040,2026-05-27,S002,P040,253,62.0
INV-20260527-S002-P041,2026-05-27,S002,P041,251,45.0
INV-20260527-S002-P042,2026-05-27,S002,P042,229,88.0
INV-20260527-S002-P043,2026-05-27,S002,P043,140,86.0
INV-20260527-S002-P044,2026-05-27,S002,P044,99,40.0
INV-20260527-S002-P045,2026-05-27,S002,P045,296,100.0
INV-20260527-S002-P046,2026-05-27,S002,P046,158,37.0
INV-20260527-S002-P047,2026-05-27,S002,P047,203,59.0
INV-20260527-S002-P048,2026-05-27,S002,P048,276,34.0
INV-20260527-S002-P049,2026-05-27,S002,P049,292,98.0
INV-20260527-S002-P050,2026-05-27,S002,P050,82,26.0
INV-20260527-S003-P001,2026-05-27,S003,P001,254,57.0
INV-20260527-S003-P002,2026-05-27,S003,P002,287,41.0
INV-20260527-S003-P003,2026-05-27,S003,P003,174,24.0
INV-20260527-S003-P004,2026-05-27,S003,P004,30,20.0
INV-20260527-S003-P005,2026-05-27,S003,P005,133,66.0
INV-20260527-S003-P006,2026-05-27,S003,P006,206,26.0
INV-20260527-S003-P007,2026-05-27,S003,P007,285,97.0
INV-20260527-S003-P008,2026-05-27,S003,P008,146,65.0
INV-20260527-S003-P009,2026-05-27,S003,P009,261,43.0
INV-20260527-S003-P010,2026-05-27,S003,P010,211,66.0
INV-20260527-S003-P011,2026-05-27,S003,P011,299,12.0
INV-20260527-S003-P012,2026-05-27,S003,P012,271,101.0
INV-20260527-S003-P013,2026-05-27,S003,P013,199,56.0
INV-20260527-S003-P014,2026-05-27,S003,P014,381,84.0
INV-20260527-S003-P015,2026-05-27,S003,P015,49,18.0
INV-20260527-S003-P016,2026-05-27,S003,P016,268,56.0
INV-20260527-S003-P017,2026-05-27,S003,P017,207,56.0
INV-20260527-S003-P018,2026-05-27,S003,P018,457,99.0
INV-20260527-S003-P019,2026-05-27,S003,P019,224,64.0
INV-20260527-S003-P020,2026-05-27,S003,P020,261,55.0
INV-20260527-S003-P021,2026-05-27,S003,P021,240,35.0
INV-20260527-S003-P022,2026-05-27,S003,P022,248,41.0
INV-20260527-S003-P023,2026-05-27,S003,P023,86,59.0
INV-20260527-S003-P024,2026-05-27,S003,P024,103,51.0
INV-20260527-S003-P025,2026-05-27,S003,P025,276,12.0
INV-20260527-S003-P026,2026-05-27,S003,P026,135,88.0
INV-20260527-S003-P027,2026-05-27,S003,P027,137,95.0
INV-20260527-S003-P028,2026-05-27,S003,P028,43,23.0
INV-20260527-S003-P029,2026-05-27,S003,P029,137,62.0
INV-20260527-S003-P030,2026-05-27,S003,P030,73,20.0
INV-20260527-S003-P031,2026-05-27,S003,P031,299,74.0
INV-20260527-S003-P032,2026-05-27,S003,P032,262,37.0
INV-20260527-S003-P033,2026-05-27,S003,P033,292,72.0
INV-20260527-S003-P034,2026-05-27,S003,P034,172,79.0
INV-20260527-S003-P035,2026-05-27,S003,P035,366,83.0
INV-20260527-S003-P036,2026-05-27,S003,P036,115,20.0
INV-20260527-S003-P037,2026-05-27,S003,P037,350,97.0
INV-20260527-S003-P038,2026-05-27,S003,P038,181,32.0
INV-20260527-S003-P039,2026-05-27,S003,P039,306,14.0
INV-20260527-S003-P040,2026-05-27,S003,P040,118,62.0
INV-20260527-S003-P041,2026-05-27,S003,P041,296,45.0
INV-20260527-S003-P042,2026-05-27,S003,P042,143,88.0
INV-20260527-S003-P043,2026-05-27,S003,P043,130,86.0
INV-20260527-S003-P044,2026-05-27,S003,P044,181,40.0
INV-20260527-S003-P045,2026-05-27,S003,P045,312,100.0
INV-20260527-S003-P046,2026-05-27,S003,P046,132,37.0
INV-20260527-S003-P047,2026-05-27,S003,P047,223,59.0
INV-20260527-S003-P048,2026-05-27,S003,P048,123,34.0
INV-20260527-S003-P049,2026-05-27,S003,P049,163,98.0
INV-20260528-S001-P001,2026-05-28,S001,P001,73,57.0
INV-20260528-S001-P002,2026-05-28,S001,P002,124,41.0
INV-20260528-S001-P003,2026-05-28,S001,P003,103,24.0
INV-20260528-S001-P004,2026-05-28,S001,P004,165,20.0
INV-20260528-S001-P005,2026-05-28,S001,P005,208,66.0
INV-20260528-S001-P006,2026-05-28,S001,P006,352,26.0
INV-20260528-S001-P007,2026-05-28,S001,P007,246,97.0
INV-20260528-S001-P008,2026-05-28,S001,P008,179,65.0
INV-20260528-S001-P009,2026-05-28,S001,P009,132,43.0
INV-20260528-S001-P010,2026-05-28,S001,P010,119,66.0
INV-20260528-S001-P011,2026-05-28,S001,P011,328,12.0
INV-20260528-S001-P012,2026-05-28,S001,P012,457,101.0
INV-20260528-S001-P013,2026-05-28,S001,P013,180,56.0
INV-20260528-S001-P014,2026-05-28,S001,P014,148,84.0
INV-20260528-S001-P015,2026-05-28,S001,P015,50,18.0
INV-20260528-S001-P016,2026-05-28,S001,P016,83,56.0
INV-20260528-S001-P017,2026-05-28,S001,P017,91,56.0
INV-20260528-S001-P018,2026-05-28,S001,P018,281,99.0
INV-20260528-S001-P019,2026-05-28,S001,P019,127,64.0
INV-20260528-S001-P020,2026-05-28,S001,P020,162,55.0
INV-20260528-S001-P021,2026-05-28,S001,P021,86,35.0
INV-20260528-S001-P022,2026-05-28,S001,P022,173,41.0
INV-20260528-S001-P023,2026-05-28,S001,P023,276,59.0
INV-20260528-S001-P024,2026-05-28,S001,P024,256,51.0
INV-20260528-S001-P025,2026-05-28,S001,P025,339,12.0
INV-20260528-S001-P026,2026-05-28,S001,P026,164,88.0
INV-20260528-S001-P027,2026-05-28,S001,P027,430,95.0
INV-20260528-S001-P028,2026-05-28,S001,P028,255,23.0
INV-20260528-S001-P029,2026-05-28,S001,P029,274,62.0
INV-20260528-S001-P030,2026-05-28,S001,P030,110,20.0
INV-20260528-S001-P031,2026-05-28,S001,P031,133,74.0
INV-20260528-S001-P032,2026-05-28,S001,P032,281,37.0
INV-20260528-S001-P033,2026-05-28,S001,P033,170,72.0
INV-20260528-S001-P034,2026-05-28,S001,P034,235,79.0
INV-20260528-S001-P035,2026-05-28,S001,P035,149,83.0
INV-20260528-S001-P036,2026-05-28,S001,P036,56,20.0
INV-20260528-S001-P037,2026-05-28,S001,P037,177,97.0
INV-20260528-S001-P038,2026-05-28,S001,P038,278,32.0
INV-20260528-S001-P039,2026-05-28,S001,P039,332,14.0
INV-20260528-S001-P040,2026-05-28,S001,P040,188,62.0
INV-20260528-S001-P041,2026-05-28,S001,P041,180,45.0
INV-20260528-S001-P042,2026-05-28,S001,P042,220,88.0
INV-20260528-S001-P043,2026-05-28,S001,P043,281,86.0
INV-20260528-S001-P044,2026-05-28,S001,P044,157,40.0
INV-20260528-S001-P045,2026-05-28,S001,P045,408,100.0
INV-20260528-S001-P046,2026-05-28,S001,P046,249,37.0
INV-20260528-S001-P047,2026-05-28,S001,P047,158,59.0
INV-20260528-S001-P048,2026-05-28,S001,P048,56,34.0
INV-20260528-S001-P049,2026-05-28,S001,P049,252,98.0
INV-20260528-S001-P050,2026-05-28,S001,P050,106,26.0
INV-20260528-S002-P001,2026-05-28,S002,P001,219,57.0
INV-20260528-S002-P002,2026-05-28,S002,P002,182,41.0
INV-20260528-S002-P003,2026-05-28,S002,P003,101,24.0
INV-20260528-S002-P004,2026-05-28,S002,P004,405,20.0
INV-20260528-S002-P005,2026-05-28,S002,P005,263,66.0
INV-20260528-S002-P006,2026-05-28,S002,P006,154,26.0
INV-20260528-S002-P007,2026-05-28,S002,P007,227,97.0
INV-20260528-S002-P008,2026-05-28,S002,P008,134,65.0
INV-20260528-S002-P009,2026-05-28,S002,P009,250,43.0
INV-20260528-S002-P010,2026-05-28,S002,P010,320,66.0
INV-20260528-S002-P011,2026-05-28,S002,P011,88,12.0
INV-20260528-S002-P012,2026-05-28,S002,P012,183,101.0
INV-20260528-S002-P013,2026-05-28,S002,P013,177,56.0
INV-20260528-S002-P014,2026-05-28,S002,P014,168,84.0
INV-20260528-S002-P015,2026-05-28,S002,P015,28,18.0
INV-20260528-S002-P016,2026-05-28,S002,P016,95,56.0
INV-20260528-S002-P017,2026-05-28,S002,P017,200,56.0
INV-20260528-S002-P018,2026-05-28,S002,P018,142,99.0
INV-20260528-S002-P019,2026-05-28,S002,P019,189,64.0
INV-20260528-S002-P020,2026-05-28,S002,P020,248,55.0
INV-20260528-S002-P021,2026-05-28,S002,P021,250,35.0
INV-20260528-S002-P022,2026-05-28,S002,P022,165,41.0
INV-20260528-S002-P023,2026-05-28,S002,P023,116,59.0
INV-20260528-S002-P024,2026-05-28,S002,P024,79,51.0
INV-20260528-S002-P025,2026-05-28,S002,P025,179,12.0
INV-20260528-S002-P026,2026-05-28,S002,P026,157,88.0
INV-20260528-S002-P027,2026-05-28,S002,P027,407,95.0
INV-20260528-S002-P028,2026-05-28,S002,P028,262,23.0
INV-20260528-S002-P029,2026-05-28,S002,P029,119,62.0
INV-20260528-S002-P030,2026-05-28,S002,P030,248,20.0
INV-20260528-S002-P031,2026-05-28,S002,P031,122,74.0
INV-20260528-S002-P032,2026-05-28,S002,P032,212,37.0
INV-20260528-S002-P033,2026-05-28,S002,P033,81,72.0
INV-20260528-S002-P034,2026-05-28,S002,P034,148,79.0
INV-20260528-S002-P035,2026-05-28,S002,P035,229,83.0
INV-20260528-S002-P036,2026-05-28,S002,P036,34,20.0
INV-20260528-S002-P037,2026-05-28,S002,P037,295,97.0
INV-20260528-S002-P038,2026-05-28,S002,P038,245,32.0
INV-20260528-S002-P039,2026-05-28,S002,P039,54,14.0
INV-20260528-S002-P040,2026-05-28,S002,P040,240,62.0
INV-20260528-S002-P041,2026-05-28,S002,P041,245,45.0
INV-20260528-S002-P042,2026-05-28,S002,P042,221,88.0
INV-20260528-S002-P043,2026-05-28,S002,P043,123,86.0
INV-20260528-S002-P044,2026-05-28,S002,P044,94,40.0
INV-20260528-S002-P045,2026-05-28,S002,P045,278,100.0
INV-20260528-S002-P046,2026-05-28,S002,P046,156,37.0
INV-20260528-S002-P047,2026-05-28,S002,P047,192,59.0
INV-20260528-S002-P048,2026-05-28,S002,P048,269,34.0
INV-20260528-S002-P049,2026-05-28,S002,P049,277,98.0
INV-20260528-S002-P050,2026-05-28,S002,P050,76,26.0
INV-20260528-S003-P001,2026-05-28,S003,P001,250,57.0
INV-20260528-S003-P002,2026-05-28,S003,P002,282,41.0
INV-20260528-S003-P003,2026-05-28,S003,P003,172,24.0
INV-20260528-S003-P004,2026-05-28,S003,P004,25,20.0
INV-20260528-S003-P005,2026-05-28,S003,P005,123,66.0
INV-20260528-S003-P006,2026-05-28,S003,P006,203,26.0
INV-20260528-S003-P007,2026-05-28,S003,P007,278,97.0
INV-20260528-S003-P008,2026-05-28,S003,P008,134,65.0
INV-20260528-S003-P009,2026-05-28,S003,P009,259,43.0
INV-20260528-S003-P010,2026-05-28,S003,P010,208,66.0
INV-20260528-S003-P011,2026-05-28,S003,P011,297,12.0
INV-20260528-S003-P012,2026-05-28,S003,P012,258,101.0
INV-20260528-S003-P013,2026-05-28,S003,P013,192,56.0
INV-20260528-S003-P014,2026-05-28,S003,P014,373,84.0
INV-20260528-S003-P015,2026-05-28,S003,P015,49,18.0
INV-20260528-S003-P016,2026-05-28,S003,P016,260,56.0
INV-20260528-S003-P017,2026-05-28,S003,P017,199,56.0
INV-20260528-S003-P018,2026-05-28,S003,P018,439,99.0
INV-20260528-S003-P019,2026-05-28,S003,P019,210,64.0
INV-20260528-S003-P020,2026-05-28,S003,P020,257,55.0
INV-20260528-S003-P021,2026-05-28,S003,P021,234,35.0
INV-20260528-S003-P022,2026-05-28,S003,P022,244,41.0
INV-20260528-S003-P023,2026-05-28,S003,P023,82,59.0
INV-20260528-S003-P024,2026-05-28,S003,P024,97,51.0
INV-20260528-S003-P025,2026-05-28,S003,P025,274,12.0
INV-20260528-S003-P026,2026-05-28,S003,P026,129,88.0
INV-20260528-S003-P027,2026-05-28,S003,P027,130,95.0
INV-20260528-S003-P028,2026-05-28,S003,P028,41,23.0
INV-20260528-S003-P029,2026-05-28,S003,P029,127,62.0
INV-20260528-S003-P030,2026-05-28,S003,P030,71,20.0
INV-20260528-S003-P031,2026-05-28,S003,P031,291,74.0
INV-20260528-S003-P032,2026-05-28,S003,P032,262,37.0
INV-20260528-S003-P033,2026-05-28,S003,P033,283,72.0
INV-20260528-S003-P034,2026-05-28,S003,P034,165,79.0
INV-20260528-S003-P035,2026-05-28,S003,P035,359,83.0
INV-20260528-S003-P036,2026-05-28,S003,P036,109,20.0
INV-20260528-S003-P037,2026-05-28,S003,P037,342,97.0
INV-20260528-S003-P038,2026-05-28,S003,P038,179,32.0
INV-20260528-S003-P039,2026-05-28,S003,P039,304,14.0
INV-20260528-S003-P040,2026-05-28,S003,P040,114,62.0
INV-20260528-S003-P041,2026-05-28,S003,P041,293,45.0
INV-20260528-S003-P042,2026-05-28,S003,P042,129,88.0
INV-20260528-S003-P043,2026-05-28,S003,P043,125,86.0
INV-20260528-S003-P044,2026-05-28,S003,P044,180,40.0
INV-20260528-S003-P045,2026-05-28,S003,P045,305,100.0
INV-20260528-S003-P046,2026-05-28,S003,P046,127,37.0
INV-20260528-S003-P047,2026-05-28,S003,P047,214,59.0
INV-20260528-S003-P048,2026-05-28,S003,P048,119,34.0
INV-20260528-S003-P049,2026-05-28,S003,P049,153,98.0
INV-20260529-S001-P001,2026-05-29,S001,P001,65,57.0
INV-20260529-S001-P002,2026-05-29,S001,P002,114,41.0
INV-20260529-S001-P003,2026-05-29,S001,P003,99,24.0
INV-20260529-S001-P004,2026-05-29,S001,P004,160,20.0
INV-20260529-S001-P005,2026-05-29,S001,P005,197,66.0
INV-20260529-S001-P006,2026-05-29,S001,P006,351,26.0
INV-20260529-S001-P007,2026-05-29,S001,P007,230,97.0
INV-20260529-S001-P008,2026-05-29,S001,P008,170,65.0
INV-20260529-S001-P009,2026-05-29,S001,P009,127,43.0
INV-20260529-S001-P010,2026-05-29,S001,P010,107,66.0
INV-20260529-S001-P011,2026-05-29,S001,P011,322,12.0
INV-20260529-S001-P012,2026-05-29,S001,P012,441,101.0
INV-20260529-S001-P013,2026-05-29,S001,P013,170,56.0
INV-20260529-S001-P014,2026-05-29,S001,P014,138,84.0
INV-20260529-S001-P015,2026-05-29,S001,P015,45,18.0
INV-20260529-S001-P016,2026-05-29,S001,P016,71,56.0
INV-20260529-S001-P017,2026-05-29,S001,P017,86,56.0
INV-20260529-S001-P018,2026-05-29,S001,P018,271,99.0
INV-20260529-S001-P019,2026-05-29,S001,P019,118,64.0
INV-20260529-S001-P020,2026-05-29,S001,P020,153,55.0
INV-20260529-S001-P021,2026-05-29,S001,P021,78,35.0
INV-20260529-S001-P022,2026-05-29,S001,P022,163,41.0
INV-20260529-S001-P023,2026-05-29,S001,P023,269,59.0
INV-20260529-S001-P024,2026-05-29,S001,P024,244,51.0
INV-20260529-S001-P025,2026-05-29,S001,P025,338,12.0
INV-20260529-S001-P026,2026-05-29,S001,P026,155,88.0
INV-20260529-S001-P027,2026-05-29,S001,P027,412,95.0
INV-20260529-S001-P028,2026-05-29,S001,P028,253,23.0
INV-20260529-S001-P029,2026-05-29,S001,P029,266,62.0
INV-20260529-S001-P030,2026-05-29,S001,P030,106,20.0
INV-20260529-S001-P031,2026-05-29,S001,P031,120,74.0
INV-20260529-S001-P032,2026-05-29,S001,P032,277,37.0
INV-20260529-S001-P033,2026-05-29,S001,P033,161,72.0
INV-20260529-S001-P034,2026-05-29,S001,P034,226,79.0
INV-20260529-S001-P035,2026-05-29,S001,P035,135,83.0
INV-20260529-S001-P036,2026-05-29,S001,P036,52,20.0
INV-20260529-S001-P037,2026-05-29,S001,P037,159,97.0
INV-20260529-S001-P038,2026-05-29,S001,P038,275,32.0
INV-20260529-S001-P039,2026-05-29,S001,P039,327,14.0
INV-20260529-S001-P040,2026-05-29,S001,P040,181,62.0
INV-20260529-S001-P041,2026-05-29,S001,P041,172,45.0
INV-20260529-S001-P042,2026-05-29,S001,P042,211,88.0
INV-20260529-S001-P043,2026-05-29,S001,P043,259,86.0
INV-20260529-S001-P044,2026-05-29,S001,P044,154,40.0
INV-20260529-S001-P045,2026-05-29,S001,P045,395,100.0
INV-20260529-S001-P046,2026-05-29,S001,P046,241,37.0
INV-20260529-S001-P047,2026-05-29,S001,P047,145,59.0
INV-20260529-S001-P048,2026-05-29,S001,P048,48,34.0
INV-20260529-S001-P049,2026-05-29,S001,P049,239,98.0
INV-20260529-S001-P050,2026-05-29,S001,P050,106,26.0
INV-20260529-S002-P001,2026-05-29,S002,P001,208,57.0
INV-20260529-S002-P002,2026-05-29,S002,P002,177,41.0
INV-20260529-S002-P003,2026-05-29,S002,P003,95,24.0
INV-20260529-S002-P004,2026-05-29,S002,P004,405,20.0
INV-20260529-S002-P005,2026-05-29,S002,P005,251,66.0
INV-20260529-S002-P006,2026-05-29,S002,P006,147,26.0
INV-20260529-S002-P007,2026-05-29,S002,P007,227,97.0
INV-20260529-S002-P008,2026-05-29,S002,P008,120,65.0
INV-20260529-S002-P009,2026-05-29,S002,P009,242,43.0
INV-20260529-S002-P010,2026-05-29,S002,P010,307,66.0
INV-20260529-S002-P011,2026-05-29,S002,P011,88,12.0
INV-20260529-S002-P012,2026-05-29,S002,P012,163,101.0
INV-20260529-S002-P013,2026-05-29,S002,P013,167,56.0
INV-20260529-S002-P014,2026-05-29,S002,P014,155,84.0
INV-20260529-S002-P015,2026-05-29,S002,P015,28,18.0
INV-20260529-S002-P016,2026-05-29,S002,P016,89,56.0
INV-20260529-S002-P017,2026-05-29,S002,P017,185,56.0
INV-20260529-S002-P018,2026-05-29,S002,P018,123,99.0
INV-20260529-S002-P019,2026-05-29,S002,P019,175,64.0
INV-20260529-S002-P020,2026-05-29,S002,P020,237,55.0
INV-20260529-S002-P021,2026-05-29,S002,P021,245,35.0
INV-20260529-S002-P022,2026-05-29,S002,P022,156,41.0
INV-20260529-S002-P023,2026-05-29,S002,P023,102,59.0
INV-20260529-S002-P024,2026-05-29,S002,P024,74,51.0
INV-20260529-S002-P025,2026-05-29,S002,P025,177,12.0
INV-20260529-S002-P026,2026-05-29,S002,P026,144,88.0
INV-20260529-S002-P027,2026-05-29,S002,P027,389,95.0
INV-20260529-S002-P028,2026-05-29,S002,P028,255,23.0
INV-20260529-S002-P029,2026-05-29,S002,P029,109,62.0
INV-20260529-S002-P030,2026-05-29,S002,P030,245,20.0
INV-20260529-S002-P031,2026-05-29,S002,P031,103,74.0
INV-20260529-S002-P032,2026-05-29,S002,P032,202,37.0
INV-20260529-S002-P033,2026-05-29,S002,P033,75,72.0
INV-20260529-S002-P034,2026-05-29,S002,P034,129,79.0
INV-20260529-S002-P035,2026-05-29,S002,P035,215,83.0
INV-20260529-S002-P036,2026-05-29,S002,P036,31,20.0
INV-20260529-S002-P037,2026-05-29,S002,P037,281,97.0
INV-20260529-S002-P038,2026-05-29,S002,P038,240,32.0
INV-20260529-S002-P039,2026-05-29,S002,P039,50,14.0
INV-20260529-S002-P040,2026-05-29,S002,P040,227,62.0
INV-20260529-S002-P041,2026-05-29,S002,P041,238,45.0
INV-20260529-S002-P042,2026-05-29,S002,P042,209,88.0
INV-20260529-S002-P043,2026-05-29,S002,P043,116,86.0
INV-20260529-S002-P044,2026-05-29,S002,P044,88,40.0
INV-20260529-S002-P045,2026-05-29,S002,P045,254,100.0
INV-20260529-S002-P046,2026-05-29,S002,P046,145,37.0
INV-20260529-S002-P047,2026-05-29,S002,P047,179,59.0
INV-20260529-S002-P048,2026-05-29,S002,P048,265,34.0
INV-20260529-S002-P049,2026-05-29,S002,P049,257,98.0
INV-20260529-S002-P050,2026-05-29,S002,P050,70,26.0
INV-20260529-S003-P001,2026-05-29,S003,P001,242,57.0
INV-20260529-S003-P002,2026-05-29,S003,P002,278,41.0
INV-20260529-S003-P003,2026-05-29,S003,P003,169,24.0
INV-20260529-S003-P004,2026-05-29,S003,P004,22,20.0
INV-20260529-S003-P005,2026-05-29,S003,P005,113,66.0
INV-20260529-S003-P006,2026-05-29,S003,P006,200,26.0
INV-20260529-S003-P007,2026-05-29,S003,P007,262,97.0
INV-20260529-S003-P008,2026-05-29,S003,P008,126,65.0
INV-20260529-S003-P009,2026-05-29,S003,P009,252,43.0
INV-20260529-S003-P010,2026-05-29,S003,P010,204,66.0
INV-20260529-S003-P011,2026-05-29,S003,P011,296,12.0
INV-20260529-S003-P012,2026-05-29,S003,P012,244,101.0
INV-20260529-S003-P013,2026-05-29,S003,P013,188,56.0
INV-20260529-S003-P014,2026-05-29,S003,P014,361,84.0
INV-20260529-S003-P015,2026-05-29,S003,P015,47,18.0
INV-20260529-S003-P016,2026-05-29,S003,P016,253,56.0
INV-20260529-S003-P017,2026-05-29,S003,P017,195,56.0
INV-20260529-S003-P018,2026-05-29,S003,P018,428,99.0
INV-20260529-S003-P019,2026-05-29,S003,P019,205,64.0
INV-20260529-S003-P020,2026-05-29,S003,P020,254,55.0
INV-20260529-S003-P021,2026-05-29,S003,P021,229,35.0
INV-20260529-S003-P022,2026-05-29,S003,P022,240,41.0
INV-20260529-S003-P023,2026-05-29,S003,P023,77,59.0
INV-20260529-S003-P024,2026-05-29,S003,P024,86,51.0
INV-20260529-S003-P025,2026-05-29,S003,P025,270,12.0
INV-20260529-S003-P026,2026-05-29,S003,P026,106,88.0
INV-20260529-S003-P027,2026-05-29,S003,P027,121,95.0
INV-20260529-S003-P028,2026-05-29,S003,P028,39,23.0
INV-20260529-S003-P029,2026-05-29,S003,P029,122,62.0
INV-20260529-S003-P030,2026-05-29,S003,P030,67,20.0
INV-20260529-S003-P031,2026-05-29,S003,P031,287,74.0
INV-20260529-S003-P032,2026-05-29,S003,P032,258,37.0
INV-20260529-S003-P033,2026-05-29,S003,P033,272,72.0
INV-20260529-S003-P034,2026-05-29,S003,P034,160,79.0
INV-20260529-S003-P035,2026-05-29,S003,P035,348,83.0
INV-20260529-S003-P036,2026-05-29,S003,P036,106,20.0
INV-20260529-S003-P037,2026-05-29,S003,P037,331,97.0
INV-20260529-S003-P038,2026-05-29,S003,P038,171,32.0
INV-20260529-S003-P039,2026-05-29,S003,P039,304,14.0
INV-20260529-S003-P040,2026-05-29,S003,P040,105,62.0
INV-20260529-S003-P041,2026-05-29,S003,P041,292,45.0
INV-20260529-S003-P042,2026-05-29,S003,P042,115,88.0
INV-20260529-S003-P043,2026-05-29,S003,P043,111,86.0
INV-20260529-S003-P044,2026-05-29,S003,P044,176,40.0
INV-20260529-S003-P045,2026-05-29,S003,P045,285,100.0
INV-20260529-S003-P046,2026-05-29,S003,P046,124,37.0
INV-20260529-S003-P047,2026-05-29,S003,P047,208,59.0
INV-20260529-S003-P048,2026-05-29,S003,P048,116,34.0
INV-20260529-S003-P049,2026-05-29,S003,P049,140,98.0
INV-20260530-S001-P001,2026-05-30,S001,P001,285,57.0
INV-20260530-S001-P002,2026-05-30,S001,P002,107,41.0
INV-20260530-S001-P003,2026-05-30,S001,P003,96,24.0
INV-20260530-S001-P004,2026-05-30,S001,P004,160,20.0
INV-20260530-S001-P005,2026-05-30,S001,P005,179,66.0
INV-20260530-S001-P006,2026-05-30,S001,P006,346,26.0
INV-20260530-S001-P007,2026-05-30,S001,P007,210,97.0
INV-20260530-S001-P008,2026-05-30,S001,P008,152,65.0
INV-20260530-S001-P009,2026-05-30,S001,P009,119,43.0
INV-20260530-S001-P010,2026-05-30,S001,P010,95,66.0
INV-20260530-S001-P011,2026-05-30,S001,P011,318,12.0
INV-20260530-S001-P012,2026-05-30,S001,P012,426,101.0
INV-20260530-S001-P013,2026-05-30,S001,P013,162,56.0
INV-20260530-S001-P014,2026-05-30,S001,P014,122,84.0
INV-20260530-S001-P015,2026-05-30,S001,P015,44,18.0
INV-20260530-S001-P016,2026-05-30,S001,P016,62,56.0
INV-20260530-S001-P017,2026-05-30,S001,P017,76,56.0
INV-20260530-S001-P018,2026-05-30,S001,P018,254,99.0
INV-20260530-S001-P019,2026-05-30,S001,P019,109,64.0
INV-20260530-S001-P020,2026-05-30,S001,P020,140,55.0
INV-20260530-S001-P021,2026-05-30,S001,P021,71,35.0
INV-20260530-S001-P022,2026-05-30,S001,P022,157,41.0
INV-20260530-S001-P023,2026-05-30,S001,P023,263,59.0
INV-20260530-S001-P024,2026-05-30,S001,P024,240,51.0
INV-20260530-S001-P025,2026-05-30,S001,P025,334,12.0
INV-20260530-S001-P026,2026-05-30,S001,P026,144,88.0
INV-20260530-S001-P027,2026-05-30,S001,P027,402,95.0
INV-20260530-S001-P028,2026-05-30,S001,P028,248,23.0
INV-20260530-S001-P029,2026-05-30,S001,P029,252,62.0
INV-20260530-S001-P030,2026-05-30,S001,P030,102,20.0
INV-20260530-S001-P031,2026-05-30,S001,P031,110,74.0
INV-20260530-S001-P032,2026-05-30,S001,P032,271,37.0
INV-20260530-S001-P033,2026-05-30,S001,P033,154,72.0
INV-20260530-S001-P034,2026-05-30,S001,P034,207,79.0
INV-20260530-S001-P035,2026-05-30,S001,P035,126,83.0
INV-20260530-S001-P036,2026-05-30,S001,P036,50,20.0
INV-20260530-S001-P037,2026-05-30,S001,P037,149,97.0
INV-20260530-S001-P038,2026-05-30,S001,P038,270,32.0
INV-20260530-S001-P039,2026-05-30,S001,P039,325,14.0
INV-20260530-S001-P040,2026-05-30,S001,P040,172,62.0
INV-20260530-S001-P041,2026-05-30,S001,P041,166,45.0
INV-20260530-S001-P042,2026-05-30,S001,P042,194,88.0
INV-20260530-S001-P043,2026-05-30,S001,P043,241,86.0
INV-20260530-S001-P044,2026-05-30,S001,P044,143,40.0
INV-20260530-S001-P045,2026-05-30,S001,P045,373,100.0
INV-20260530-S001-P046,2026-05-30,S001,P046,236,37.0
INV-20260530-S001-P047,2026-05-30,S001,P047,137,59.0
INV-20260530-S001-P048,2026-05-30,S001,P048,44,34.0
INV-20260530-S001-P049,2026-05-30,S001,P049,226,98.0
INV-20260530-S001-P050,2026-05-30,S001,P050,100,26.0
INV-20260530-S002-P001,2026-05-30,S002,P001,195,57.0
INV-20260530-S002-P002,2026-05-30,S002,P002,164,41.0
INV-20260530-S002-P003,2026-05-30,S002,P003,95,24.0
INV-20260530-S002-P004,2026-05-30,S002,P004,405,20.0
INV-20260530-S002-P005,2026-05-30,S002,P005,240,66.0
INV-20260530-S002-P006,2026-05-30,S002,P006,142,26.0
INV-20260530-S002-P007,2026-05-30,S002,P007,227,97.0
INV-20260530-S002-P008,2026-05-30,S002,P008,103,65.0
INV-20260530-S002-P009,2026-05-30,S002,P009,229,43.0
INV-20260530-S002-P010,2026-05-30,S002,P010,292,66.0
INV-20260530-S002-P011,2026-05-30,S002,P011,86,12.0
INV-20260530-S002-P012,2026-05-30,S002,P012,141,101.0
INV-20260530-S002-P013,2026-05-30,S002,P013,157,56.0
INV-20260530-S002-P014,2026-05-30,S002,P014,136,84.0
INV-20260530-S002-P015,2026-05-30,S002,P015,25,18.0
INV-20260530-S002-P016,2026-05-30,S002,P016,73,56.0
INV-20260530-S002-P017,2026-05-30,S002,P017,171,56.0
INV-20260530-S002-P018,2026-05-30,S002,P018,105,99.0
INV-20260530-S002-P019,2026-05-30,S002,P019,164,64.0
INV-20260530-S002-P020,2026-05-30,S002,P020,229,55.0
INV-20260530-S002-P021,2026-05-30,S002,P021,239,35.0
INV-20260530-S002-P022,2026-05-30,S002,P022,147,41.0
INV-20260530-S002-P023,2026-05-30,S002,P023,89,59.0
INV-20260530-S002-P024,2026-05-30,S002,P024,61,51.0
INV-20260530-S002-P025,2026-05-30,S002,P025,175,12.0
INV-20260530-S002-P026,2026-05-30,S002,P026,129,88.0
INV-20260530-S002-P027,2026-05-30,S002,P027,364,95.0
INV-20260530-S002-P028,2026-05-30,S002,P028,251,23.0
INV-20260530-S002-P029,2026-05-30,S002,P029,93,62.0
INV-20260530-S002-P030,2026-05-30,S002,P030,243,20.0
INV-20260530-S002-P031,2026-05-30,S002,P031,93,74.0
INV-20260530-S002-P032,2026-05-30,S002,P032,193,37.0
INV-20260530-S002-P033,2026-05-30,S002,P033,348,72.0
INV-20260530-S002-P034,2026-05-30,S002,P034,108,79.0
INV-20260530-S002-P035,2026-05-30,S002,P035,200,83.0
INV-20260530-S002-P036,2026-05-30,S002,P036,27,20.0
INV-20260530-S002-P037,2026-05-30,S002,P037,260,97.0
INV-20260530-S002-P038,2026-05-30,S002,P038,231,32.0
INV-20260530-S002-P039,2026-05-30,S002,P039,48,14.0
INV-20260530-S002-P040,2026-05-30,S002,P040,211,62.0
INV-20260530-S002-P041,2026-05-30,S002,P041,228,45.0
INV-20260530-S002-P042,2026-05-30,S002,P042,198,88.0
INV-20260530-S002-P043,2026-05-30,S002,P043,99,86.0
INV-20260530-S002-P044,2026-05-30,S002,P044,81,40.0
INV-20260530-S002-P045,2026-05-30,S002,P045,227,100.0
INV-20260530-S002-P046,2026-05-30,S002,P046,137,37.0
INV-20260530-S002-P047,2026-05-30,S002,P047,173,59.0
INV-20260530-S002-P048,2026-05-30,S002,P048,259,34.0
INV-20260530-S002-P049,2026-05-30,S002,P049,239,98.0
INV-20260530-S002-P050,2026-05-30,S002,P050,63,26.0
INV-20260530-S003-P001,2026-05-30,S003,P001,233,57.0
INV-20260530-S003-P002,2026-05-30,S003,P002,276,41.0
INV-20260530-S003-P003,2026-05-30,S003,P003,162,24.0
INV-20260530-S003-P004,2026-05-30,S003,P004,100,20.0
INV-20260530-S003-P005,2026-05-30,S003,P005,100,66.0
INV-20260530-S003-P006,2026-05-30,S003,P006,197,26.0
INV-20260530-S003-P007,2026-05-30,S003,P007,247,97.0
INV-20260530-S003-P008,2026-05-30,S003,P008,122,65.0
INV-20260530-S003-P009,2026-05-30,S003,P009,244,43.0
INV-20260530-S003-P010,2026-05-30,S003,P010,188,66.0
INV-20260530-S003-P011,2026-05-30,S003,P011,294,12.0
INV-20260530-S003-P012,2026-05-30,S003,P012,225,101.0
INV-20260530-S003-P013,2026-05-30,S003,P013,179,56.0
INV-20260530-S003-P014,2026-05-30,S003,P014,352,84.0
INV-20260530-S003-P015,2026-05-30,S003,P015,46,18.0
INV-20260530-S003-P016,2026-05-30,S003,P016,249,56.0
INV-20260530-S003-P017,2026-05-30,S003,P017,183,56.0
INV-20260530-S003-P018,2026-05-30,S003,P018,420,99.0
INV-20260530-S003-P019,2026-05-30,S003,P019,197,64.0
INV-20260530-S003-P020,2026-05-30,S003,P020,242,55.0
INV-20260530-S003-P021,2026-05-30,S003,P021,227,35.0
INV-20260530-S003-P022,2026-05-30,S003,P022,233,41.0
INV-20260530-S003-P023,2026-05-30,S003,P023,68,59.0
INV-20260530-S003-P024,2026-05-30,S003,P024,83,51.0
INV-20260530-S003-P025,2026-05-30,S003,P025,267,12.0
INV-20260530-S003-P026,2026-05-30,S003,P026,90,88.0
INV-20260530-S003-P027,2026-05-30,S003,P027,106,95.0
INV-20260530-S003-P028,2026-05-30,S003,P028,36,23.0
INV-20260530-S003-P029,2026-05-30,S003,P029,107,62.0
INV-20260530-S003-P030,2026-05-30,S003,P030,64,20.0
INV-20260530-S003-P031,2026-05-30,S003,P031,277,74.0
INV-20260530-S003-P032,2026-05-30,S003,P032,254,37.0
INV-20260530-S003-P033,2026-05-30,S003,P033,263,72.0
INV-20260530-S003-P034,2026-05-30,S003,P034,152,79.0
INV-20260530-S003-P035,2026-05-30,S003,P035,338,83.0
INV-20260530-S003-P036,2026-05-30,S003,P036,103,20.0
INV-20260530-S003-P037,2026-05-30,S003,P037,318,97.0
INV-20260530-S003-P038,2026-05-30,S003,P038,166,32.0
INV-20260530-S003-P039,2026-05-30,S003,P039,303,14.0
INV-20260530-S003-P040,2026-05-30,S003,P040,96,62.0
INV-20260530-S003-P041,2026-05-30,S003,P041,284,45.0
INV-20260530-S003-P042,2026-05-30,S003,P042,105,88.0
INV-20260530-S003-P043,2026-05-30,S003,P043,102,86.0
INV-20260530-S003-P044,2026-05-30,S003,P044,168,40.0
INV-20260530-S003-P045,2026-05-30,S003,P045,269,100.0
INV-20260530-S003-P046,2026-05-30,S003,P046,120,37.0
INV-20260530-S003-P047,2026-05-30,S003,P047,198,59.0
INV-20260530-S003-P048,2026-05-30,S003,P048,112,34.0
INV-20260530-S003-P049,2026-05-30,S003,P049,128,98.0
INV-20260531-S001-P001,2026-05-31,S001,P001,279,57.0
INV-20260531-S001-P002,2026-05-31,S001,P002,105,41.0
INV-20260531-S001-P003,2026-05-31,S001,P003,93,24.0
INV-20260531-S001-P004,2026-05-31,S001,P004,160,20.0
INV-20260531-S001-P005,2026-05-31,S001,P005,172,66.0
INV-20260531-S001-P006,2026-05-31,S001,P006,341,26.0
INV-20260531-S001-P007,2026-05-31,S001,P007,195,97.0
INV-20260531-S001-P008,2026-05-31,S001,P008,141,65.0
INV-20260531-S001-P009,2026-05-31,S001,P009,117,43.0
INV-20260531-S001-P010,2026-05-31,S001,P010,82,66.0
INV-20260531-S001-P011,2026-05-31,S001,P011,314,12.0
INV-20260531-S001-P012,2026-05-31,S001,P012,407,101.0
INV-20260531-S001-P013,2026-05-31,S001,P013,157,56.0
INV-20260531-S001-P014,2026-05-31,S001,P014,112,84.0
INV-20260531-S001-P015,2026-05-31,S001,P015,40,18.0
INV-20260531-S001-P016,2026-05-31,S001,P016,275,56.0
INV-20260531-S001-P017,2026-05-31,S001,P017,68,56.0
INV-20260531-S001-P018,2026-05-31,S001,P018,239,99.0
INV-20260531-S001-P019,2026-05-31,S001,P019,100,64.0
INV-20260531-S001-P020,2026-05-31,S001,P020,131,55.0
INV-20260531-S001-P021,2026-05-31,S001,P021,65,35.0
INV-20260531-S001-P022,2026-05-31,S001,P022,149,41.0
INV-20260531-S001-P023,2026-05-31,S001,P023,253,59.0
INV-20260531-S001-P024,2026-05-31,S001,P024,232,51.0
INV-20260531-S001-P025,2026-05-31,S001,P025,334,12.0
INV-20260531-S001-P026,2026-05-31,S001,P026,127,88.0
INV-20260531-S001-P027,2026-05-31,S001,P027,374,95.0
INV-20260531-S001-P028,2026-05-31,S001,P028,248,23.0
INV-20260531-S001-P029,2026-05-31,S001,P029,237,62.0
INV-20260531-S001-P030,2026-05-31,S001,P030,97,20.0
INV-20260531-S001-P031,2026-05-31,S001,P031,100,74.0
INV-20260531-S001-P032,2026-05-31,S001,P032,265,37.0
INV-20260531-S001-P033,2026-05-31,S001,P033,140,72.0
INV-20260531-S001-P034,2026-05-31,S001,P034,194,79.0
INV-20260531-S001-P035,2026-05-31,S001,P035,109,83.0
INV-20260531-S001-P036,2026-05-31,S001,P036,45,20.0
INV-20260531-S001-P037,2026-05-31,S001,P037,135,97.0
INV-20260531-S001-P038,2026-05-31,S001,P038,266,32.0
INV-20260531-S001-P039,2026-05-31,S001,P039,325,14.0
INV-20260531-S001-P040,2026-05-31,S001,P040,164,62.0
INV-20260531-S001-P041,2026-05-31,S001,P041,161,45.0
INV-20260531-S001-P042,2026-05-31,S001,P042,179,88.0
INV-20260531-S001-P043,2026-05-31,S001,P043,228,86.0
INV-20260531-S001-P044,2026-05-31,S001,P044,139,40.0
INV-20260531-S001-P045,2026-05-31,S001,P045,354,100.0
INV-20260531-S001-P046,2026-05-31,S001,P046,230,37.0
INV-20260531-S001-P047,2026-05-31,S001,P047,126,59.0
INV-20260531-S001-P048,2026-05-31,S001,P048,38,34.0
INV-20260531-S001-P049,2026-05-31,S001,P049,213,98.0
INV-20260531-S001-P050,2026-05-31,S001,P050,97,26.0
INV-20260531-S002-P001,2026-05-31,S002,P001,180,57.0
INV-20260531-S002-P002,2026-05-31,S002,P002,161,41.0
INV-20260531-S002-P003,2026-05-31,S002,P003,90,24.0
INV-20260531-S002-P004,2026-05-31,S002,P004,404,20.0
INV-20260531-S002-P005,2026-05-31,S002,P005,225,66.0
INV-20260531-S002-P006,2026-05-31,S002,P006,132,26.0
INV-20260531-S002-P007,2026-05-31,S002,P007,227,97.0
INV-20260531-S002-P008,2026-05-31,S002,P008,84,65.0
INV-20260531-S002-P009,2026-05-31,S002,P009,223,43.0
INV-20260531-S002-P010,2026-05-31,S002,P010,279,66.0
INV-20260531-S002-P011,2026-05-31,S002,P011,84,12.0
INV-20260531-S002-P012,2026-05-31,S002,P012,113,101.0
INV-20260531-S002-P013,2026-05-31,S002,P013,140,56.0
INV-20260531-S002-P014,2026-05-31,S002,P014,122,84.0
INV-20260531-S002-P015,2026-05-31,S002,P015,22,18.0
INV-20260531-S002-P016,2026-05-31,S002,P016,62,56.0
INV-20260531-S002-P017,2026-05-31,S002,P017,160,56.0
INV-20260531-S002-P018,2026-05-31,S002,P018,482,99.0
INV-20260531-S002-P019,2026-05-31,S002,P019,151,64.0
INV-20260531-S002-P020,2026-05-31,S002,P020,217,55.0
INV-20260531-S002-P021,2026-05-31,S002,P021,231,35.0
INV-20260531-S002-P022,2026-05-31,S002,P022,142,41.0
INV-20260531-S002-P023,2026-05-31,S002,P023,79,59.0
INV-20260531-S002-P024,2026-05-31,S002,P024,56,51.0
INV-20260531-S002-P025,2026-05-31,S002,P025,170,12.0
INV-20260531-S002-P026,2026-05-31,S002,P026,109,88.0
INV-20260531-S002-P027,2026-05-31,S002,P027,342,95.0
INV-20260531-S002-P028,2026-05-31,S002,P028,244,23.0
INV-20260531-S002-P029,2026-05-31,S002,P029,79,62.0
INV-20260531-S002-P030,2026-05-31,S002,P030,240,20.0
INV-20260531-S002-P031,2026-05-31,S002,P031,78,74.0
INV-20260531-S002-P032,2026-05-31,S002,P032,187,37.0
INV-20260531-S002-P033,2026-05-31,S002,P033,329,72.0
INV-20260531-S002-P034,2026-05-31,S002,P034,100,79.0
INV-20260531-S002-P035,2026-05-31,S002,P035,179,83.0
INV-20260531-S002-P036,2026-05-31,S002,P036,102,20.0
INV-20260531-S002-P037,2026-05-31,S002,P037,236,97.0
INV-20260531-S002-P038,2026-05-31,S002,P038,222,32.0
INV-20260531-S002-P039,2026-05-31,S002,P039,44,14.0
INV-20260531-S002-P040,2026-05-31,S002,P040,197,62.0
INV-20260531-S002-P041,2026-05-31,S002,P041,215,45.0
INV-20260531-S002-P042,2026-05-31,S002,P042,184,88.0
INV-20260531-S002-P043,2026-05-31,S002,P043,430,86.0
INV-20260531-S002-P044,2026-05-31,S002,P044,79,40.0
INV-20260531-S002-P045,2026-05-31,S002,P045,210,100.0
INV-20260531-S002-P046,2026-05-31,S002,P046,134,37.0
INV-20260531-S002-P047,2026-05-31,S002,P047,163,59.0
INV-20260531-S002-P048,2026-05-31,S002,P048,253,34.0
INV-20260531-S002-P049,2026-05-31,S002,P049,215,98.0
INV-20260531-S002-P050,2026-05-31,S002,P050,55,26.0
INV-20260531-S003-P001,2026-05-31,S003,P001,227,57.0
INV-20260531-S003-P002,2026-05-31,S003,P002,272,41.0
INV-20260531-S003-P003,2026-05-31,S003,P003,158,24.0
INV-20260531-S003-P004,2026-05-31,S003,P004,94,20.0
INV-20260531-S003-P005,2026-05-31,S003,P005,92,66.0
INV-20260531-S003-P006,2026-05-31,S003,P006,190,26.0
INV-20260531-S003-P007,2026-05-31,S003,P007,235,97.0
INV-20260531-S003-P008,2026-05-31,S003,P008,110,65.0
INV-20260531-S003-P009,2026-05-31,S003,P009,240,43.0
INV-20260531-S003-P010,2026-05-31,S003,P010,180,66.0
INV-20260531-S003-P011,2026-05-31,S003,P011,292,12.0
INV-20260531-S003-P012,2026-05-31,S003,P012,214,101.0
INV-20260531-S003-P013,2026-05-31,S003,P013,168,56.0
INV-20260531-S003-P014,2026-05-31,S003,P014,346,84.0
INV-20260531-S003-P015,2026-05-31,S003,P015,42,18.0
INV-20260531-S003-P016,2026-05-31,S003,P016,243,56.0
INV-20260531-S003-P017,2026-05-31,S003,P017,174,56.0
INV-20260531-S003-P018,2026-05-31,S003,P018,407,99.0
INV-20260531-S003-P019,2026-05-31,S003,P019,191,64.0
INV-20260531-S003-P020,2026-05-31,S003,P020,238,55.0
INV-20260531-S003-P021,2026-05-31,S003,P021,221,35.0
INV-20260531-S003-P022,2026-05-31,S003,P022,229,41.0
INV-20260531-S003-P023,2026-05-31,S003,P023,62,59.0
INV-20260531-S003-P024,2026-05-31,S003,P024,78,51.0
INV-20260531-S003-P025,2026-05-31,S003,P025,263,12.0
INV-20260531-S003-P026,2026-05-31,S003,P026,435,88.0
INV-20260531-S003-P027,2026-05-31,S003,P027,472,95.0
INV-20260531-S003-P028,2026-05-31,S003,P028,35,23.0
INV-20260531-S003-P029,2026-05-31,S003,P029,102,62.0
INV-20260531-S003-P030,2026-05-31,S003,P030,63,20.0
INV-20260531-S003-P031,2026-05-31,S003,P031,265,74.0
INV-20260531-S003-P032,2026-05-31,S003,P032,245,37.0
INV-20260531-S003-P033,2026-05-31,S003,P033,255,72.0
INV-20260531-S003-P034,2026-05-31,S003,P034,141,79.0
INV-20260531-S003-P035,2026-05-31,S003,P035,332,83.0
INV-20260531-S003-P036,2026-05-31,S003,P036,100,20.0
INV-20260531-S003-P037,2026-05-31,S003,P037,301,97.0
INV-20260531-S003-P038,2026-05-31,S003,P038,160,32.0
INV-20260531-S003-P039,2026-05-31,S003,P039,298,14.0
INV-20260531-S003-P040,2026-05-31,S003,P040,91,62.0
INV-20260531-S003-P041,2026-05-31,S003,P041,279,45.0
INV-20260531-S003-P042,2026-05-31,S003,P042,440,88.0
INV-20260531-S003-P043,2026-05-31,S003,P043,92,86.0
INV-20260531-S003-P044,2026-05-31,S003,P044,159,40.0
INV-20260531-S003-P045,2026-05-31,S003,P045,249,100.0
INV-20260531-S003-P046,2026-05-31,S003,P046,116,37.0
INV-20260531-S003-P047,2026-05-31,S003,P047,196,59.0
INV-20260531-S003-P048,2026-05-31,S003,P048,108,34.0
INV-20260531-S003-P049,2026-05-31,S003,P049,121,98.0
INV-20260601-S001-P001,2026-06-01,S001,P001,268,57.0
INV-20260601-S001-P002,2026-06-01,S001,P002,94,41.0
INV-20260601-S001-P003,2026-06-01,S001,P003,90,24.0
INV-20260601-S001-P004,2026-06-01,S001,P004,159,20.0
INV-20260601-S001-P005,2026-06-01,S001,P005,161,66.0
INV-20260601-S001-P006,2026-06-01,S001,P006,336,26.0
INV-20260601-S001-P007,2026-06-01,S001,P007,177,97.0
INV-20260601-S001-P008,2026-06-01,S001,P008,131,65.0
INV-20260601-S001-P009,2026-06-01,S001,P009,113,43.0
INV-20260601-S001-P010,2026-06-01,S001,P010,331,66.0
INV-20260601-S001-P011,2026-06-01,S001,P011,310,12.0
INV-20260601-S001-P012,2026-06-01,S001,P012,388,101.0
INV-20260601-S001-P013,2026-06-01,S001,P013,148,56.0
INV-20260601-S001-P014,2026-06-01,S001,P014,95,84.0
INV-20260601-S001-P015,2026-06-01,S001,P015,36,18.0
INV-20260601-S001-P016,2026-06-01,S001,P016,270,56.0
INV-20260601-S001-P017,2026-06-01,S001,P017,58,56.0
INV-20260601-S001-P018,2026-06-01,S001,P018,228,99.0
INV-20260601-S001-P019,2026-06-01,S001,P019,94,64.0
INV-20260601-S001-P020,2026-06-01,S001,P020,125,55.0
INV-20260601-S001-P021,2026-06-01,S001,P021,62,35.0
INV-20260601-S001-P022,2026-06-01,S001,P022,144,41.0
INV-20260601-S001-P023,2026-06-01,S001,P023,243,59.0
INV-20260601-S001-P024,2026-06-01,S001,P024,223,51.0
INV-20260601-S001-P025,2026-06-01,S001,P025,331,12.0
INV-20260601-S001-P026,2026-06-01,S001,P026,113,88.0
INV-20260601-S001-P027,2026-06-01,S001,P027,361,95.0
INV-20260601-S001-P028,2026-06-01,S001,P028,242,23.0
INV-20260601-S001-P029,2026-06-01,S001,P029,228,62.0
INV-20260601-S001-P030,2026-06-01,S001,P030,96,20.0
INV-20260601-S001-P031,2026-06-01,S001,P031,87,74.0
INV-20260601-S001-P032,2026-06-01,S001,P032,258,37.0
INV-20260601-S001-P033,2026-06-01,S001,P033,130,72.0
INV-20260601-S001-P034,2026-06-01,S001,P034,182,79.0
INV-20260601-S001-P035,2026-06-01,S001,P035,95,83.0
INV-20260601-S001-P036,2026-06-01,S001,P036,45,20.0
INV-20260601-S001-P037,2026-06-01,S001,P037,119,97.0
INV-20260601-S001-P038,2026-06-01,S001,P038,261,32.0
INV-20260601-S001-P039,2026-06-01,S001,P039,320,14.0
INV-20260601-S001-P040,2026-06-01,S001,P040,156,62.0
INV-20260601-S001-P041,2026-06-01,S001,P041,156,45.0
INV-20260601-S001-P042,2026-06-01,S001,P042,161,88.0
INV-20260601-S001-P043,2026-06-01,S001,P043,213,86.0
INV-20260601-S001-P044,2026-06-01,S001,P044,133,40.0
INV-20260601-S001-P045,2026-06-01,S001,P045,338,100.0
INV-20260601-S001-P046,2026-06-01,S001,P046,227,37.0
INV-20260601-S001-P047,2026-06-01,S001,P047,118,59.0
INV-20260601-S001-P048,2026-06-01,S001,P048,172,34.0
INV-20260601-S001-P049,2026-06-01,S001,P049,200,98.0
INV-20260601-S001-P050,2026-06-01,S001,P050,93,26.0
INV-20260601-S002-P001,2026-06-01,S002,P001,174,57.0
INV-20260601-S002-P002,2026-06-01,S002,P002,151,41.0
INV-20260601-S002-P003,2026-06-01,S002,P003,80,24.0
INV-20260601-S002-P004,2026-06-01,S002,P004,404,20.0
INV-20260601-S002-P005,2026-06-01,S002,P005,209,66.0
INV-20260601-S002-P006,2026-06-01,S002,P006,123,26.0
INV-20260601-S002-P007,2026-06-01,S002,P007,227,97.0
INV-20260601-S002-P008,2026-06-01,S002,P008,77,65.0
INV-20260601-S002-P009,2026-06-01,S002,P009,211,43.0
INV-20260601-S002-P010,2026-06-01,S002,P010,264,66.0
INV-20260601-S002-P011,2026-06-01,S002,P011,82,12.0
INV-20260601-S002-P012,2026-06-01,S002,P012,498,101.0
INV-20260601-S002-P013,2026-06-01,S002,P013,129,56.0
INV-20260601-S002-P014,2026-06-01,S002,P014,106,84.0
INV-20260601-S002-P015,2026-06-01,S002,P015,90,18.0
INV-20260601-S002-P016,2026-06-01,S002,P016,275,56.0
INV-20260601-S002-P017,2026-06-01,S002,P017,146,56.0
INV-20260601-S002-P018,2026-06-01,S002,P018,459,99.0
INV-20260601-S002-P019,2026-06-01,S002,P019,139,64.0
INV-20260601-S002-P020,2026-06-01,S002,P020,208,55.0
INV-20260601-S002-P021,2026-06-01,S002,P021,227,35.0
INV-20260601-S002-P022,2026-06-01,S002,P022,135,41.0
INV-20260601-S002-P023,2026-06-01,S002,P023,60,59.0
INV-20260601-S002-P024,2026-06-01,S002,P024,253,51.0
INV-20260601-S002-P025,2026-06-01,S002,P025,168,12.0
INV-20260601-S002-P026,2026-06-01,S002,P026,93,88.0
INV-20260601-S002-P027,2026-06-01,S002,P027,323,95.0
INV-20260601-S002-P028,2026-06-01,S002,P028,243,23.0
INV-20260601-S002-P029,2026-06-01,S002,P029,69,62.0
INV-20260601-S002-P030,2026-06-01,S002,P030,235,20.0
INV-20260601-S002-P031,2026-06-01,S002,P031,352,74.0
INV-20260601-S002-P032,2026-06-01,S002,P032,185,37.0
INV-20260601-S002-P033,2026-06-01,S002,P033,319,72.0
INV-20260601-S002-P034,2026-06-01,S002,P034,86,79.0
INV-20260601-S002-P035,2026-06-01,S002,P035,163,83.0
INV-20260601-S002-P036,2026-06-01,S002,P036,98,20.0
INV-20260601-S002-P037,2026-06-01,S002,P037,215,97.0
INV-20260601-S002-P038,2026-06-01,S002,P038,220,32.0
INV-20260601-S002-P039,2026-06-01,S002,P039,42,14.0
INV-20260601-S002-P040,2026-06-01,S002,P040,189,62.0
INV-20260601-S002-P041,2026-06-01,S002,P041,203,45.0
INV-20260601-S002-P042,2026-06-01,S002,P042,165,88.0
INV-20260601-S002-P043,2026-06-01,S002,P043,412,86.0
INV-20260601-S002-P044,2026-06-01,S002,P044,73,40.0
INV-20260601-S002-P045,2026-06-01,S002,P045,190,100.0
INV-20260601-S002-P046,2026-06-01,S002,P046,131,37.0
INV-20260601-S002-P047,2026-06-01,S002,P047,150,59.0
INV-20260601-S002-P048,2026-06-01,S002,P048,241,34.0
INV-20260601-S002-P049,2026-06-01,S002,P049,197,98.0
INV-20260601-S002-P050,2026-06-01,S002,P050,51,26.0
INV-20260601-S003-P001,2026-06-01,S003,P001,223,57.0
INV-20260601-S003-P002,2026-06-01,S003,P002,266,41.0
INV-20260601-S003-P003,2026-06-01,S003,P003,156,24.0
INV-20260601-S003-P004,2026-06-01,S003,P004,87,20.0
INV-20260601-S003-P005,2026-06-01,S003,P005,83,66.0
INV-20260601-S003-P006,2026-06-01,S003,P006,186,26.0
INV-20260601-S003-P007,2026-06-01,S003,P007,225,97.0
INV-20260601-S003-P008,2026-06-01,S003,P008,99,65.0
INV-20260601-S003-P009,2026-06-01,S003,P009,233,43.0
INV-20260601-S003-P010,2026-06-01,S003,P010,167,66.0
INV-20260601-S003-P011,2026-06-01,S003,P011,290,12.0
INV-20260601-S003-P012,2026-06-01,S003,P012,195,101.0
INV-20260601-S003-P013,2026-06-01,S003,P013,162,56.0
INV-20260601-S003-P014,2026-06-01,S003,P014,337,84.0
INV-20260601-S003-P015,2026-06-01,S003,P015,41,18.0
INV-20260601-S003-P016,2026-06-01,S003,P016,236,56.0
INV-20260601-S003-P017,2026-06-01,S003,P017,165,56.0
INV-20260601-S003-P018,2026-06-01,S003,P018,392,99.0
INV-20260601-S003-P019,2026-06-01,S003,P019,183,64.0
INV-20260601-S003-P020,2026-06-01,S003,P020,229,55.0
INV-20260601-S003-P021,2026-06-01,S003,P021,214,35.0
INV-20260601-S003-P022,2026-06-01,S003,P022,221,41.0
INV-20260601-S003-P023,2026-06-01,S003,P023,291,59.0
INV-20260601-S003-P024,2026-06-01,S003,P024,77,51.0
INV-20260601-S003-P025,2026-06-01,S003,P025,261,12.0
INV-20260601-S003-P026,2026-06-01,S003,P026,415,88.0
INV-20260601-S003-P027,2026-06-01,S003,P027,460,95.0
INV-20260601-S003-P028,2026-06-01,S003,P028,31,23.0
INV-20260601-S003-P029,2026-06-01,S003,P029,92,62.0
INV-20260601-S003-P030,2026-06-01,S003,P030,60,20.0
INV-20260601-S003-P031,2026-06-01,S003,P031,257,74.0
INV-20260601-S003-P032,2026-06-01,S003,P032,243,37.0
INV-20260601-S003-P033,2026-06-01,S003,P033,250,72.0
INV-20260601-S003-P034,2026-06-01,S003,P034,131,79.0
INV-20260601-S003-P035,2026-06-01,S003,P035,321,83.0
INV-20260601-S003-P036,2026-06-01,S003,P036,98,20.0
INV-20260601-S003-P037,2026-06-01,S003,P037,296,97.0
INV-20260601-S003-P038,2026-06-01,S003,P038,157,32.0
INV-20260601-S003-P039,2026-06-01,S003,P039,296,14.0
INV-20260601-S003-P040,2026-06-01,S003,P040,85,62.0
INV-20260601-S003-P041,2026-06-01,S003,P041,269,45.0
INV-20260601-S003-P042,2026-06-01,S003,P042,423,88.0
INV-20260601-S003-P043,2026-06-01,S003,P043,431,86.0
INV-20260601-S003-P044,2026-06-01,S003,P044,153,40.0
INV-20260601-S003-P045,2026-06-01,S003,P045,239,100.0
INV-20260601-S003-P046,2026-06-01,S003,P046,112,37.0
INV-20260601-S003-P047,2026-06-01,S003,P047,188,59.0
INV-20260601-S003-P048,2026-06-01,S003,P048,101,34.0
INV-20260601-S003-P049,2026-06-01,S003,P049,111,98.0
INV-20260602-S001-P001,2026-06-02,S001,P001,263,57.0
INV-20260602-S001-P002,2026-06-02,S001,P002,87,41.0
INV-20260602-S001-P003,2026-06-02,S001,P003,88,24.0
INV-20260602-S001-P004,2026-06-02,S001,P004,156,20.0
INV-20260602-S001-P005,2026-06-02,S001,P005,153,66.0
INV-20260602-S001-P006,2026-06-02,S001,P006,331,26.0
INV-20260602-S001-P007,2026-06-02,S001,P007,167,97.0
INV-20260602-S001-P008,2026-06-02,S001,P008,125,65.0
INV-20260602-S001-P009,2026-06-02,S001,P009,105,43.0
INV-20260602-S001-P010,2026-06-02,S001,P010,324,66.0
INV-20260602-S001-P011,2026-06-02,S001,P011,307,12.0
INV-20260602-S001-P012,2026-06-02,S001,P012,375,101.0
INV-20260602-S001-P013,2026-06-02,S001,P013,138,56.0
INV-20260602-S001-P014,2026-06-02,S001,P014,421,84.0
INV-20260602-S001-P015,2026-06-02,S001,P015,33,18.0
INV-20260602-S001-P016,2026-06-02,S001,P016,259,56.0
INV-20260602-S001-P017,2026-06-02,S001,P017,278,56.0
INV-20260602-S001-P018,2026-06-02,S001,P018,211,99.0
INV-20260602-S001-P019,2026-06-02,S001,P019,82,64.0
INV-20260602-S001-P020,2026-06-02,S001,P020,119,55.0
INV-20260602-S001-P021,2026-06-02,S001,P021,59,35.0
INV-20260602-S001-P022,2026-06-02,S001,P022,141,41.0
INV-20260602-S001-P023,2026-06-02,S001,P023,236,59.0
INV-20260602-S001-P024,2026-06-02,S001,P024,215,51.0
INV-20260602-S001-P025,2026-06-02,S001,P025,330,12.0
INV-20260602-S001-P026,2026-06-02,S001,P026,99,88.0
INV-20260602-S001-P027,2026-06-02,S001,P027,347,95.0
INV-20260602-S001-P028,2026-06-02,S001,P028,240,23.0
INV-20260602-S001-P029,2026-06-02,S001,P029,220,62.0
INV-20260602-S001-P030,2026-06-02,S001,P030,94,20.0
INV-20260602-S001-P031,2026-06-02,S001,P031,78,74.0
INV-20260602-S001-P032,2026-06-02,S001,P032,253,37.0
INV-20260602-S001-P033,2026-06-02,S001,P033,123,72.0
INV-20260602-S001-P034,2026-06-02,S001,P034,164,79.0
INV-20260602-S001-P035,2026-06-02,S001,P035,85,83.0
INV-20260602-S001-P036,2026-06-02,S001,P036,40,20.0
INV-20260602-S001-P037,2026-06-02,S001,P037,107,97.0
INV-20260602-S001-P038,2026-06-02,S001,P038,253,32.0
INV-20260602-S001-P039,2026-06-02,S001,P039,317,14.0
INV-20260602-S001-P040,2026-06-02,S001,P040,143,62.0
INV-20260602-S001-P041,2026-06-02,S001,P041,150,45.0
INV-20260602-S001-P042,2026-06-02,S001,P042,151,88.0
INV-20260602-S001-P043,2026-06-02,S001,P043,201,86.0
INV-20260602-S001-P044,2026-06-02,S001,P044,129,40.0
INV-20260602-S001-P045,2026-06-02,S001,P045,323,100.0
INV-20260602-S001-P046,2026-06-02,S001,P046,220,37.0
INV-20260602-S001-P047,2026-06-02,S001,P047,108,59.0
INV-20260602-S001-P048,2026-06-02,S001,P048,167,34.0
INV-20260602-S001-P049,2026-06-02,S001,P049,179,98.0
INV-20260602-S001-P050,2026-06-02,S001,P050,88,26.0
INV-20260602-S002-P001,2026-06-02,S002,P001,162,57.0
INV-20260602-S002-P002,2026-06-02,S002,P002,145,41.0
INV-20260602-S002-P003,2026-06-02,S002,P003,77,24.0
INV-20260602-S002-P004,2026-06-02,S002,P004,402,20.0
INV-20260602-S002-P005,2026-06-02,S002,P005,204,66.0
INV-20260602-S002-P006,2026-06-02,S002,P006,120,26.0
INV-20260602-S002-P007,2026-06-02,S002,P007,227,97.0
INV-20260602-S002-P008,2026-06-02,S002,P008,69,65.0
INV-20260602-S002-P009,2026-06-02,S002,P009,208,43.0
INV-20260602-S002-P010,2026-06-02,S002,P010,248,66.0
INV-20260602-S002-P011,2026-06-02,S002,P011,80,12.0
INV-20260602-S002-P012,2026-06-02,S002,P012,483,101.0
INV-20260602-S002-P013,2026-06-02,S002,P013,116,56.0
INV-20260602-S002-P014,2026-06-02,S002,P014,95,84.0
INV-20260602-S002-P015,2026-06-02,S002,P015,86,18.0
INV-20260602-S002-P016,2026-06-02,S002,P016,266,56.0
INV-20260602-S002-P017,2026-06-02,S002,P017,139,56.0
INV-20260602-S002-P018,2026-06-02,S002,P018,440,99.0
INV-20260602-S002-P019,2026-06-02,S002,P019,131,64.0
INV-20260602-S002-P020,2026-06-02,S002,P020,199,55.0
INV-20260602-S002-P021,2026-06-02,S002,P021,222,35.0
INV-20260602-S002-P022,2026-06-02,S002,P022,128,41.0
INV-20260602-S002-P023,2026-06-02,S002,P023,292,59.0
INV-20260602-S002-P024,2026-06-02,S002,P024,242,51.0
INV-20260602-S002-P025,2026-06-02,S002,P025,168,12.0
INV-20260602-S002-P026,2026-06-02,S002,P026,431,88.0
INV-20260602-S002-P027,2026-06-02,S002,P027,305,95.0
INV-20260602-S002-P028,2026-06-02,S002,P028,242,23.0
INV-20260602-S002-P029,2026-06-02,S002,P029,311,62.0
INV-20260602-S002-P030,2026-06-02,S002,P030,232,20.0
INV-20260602-S002-P031,2026-06-02,S002,P031,346,74.0
INV-20260602-S002-P032,2026-06-02,S002,P032,177,37.0
INV-20260602-S002-P033,2026-06-02,S002,P033,304,72.0
INV-20260602-S002-P034,2026-06-02,S002,P034,389,79.0
INV-20260602-S002-P035,2026-06-02,S002,P035,153,83.0
INV-20260602-S002-P036,2026-06-02,S002,P036,96,20.0
INV-20260602-S002-P037,2026-06-02,S002,P037,200,97.0
INV-20260602-S002-P038,2026-06-02,S002,P038,212,32.0
INV-20260602-S002-P039,2026-06-02,S002,P039,39,14.0
INV-20260602-S002-P040,2026-06-02,S002,P040,177,62.0
INV-20260602-S002-P041,2026-06-02,S002,P041,198,45.0
INV-20260602-S002-P042,2026-06-02,S002,P042,153,88.0
INV-20260602-S002-P043,2026-06-02,S002,P043,407,86.0
INV-20260602-S002-P044,2026-06-02,S002,P044,67,40.0
INV-20260602-S002-P045,2026-06-02,S002,P045,173,100.0
INV-20260602-S002-P046,2026-06-02,S002,P046,128,37.0
INV-20260602-S002-P047,2026-06-02,S002,P047,138,59.0
INV-20260602-S002-P048,2026-06-02,S002,P048,234,34.0
INV-20260602-S002-P049,2026-06-02,S002,P049,176,98.0
INV-20260602-S002-P050,2026-06-02,S002,P050,47,26.0
INV-20260602-S003-P001,2026-06-02,S003,P001,218,57.0
INV-20260602-S003-P002,2026-06-02,S003,P002,256,41.0
INV-20260602-S003-P003,2026-06-02,S003,P003,152,24.0
INV-20260602-S003-P004,2026-06-02,S003,P004,86,20.0
INV-20260602-S003-P005,2026-06-02,S003,P005,73,66.0
INV-20260602-S003-P006,2026-06-02,S003,P006,185,26.0
INV-20260602-S003-P007,2026-06-02,S003,P007,211,97.0
INV-20260602-S003-P008,2026-06-02,S003,P008,88,65.0
INV-20260602-S003-P009,2026-06-02,S003,P009,226,43.0
INV-20260602-S003-P010,2026-06-02,S003,P010,154,66.0
INV-20260602-S003-P011,2026-06-02,S003,P011,286,12.0
INV-20260602-S003-P012,2026-06-02,S003,P012,180,101.0
INV-20260602-S003-P013,2026-06-02,S003,P013,158,56.0
INV-20260602-S003-P014,2026-06-02,S003,P014,330,84.0
INV-20260602-S003-P015,2026-06-02,S003,P015,40,18.0
INV-20260602-S003-P016,2026-06-02,S003,P016,229,56.0
INV-20260602-S003-P017,2026-06-02,S003,P017,160,56.0
INV-20260602-S003-P018,2026-06-02,S003,P018,378,99.0
INV-20260602-S003-P019,2026-06-02,S003,P019,178,64.0
INV-20260602-S003-P020,2026-06-02,S003,P020,225,55.0
INV-20260602-S003-P021,2026-06-02,S003,P021,206,35.0
INV-20260602-S003-P022,2026-06-02,S003,P022,220,41.0
INV-20260602-S003-P023,2026-06-02,S003,P023,280,59.0
INV-20260602-S003-P024,2026-06-02,S003,P024,74,51.0
INV-20260602-S003-P025,2026-06-02,S003,P025,260,12.0
INV-20260602-S003-P026,2026-06-02,S003,P026,406,88.0
INV-20260602-S003-P027,2026-06-02,S003,P027,450,95.0
INV-20260602-S003-P028,2026-06-02,S003,P028,29,23.0
INV-20260602-S003-P029,2026-06-02,S003,P029,82,62.0
INV-20260602-S003-P030,2026-06-02,S003,P030,58,20.0
INV-20260602-S003-P031,2026-06-02,S003,P031,252,74.0
INV-20260602-S003-P032,2026-06-02,S003,P032,235,37.0
INV-20260602-S003-P033,2026-06-02,S003,P033,245,72.0
INV-20260602-S003-P034,2026-06-02,S003,P034,126,79.0
INV-20260602-S003-P035,2026-06-02,S003,P035,313,83.0
INV-20260602-S003-P036,2026-06-02,S003,P036,97,20.0
INV-20260602-S003-P037,2026-06-02,S003,P037,288,97.0
INV-20260602-S003-P038,2026-06-02,S003,P038,151,32.0
INV-20260602-S003-P039,2026-06-02,S003,P039,295,14.0
INV-20260602-S003-P040,2026-06-02,S003,P040,76,62.0
INV-20260602-S003-P041,2026-06-02,S003,P041,264,45.0
INV-20260602-S003-P042,2026-06-02,S003,P042,412,88.0
INV-20260602-S003-P043,2026-06-02,S003,P043,420,86.0
INV-20260602-S003-P044,2026-06-02,S003,P044,147,40.0
INV-20260602-S003-P045,2026-06-02,S003,P045,230,100.0
INV-20260602-S003-P046,2026-06-02,S003,P046,105,37.0
INV-20260602-S003-P047,2026-06-02,S003,P047,178,59.0
INV-20260602-S003-P048,2026-06-02,S003,P048,97,34.0
INV-20260602-S003-P049,2026-06-02,S003,P049,100,98.0
INV-20260603-S001-P001,2026-06-03,S001,P001,256,57.0
INV-20260603-S001-P002,2026-06-03,S001,P002,84,41.0
INV-20260603-S001-P003,2026-06-03,S001,P003,80,24.0
INV-20260603-S001-P004,2026-06-03,S001,P004,152,20.0
INV-20260603-S001-P005,2026-06-03,S001,P005,140,66.0
INV-20260603-S001-P006,2026-06-03,S001,P006,325,26.0
INV-20260603-S001-P007,2026-06-03,S001,P007,153,97.0
INV-20260603-S001-P008,2026-06-03,S001,P008,116,65.0
INV-20260603-S001-P009,2026-06-03,S001,P009,98,43.0
INV-20260603-S001-P010,2026-06-03,S001,P010,319,66.0
INV-20260603-S001-P011,2026-06-03,S001,P011,303,12.0
INV-20260603-S001-P012,2026-06-03,S001,P012,362,101.0
INV-20260603-S001-P013,2026-06-03,S001,P013,134,56.0
INV-20260603-S001-P014,2026-06-03,S001,P014,412,84.0
INV-20260603-S001-P015,2026-06-03,S001,P015,31,18.0
INV-20260603-S001-P016,2026-06-03,S001,P016,255,56.0
INV-20260603-S001-P017,2026-06-03,S001,P017,269,56.0
INV-20260603-S001-P018,2026-06-03,S001,P018,198,99.0
INV-20260603-S001-P019,2026-06-03,S001,P019,73,64.0
INV-20260603-S001-P020,2026-06-03,S001,P020,110,55.0
INV-20260603-S001-P021,2026-06-03,S001,P021,57,35.0
INV-20260603-S001-P022,2026-06-03,S001,P022,137,41.0
INV-20260603-S001-P023,2026-06-03,S001,P023,231,59.0
INV-20260603-S001-P024,2026-06-03,S001,P024,213,51.0
INV-20260603-S001-P025,2026-06-03,S001,P025,329,12.0
INV-20260603-S001-P026,2026-06-03,S001,P026,442,88.0
INV-20260603-S001-P027,2026-06-03,S001,P027,328,95.0
INV-20260603-S001-P028,2026-06-03,S001,P028,236,23.0
INV-20260603-S001-P029,2026-06-03,S001,P029,210,62.0
INV-20260603-S001-P030,2026-06-03,S001,P030,92,20.0
INV-20260603-S001-P031,2026-06-03,S001,P031,365,74.0
INV-20260603-S001-P032,2026-06-03,S001,P032,245,37.0
INV-20260603-S001-P033,2026-06-03,S001,P033,114,72.0
INV-20260603-S001-P034,2026-06-03,S001,P034,153,79.0
INV-20260603-S001-P035,2026-06-03,S001,P035,409,83.0
INV-20260603-S001-P036,2026-06-03,S001,P036,35,20.0
INV-20260603-S001-P037,2026-06-03,S001,P037,100,97.0
INV-20260603-S001-P038,2026-06-03,S001,P038,250,32.0
INV-20260603-S001-P039,2026-06-03,S001,P039,312,14.0
INV-20260603-S001-P040,2026-06-03,S001,P040,140,62.0
INV-20260603-S001-P041,2026-06-03,S001,P041,140,45.0
INV-20260603-S001-P042,2026-06-03,S001,P042,141,88.0
INV-20260603-S001-P043,2026-06-03,S001,P043,194,86.0
INV-20260603-S001-P044,2026-06-03,S001,P044,116,40.0
INV-20260603-S001-P045,2026-06-03,S001,P045,311,100.0
INV-20260603-S001-P046,2026-06-03,S001,P046,214,37.0
INV-20260603-S001-P047,2026-06-03,S001,P047,103,59.0
INV-20260603-S001-P048,2026-06-03,S001,P048,159,34.0
INV-20260603-S001-P049,2026-06-03,S001,P049,164,98.0
INV-20260603-S001-P050,2026-06-03,S001,P050,83,26.0
INV-20260603-S002-P001,2026-06-03,S002,P001,153,57.0
INV-20260603-S002-P002,2026-06-03,S002,P002,139,41.0
INV-20260603-S002-P003,2026-06-03,S002,P003,74,24.0
INV-20260603-S002-P004,2026-06-03,S002,P004,402,20.0
INV-20260603-S002-P005,2026-06-03,S002,P005,198,66.0
INV-20260603-S002-P006,2026-06-03,S002,P006,117,26.0
INV-20260603-S002-P007,2026-06-03,S002,P007,227,97.0
INV-20260603-S002-P008,2026-06-03,S002,P008,315,65.0
INV-20260603-S002-P009,2026-06-03,S002,P009,196,43.0
INV-20260603-S002-P010,2026-06-03,S002,P010,236,66.0
INV-20260603-S002-P011,2026-06-03,S002,P011,78,12.0
INV-20260603-S002-P012,2026-06-03,S002,P012,469,101.0
INV-20260603-S002-P013,2026-06-03,S002,P013,106,56.0
INV-20260603-S002-P014,2026-06-03,S002,P014,91,84.0
INV-20260603-S002-P015,2026-06-03,S002,P015,83,18.0
INV-20260603-S002-P016,2026-06-03,S002,P016,250,56.0
INV-20260603-S002-P017,2026-06-03,S002,P017,130,56.0
INV-20260603-S002-P018,2026-06-03,S002,P018,431,99.0
INV-20260603-S002-P019,2026-06-03,S002,P019,119,64.0
INV-20260603-S002-P020,2026-06-03,S002,P020,188,55.0
INV-20260603-S002-P021,2026-06-03,S002,P021,220,35.0
INV-20260603-S002-P022,2026-06-03,S002,P022,124,41.0
INV-20260603-S002-P023,2026-06-03,S002,P023,287,59.0
INV-20260603-S002-P024,2026-06-03,S002,P024,232,51.0
INV-20260603-S002-P025,2026-06-03,S002,P025,167,12.0
INV-20260603-S002-P026,2026-06-03,S002,P026,415,88.0
INV-20260603-S002-P027,2026-06-03,S002,P027,290,95.0
INV-20260603-S002-P028,2026-06-03,S002,P028,238,23.0
INV-20260603-S002-P029,2026-06-03,S002,P029,302,62.0
INV-20260603-S002-P030,2026-06-03,S002,P030,230,20.0
INV-20260603-S002-P031,2026-06-03,S002,P031,337,74.0
INV-20260603-S002-P032,2026-06-03,S002,P032,175,37.0
INV-20260603-S002-P033,2026-06-03,S002,P033,289,72.0
INV-20260603-S002-P034,2026-06-03,S002,P034,378,79.0
INV-20260603-S002-P035,2026-06-03,S002,P035,149,83.0
INV-20260603-S002-P036,2026-06-03,S002,P036,94,20.0
INV-20260603-S002-P037,2026-06-03,S002,P037,184,97.0
INV-20260603-S002-P038,2026-06-03,S002,P038,206,32.0
INV-20260603-S002-P039,2026-06-03,S002,P039,34,14.0
INV-20260603-S002-P040,2026-06-03,S002,P040,162,62.0
INV-20260603-S002-P041,2026-06-03,S002,P041,194,45.0
INV-20260603-S002-P042,2026-06-03,S002,P042,141,88.0
INV-20260603-S002-P043,2026-06-03,S002,P043,393,86.0
INV-20260603-S002-P044,2026-06-03,S002,P044,60,40.0
INV-20260603-S002-P045,2026-06-03,S002,P045,149,100.0
INV-20260603-S002-P046,2026-06-03,S002,P046,119,37.0
INV-20260603-S002-P047,2026-06-03,S002,P047,128,59.0
INV-20260603-S002-P048,2026-06-03,S002,P048,223,34.0
INV-20260603-S002-P049,2026-06-03,S002,P049,164,98.0
INV-20260603-S002-P050,2026-06-03,S002,P050,39,26.0
INV-20260603-S003-P001,2026-06-03,S003,P001,211,57.0
INV-20260603-S003-P002,2026-06-03,S003,P002,248,41.0
INV-20260603-S003-P003,2026-06-03,S003,P003,150,24.0
INV-20260603-S003-P004,2026-06-03,S003,P004,84,20.0
INV-20260603-S003-P005,2026-06-03,S003,P005,328,66.0
INV-20260603-S003-P006,2026-06-03,S003,P006,183,26.0
INV-20260603-S003-P007,2026-06-03,S003,P007,197,97.0
INV-20260603-S003-P008,2026-06-03,S003,P008,83,65.0
INV-20260603-S003-P009,2026-06-03,S003,P009,220,43.0
INV-20260603-S003-P010,2026-06-03,S003,P010,148,66.0
INV-20260603-S003-P011,2026-06-03,S003,P011,286,12.0
INV-20260603-S003-P012,2026-06-03,S003,P012,173,101.0
INV-20260603-S003-P013,2026-06-03,S003,P013,151,56.0
INV-20260603-S003-P014,2026-06-03,S003,P014,316,84.0
INV-20260603-S003-P015,2026-06-03,S003,P015,40,18.0
INV-20260603-S003-P016,2026-06-03,S003,P016,225,56.0
INV-20260603-S003-P017,2026-06-03,S003,P017,154,56.0
INV-20260603-S003-P018,2026-06-03,S003,P018,366,99.0
INV-20260603-S003-P019,2026-06-03,S003,P019,173,64.0
INV-20260603-S003-P020,2026-06-03,S003,P020,217,55.0
INV-20260603-S003-P021,2026-06-03,S003,P021,200,35.0
INV-20260603-S003-P022,2026-06-03,S003,P022,212,41.0
INV-20260603-S003-P023,2026-06-03,S003,P023,277,59.0
INV-20260603-S003-P024,2026-06-03,S003,P024,68,51.0
INV-20260603-S003-P025,2026-06-03,S003,P025,258,12.0
INV-20260603-S003-P026,2026-06-03,S003,P026,400,88.0
INV-20260603-S003-P027,2026-06-03,S003,P027,440,95.0
INV-20260603-S003-P028,2026-06-03,S003,P028,26,23.0
INV-20260603-S003-P029,2026-06-03,S003,P029,77,62.0
INV-20260603-S003-P030,2026-06-03,S003,P030,58,20.0
INV-20260603-S003-P031,2026-06-03,S003,P031,241,74.0
INV-20260603-S003-P032,2026-06-03,S003,P032,231,37.0
INV-20260603-S003-P033,2026-06-03,S003,P033,243,72.0
INV-20260603-S003-P034,2026-06-03,S003,P034,116,79.0
INV-20260603-S003-P035,2026-06-03,S003,P035,306,83.0
INV-20260603-S003-P036,2026-06-03,S003,P036,96,20.0
INV-20260603-S003-P037,2026-06-03,S003,P037,283,97.0
INV-20260603-S003-P038,2026-06-03,S003,P038,150,32.0
INV-20260603-S003-P039,2026-06-03,S003,P039,294,14.0
INV-20260603-S003-P040,2026-06-03,S003,P040,69,62.0
INV-20260603-S003-P041,2026-06-03,S003,P041,261,45.0
INV-20260603-S003-P042,2026-06-03,S003,P042,400,88.0
INV-20260603-S003-P043,2026-06-03,S003,P043,414,86.0
INV-20260603-S003-P044,2026-06-03,S003,P044,143,40.0
INV-20260603-S003-P045,2026-06-03,S003,P045,213,100.0
INV-20260603-S003-P046,2026-06-03,S003,P046,99,37.0
INV-20260603-S003-P047,2026-06-03,S003,P047,170,59.0
INV-20260603-S003-P048,2026-06-03,S003,P048,92,34.0
INV-20260603-S003-P049,2026-06-03,S003,P049,483,98.0
INV-20260604-S001-P001,2026-06-04,S001,P001,250,57.0
INV-20260604-S001-P002,2026-06-04,S001,P002,74,41.0
INV-20260604-S001-P003,2026-06-04,S001,P003,73,24.0
INV-20260604-S001-P004,2026-06-04,S001,P004,150,20.0
INV-20260604-S001-P005,2026-06-04,S001,P005,124,66.0
INV-20260604-S001-P006,2026-06-04,S001,P006,318,26.0
INV-20260604-S001-P007,2026-06-04,S001,P007,146,97.0
INV-20260604-S001-P008,2026-06-04,S001,P008,110,65.0
INV-20260604-S001-P009,2026-06-04,S001,P009,92,43.0
INV-20260604-S001-P010,2026-06-04,S001,P010,308,66.0
INV-20260604-S001-P011,2026-06-04,S001,P011,299,12.0
INV-20260604-S001-P012,2026-06-04,S001,P012,352,101.0
INV-20260604-S001-P013,2026-06-04,S001,P013,126,56.0
INV-20260604-S001-P014,2026-06-04,S001,P014,402,84.0
INV-20260604-S001-P015,2026-06-04,S001,P015,31,18.0
INV-20260604-S001-P016,2026-06-04,S001,P016,248,56.0
INV-20260604-S001-P017,2026-06-04,S001,P017,257,56.0
INV-20260604-S001-P018,2026-06-04,S001,P018,188,99.0
INV-20260604-S001-P019,2026-06-04,S001,P019,65,64.0
INV-20260604-S001-P020,2026-06-04,S001,P020,103,55.0
INV-20260604-S001-P021,2026-06-04,S001,P021,52,35.0
INV-20260604-S001-P022,2026-06-04,S001,P022,133,41.0
INV-20260604-S001-P023,2026-06-04,S001,P023,221,59.0
INV-20260604-S001-P024,2026-06-04,S001,P024,206,51.0
INV-20260604-S001-P025,2026-06-04,S001,P025,327,12.0
INV-20260604-S001-P026,2026-06-04,S001,P026,429,88.0
INV-20260604-S001-P027,2026-06-04,S001,P027,312,95.0
INV-20260604-S001-P028,2026-06-04,S001,P028,232,23.0
INV-20260604-S001-P029,2026-06-04,S001,P029,199,62.0
INV-20260604-S001-P030,2026-06-04,S001,P030,90,20.0
INV-20260604-S001-P031,2026-06-04,S001,P031,353,74.0
INV-20260604-S001-P032,2026-06-04,S001,P032,240,37.0
INV-20260604-S001-P033,2026-06-04,S001,P033,92,72.0
INV-20260604-S001-P034,2026-06-04,S001,P034,145,79.0
INV-20260604-S001-P035,2026-06-04,S001,P035,400,83.0
INV-20260604-S001-P036,2026-06-04,S001,P036,33,20.0
INV-20260604-S001-P037,2026-06-04,S001,P037,482,97.0
INV-20260604-S001-P038,2026-06-04,S001,P038,248,32.0
INV-20260604-S001-P039,2026-06-04,S001,P039,312,14.0
INV-20260604-S001-P040,2026-06-04,S001,P040,134,62.0
INV-20260604-S001-P041,2026-06-04,S001,P041,135,45.0
INV-20260604-S001-P042,2026-06-04,S001,P042,134,88.0
INV-20260604-S001-P043,2026-06-04,S001,P043,181,86.0
INV-20260604-S001-P044,2026-06-04,S001,P044,109,40.0
INV-20260604-S001-P045,2026-06-04,S001,P045,292,100.0
INV-20260604-S001-P046,2026-06-04,S001,P046,207,37.0
INV-20260604-S001-P047,2026-06-04,S001,P047,96,59.0
INV-20260604-S001-P048,2026-06-04,S001,P048,155,34.0
INV-20260604-S001-P049,2026-06-04,S001,P049,151,98.0
INV-20260604-S001-P050,2026-06-04,S001,P050,78,26.0
INV-20260604-S002-P001,2026-06-04,S002,P001,143,57.0
INV-20260604-S002-P002,2026-06-04,S002,P002,136,41.0
INV-20260604-S002-P003,2026-06-04,S002,P003,70,24.0
INV-20260604-S002-P004,2026-06-04,S002,P004,402,20.0
INV-20260604-S002-P005,2026-06-04,S002,P005,188,66.0
INV-20260604-S002-P006,2026-06-04,S002,P006,114,26.0
INV-20260604-S002-P007,2026-06-04,S002,P007,227,97.0
INV-20260604-S002-P008,2026-06-04,S002,P008,303,65.0
INV-20260604-S002-P009,2026-06-04,S002,P009,189,43.0
INV-20260604-S002-P010,2026-06-04,S002,P010,226,66.0
INV-20260604-S002-P011,2026-06-04,S002,P011,76,12.0
INV-20260604-S002-P012,2026-06-04,S002,P012,453,101.0
INV-20260604-S002-P013,2026-06-04,S002,P013,98,56.0
INV-20260604-S002-P014,2026-06-04,S002,P014,410,84.0
INV-20260604-S002-P015,2026-06-04,S002,P015,79,18.0
INV-20260604-S002-P016,2026-06-04,S002,P016,242,56.0
INV-20260604-S002-P017,2026-06-04,S002,P017,121,56.0
INV-20260604-S002-P018,2026-06-04,S002,P018,415,99.0
INV-20260604-S002-P019,2026-06-04,S002,P019,109,64.0
INV-20260604-S002-P020,2026-06-04,S002,P020,177,55.0
INV-20260604-S002-P021,2026-06-04,S002,P021,212,35.0
INV-20260604-S002-P022,2026-06-04,S002,P022,116,41.0
INV-20260604-S002-P023,2026-06-04,S002,P023,277,59.0
INV-20260604-S002-P024,2026-06-04,S002,P024,228,51.0
INV-20260604-S002-P025,2026-06-04,S002,P025,164,12.0
INV-20260604-S002-P026,2026-06-04,S002,P026,397,88.0
INV-20260604-S002-P027,2026-06-04,S002,P027,268,95.0
INV-20260604-S002-P028,2026-06-04,S002,P028,232,23.0
INV-20260604-S002-P029,2026-06-04,S002,P029,287,62.0
INV-20260604-S002-P030,2026-06-04,S002,P030,226,20.0
INV-20260604-S002-P031,2026-06-04,S002,P031,331,74.0
INV-20260604-S002-P032,2026-06-04,S002,P032,167,37.0
INV-20260604-S002-P033,2026-06-04,S002,P033,278,72.0
INV-20260604-S002-P034,2026-06-04,S002,P034,362,79.0
INV-20260604-S002-P035,2026-06-04,S002,P035,135,83.0
INV-20260604-S002-P036,2026-06-04,S002,P036,89,20.0
INV-20260604-S002-P037,2026-06-04,S002,P037,168,97.0
INV-20260604-S002-P038,2026-06-04,S002,P038,200,32.0
INV-20260604-S002-P039,2026-06-04,S002,P039,31,14.0
INV-20260604-S002-P040,2026-06-04,S002,P040,156,62.0
INV-20260604-S002-P041,2026-06-04,S002,P041,188,45.0
INV-20260604-S002-P042,2026-06-04,S002,P042,123,88.0
INV-20260604-S002-P043,2026-06-04,S002,P043,379,86.0
INV-20260604-S002-P044,2026-06-04,S002,P044,56,40.0
INV-20260604-S002-P045,2026-06-04,S002,P045,132,100.0
INV-20260604-S002-P046,2026-06-04,S002,P046,116,37.0
INV-20260604-S002-P047,2026-06-04,S002,P047,122,59.0
INV-20260604-S002-P048,2026-06-04,S002,P048,211,34.0
INV-20260604-S002-P049,2026-06-04,S002,P049,153,98.0
INV-20260604-S002-P050,2026-06-04,S002,P050,35,26.0
INV-20260604-S003-P001,2026-06-04,S003,P001,202,57.0
INV-20260604-S003-P002,2026-06-04,S003,P002,243,41.0
INV-20260604-S003-P003,2026-06-04,S003,P003,146,24.0
INV-20260604-S003-P004,2026-06-04,S003,P004,82,20.0
INV-20260604-S003-P005,2026-06-04,S003,P005,316,66.0
INV-20260604-S003-P006,2026-06-04,S003,P006,181,26.0
INV-20260604-S003-P007,2026-06-04,S003,P007,189,97.0
INV-20260604-S003-P008,2026-06-04,S003,P008,75,65.0
INV-20260604-S003-P009,2026-06-04,S003,P009,218,43.0
INV-20260604-S003-P010,2026-06-04,S003,P010,142,66.0
INV-20260604-S003-P011,2026-06-04,S003,P011,285,12.0
INV-20260604-S003-P012,2026-06-04,S003,P012,153,101.0
INV-20260604-S003-P013,2026-06-04,S003,P013,147,56.0
INV-20260604-S003-P014,2026-06-04,S003,P014,306,84.0
INV-20260604-S003-P015,2026-06-04,S003,P015,39,18.0
INV-20260604-S003-P016,2026-06-04,S003,P016,216,56.0
INV-20260604-S003-P017,2026-06-04,S003,P017,149,56.0
INV-20260604-S003-P018,2026-06-04,S003,P018,355,99.0
INV-20260604-S003-P019,2026-06-04,S003,P019,167,64.0
INV-20260604-S003-P020,2026-06-04,S003,P020,212,55.0
INV-20260604-S003-P021,2026-06-04,S003,P021,197,35.0
INV-20260604-S003-P022,2026-06-04,S003,P022,209,41.0
INV-20260604-S003-P023,2026-06-04,S003,P023,274,59.0
INV-20260604-S003-P024,2026-06-04,S003,P024,64,51.0
INV-20260604-S003-P025,2026-06-04,S003,P025,258,12.0
INV-20260604-S003-P026,2026-06-04,S003,P026,395,88.0
INV-20260604-S003-P027,2026-06-04,S003,P027,420,95.0
INV-20260604-S003-P028,2026-06-04,S003,P028,118,23.0
INV-20260604-S003-P029,2026-06-04,S003,P029,73,62.0
INV-20260604-S003-P030,2026-06-04,S003,P030,53,20.0
INV-20260604-S003-P031,2026-06-04,S003,P031,235,74.0
INV-20260604-S003-P032,2026-06-04,S003,P032,229,37.0
INV-20260604-S003-P033,2026-06-04,S003,P033,235,72.0
INV-20260604-S003-P034,2026-06-04,S003,P034,103,79.0
INV-20260604-S003-P035,2026-06-04,S003,P035,296,83.0
INV-20260604-S003-P036,2026-06-04,S003,P036,94,20.0
INV-20260604-S003-P037,2026-06-04,S003,P037,274,97.0
INV-20260604-S003-P038,2026-06-04,S003,P038,147,32.0
INV-20260604-S003-P039,2026-06-04,S003,P039,292,14.0
INV-20260604-S003-P040,2026-06-04,S003,P040,312,62.0
INV-20260604-S003-P041,2026-06-04,S003,P041,254,45.0
INV-20260604-S003-P042,2026-06-04,S003,P042,387,88.0
INV-20260604-S003-P043,2026-06-04,S003,P043,404,86.0
INV-20260604-S003-P044,2026-06-04,S003,P044,141,40.0
INV-20260604-S003-P045,2026-06-04,S003,P045,200,100.0
INV-20260604-S003-P046,2026-06-04,S003,P046,92,37.0
INV-20260604-S003-P047,2026-06-04,S003,P047,166,59.0
INV-20260604-S003-P048,2026-06-04,S003,P048,88,34.0
INV-20260604-S003-P049,2026-06-04,S003,P049,476,98.0
INV-20260605-S001-P001,2026-06-05,S001,P001,239,57.0
INV-20260605-S001-P002,2026-06-05,S001,P002,66,41.0
INV-20260605-S001-P003,2026-06-05,S001,P003,71,24.0
INV-20260605-S001-P004,2026-06-05,S001,P004,148,20.0
INV-20260605-S001-P005,2026-06-05,S001,P005,113,66.0
INV-20260605-S001-P006,2026-06-05,S001,P006,316,26.0
INV-20260605-S001-P007,2026-06-05,S001,P007,136,97.0
INV-20260605-S001-P008,2026-06-05,S001,P008,100,65.0
INV-20260605-S001-P009,2026-06-05,S001,P009,90,43.0
INV-20260605-S001-P010,2026-06-05,S001,P010,305,66.0
INV-20260605-S001-P011,2026-06-05,S001,P011,299,12.0
INV-20260605-S001-P012,2026-06-05,S001,P012,330,101.0
INV-20260605-S001-P013,2026-06-05,S001,P013,119,56.0
INV-20260605-S001-P014,2026-06-05,S001,P014,385,84.0
INV-20260605-S001-P015,2026-06-05,S001,P015,28,18.0
INV-20260605-S001-P016,2026-06-05,S001,P016,242,56.0
INV-20260605-S001-P017,2026-06-05,S001,P017,251,56.0
INV-20260605-S001-P018,2026-06-05,S001,P018,174,99.0
INV-20260605-S001-P019,2026-06-05,S001,P019,314,64.0
INV-20260605-S001-P020,2026-06-05,S001,P020,93,55.0
INV-20260605-S001-P021,2026-06-05,S001,P021,48,35.0
INV-20260605-S001-P022,2026-06-05,S001,P022,124,41.0
INV-20260605-S001-P023,2026-06-05,S001,P023,214,59.0
INV-20260605-S001-P024,2026-06-05,S001,P024,196,51.0
INV-20260605-S001-P025,2026-06-05,S001,P025,327,12.0
INV-20260605-S001-P026,2026-06-05,S001,P026,411,88.0
INV-20260605-S001-P027,2026-06-05,S001,P027,295,95.0
INV-20260605-S001-P028,2026-06-05,S001,P028,227,23.0
INV-20260605-S001-P029,2026-06-05,S001,P029,192,62.0
INV-20260605-S001-P030,2026-06-05,S001,P030,82,20.0
INV-20260605-S001-P031,2026-06-05,S001,P031,344,74.0
INV-20260605-S001-P032,2026-06-05,S001,P032,231,37.0
INV-20260605-S001-P033,2026-06-05,S001,P033,79,72.0
INV-20260605-S001-P034,2026-06-05,S001,P034,133,79.0
INV-20260605-S001-P035,2026-06-05,S001,P035,387,83.0
INV-20260605-S001-P036,2026-06-05,S001,P036,31,20.0
INV-20260605-S001-P037,2026-06-05,S001,P037,468,97.0
INV-20260605-S001-P038,2026-06-05,S001,P038,243,32.0
INV-20260605-S001-P039,2026-06-05,S001,P039,309,14.0
INV-20260605-S001-P040,2026-06-05,S001,P040,120,62.0
INV-20260605-S001-P041,2026-06-05,S001,P041,130,45.0
INV-20260605-S001-P042,2026-06-05,S001,P042,121,88.0
INV-20260605-S001-P043,2026-06-05,S001,P043,171,86.0
INV-20260605-S001-P044,2026-06-05,S001,P044,100,40.0
INV-20260605-S001-P045,2026-06-05,S001,P045,277,100.0
INV-20260605-S001-P046,2026-06-05,S001,P046,202,37.0
INV-20260605-S001-P047,2026-06-05,S001,P047,82,59.0
INV-20260605-S001-P048,2026-06-05,S001,P048,147,34.0
INV-20260605-S001-P049,2026-06-05,S001,P049,146,98.0
INV-20260605-S001-P050,2026-06-05,S001,P050,73,26.0
INV-20260605-S002-P001,2026-06-05,S002,P001,132,57.0
INV-20260605-S002-P002,2026-06-05,S002,P002,128,41.0
INV-20260605-S002-P003,2026-06-05,S002,P003,67,24.0
INV-20260605-S002-P004,2026-06-05,S002,P004,401,20.0
INV-20260605-S002-P005,2026-06-05,S002,P005,179,66.0
INV-20260605-S002-P006,2026-06-05,S002,P006,110,26.0
INV-20260605-S002-P007,2026-06-05,S002,P007,227,97.0
INV-20260605-S002-P008,2026-06-05,S002,P008,297,65.0
INV-20260605-S002-P009,2026-06-05,S002,P009,183,43.0
INV-20260605-S002-P010,2026-06-05,S002,P010,223,66.0
INV-20260605-S002-P011,2026-06-05,S002,P011,75,12.0
INV-20260605-S002-P012,2026-06-05,S002,P012,438,101.0
INV-20260605-S002-P013,2026-06-05,S002,P013,92,56.0
INV-20260605-S002-P014,2026-06-05,S002,P014,395,84.0
INV-20260605-S002-P015,2026-06-05,S002,P015,75,18.0
INV-20260605-S002-P016,2026-06-05,S002,P016,231,56.0
INV-20260605-S002-P017,2026-06-05,S002,P017,110,56.0
INV-20260605-S002-P018,2026-06-05,S002,P018,403,99.0
INV-20260605-S002-P019,2026-06-05,S002,P019,95,64.0
INV-20260605-S002-P020,2026-06-05,S002,P020,164,55.0
INV-20260605-S002-P021,2026-06-05,S002,P021,201,35.0
INV-20260605-S002-P022,2026-06-05,S002,P022,107,41.0
INV-20260605-S002-P023,2026-06-05,S002,P023,273,59.0
INV-20260605-S002-P024,2026-06-05,S002,P024,218,51.0
INV-20260605-S002-P025,2026-06-05,S002,P025,161,12.0
INV-20260605-S002-P026,2026-06-05,S002,P026,378,88.0
INV-20260605-S002-P027,2026-06-05,S002,P027,250,95.0
INV-20260605-S002-P028,2026-06-05,S002,P028,229,23.0
INV-20260605-S002-P029,2026-06-05,S002,P029,278,62.0
INV-20260605-S002-P030,2026-06-05,S002,P030,220,20.0
INV-20260605-S002-P031,2026-06-05,S002,P031,317,74.0
INV-20260605-S002-P032,2026-06-05,S002,P032,161,37.0
INV-20260605-S002-P033,2026-06-05,S002,P033,267,72.0
INV-20260605-S002-P034,2026-06-05,S002,P034,347,79.0
INV-20260605-S002-P035,2026-06-05,S002,P035,116,83.0
INV-20260605-S002-P036,2026-06-05,S002,P036,84,20.0
INV-20260605-S002-P037,2026-06-05,S002,P037,150,97.0
INV-20260605-S002-P038,2026-06-05,S002,P038,195,32.0
INV-20260605-S002-P039,2026-06-05,S002,P039,29,14.0
INV-20260605-S002-P040,2026-06-05,S002,P040,144,62.0
INV-20260605-S002-P041,2026-06-05,S002,P041,178,45.0
INV-20260605-S002-P042,2026-06-05,S002,P042,114,88.0
INV-20260605-S002-P043,2026-06-05,S002,P043,361,86.0
INV-20260605-S002-P044,2026-06-05,S002,P044,52,40.0
INV-20260605-S002-P045,2026-06-05,S002,P045,120,100.0
INV-20260605-S002-P046,2026-06-05,S002,P046,115,37.0
INV-20260605-S002-P047,2026-06-05,S002,P047,112,59.0
INV-20260605-S002-P048,2026-06-05,S002,P048,205,34.0
INV-20260605-S002-P049,2026-06-05,S002,P049,139,98.0
INV-20260605-S002-P050,2026-06-05,S002,P050,130,26.0
INV-20260605-S003-P001,2026-06-05,S003,P001,196,57.0
INV-20260605-S003-P002,2026-06-05,S003,P002,238,41.0
INV-20260605-S003-P003,2026-06-05,S003,P003,142,24.0
INV-20260605-S003-P004,2026-06-05,S003,P004,77,20.0
INV-20260605-S003-P005,2026-06-05,S003,P005,308,66.0
INV-20260605-S003-P006,2026-06-05,S003,P006,178,26.0
INV-20260605-S003-P007,2026-06-05,S003,P007,177,97.0
INV-20260605-S003-P008,2026-06-05,S003,P008,68,65.0
INV-20260605-S003-P009,2026-06-05,S003,P009,214,43.0
INV-20260605-S003-P010,2026-06-05,S003,P010,133,66.0
INV-20260605-S003-P011,2026-06-05,S003,P011,284,12.0
INV-20260605-S003-P012,2026-06-05,S003,P012,129,101.0
INV-20260605-S003-P013,2026-06-05,S003,P013,138,56.0
INV-20260605-S003-P014,2026-06-05,S003,P014,296,84.0
INV-20260605-S003-P015,2026-06-05,S003,P015,36,18.0
INV-20260605-S003-P016,2026-06-05,S003,P016,210,56.0
INV-20260605-S003-P017,2026-06-05,S003,P017,147,56.0
INV-20260605-S003-P018,2026-06-05,S003,P018,343,99.0
INV-20260605-S003-P019,2026-06-05,S003,P019,158,64.0
INV-20260605-S003-P020,2026-06-05,S003,P020,199,55.0
INV-20260605-S003-P021,2026-06-05,S003,P021,195,35.0
INV-20260605-S003-P022,2026-06-05,S003,P022,203,41.0
INV-20260605-S003-P023,2026-06-05,S003,P023,272,59.0
INV-20260605-S003-P024,2026-06-05,S003,P024,56,51.0
INV-20260605-S003-P025,2026-06-05,S003,P025,257,12.0
INV-20260605-S003-P026,2026-06-05,S003,P026,382,88.0
INV-20260605-S003-P027,2026-06-05,S003,P027,410,95.0
INV-20260605-S003-P028,2026-06-05,S003,P028,115,23.0
INV-20260605-S003-P029,2026-06-05,S003,P029,312,62.0
INV-20260605-S003-P030,2026-06-05,S003,P030,50,20.0
INV-20260605-S003-P031,2026-06-05,S003,P031,228,74.0
INV-20260605-S003-P032,2026-06-05,S003,P032,224,37.0
INV-20260605-S003-P033,2026-06-05,S003,P033,231,72.0
INV-20260605-S003-P034,2026-06-05,S003,P034,88,79.0
INV-20260605-S003-P035,2026-06-05,S003,P035,286,83.0
INV-20260605-S003-P036,2026-06-05,S003,P036,87,20.0
INV-20260605-S003-P037,2026-06-05,S003,P037,259,97.0
INV-20260605-S003-P038,2026-06-05,S003,P038,142,32.0
INV-20260605-S003-P039,2026-06-05,S003,P039,291,14.0
INV-20260605-S003-P040,2026-06-05,S003,P040,306,62.0
INV-20260605-S003-P041,2026-06-05,S003,P041,249,45.0
INV-20260605-S003-P042,2026-06-05,S003,P042,381,88.0
INV-20260605-S003-P043,2026-06-05,S003,P043,398,86.0
INV-20260605-S003-P044,2026-06-05,S003,P044,135,40.0
INV-20260605-S003-P045,2026-06-05,S003,P045,189,100.0
INV-20260605-S003-P046,2026-06-05,S003,P046,88,37.0
INV-20260605-S003-P047,2026-06-05,S003,P047,161,59.0
INV-20260605-S003-P048,2026-06-05,S003,P048,84,34.0
INV-20260605-S003-P049,2026-06-05,S003,P049,462,98.0
INV-20260606-S001-P001,2026-06-06,S001,P001,231,57.0
INV-20260606-S001-P002,2026-06-06,S001,P002,64,41.0
INV-20260606-S001-P003,2026-06-06,S001,P003,70,24.0
INV-20260606-S001-P004,2026-06-06,S001,P004,143,20.0
INV-20260606-S001-P005,2026-06-06,S001,P005,98,66.0
INV-20260606-S001-P006,2026-06-06,S001,P006,310,26.0
INV-20260606-S001-P007,2026-06-06,S001,P007,121,97.0
INV-20260606-S001-P008,2026-06-06,S001,P008,91,65.0
INV-20260606-S001-P009,2026-06-06,S001,P009,86,43.0
INV-20260606-S001-P010,2026-06-06,S001,P010,295,66.0
INV-20260606-S001-P011,2026-06-06,S001,P011,298,12.0
INV-20260606-S001-P012,2026-06-06,S001,P012,312,101.0
INV-20260606-S001-P013,2026-06-06,S001,P013,110,56.0
INV-20260606-S001-P014,2026-06-06,S001,P014,375,84.0
INV-20260606-S001-P015,2026-06-06,S001,P015,26,18.0
INV-20260606-S001-P016,2026-06-06,S001,P016,238,56.0
INV-20260606-S001-P017,2026-06-06,S001,P017,244,56.0
INV-20260606-S001-P018,2026-06-06,S001,P018,159,99.0
INV-20260606-S001-P019,2026-06-06,S001,P019,298,64.0
INV-20260606-S001-P020,2026-06-06,S001,P020,88,55.0
INV-20260606-S001-P021,2026-06-06,S001,P021,40,35.0
INV-20260606-S001-P022,2026-06-06,S001,P022,117,41.0
INV-20260606-S001-P023,2026-06-06,S001,P023,206,59.0
INV-20260606-S001-P024,2026-06-06,S001,P024,182,51.0
INV-20260606-S001-P025,2026-06-06,S001,P025,327,12.0
INV-20260606-S001-P026,2026-06-06,S001,P026,392,88.0
INV-20260606-S001-P027,2026-06-06,S001,P027,278,95.0
INV-20260606-S001-P028,2026-06-06,S001,P028,223,23.0
INV-20260606-S001-P029,2026-06-06,S001,P029,183,62.0
INV-20260606-S001-P030,2026-06-06,S001,P030,77,20.0
INV-20260606-S001-P031,2026-06-06,S001,P031,331,74.0
INV-20260606-S001-P032,2026-06-06,S001,P032,229,37.0
INV-20260606-S001-P033,2026-06-06,S001,P033,359,72.0
INV-20260606-S001-P034,2026-06-06,S001,P034,118,79.0
INV-20260606-S001-P035,2026-06-06,S001,P035,377,83.0
INV-20260606-S001-P036,2026-06-06,S001,P036,30,20.0
INV-20260606-S001-P037,2026-06-06,S001,P037,453,97.0
INV-20260606-S001-P038,2026-06-06,S001,P038,237,32.0
INV-20260606-S001-P039,2026-06-06,S001,P039,307,14.0
INV-20260606-S001-P040,2026-06-06,S001,P040,110,62.0
INV-20260606-S001-P041,2026-06-06,S001,P041,128,45.0
INV-20260606-S001-P042,2026-06-06,S001,P042,108,88.0
INV-20260606-S001-P043,2026-06-06,S001,P043,154,86.0
INV-20260606-S001-P044,2026-06-06,S001,P044,95,40.0
INV-20260606-S001-P045,2026-06-06,S001,P045,251,100.0
INV-20260606-S001-P046,2026-06-06,S001,P046,197,37.0
INV-20260606-S001-P047,2026-06-06,S001,P047,72,59.0
INV-20260606-S001-P048,2026-06-06,S001,P048,141,34.0
INV-20260606-S001-P049,2026-06-06,S001,P049,131,98.0
INV-20260606-S001-P050,2026-06-06,S001,P050,65,26.0
INV-20260606-S002-P001,2026-06-06,S002,P001,121,57.0
INV-20260606-S002-P002,2026-06-06,S002,P002,121,41.0
INV-20260606-S002-P003,2026-06-06,S002,P003,66,24.0
INV-20260606-S002-P004,2026-06-06,S002,P004,400,20.0
INV-20260606-S002-P005,2026-06-06,S002,P005,165,66.0
INV-20260606-S002-P006,2026-06-06,S002,P006,106,26.0
INV-20260606-S002-P007,2026-06-06,S002,P007,227,97.0
INV-20260606-S002-P008,2026-06-06,S002,P008,278,65.0
INV-20260606-S002-P009,2026-06-06,S002,P009,173,43.0
INV-20260606-S002-P010,2026-06-06,S002,P010,212,66.0
INV-20260606-S002-P011,2026-06-06,S002,P011,73,12.0
INV-20260606-S002-P012,2026-06-06,S002,P012,421,101.0
INV-20260606-S002-P013,2026-06-06,S002,P013,78,56.0
INV-20260606-S002-P014,2026-06-06,S002,P014,379,84.0
INV-20260606-S002-P015,2026-06-06,S002,P015,71,18.0
INV-20260606-S002-P016,2026-06-06,S002,P016,216,56.0
INV-20260606-S002-P017,2026-06-06,S002,P017,98,56.0
INV-20260606-S002-P018,2026-06-06,S002,P018,386,99.0
INV-20260606-S002-P019,2026-06-06,S002,P019,78,64.0
INV-20260606-S002-P020,2026-06-06,S002,P020,155,55.0
INV-20260606-S002-P021,2026-06-06,S002,P021,196,35.0
INV-20260606-S002-P022,2026-06-06,S002,P022,99,41.0
INV-20260606-S002-P023,2026-06-06,S002,P023,258,59.0
INV-20260606-S002-P024,2026-06-06,S002,P024,203,51.0
INV-20260606-S002-P025,2026-06-06,S002,P025,157,12.0
INV-20260606-S002-P026,2026-06-06,S002,P026,354,88.0
INV-20260606-S002-P027,2026-06-06,S002,P027,226,95.0
INV-20260606-S002-P028,2026-06-06,S002,P028,226,23.0
INV-20260606-S002-P029,2026-06-06,S002,P029,265,62.0
INV-20260606-S002-P030,2026-06-06,S002,P030,213,20.0
INV-20260606-S002-P031,2026-06-06,S002,P031,304,74.0
INV-20260606-S002-P032,2026-06-06,S002,P032,156,37.0
INV-20260606-S002-P033,2026-06-06,S002,P033,250,72.0
INV-20260606-S002-P034,2026-06-06,S002,P034,329,79.0
INV-20260606-S002-P035,2026-06-06,S002,P035,103,83.0
INV-20260606-S002-P036,2026-06-06,S002,P036,80,20.0
INV-20260606-S002-P037,2026-06-06,S002,P037,142,97.0
INV-20260606-S002-P038,2026-06-06,S002,P038,190,32.0
INV-20260606-S002-P039,2026-06-06,S002,P039,28,14.0
INV-20260606-S002-P040,2026-06-06,S002,P040,133,62.0
INV-20260606-S002-P041,2026-06-06,S002,P041,167,45.0
INV-20260606-S002-P042,2026-06-06,S002,P042,101,88.0
INV-20260606-S002-P043,2026-06-06,S002,P043,339,86.0
INV-20260606-S002-P044,2026-06-06,S002,P044,46,40.0
INV-20260606-S002-P045,2026-06-06,S002,P045,501,100.0
INV-20260606-S002-P046,2026-06-06,S002,P046,108,37.0
INV-20260606-S002-P047,2026-06-06,S002,P047,100,59.0
INV-20260606-S002-P048,2026-06-06,S002,P048,199,34.0
INV-20260606-S002-P049,2026-06-06,S002,P049,116,98.0
INV-20260606-S002-P050,2026-06-06,S002,P050,128,26.0
INV-20260606-S003-P001,2026-06-06,S003,P001,191,57.0
INV-20260606-S003-P002,2026-06-06,S003,P002,236,41.0
INV-20260606-S003-P003,2026-06-06,S003,P003,138,24.0
INV-20260606-S003-P004,2026-06-06,S003,P004,69,20.0
INV-20260606-S003-P005,2026-06-06,S003,P005,298,66.0
INV-20260606-S003-P006,2026-06-06,S003,P006,176,26.0
INV-20260606-S003-P007,2026-06-06,S003,P007,157,97.0
INV-20260606-S003-P008,2026-06-06,S003,P008,322,65.0
INV-20260606-S003-P009,2026-06-06,S003,P009,208,43.0
INV-20260606-S003-P010,2026-06-06,S003,P010,123,66.0
INV-20260606-S003-P011,2026-06-06,S003,P011,281,12.0
INV-20260606-S003-P012,2026-06-06,S003,P012,119,101.0
INV-20260606-S003-P013,2026-06-06,S003,P013,136,56.0
INV-20260606-S003-P014,2026-06-06,S003,P014,288,84.0
INV-20260606-S003-P015,2026-06-06,S003,P015,36,18.0
INV-20260606-S003-P016,2026-06-06,S003,P016,203,56.0
INV-20260606-S003-P017,2026-06-06,S003,P017,140,56.0
INV-20260606-S003-P018,2026-06-06,S003,P018,335,99.0
INV-20260606-S003-P019,2026-06-06,S003,P019,150,64.0
INV-20260606-S003-P020,2026-06-06,S003,P020,190,55.0
INV-20260606-S003-P021,2026-06-06,S003,P021,186,35.0
INV-20260606-S003-P022,2026-06-06,S003,P022,200,41.0
INV-20260606-S003-P023,2026-06-06,S003,P023,262,59.0
INV-20260606-S003-P024,2026-06-06,S003,P024,258,51.0
INV-20260606-S003-P025,2026-06-06,S003,P025,256,12.0
INV-20260606-S003-P026,2026-06-06,S003,P026,371,88.0
INV-20260606-S003-P027,2026-06-06,S003,P027,399,95.0
INV-20260606-S003-P028,2026-06-06,S003,P028,115,23.0
INV-20260606-S003-P029,2026-06-06,S003,P029,301,62.0
INV-20260606-S003-P030,2026-06-06,S003,P030,50,20.0
INV-20260606-S003-P031,2026-06-06,S003,P031,219,74.0
INV-20260606-S003-P032,2026-06-06,S003,P032,214,37.0
INV-20260606-S003-P033,2026-06-06,S003,P033,227,72.0
INV-20260606-S003-P034,2026-06-06,S003,P034,82,79.0
INV-20260606-S003-P035,2026-06-06,S003,P035,274,83.0
INV-20260606-S003-P036,2026-06-06,S003,P036,85,20.0
INV-20260606-S003-P037,2026-06-06,S003,P037,247,97.0
INV-20260606-S003-P038,2026-06-06,S003,P038,139,32.0
INV-20260606-S003-P039,2026-06-06,S003,P039,290,14.0
INV-20260606-S003-P040,2026-06-06,S003,P040,301,62.0
INV-20260606-S003-P041,2026-06-06,S003,P041,242,45.0
INV-20260606-S003-P042,2026-06-06,S003,P042,365,88.0
INV-20260606-S003-P043,2026-06-06,S003,P043,392,86.0
INV-20260606-S003-P044,2026-06-06,S003,P044,133,40.0
INV-20260606-S003-P045,2026-06-06,S003,P045,178,100.0
INV-20260606-S003-P046,2026-06-06,S003,P046,88,37.0
INV-20260606-S003-P047,2026-06-06,S003,P047,154,59.0
INV-20260606-S003-P048,2026-06-06,S003,P048,78,34.0
INV-20260606-S003-P049,2026-06-06,S003,P049,441,98.0
INV-20260607-S001-P001,2026-06-07,S001,P001,217,57.0
INV-20260607-S001-P002,2026-06-07,S001,P002,57,41.0
INV-20260607-S001-P003,2026-06-07,S001,P003,69,24.0
INV-20260607-S001-P004,2026-06-07,S001,P004,142,20.0
INV-20260607-S001-P005,2026-06-07,S001,P005,91,66.0
INV-20260607-S001-P006,2026-06-07,S001,P006,305,26.0
INV-20260607-S001-P007,2026-06-07,S001,P007,102,97.0
INV-20260607-S001-P008,2026-06-07,S001,P008,76,65.0
INV-20260607-S001-P009,2026-06-07,S001,P009,79,43.0
INV-20260607-S001-P010,2026-06-07,S001,P010,286,66.0
INV-20260607-S001-P011,2026-06-07,S001,P011,294,12.0
INV-20260607-S001-P012,2026-06-07,S001,P012,292,101.0
INV-20260607-S001-P013,2026-06-07,S001,P013,98,56.0
INV-20260607-S001-P014,2026-06-07,S001,P014,367,84.0
INV-20260607-S001-P015,2026-06-07,S001,P015,22,18.0
INV-20260607-S001-P016,2026-06-07,S001,P016,231,56.0
INV-20260607-S001-P017,2026-06-07,S001,P017,230,56.0
INV-20260607-S001-P018,2026-06-07,S001,P018,146,99.0
INV-20260607-S001-P019,2026-06-07,S001,P019,289,64.0
INV-20260607-S001-P020,2026-06-07,S001,P020,78,55.0
INV-20260607-S001-P021,2026-06-07,S001,P021,175,35.0
INV-20260607-S001-P022,2026-06-07,S001,P022,112,41.0
INV-20260607-S001-P023,2026-06-07,S001,P023,198,59.0
INV-20260607-S001-P024,2026-06-07,S001,P024,173,51.0
INV-20260607-S001-P025,2026-06-07,S001,P025,326,12.0
INV-20260607-S001-P026,2026-06-07,S001,P026,377,88.0
INV-20260607-S001-P027,2026-06-07,S001,P027,264,95.0
INV-20260607-S001-P028,2026-06-07,S001,P028,218,23.0
INV-20260607-S001-P029,2026-06-07,S001,P029,172,62.0
INV-20260607-S001-P030,2026-06-07,S001,P030,73,20.0
INV-20260607-S001-P031,2026-06-07,S001,P031,321,74.0
INV-20260607-S001-P032,2026-06-07,S001,P032,223,37.0
INV-20260607-S001-P033,2026-06-07,S001,P033,348,72.0
INV-20260607-S001-P034,2026-06-07,S001,P034,111,79.0
INV-20260607-S001-P035,2026-06-07,S001,P035,368,83.0
INV-20260607-S001-P036,2026-06-07,S001,P036,27,20.0
INV-20260607-S001-P037,2026-06-07,S001,P037,436,97.0
INV-20260607-S001-P038,2026-06-07,S001,P038,233,32.0
INV-20260607-S001-P039,2026-06-07,S001,P039,307,14.0
INV-20260607-S001-P040,2026-06-07,S001,P040,99,62.0
INV-20260607-S001-P041,2026-06-07,S001,P041,121,45.0
INV-20260607-S001-P042,2026-06-07,S001,P042,92,88.0
INV-20260607-S001-P043,2026-06-07,S001,P043,141,86.0
INV-20260607-S001-P044,2026-06-07,S001,P044,89,40.0
INV-20260607-S001-P045,2026-06-07,S001,P045,236,100.0
INV-20260607-S001-P046,2026-06-07,S001,P046,192,37.0
INV-20260607-S001-P047,2026-06-07,S001,P047,64,59.0
INV-20260607-S001-P048,2026-06-07,S001,P048,138,34.0
INV-20260607-S001-P049,2026-06-07,S001,P049,114,98.0
INV-20260607-S001-P050,2026-06-07,S001,P050,62,26.0
INV-20260607-S002-P001,2026-06-07,S002,P001,107,57.0
INV-20260607-S002-P002,2026-06-07,S002,P002,115,41.0
INV-20260607-S002-P003,2026-06-07,S002,P003,65,24.0
INV-20260607-S002-P004,2026-06-07,S002,P004,400,20.0
INV-20260607-S002-P005,2026-06-07,S002,P005,154,66.0
INV-20260607-S002-P006,2026-06-07,S002,P006,105,26.0
INV-20260607-S002-P007,2026-06-07,S002,P007,227,97.0
INV-20260607-S002-P008,2026-06-07,S002,P008,265,65.0
INV-20260607-S002-P009,2026-06-07,S002,P009,164,43.0
INV-20260607-S002-P010,2026-06-07,S002,P010,201,66.0
INV-20260607-S002-P011,2026-06-07,S002,P011,69,12.0
INV-20260607-S002-P012,2026-06-07,S002,P012,396,101.0
INV-20260607-S002-P013,2026-06-07,S002,P013,72,56.0
INV-20260607-S002-P014,2026-06-07,S002,P014,363,84.0
INV-20260607-S002-P015,2026-06-07,S002,P015,67,18.0
INV-20260607-S002-P016,2026-06-07,S002,P016,205,56.0
INV-20260607-S002-P017,2026-06-07,S002,P017,87,56.0
INV-20260607-S002-P018,2026-06-07,S002,P018,365,99.0
INV-20260607-S002-P019,2026-06-07,S002,P019,68,64.0
INV-20260607-S002-P020,2026-06-07,S002,P020,150,55.0
INV-20260607-S002-P021,2026-06-07,S002,P021,184,35.0
INV-20260607-S002-P022,2026-06-07,S002,P022,90,41.0
INV-20260607-S002-P023,2026-06-07,S002,P023,245,59.0
INV-20260607-S002-P024,2026-06-07,S002,P024,193,51.0
INV-20260607-S002-P025,2026-06-07,S002,P025,153,12.0
INV-20260607-S002-P026,2026-06-07,S002,P026,334,88.0
INV-20260607-S002-P027,2026-06-07,S002,P027,204,95.0
INV-20260607-S002-P028,2026-06-07,S002,P028,223,23.0
INV-20260607-S002-P029,2026-06-07,S002,P029,252,62.0
INV-20260607-S002-P030,2026-06-07,S002,P030,211,20.0
INV-20260607-S002-P031,2026-06-07,S002,P031,288,74.0
INV-20260607-S002-P032,2026-06-07,S002,P032,148,37.0
INV-20260607-S002-P033,2026-06-07,S002,P033,239,72.0
INV-20260607-S002-P034,2026-06-07,S002,P034,312,79.0
INV-20260607-S002-P035,2026-06-07,S002,P035,85,83.0
INV-20260607-S002-P036,2026-06-07,S002,P036,75,20.0
INV-20260607-S002-P037,2026-06-07,S002,P037,121,97.0
INV-20260607-S002-P038,2026-06-07,S002,P038,185,32.0
INV-20260607-S002-P039,2026-06-07,S002,P039,24,14.0
INV-20260607-S002-P040,2026-06-07,S002,P040,122,62.0
INV-20260607-S002-P041,2026-06-07,S002,P041,154,45.0
INV-20260607-S002-P042,2026-06-07,S002,P042,438,88.0
INV-20260607-S002-P043,2026-06-07,S002,P043,326,86.0
INV-20260607-S002-P044,2026-06-07,S002,P044,198,40.0
INV-20260607-S002-P045,2026-06-07,S002,P045,485,100.0
INV-20260607-S002-P046,2026-06-07,S002,P046,100,37.0
INV-20260607-S002-P047,2026-06-07,S002,P047,89,59.0
INV-20260607-S002-P048,2026-06-07,S002,P048,193,34.0
INV-20260607-S002-P049,2026-06-07,S002,P049,100,98.0
INV-20260607-S002-P050,2026-06-07,S002,P050,124,26.0
INV-20260607-S003-P001,2026-06-07,S003,P001,184,57.0
INV-20260607-S003-P002,2026-06-07,S003,P002,233,41.0
INV-20260607-S003-P003,2026-06-07,S003,P003,136,24.0
INV-20260607-S003-P004,2026-06-07,S003,P004,67,20.0
INV-20260607-S003-P005,2026-06-07,S003,P005,291,66.0
INV-20260607-S003-P006,2026-06-07,S003,P006,174,26.0
INV-20260607-S003-P007,2026-06-07,S003,P007,142,97.0
INV-20260607-S003-P008,2026-06-07,S003,P008,313,65.0
INV-20260607-S003-P009,2026-06-07,S003,P009,202,43.0
INV-20260607-S003-P010,2026-06-07,S003,P010,110,66.0
INV-20260607-S003-P011,2026-06-07,S003,P011,280,12.0
INV-20260607-S003-P012,2026-06-07,S003,P012,107,101.0
INV-20260607-S003-P013,2026-06-07,S003,P013,131,56.0
INV-20260607-S003-P014,2026-06-07,S003,P014,278,84.0
INV-20260607-S003-P015,2026-06-07,S003,P015,35,18.0
INV-20260607-S003-P016,2026-06-07,S003,P016,197,56.0
INV-20260607-S003-P017,2026-06-07,S003,P017,136,56.0
INV-20260607-S003-P018,2026-06-07,S003,P018,318,99.0
INV-20260607-S003-P019,2026-06-07,S003,P019,139,64.0
INV-20260607-S003-P020,2026-06-07,S003,P020,183,55.0
INV-20260607-S003-P021,2026-06-07,S003,P021,181,35.0
INV-20260607-S003-P022,2026-06-07,S003,P022,197,41.0
INV-20260607-S003-P023,2026-06-07,S003,P023,254,59.0
INV-20260607-S003-P024,2026-06-07,S003,P024,249,51.0
INV-20260607-S003-P025,2026-06-07,S003,P025,256,12.0
INV-20260607-S003-P026,2026-06-07,S003,P026,352,88.0
INV-20260607-S003-P027,2026-06-07,S003,P027,380,95.0
INV-20260607-S003-P028,2026-06-07,S003,P028,111,23.0
INV-20260607-S003-P029,2026-06-07,S003,P029,294,62.0
INV-20260607-S003-P030,2026-06-07,S003,P030,49,20.0
INV-20260607-S003-P031,2026-06-07,S003,P031,202,74.0
INV-20260607-S003-P032,2026-06-07,S003,P032,209,37.0
INV-20260607-S003-P033,2026-06-07,S003,P033,222,72.0
INV-20260607-S003-P034,2026-06-07,S003,P034,386,79.0
INV-20260607-S003-P035,2026-06-07,S003,P035,259,83.0
INV-20260607-S003-P036,2026-06-07,S003,P036,82,20.0
INV-20260607-S003-P037,2026-06-07,S003,P037,232,97.0
INV-20260607-S003-P038,2026-06-07,S003,P038,134,32.0
INV-20260607-S003-P039,2026-06-07,S003,P039,287,14.0
INV-20260607-S003-P040,2026-06-07,S003,P040,294,62.0
INV-20260607-S003-P041,2026-06-07,S003,P041,235,45.0
INV-20260607-S003-P042,2026-06-07,S003,P042,349,88.0
INV-20260607-S003-P043,2026-06-07,S003,P043,376,86.0
INV-20260607-S003-P044,2026-06-07,S003,P044,125,40.0
INV-20260607-S003-P045,2026-06-07,S003,P045,169,100.0
INV-20260607-S003-P046,2026-06-07,S003,P046,81,37.0
INV-20260607-S003-P047,2026-06-07,S003,P047,147,59.0
INV-20260607-S003-P048,2026-06-07,S003,P048,75,34.0
INV-20260607-S003-P049,2026-06-07,S003,P049,427,98.0
INV-20260608-S001-P001,2026-06-08,S001,P001,210,57.0
INV-20260608-S001-P002,2026-06-08,S001,P002,49,41.0
INV-20260608-S001-P003,2026-06-08,S001,P003,65,24.0
INV-20260608-S001-P004,2026-06-08,S001,P004,139,20.0
INV-20260608-S001-P005,2026-06-08,S001,P005,79,66.0
INV-20260608-S001-P006,2026-06-08,S001,P006,301,26.0
INV-20260608-S001-P007,2026-06-08,S001,P007,477,97.0
INV-20260608-S001-P008,2026-06-08,S001,P008,69,65.0
INV-20260608-S001-P009,2026-06-08,S001,P009,73,43.0
INV-20260608-S001-P010,2026-06-08,S001,P010,279,66.0
INV-20260608-S001-P011,2026-06-08,S001,P011,292,12.0
INV-20260608-S001-P012,2026-06-08,S001,P012,278,101.0
INV-20260608-S001-P013,2026-06-08,S001,P013,86,56.0
INV-20260608-S001-P014,2026-06-08,S001,P014,354,84.0
INV-20260608-S001-P015,2026-06-08,S001,P015,91,18.0
INV-20260608-S001-P016,2026-06-08,S001,P016,224,56.0
INV-20260608-S001-P017,2026-06-08,S001,P017,221,56.0
INV-20260608-S001-P018,2026-06-08,S001,P018,136,99.0
INV-20260608-S001-P019,2026-06-08,S001,P019,284,64.0
INV-20260608-S001-P020,2026-06-08,S001,P020,70,55.0
INV-20260608-S001-P021,2026-06-08,S001,P021,172,35.0
INV-20260608-S001-P022,2026-06-08,S001,P022,103,41.0
INV-20260608-S001-P023,2026-06-08,S001,P023,183,59.0
INV-20260608-S001-P024,2026-06-08,S001,P024,168,51.0
INV-20260608-S001-P025,2026-06-08,S001,P025,325,12.0
INV-20260608-S001-P026,2026-06-08,S001,P026,364,88.0
INV-20260608-S001-P027,2026-06-08,S001,P027,253,95.0
INV-20260608-S001-P028,2026-06-08,S001,P028,209,23.0
INV-20260608-S001-P029,2026-06-08,S001,P029,162,62.0
INV-20260608-S001-P030,2026-06-08,S001,P030,72,20.0
INV-20260608-S001-P031,2026-06-08,S001,P031,304,74.0
INV-20260608-S001-P032,2026-06-08,S001,P032,214,37.0
INV-20260608-S001-P033,2026-06-08,S001,P033,338,72.0
INV-20260608-S001-P034,2026-06-08,S001,P034,101,79.0
INV-20260608-S001-P035,2026-06-08,S001,P035,357,83.0
INV-20260608-S001-P036,2026-06-08,S001,P036,24,20.0
INV-20260608-S001-P037,2026-06-08,S001,P037,427,97.0
INV-20260608-S001-P038,2026-06-08,S001,P038,228,32.0
INV-20260608-S001-P039,2026-06-08,S001,P039,305,14.0
INV-20260608-S001-P040,2026-06-08,S001,P040,80,62.0
INV-20260608-S001-P041,2026-06-08,S001,P041,108,45.0
INV-20260608-S001-P042,2026-06-08,S001,P042,433,88.0
INV-20260608-S001-P043,2026-06-08,S001,P043,130,86.0
INV-20260608-S001-P044,2026-06-08,S001,P044,83,40.0
INV-20260608-S001-P045,2026-06-08,S001,P045,223,100.0
INV-20260608-S001-P046,2026-06-08,S001,P046,188,37.0
INV-20260608-S001-P047,2026-06-08,S001,P047,289,59.0
INV-20260608-S001-P048,2026-06-08,S001,P048,133,34.0
INV-20260608-S001-P049,2026-06-08,S001,P049,485,98.0
INV-20260608-S001-P050,2026-06-08,S001,P050,60,26.0
INV-20260608-S002-P001,2026-06-08,S002,P001,98,57.0
INV-20260608-S002-P002,2026-06-08,S002,P002,107,41.0
INV-20260608-S002-P003,2026-06-08,S002,P003,64,24.0
INV-20260608-S002-P004,2026-06-08,S002,P004,400,20.0
INV-20260608-S002-P005,2026-06-08,S002,P005,148,66.0
INV-20260608-S002-P006,2026-06-08,S002,P006,97,26.0
INV-20260608-S002-P007,2026-06-08,S002,P007,227,97.0
INV-20260608-S002-P008,2026-06-08,S002,P008,252,65.0
INV-20260608-S002-P009,2026-06-08,S002,P009,158,43.0
INV-20260608-S002-P010,2026-06-08,S002,P010,186,66.0
INV-20260608-S002-P011,2026-06-08,S002,P011,66,12.0
INV-20260608-S002-P012,2026-06-08,S002,P012,375,101.0
INV-20260608-S002-P013,2026-06-08,S002,P013,63,56.0
INV-20260608-S002-P014,2026-06-08,S002,P014,351,84.0
INV-20260608-S002-P015,2026-06-08,S002,P015,65,18.0
INV-20260608-S002-P016,2026-06-08,S002,P016,194,56.0
INV-20260608-S002-P017,2026-06-08,S002,P017,75,56.0
INV-20260608-S002-P018,2026-06-08,S002,P018,344,99.0
INV-20260608-S002-P019,2026-06-08,S002,P019,314,64.0
INV-20260608-S002-P020,2026-06-08,S002,P020,141,55.0
INV-20260608-S002-P021,2026-06-08,S002,P021,176,35.0
INV-20260608-S002-P022,2026-06-08,S002,P022,77,41.0
INV-20260608-S002-P023,2026-06-08,S002,P023,237,59.0
INV-20260608-S002-P024,2026-06-08,S002,P024,186,51.0
INV-20260608-S002-P025,2026-06-08,S002,P025,151,12.0
INV-20260608-S002-P026,2026-06-08,S002,P026,321,88.0
INV-20260608-S002-P027,2026-06-08,S002,P027,194,95.0
INV-20260608-S002-P028,2026-06-08,S002,P028,217,23.0
INV-20260608-S002-P029,2026-06-08,S002,P029,240,62.0
INV-20260608-S002-P030,2026-06-08,S002,P030,206,20.0
INV-20260608-S002-P031,2026-06-08,S002,P031,281,74.0
INV-20260608-S002-P032,2026-06-08,S002,P032,143,37.0
INV-20260608-S002-P033,2026-06-08,S002,P033,227,72.0
INV-20260608-S002-P034,2026-06-08,S002,P034,298,79.0
INV-20260608-S002-P035,2026-06-08,S002,P035,394,83.0
INV-20260608-S002-P036,2026-06-08,S002,P036,69,20.0
INV-20260608-S002-P037,2026-06-08,S002,P037,100,97.0
INV-20260608-S002-P038,2026-06-08,S002,P038,181,32.0
INV-20260608-S002-P039,2026-06-08,S002,P039,19,14.0
INV-20260608-S002-P040,2026-06-08,S002,P040,110,62.0
INV-20260608-S002-P041,2026-06-08,S002,P041,148,45.0
INV-20260608-S002-P042,2026-06-08,S002,P042,417,88.0
INV-20260608-S002-P043,2026-06-08,S002,P043,310,86.0
INV-20260608-S002-P044,2026-06-08,S002,P044,193,40.0
INV-20260608-S002-P045,2026-06-08,S002,P045,460,100.0
INV-20260608-S002-P046,2026-06-08,S002,P046,96,37.0
INV-20260608-S002-P047,2026-06-08,S002,P047,74,59.0
INV-20260608-S002-P048,2026-06-08,S002,P048,187,34.0
INV-20260608-S002-P049,2026-06-08,S002,P049,486,98.0
INV-20260608-S002-P050,2026-06-08,S002,P050,119,26.0
INV-20260608-S003-P001,2026-06-08,S003,P001,177,57.0
INV-20260608-S003-P002,2026-06-08,S003,P002,223,41.0
INV-20260608-S003-P003,2026-06-08,S003,P003,135,24.0
INV-20260608-S003-P004,2026-06-08,S003,P004,64,20.0
INV-20260608-S003-P005,2026-06-08,S003,P005,283,66.0
INV-20260608-S003-P006,2026-06-08,S003,P006,173,26.0
INV-20260608-S003-P007,2026-06-08,S003,P007,130,97.0
INV-20260608-S003-P008,2026-06-08,S003,P008,304,65.0
INV-20260608-S003-P009,2026-06-08,S003,P009,197,43.0
INV-20260608-S003-P010,2026-06-08,S003,P010,105,66.0
INV-20260608-S003-P011,2026-06-08,S003,P011,279,12.0
INV-20260608-S003-P012,2026-06-08,S003,P012,498,101.0
INV-20260608-S003-P013,2026-06-08,S003,P013,123,56.0
INV-20260608-S003-P014,2026-06-08,S003,P014,268,84.0
INV-20260608-S003-P015,2026-06-08,S003,P015,33,18.0
INV-20260608-S003-P016,2026-06-08,S003,P016,190,56.0
INV-20260608-S003-P017,2026-06-08,S003,P017,127,56.0
INV-20260608-S003-P018,2026-06-08,S003,P018,300,99.0
INV-20260608-S003-P019,2026-06-08,S003,P019,131,64.0
INV-20260608-S003-P020,2026-06-08,S003,P020,177,55.0
INV-20260608-S003-P021,2026-06-08,S003,P021,179,35.0
INV-20260608-S003-P022,2026-06-08,S003,P022,193,41.0
INV-20260608-S003-P023,2026-06-08,S003,P023,246,59.0
INV-20260608-S003-P024,2026-06-08,S003,P024,248,51.0
INV-20260608-S003-P025,2026-06-08,S003,P025,256,12.0
INV-20260608-S003-P026,2026-06-08,S003,P026,340,88.0
INV-20260608-S003-P027,2026-06-08,S003,P027,362,95.0
INV-20260608-S003-P028,2026-06-08,S003,P028,105,23.0
INV-20260608-S003-P029,2026-06-08,S003,P029,292,62.0
INV-20260608-S003-P030,2026-06-08,S003,P030,49,20.0
INV-20260608-S003-P031,2026-06-08,S003,P031,192,74.0
INV-20260608-S003-P032,2026-06-08,S003,P032,207,37.0
INV-20260608-S003-P033,2026-06-08,S003,P033,212,72.0
INV-20260608-S003-P034,2026-06-08,S003,P034,371,79.0
INV-20260608-S003-P035,2026-06-08,S003,P035,249,83.0
INV-20260608-S003-P036,2026-06-08,S003,P036,80,20.0
INV-20260608-S003-P037,2026-06-08,S003,P037,216,97.0
INV-20260608-S003-P038,2026-06-08,S003,P038,127,32.0
INV-20260608-S003-P039,2026-06-08,S003,P039,287,14.0
INV-20260608-S003-P040,2026-06-08,S003,P040,289,62.0
INV-20260608-S003-P041,2026-06-08,S003,P041,226,45.0
INV-20260608-S003-P042,2026-06-08,S003,P042,336,88.0
INV-20260608-S003-P043,2026-06-08,S003,P043,368,86.0
INV-20260608-S003-P044,2026-06-08,S003,P044,121,40.0
INV-20260608-S003-P045,2026-06-08,S003,P045,161,100.0
INV-20260608-S003-P046,2026-06-08,S003,P046,72,37.0
INV-20260608-S003-P047,2026-06-08,S003,P047,142,59.0
INV-20260608-S003-P048,2026-06-08,S003,P048,71,34.0
INV-20260608-S003-P049,2026-06-08,S003,P049,419,98.0
INV-20260609-S001-P001,2026-06-09,S001,P001,202,57.0
INV-20260609-S001-P002,2026-06-09,S001,P002,46,41.0
INV-20260609-S001-P003,2026-06-09,S001,P003,62,24.0
INV-20260609-S001-P004,2026-06-09,S001,P004,136,20.0
INV-20260609-S001-P005,2026-06-09,S001,P005,71,66.0
INV-20260609-S001-P006,2026-06-09,S001,P006,298,26.0
INV-20260609-S001-P007,2026-06-09,S001,P007,465,97.0
INV-20260609-S001-P008,2026-06-09,S001,P008,322,65.0
INV-20260609-S001-P009,2026-06-09,S001,P009,69,43.0
INV-20260609-S001-P010,2026-06-09,S001,P010,268,66.0
INV-20260609-S001-P011,2026-06-09,S001,P011,288,12.0
INV-20260609-S001-P012,2026-06-09,S001,P012,264,101.0
INV-20260609-S001-P013,2026-06-09,S001,P013,78,56.0
INV-20260609-S001-P014,2026-06-09,S001,P014,346,84.0
INV-20260609-S001-P015,2026-06-09,S001,P015,87,18.0
INV-20260609-S001-P016,2026-06-09,S001,P016,210,56.0
INV-20260609-S001-P017,2026-06-09,S001,P017,212,56.0
INV-20260609-S001-P018,2026-06-09,S001,P018,122,99.0
INV-20260609-S001-P019,2026-06-09,S001,P019,280,64.0
INV-20260609-S001-P020,2026-06-09,S001,P020,59,55.0
INV-20260609-S001-P021,2026-06-09,S001,P021,168,35.0
INV-20260609-S001-P022,2026-06-09,S001,P022,100,41.0
INV-20260609-S001-P023,2026-06-09,S001,P023,177,59.0
INV-20260609-S001-P024,2026-06-09,S001,P024,164,51.0
INV-20260609-S001-P025,2026-06-09,S001,P025,324,12.0
INV-20260609-S001-P026,2026-06-09,S001,P026,348,88.0
INV-20260609-S001-P027,2026-06-09,S001,P027,241,95.0
INV-20260609-S001-P028,2026-06-09,S001,P028,208,23.0
INV-20260609-S001-P029,2026-06-09,S001,P029,152,62.0
INV-20260609-S001-P030,2026-06-09,S001,P030,69,20.0
INV-20260609-S001-P031,2026-06-09,S001,P031,292,74.0
INV-20260609-S001-P032,2026-06-09,S001,P032,210,37.0
INV-20260609-S001-P033,2026-06-09,S001,P033,329,72.0
INV-20260609-S001-P034,2026-06-09,S001,P034,85,79.0
INV-20260609-S001-P035,2026-06-09,S001,P035,340,83.0
INV-20260609-S001-P036,2026-06-09,S001,P036,102,20.0
INV-20260609-S001-P037,2026-06-09,S001,P037,419,97.0
INV-20260609-S001-P038,2026-06-09,S001,P038,223,32.0
INV-20260609-S001-P039,2026-06-09,S001,P039,302,14.0
INV-20260609-S001-P040,2026-06-09,S001,P040,72,62.0
INV-20260609-S001-P041,2026-06-09,S001,P041,105,45.0
INV-20260609-S001-P042,2026-06-09,S001,P042,421,88.0
INV-20260609-S001-P043,2026-06-09,S001,P043,115,86.0
INV-20260609-S001-P044,2026-06-09,S001,P044,73,40.0
INV-20260609-S001-P045,2026-06-09,S001,P045,201,100.0
INV-20260609-S001-P046,2026-06-09,S001,P046,183,37.0
INV-20260609-S001-P047,2026-06-09,S001,P047,280,59.0
INV-20260609-S001-P048,2026-06-09,S001,P048,129,34.0
INV-20260609-S001-P049,2026-06-09,S001,P049,468,98.0
INV-20260609-S001-P050,2026-06-09,S001,P050,55,26.0
INV-20260609-S002-P001,2026-06-09,S002,P001,89,57.0
INV-20260609-S002-P002,2026-06-09,S002,P002,95,41.0
INV-20260609-S002-P003,2026-06-09,S002,P003,59,24.0
INV-20260609-S002-P004,2026-06-09,S002,P004,400,20.0
INV-20260609-S002-P005,2026-06-09,S002,P005,137,66.0
INV-20260609-S002-P006,2026-06-09,S002,P006,92,26.0
INV-20260609-S002-P007,2026-06-09,S002,P007,227,97.0
INV-20260609-S002-P008,2026-06-09,S002,P008,238,65.0
INV-20260609-S002-P009,2026-06-09,S002,P009,150,43.0
INV-20260609-S002-P010,2026-06-09,S002,P010,176,66.0
INV-20260609-S002-P011,2026-06-09,S002,P011,60,12.0
INV-20260609-S002-P012,2026-06-09,S002,P012,364,101.0
INV-20260609-S002-P013,2026-06-09,S002,P013,279,56.0
INV-20260609-S002-P014,2026-06-09,S002,P014,343,84.0
INV-20260609-S002-P015,2026-06-09,S002,P015,58,18.0
INV-20260609-S002-P016,2026-06-09,S002,P016,177,56.0
INV-20260609-S002-P017,2026-06-09,S002,P017,61,56.0
INV-20260609-S002-P018,2026-06-09,S002,P018,326,99.0
INV-20260609-S002-P019,2026-06-09,S002,P019,305,64.0
INV-20260609-S002-P020,2026-06-09,S002,P020,133,55.0
INV-20260609-S002-P021,2026-06-09,S002,P021,169,35.0
INV-20260609-S002-P022,2026-06-09,S002,P022,74,41.0
INV-20260609-S002-P023,2026-06-09,S002,P023,230,59.0
INV-20260609-S002-P024,2026-06-09,S002,P024,177,51.0
INV-20260609-S002-P025,2026-06-09,S002,P025,148,12.0
INV-20260609-S002-P026,2026-06-09,S002,P026,306,88.0
INV-20260609-S002-P027,2026-06-09,S002,P027,183,95.0
INV-20260609-S002-P028,2026-06-09,S002,P028,216,23.0
INV-20260609-S002-P029,2026-06-09,S002,P029,229,62.0
INV-20260609-S002-P030,2026-06-09,S002,P030,205,20.0
INV-20260609-S002-P031,2026-06-09,S002,P031,278,74.0
INV-20260609-S002-P032,2026-06-09,S002,P032,140,37.0
INV-20260609-S002-P033,2026-06-09,S002,P033,214,72.0
INV-20260609-S002-P034,2026-06-09,S002,P034,287,79.0
INV-20260609-S002-P035,2026-06-09,S002,P035,390,83.0
INV-20260609-S002-P036,2026-06-09,S002,P036,61,20.0
INV-20260609-S002-P037,2026-06-09,S002,P037,471,97.0
INV-20260609-S002-P038,2026-06-09,S002,P038,174,32.0
INV-20260609-S002-P039,2026-06-09,S002,P039,16,14.0
INV-20260609-S002-P040,2026-06-09,S002,P040,105,62.0
INV-20260609-S002-P041,2026-06-09,S002,P041,142,45.0
INV-20260609-S002-P042,2026-06-09,S002,P042,406,88.0
INV-20260609-S002-P043,2026-06-09,S002,P043,303,86.0
INV-20260609-S002-P044,2026-06-09,S002,P044,185,40.0
INV-20260609-S002-P045,2026-06-09,S002,P045,446,100.0
INV-20260609-S002-P046,2026-06-09,S002,P046,91,37.0
INV-20260609-S002-P047,2026-06-09,S002,P047,63,59.0
INV-20260609-S002-P048,2026-06-09,S002,P048,182,34.0
INV-20260609-S002-P049,2026-06-09,S002,P049,471,98.0
INV-20260609-S002-P050,2026-06-09,S002,P050,115,26.0
INV-20260609-S003-P001,2026-06-09,S003,P001,172,57.0
INV-20260609-S003-P002,2026-06-09,S003,P002,215,41.0
INV-20260609-S003-P003,2026-06-09,S003,P003,134,24.0
INV-20260609-S003-P004,2026-06-09,S003,P004,62,20.0
INV-20260609-S003-P005,2026-06-09,S003,P005,275,66.0
INV-20260609-S003-P006,2026-06-09,S003,P006,168,26.0
INV-20260609-S003-P007,2026-06-09,S003,P007,120,97.0
INV-20260609-S003-P008,2026-06-09,S003,P008,290,65.0
INV-20260609-S003-P009,2026-06-09,S003,P009,193,43.0
INV-20260609-S003-P010,2026-06-09,S003,P010,99,66.0
INV-20260609-S003-P011,2026-06-09,S003,P011,275,12.0
INV-20260609-S003-P012,2026-06-09,S003,P012,486,101.0
INV-20260609-S003-P013,2026-06-09,S003,P013,116,56.0
INV-20260609-S003-P014,2026-06-09,S003,P014,260,84.0
INV-20260609-S003-P015,2026-06-09,S003,P015,32,18.0
INV-20260609-S003-P016,2026-06-09,S003,P016,179,56.0
INV-20260609-S003-P017,2026-06-09,S003,P017,119,56.0
INV-20260609-S003-P018,2026-06-09,S003,P018,288,99.0
INV-20260609-S003-P019,2026-06-09,S003,P019,121,64.0
INV-20260609-S003-P020,2026-06-09,S003,P020,169,55.0
INV-20260609-S003-P021,2026-06-09,S003,P021,177,35.0
INV-20260609-S003-P022,2026-06-09,S003,P022,190,41.0
INV-20260609-S003-P023,2026-06-09,S003,P023,240,59.0
INV-20260609-S003-P024,2026-06-09,S003,P024,242,51.0
INV-20260609-S003-P025,2026-06-09,S003,P025,256,12.0
INV-20260609-S003-P026,2026-06-09,S003,P026,332,88.0
INV-20260609-S003-P027,2026-06-09,S003,P027,352,95.0
INV-20260609-S003-P028,2026-06-09,S003,P028,104,23.0
INV-20260609-S003-P029,2026-06-09,S003,P029,287,62.0
INV-20260609-S003-P030,2026-06-09,S003,P030,48,20.0
INV-20260609-S003-P031,2026-06-09,S003,P031,184,74.0
INV-20260609-S003-P032,2026-06-09,S003,P032,202,37.0
INV-20260609-S003-P033,2026-06-09,S003,P033,206,72.0
INV-20260609-S003-P034,2026-06-09,S003,P034,361,79.0
INV-20260609-S003-P035,2026-06-09,S003,P035,242,83.0
INV-20260609-S003-P036,2026-06-09,S003,P036,76,20.0
INV-20260609-S003-P037,2026-06-09,S003,P037,202,97.0
INV-20260609-S003-P038,2026-06-09,S003,P038,124,32.0
INV-20260609-S003-P039,2026-06-09,S003,P039,283,14.0
INV-20260609-S003-P040,2026-06-09,S003,P040,278,62.0
INV-20260609-S003-P041,2026-06-09,S003,P041,222,45.0
INV-20260609-S003-P042,2026-06-09,S003,P042,327,88.0
INV-20260609-S003-P043,2026-06-09,S003,P043,363,86.0
INV-20260609-S003-P044,2026-06-09,S003,P044,116,40.0
INV-20260609-S003-P045,2026-06-09,S003,P045,152,100.0
INV-20260609-S003-P046,2026-06-09,S003,P046,66,37.0
INV-20260609-S003-P047,2026-06-09,S003,P047,132,59.0
INV-20260609-S003-P048,2026-06-09,S003,P048,68,34.0
INV-20260609-S003-P049,2026-06-09,S003,P049,408,98.0
INV-20260610-S001-P001,2026-06-10,S001,P001,192,57.0
INV-20260610-S001-P002,2026-06-10,S001,P002,206,41.0
INV-20260610-S001-P003,2026-06-10,S001,P003,58,24.0
INV-20260610-S001-P004,2026-06-10,S001,P004,135,20.0
INV-20260610-S001-P005,2026-06-10,S001,P005,322,66.0
INV-20260610-S001-P006,2026-06-10,S001,P006,295,26.0
INV-20260610-S001-P007,2026-06-10,S001,P007,457,97.0
INV-20260610-S001-P008,2026-06-10,S001,P008,313,65.0
INV-20260610-S001-P009,2026-06-10,S001,P009,65,43.0
INV-20260610-S001-P010,2026-06-10,S001,P010,259,66.0
INV-20260610-S001-P011,2026-06-10,S001,P011,288,12.0
INV-20260610-S001-P012,2026-06-10,S001,P012,249,101.0
INV-20260610-S001-P013,2026-06-10,S001,P013,70,56.0
INV-20260610-S001-P014,2026-06-10,S001,P014,334,84.0
INV-20260610-S001-P015,2026-06-10,S001,P015,86,18.0
INV-20260610-S001-P016,2026-06-10,S001,P016,203,56.0
INV-20260610-S001-P017,2026-06-10,S001,P017,205,56.0
INV-20260610-S001-P018,2026-06-10,S001,P018,111,99.0
INV-20260610-S001-P019,2026-06-10,S001,P019,270,64.0
INV-20260610-S001-P020,2026-06-10,S001,P020,268,55.0
INV-20260610-S001-P021,2026-06-10,S001,P021,159,35.0
INV-20260610-S001-P022,2026-06-10,S001,P022,98,41.0
INV-20260610-S001-P023,2026-06-10,S001,P023,170,59.0
INV-20260610-S001-P024,2026-06-10,S001,P024,153,51.0
INV-20260610-S001-P025,2026-06-10,S001,P025,323,12.0
INV-20260610-S001-P026,2026-06-10,S001,P026,334,88.0
INV-20260610-S001-P027,2026-06-10,S001,P027,235,95.0
INV-20260610-S001-P028,2026-06-10,S001,P028,206,23.0
INV-20260610-S001-P029,2026-06-10,S001,P029,146,62.0
INV-20260610-S001-P030,2026-06-10,S001,P030,67,20.0
INV-20260610-S001-P031,2026-06-10,S001,P031,281,74.0
INV-20260610-S001-P032,2026-06-10,S001,P032,206,37.0
INV-20260610-S001-P033,2026-06-10,S001,P033,319,72.0
INV-20260610-S001-P034,2026-06-10,S001,P034,387,79.0
INV-20260610-S001-P035,2026-06-10,S001,P035,327,83.0
INV-20260610-S001-P036,2026-06-10,S001,P036,99,20.0
INV-20260610-S001-P037,2026-06-10,S001,P037,408,97.0
INV-20260610-S001-P038,2026-06-10,S001,P038,221,32.0
INV-20260610-S001-P039,2026-06-10,S001,P039,301,14.0
INV-20260610-S001-P040,2026-06-10,S001,P040,66,62.0
INV-20260610-S001-P041,2026-06-10,S001,P041,97,45.0
INV-20260610-S001-P042,2026-06-10,S001,P042,412,88.0
INV-20260610-S001-P043,2026-06-10,S001,P043,105,86.0
INV-20260610-S001-P044,2026-06-10,S001,P044,67,40.0
INV-20260610-S001-P045,2026-06-10,S001,P045,190,100.0
INV-20260610-S001-P046,2026-06-10,S001,P046,175,37.0
INV-20260610-S001-P047,2026-06-10,S001,P047,276,59.0
INV-20260610-S001-P048,2026-06-10,S001,P048,123,34.0
INV-20260610-S001-P049,2026-06-10,S001,P049,454,98.0
INV-20260610-S001-P050,2026-06-10,S001,P050,54,26.0
INV-20260610-S002-P001,2026-06-10,S002,P001,85,57.0
INV-20260610-S002-P002,2026-06-10,S002,P002,90,41.0
INV-20260610-S002-P003,2026-06-10,S002,P003,54,24.0
INV-20260610-S002-P004,2026-06-10,S002,P004,400,20.0
INV-20260610-S002-P005,2026-06-10,S002,P005,128,66.0
INV-20260610-S002-P006,2026-06-10,S002,P006,84,26.0
INV-20260610-S002-P007,2026-06-10,S002,P007,227,97.0
INV-20260610-S002-P008,2026-06-10,S002,P008,225,65.0
INV-20260610-S002-P009,2026-06-10,S002,P009,142,43.0
INV-20260610-S002-P010,2026-06-10,S002,P010,168,66.0
INV-20260610-S002-P011,2026-06-10,S002,P011,59,12.0
INV-20260610-S002-P012,2026-06-10,S002,P012,350,101.0
INV-20260610-S002-P013,2026-06-10,S002,P013,267,56.0
INV-20260610-S002-P014,2026-06-10,S002,P014,333,84.0
INV-20260610-S002-P015,2026-06-10,S002,P015,54,18.0
INV-20260610-S002-P016,2026-06-10,S002,P016,166,56.0
INV-20260610-S002-P017,2026-06-10,S002,P017,281,56.0
INV-20260610-S002-P018,2026-06-10,S002,P018,313,99.0
INV-20260610-S002-P019,2026-06-10,S002,P019,298,64.0
INV-20260610-S002-P020,2026-06-10,S002,P020,122,55.0
INV-20260610-S002-P021,2026-06-10,S002,P021,164,35.0
INV-20260610-S002-P022,2026-06-10,S002,P022,68,41.0
INV-20260610-S002-P023,2026-06-10,S002,P023,215,59.0
INV-20260610-S002-P024,2026-06-10,S002,P024,172,51.0
INV-20260610-S002-P025,2026-06-10,S002,P025,147,12.0
INV-20260610-S002-P026,2026-06-10,S002,P026,294,88.0
INV-20260610-S002-P027,2026-06-10,S002,P027,172,95.0
INV-20260610-S002-P028,2026-06-10,S002,P028,214,23.0
INV-20260610-S002-P029,2026-06-10,S002,P029,222,62.0
INV-20260610-S002-P030,2026-06-10,S002,P030,205,20.0
INV-20260610-S002-P031,2026-06-10,S002,P031,265,74.0
INV-20260610-S002-P032,2026-06-10,S002,P032,134,37.0
INV-20260610-S002-P033,2026-06-10,S002,P033,205,72.0
INV-20260610-S002-P034,2026-06-10,S002,P034,275,79.0
INV-20260610-S002-P035,2026-06-10,S002,P035,374,83.0
INV-20260610-S002-P036,2026-06-10,S002,P036,60,20.0
INV-20260610-S002-P037,2026-06-10,S002,P037,457,97.0
INV-20260610-S002-P038,2026-06-10,S002,P038,169,32.0
INV-20260610-S002-P039,2026-06-10,S002,P039,66,14.0
INV-20260610-S002-P040,2026-06-10,S002,P040,93,62.0
INV-20260610-S002-P041,2026-06-10,S002,P041,137,45.0
INV-20260610-S002-P042,2026-06-10,S002,P042,389,88.0
INV-20260610-S002-P043,2026-06-10,S002,P043,291,86.0
INV-20260610-S002-P044,2026-06-10,S002,P044,179,40.0
INV-20260610-S002-P045,2026-06-10,S002,P045,435,100.0
INV-20260610-S002-P046,2026-06-10,S002,P046,90,37.0
INV-20260610-S002-P047,2026-06-10,S002,P047,278,59.0
INV-20260610-S002-P048,2026-06-10,S002,P048,170,34.0
INV-20260610-S002-P049,2026-06-10,S002,P049,453,98.0
INV-20260610-S002-P050,2026-06-10,S002,P050,109,26.0
INV-20260610-S003-P001,2026-06-10,S003,P001,169,57.0
INV-20260610-S003-P002,2026-06-10,S003,P002,209,41.0
INV-20260610-S003-P003,2026-06-10,S003,P003,130,24.0
INV-20260610-S003-P004,2026-06-10,S003,P004,59,20.0
INV-20260610-S003-P005,2026-06-10,S003,P005,269,66.0
INV-20260610-S003-P006,2026-06-10,S003,P006,165,26.0
INV-20260610-S003-P007,2026-06-10,S003,P007,110,97.0
INV-20260610-S003-P008,2026-06-10,S003,P008,285,65.0
INV-20260610-S003-P009,2026-06-10,S003,P009,187,43.0
INV-20260610-S003-P010,2026-06-10,S003,P010,92,66.0
INV-20260610-S003-P011,2026-06-10,S003,P011,274,12.0
INV-20260610-S003-P012,2026-06-10,S003,P012,477,101.0
INV-20260610-S003-P013,2026-06-10,S003,P013,106,56.0
INV-20260610-S003-P014,2026-06-10,S003,P014,254,84.0
INV-20260610-S003-P015,2026-06-10,S003,P015,24,18.0
INV-20260610-S003-P016,2026-06-10,S003,P016,174,56.0
INV-20260610-S003-P017,2026-06-10,S003,P017,110,56.0
INV-20260610-S003-P018,2026-06-10,S003,P018,275,99.0
INV-20260610-S003-P019,2026-06-10,S003,P019,115,64.0
INV-20260610-S003-P020,2026-06-10,S003,P020,163,55.0
INV-20260610-S003-P021,2026-06-10,S003,P021,170,35.0
INV-20260610-S003-P022,2026-06-10,S003,P022,185,41.0
INV-20260610-S003-P023,2026-06-10,S003,P023,229,59.0
INV-20260610-S003-P024,2026-06-10,S003,P024,238,51.0
INV-20260610-S003-P025,2026-06-10,S003,P025,254,12.0
INV-20260610-S003-P026,2026-06-10,S003,P026,326,88.0
INV-20260610-S003-P027,2026-06-10,S003,P027,342,95.0
INV-20260610-S003-P028,2026-06-10,S003,P028,104,23.0
INV-20260610-S003-P029,2026-06-10,S003,P029,281,62.0
INV-20260610-S003-P030,2026-06-10,S003,P030,45,20.0
INV-20260610-S003-P031,2026-06-10,S003,P031,175,74.0
INV-20260610-S003-P032,2026-06-10,S003,P032,198,37.0
INV-20260610-S003-P033,2026-06-10,S003,P033,201,72.0
INV-20260610-S003-P034,2026-06-10,S003,P034,350,79.0
INV-20260610-S003-P035,2026-06-10,S003,P035,233,83.0
INV-20260610-S003-P036,2026-06-10,S003,P036,72,20.0
INV-20260610-S003-P037,2026-06-10,S003,P037,192,97.0
INV-20260610-S003-P038,2026-06-10,S003,P038,120,32.0
INV-20260610-S003-P039,2026-06-10,S003,P039,282,14.0
INV-20260610-S003-P040,2026-06-10,S003,P040,266,62.0
INV-20260610-S003-P041,2026-06-10,S003,P041,219,45.0
INV-20260610-S003-P042,2026-06-10,S003,P042,315,88.0
INV-20260610-S003-P043,2026-06-10,S003,P043,349,86.0
INV-20260610-S003-P044,2026-06-10,S003,P044,113,40.0
INV-20260610-S003-P045,2026-06-10,S003,P045,145,100.0
INV-20260610-S003-P046,2026-06-10,S003,P046,59,37.0
INV-20260610-S003-P047,2026-06-10,S003,P047,126,59.0
INV-20260610-S003-P048,2026-06-10,S003,P048,64,34.0
INV-20260610-S003-P049,2026-06-10,S003,P049,401,98.0
INV-20260611-S001-P001,2026-06-11,S001,P001,180,57.0
INV-20260611-S001-P002,2026-06-11,S001,P002,202,41.0
INV-20260611-S001-P003,2026-06-11,S001,P003,55,24.0
INV-20260611-S001-P004,2026-06-11,S001,P004,134,20.0
INV-20260611-S001-P005,2026-06-11,S001,P005,312,66.0
INV-20260611-S001-P006,2026-06-11,S001,P006,289,26.0
INV-20260611-S001-P007,2026-06-11,S001,P007,443,97.0
INV-20260611-S001-P008,2026-06-11,S001,P008,305,65.0
INV-20260611-S001-P009,2026-06-11,S001,P009,61,43.0
INV-20260611-S001-P010,2026-06-11,S001,P010,252,66.0
INV-20260611-S001-P011,2026-06-11,S001,P011,286,12.0
INV-20260611-S001-P012,2026-06-11,S001,P012,239,101.0
INV-20260611-S001-P013,2026-06-11,S001,P013,66,56.0
INV-20260611-S001-P014,2026-06-11,S001,P014,320,84.0
INV-20260611-S001-P015,2026-06-11,S001,P015,86,18.0
INV-20260611-S001-P016,2026-06-11,S001,P016,197,56.0
INV-20260611-S001-P017,2026-06-11,S001,P017,201,56.0
INV-20260611-S001-P018,2026-06-11,S001,P018,101,99.0
INV-20260611-S001-P019,2026-06-11,S001,P019,258,64.0
INV-20260611-S001-P020,2026-06-11,S001,P020,265,55.0
INV-20260611-S001-P021,2026-06-11,S001,P021,152,35.0
INV-20260611-S001-P022,2026-06-11,S001,P022,92,41.0
INV-20260611-S001-P023,2026-06-11,S001,P023,165,59.0
INV-20260611-S001-P024,2026-06-11,S001,P024,140,51.0
INV-20260611-S001-P025,2026-06-11,S001,P025,321,12.0
INV-20260611-S001-P026,2026-06-11,S001,P026,324,88.0
INV-20260611-S001-P027,2026-06-11,S001,P027,225,95.0
INV-20260611-S001-P028,2026-06-11,S001,P028,201,23.0
INV-20260611-S001-P029,2026-06-11,S001,P029,138,62.0
INV-20260611-S001-P030,2026-06-11,S001,P030,63,20.0
INV-20260611-S001-P031,2026-06-11,S001,P031,275,74.0
INV-20260611-S001-P032,2026-06-11,S001,P032,198,37.0
INV-20260611-S001-P033,2026-06-11,S001,P033,308,72.0
INV-20260611-S001-P034,2026-06-11,S001,P034,375,79.0
INV-20260611-S001-P035,2026-06-11,S001,P035,316,83.0
INV-20260611-S001-P036,2026-06-11,S001,P036,97,20.0
INV-20260611-S001-P037,2026-06-11,S001,P037,393,97.0
INV-20260611-S001-P038,2026-06-11,S001,P038,217,32.0
INV-20260611-S001-P039,2026-06-11,S001,P039,300,14.0
INV-20260611-S001-P040,2026-06-11,S001,P040,308,62.0
INV-20260611-S001-P041,2026-06-11,S001,P041,86,45.0
INV-20260611-S001-P042,2026-06-11,S001,P042,401,88.0
INV-20260611-S001-P043,2026-06-11,S001,P043,96,86.0
INV-20260611-S001-P044,2026-06-11,S001,P044,63,40.0
INV-20260611-S001-P045,2026-06-11,S001,P045,179,100.0
INV-20260611-S001-P046,2026-06-11,S001,P046,172,37.0
INV-20260611-S001-P047,2026-06-11,S001,P047,265,59.0
INV-20260611-S001-P048,2026-06-11,S001,P048,118,34.0
INV-20260611-S001-P049,2026-06-11,S001,P049,441,98.0
INV-20260611-S001-P050,2026-06-11,S001,P050,51,26.0
INV-20260611-S002-P001,2026-06-11,S002,P001,64,57.0
INV-20260611-S002-P002,2026-06-11,S002,P002,83,41.0
INV-20260611-S002-P003,2026-06-11,S002,P003,48,24.0
INV-20260611-S002-P004,2026-06-11,S002,P004,400,20.0
INV-20260611-S002-P005,2026-06-11,S002,P005,114,66.0
INV-20260611-S002-P006,2026-06-11,S002,P006,81,26.0
INV-20260611-S002-P007,2026-06-11,S002,P007,227,97.0
INV-20260611-S002-P008,2026-06-11,S002,P008,213,65.0
INV-20260611-S002-P009,2026-06-11,S002,P009,131,43.0
INV-20260611-S002-P010,2026-06-11,S002,P010,157,66.0
INV-20260611-S002-P011,2026-06-11,S002,P011,58,12.0
INV-20260611-S002-P012,2026-06-11,S002,P012,335,101.0
INV-20260611-S002-P013,2026-06-11,S002,P013,262,56.0
INV-20260611-S002-P014,2026-06-11,S002,P014,318,84.0
INV-20260611-S002-P015,2026-06-11,S002,P015,49,18.0
INV-20260611-S002-P016,2026-06-11,S002,P016,156,56.0
INV-20260611-S002-P017,2026-06-11,S002,P017,266,56.0
INV-20260611-S002-P018,2026-06-11,S002,P018,300,99.0
INV-20260611-S002-P019,2026-06-11,S002,P019,285,64.0
INV-20260611-S002-P020,2026-06-11,S002,P020,113,55.0
INV-20260611-S002-P021,2026-06-11,S002,P021,161,35.0
INV-20260611-S002-P022,2026-06-11,S002,P022,56,41.0
INV-20260611-S002-P023,2026-06-11,S002,P023,208,59.0
INV-20260611-S002-P024,2026-06-11,S002,P024,164,51.0
INV-20260611-S002-P025,2026-06-11,S002,P025,145,12.0
INV-20260611-S002-P026,2026-06-11,S002,P026,281,88.0
INV-20260611-S002-P027,2026-06-11,S002,P027,161,95.0
INV-20260611-S002-P028,2026-06-11,S002,P028,213,23.0
INV-20260611-S002-P029,2026-06-11,S002,P029,210,62.0
INV-20260611-S002-P030,2026-06-11,S002,P030,200,20.0
INV-20260611-S002-P031,2026-06-11,S002,P031,254,74.0
INV-20260611-S002-P032,2026-06-11,S002,P032,126,37.0
INV-20260611-S002-P033,2026-06-11,S002,P033,192,72.0
INV-20260611-S002-P034,2026-06-11,S002,P034,264,79.0
INV-20260611-S002-P035,2026-06-11,S002,P035,355,83.0
INV-20260611-S002-P036,2026-06-11,S002,P036,57,20.0
INV-20260611-S002-P037,2026-06-11,S002,P037,444,97.0
INV-20260611-S002-P038,2026-06-11,S002,P038,161,32.0
INV-20260611-S002-P039,2026-06-11,S002,P039,63,14.0
INV-20260611-S002-P040,2026-06-11,S002,P040,88,62.0
INV-20260611-S002-P041,2026-06-11,S002,P041,133,45.0
INV-20260611-S002-P042,2026-06-11,S002,P042,377,88.0
INV-20260611-S002-P043,2026-06-11,S002,P043,277,86.0
INV-20260611-S002-P044,2026-06-11,S002,P044,173,40.0
INV-20260611-S002-P045,2026-06-11,S002,P045,416,100.0
INV-20260611-S002-P046,2026-06-11,S002,P046,83,37.0
INV-20260611-S002-P047,2026-06-11,S002,P047,266,59.0
INV-20260611-S002-P048,2026-06-11,S002,P048,166,34.0
INV-20260611-S002-P049,2026-06-11,S002,P049,441,98.0
INV-20260611-S002-P050,2026-06-11,S002,P050,107,26.0
INV-20260611-S003-P001,2026-06-11,S003,P001,163,57.0
INV-20260611-S003-P002,2026-06-11,S003,P002,205,41.0
INV-20260611-S003-P003,2026-06-11,S003,P003,128,24.0
INV-20260611-S003-P004,2026-06-11,S003,P004,56,20.0
INV-20260611-S003-P005,2026-06-11,S003,P005,262,66.0
INV-20260611-S003-P006,2026-06-11,S003,P006,163,26.0
INV-20260611-S003-P007,2026-06-11,S003,P007,102,97.0
INV-20260611-S003-P008,2026-06-11,S003,P008,278,65.0
INV-20260611-S003-P009,2026-06-11,S003,P009,179,43.0
INV-20260611-S003-P010,2026-06-11,S003,P010,80,66.0
INV-20260611-S003-P011,2026-06-11,S003,P011,271,12.0
INV-20260611-S003-P012,2026-06-11,S003,P012,460,101.0
INV-20260611-S003-P013,2026-06-11,S003,P013,98,56.0
INV-20260611-S003-P014,2026-06-11,S003,P014,240,84.0
INV-20260611-S003-P015,2026-06-11,S003,P015,21,18.0
INV-20260611-S003-P016,2026-06-11,S003,P016,164,56.0
INV-20260611-S003-P017,2026-06-11,S003,P017,105,56.0
INV-20260611-S003-P018,2026-06-11,S003,P018,265,99.0
INV-20260611-S003-P019,2026-06-11,S003,P019,108,64.0
INV-20260611-S003-P020,2026-06-11,S003,P020,159,55.0
INV-20260611-S003-P021,2026-06-11,S003,P021,164,35.0
INV-20260611-S003-P022,2026-06-11,S003,P022,182,41.0
INV-20260611-S003-P023,2026-06-11,S003,P023,222,59.0
INV-20260611-S003-P024,2026-06-11,S003,P024,230,51.0
INV-20260611-S003-P025,2026-06-11,S003,P025,252,12.0
INV-20260611-S003-P026,2026-06-11,S003,P026,316,88.0
INV-20260611-S003-P027,2026-06-11,S003,P027,333,95.0
INV-20260611-S003-P028,2026-06-11,S003,P028,101,23.0
INV-20260611-S003-P029,2026-06-11,S003,P029,276,62.0
INV-20260611-S003-P030,2026-06-11,S003,P030,43,20.0
INV-20260611-S003-P031,2026-06-11,S003,P031,170,74.0
INV-20260611-S003-P032,2026-06-11,S003,P032,195,37.0
INV-20260611-S003-P033,2026-06-11,S003,P033,195,72.0
INV-20260611-S003-P034,2026-06-11,S003,P034,341,79.0
INV-20260611-S003-P035,2026-06-11,S003,P035,222,83.0
INV-20260611-S003-P036,2026-06-11,S003,P036,67,20.0
INV-20260611-S003-P037,2026-06-11,S003,P037,182,97.0
INV-20260611-S003-P038,2026-06-11,S003,P038,116,32.0
INV-20260611-S003-P039,2026-06-11,S003,P039,279,14.0
INV-20260611-S003-P040,2026-06-11,S003,P040,262,62.0
INV-20260611-S003-P041,2026-06-11,S003,P041,215,45.0
INV-20260611-S003-P042,2026-06-11,S003,P042,306,88.0
INV-20260611-S003-P043,2026-06-11,S003,P043,345,86.0
INV-20260611-S003-P044,2026-06-11,S003,P044,109,40.0
INV-20260611-S003-P045,2026-06-11,S003,P045,136,100.0
INV-20260611-S003-P046,2026-06-11,S003,P046,55,37.0
INV-20260611-S003-P047,2026-06-11,S003,P047,122,59.0
INV-20260611-S003-P048,2026-06-11,S003,P048,61,34.0
INV-20260611-S003-P049,2026-06-11,S003,P049,390,98.0
INV-20260612-S001-P001,2026-06-12,S001,P001,169,57.0
INV-20260612-S001-P002,2026-06-12,S001,P002,194,41.0
INV-20260612-S001-P003,2026-06-12,S001,P003,50,24.0
INV-20260612-S001-P004,2026-06-12,S001,P004,131,20.0
INV-20260612-S001-P005,2026-06-12,S001,P005,307,66.0
INV-20260612-S001-P006,2026-06-12,S001,P006,287,26.0
INV-20260612-S001-P007,2026-06-12,S001,P007,434,97.0
INV-20260612-S001-P008,2026-06-12,S001,P008,299,65.0
INV-20260612-S001-P009,2026-06-12,S001,P009,55,43.0
INV-20260612-S001-P010,2026-06-12,S001,P010,237,66.0
INV-20260612-S001-P011,2026-06-12,S001,P011,283,12.0
INV-20260612-S001-P012,2026-06-12,S001,P012,223,101.0
INV-20260612-S001-P013,2026-06-12,S001,P013,277,56.0
INV-20260612-S001-P014,2026-06-12,S001,P014,310,84.0
INV-20260612-S001-P015,2026-06-12,S001,P015,83,18.0
INV-20260612-S001-P016,2026-06-12,S001,P016,191,56.0
INV-20260612-S001-P017,2026-06-12,S001,P017,187,56.0
INV-20260612-S001-P018,2026-06-12,S001,P018,484,99.0
INV-20260612-S001-P019,2026-06-12,S001,P019,243,64.0
INV-20260612-S001-P020,2026-06-12,S001,P020,258,55.0
INV-20260612-S001-P021,2026-06-12,S001,P021,146,35.0
INV-20260612-S001-P022,2026-06-12,S001,P022,80,41.0
INV-20260612-S001-P023,2026-06-12,S001,P023,156,59.0
INV-20260612-S001-P024,2026-06-12,S001,P024,133,51.0
INV-20260612-S001-P025,2026-06-12,S001,P025,317,12.0
INV-20260612-S001-P026,2026-06-12,S001,P026,313,88.0
INV-20260612-S001-P027,2026-06-12,S001,P027,219,95.0
INV-20260612-S001-P028,2026-06-12,S001,P028,200,23.0
INV-20260612-S001-P029,2026-06-12,S001,P029,130,62.0
INV-20260612-S001-P030,2026-06-12,S001,P030,61,20.0
INV-20260612-S001-P031,2026-06-12,S001,P031,266,74.0
INV-20260612-S001-P032,2026-06-12,S001,P032,192,37.0
INV-20260612-S001-P033,2026-06-12,S001,P033,297,72.0
INV-20260612-S001-P034,2026-06-12,S001,P034,368,79.0
INV-20260612-S001-P035,2026-06-12,S001,P035,301,83.0
INV-20260612-S001-P036,2026-06-12,S001,P036,93,20.0
INV-20260612-S001-P037,2026-06-12,S001,P037,376,97.0
INV-20260612-S001-P038,2026-06-12,S001,P038,211,32.0
INV-20260612-S001-P039,2026-06-12,S001,P039,300,14.0
INV-20260612-S001-P040,2026-06-12,S001,P040,299,62.0
INV-20260612-S001-P041,2026-06-12,S001,P041,78,45.0
INV-20260612-S001-P042,2026-06-12,S001,P042,386,88.0
INV-20260612-S001-P043,2026-06-12,S001,P043,426,86.0
INV-20260612-S001-P044,2026-06-12,S001,P044,53,40.0
INV-20260612-S001-P045,2026-06-12,S001,P045,162,100.0
INV-20260612-S001-P046,2026-06-12,S001,P046,169,37.0
INV-20260612-S001-P047,2026-06-12,S001,P047,255,59.0
INV-20260612-S001-P048,2026-06-12,S001,P048,111,34.0
INV-20260612-S001-P049,2026-06-12,S001,P049,428,98.0
INV-20260612-S001-P050,2026-06-12,S001,P050,49,26.0
INV-20260612-S002-P001,2026-06-12,S002,P001,280,57.0
INV-20260612-S002-P002,2026-06-12,S002,P002,78,41.0
INV-20260612-S002-P003,2026-06-12,S002,P003,42,24.0
INV-20260612-S002-P004,2026-06-12,S002,P004,400,20.0
INV-20260612-S002-P005,2026-06-12,S002,P005,100,66.0
INV-20260612-S002-P006,2026-06-12,S002,P006,76,26.0
INV-20260612-S002-P007,2026-06-12,S002,P007,227,97.0
INV-20260612-S002-P008,2026-06-12,S002,P008,202,65.0
INV-20260612-S002-P009,2026-06-12,S002,P009,122,43.0
INV-20260612-S002-P010,2026-06-12,S002,P010,147,66.0
INV-20260612-S002-P011,2026-06-12,S002,P011,55,12.0
INV-20260612-S002-P012,2026-06-12,S002,P012,323,101.0
INV-20260612-S002-P013,2026-06-12,S002,P013,253,56.0
INV-20260612-S002-P014,2026-06-12,S002,P014,301,84.0
INV-20260612-S002-P015,2026-06-12,S002,P015,48,18.0
INV-20260612-S002-P016,2026-06-12,S002,P016,143,56.0
INV-20260612-S002-P017,2026-06-12,S002,P017,260,56.0
INV-20260612-S002-P018,2026-06-12,S002,P018,286,99.0
INV-20260612-S002-P019,2026-06-12,S002,P019,270,64.0
INV-20260612-S002-P020,2026-06-12,S002,P020,105,55.0
INV-20260612-S002-P021,2026-06-12,S002,P021,155,35.0
INV-20260612-S002-P022,2026-06-12,S002,P022,50,41.0
INV-20260612-S002-P023,2026-06-12,S002,P023,204,59.0
INV-20260612-S002-P024,2026-06-12,S002,P024,158,51.0
INV-20260612-S002-P025,2026-06-12,S002,P025,141,12.0
INV-20260612-S002-P026,2026-06-12,S002,P026,258,88.0
INV-20260612-S002-P027,2026-06-12,S002,P027,144,95.0
INV-20260612-S002-P028,2026-06-12,S002,P028,204,23.0
INV-20260612-S002-P029,2026-06-12,S002,P029,193,62.0
INV-20260612-S002-P030,2026-06-12,S002,P030,198,20.0
INV-20260612-S002-P031,2026-06-12,S002,P031,244,74.0
INV-20260612-S002-P032,2026-06-12,S002,P032,115,37.0
INV-20260612-S002-P033,2026-06-12,S002,P033,177,72.0
INV-20260612-S002-P034,2026-06-12,S002,P034,249,79.0
INV-20260612-S002-P035,2026-06-12,S002,P035,336,83.0
INV-20260612-S002-P036,2026-06-12,S002,P036,57,20.0
INV-20260612-S002-P037,2026-06-12,S002,P037,432,97.0
INV-20260612-S002-P038,2026-06-12,S002,P038,155,32.0
INV-20260612-S002-P039,2026-06-12,S002,P039,61,14.0
INV-20260612-S002-P040,2026-06-12,S002,P040,81,62.0
INV-20260612-S002-P041,2026-06-12,S002,P041,123,45.0
INV-20260612-S002-P042,2026-06-12,S002,P042,363,88.0
INV-20260612-S002-P043,2026-06-12,S002,P043,259,86.0
INV-20260612-S002-P044,2026-06-12,S002,P044,167,40.0
INV-20260612-S002-P045,2026-06-12,S002,P045,392,100.0
INV-20260612-S002-P046,2026-06-12,S002,P046,73,37.0
INV-20260612-S002-P047,2026-06-12,S002,P047,259,59.0
INV-20260612-S002-P048,2026-06-12,S002,P048,157,34.0
INV-20260612-S002-P049,2026-06-12,S002,P049,425,98.0
INV-20260612-S002-P050,2026-06-12,S002,P050,100,26.0
INV-20260612-S003-P001,2026-06-12,S003,P001,158,57.0
INV-20260612-S003-P002,2026-06-12,S003,P002,201,41.0
INV-20260612-S003-P003,2026-06-12,S003,P003,126,24.0
INV-20260612-S003-P004,2026-06-12,S003,P004,56,20.0
INV-20260612-S003-P005,2026-06-12,S003,P005,255,66.0
INV-20260612-S003-P006,2026-06-12,S003,P006,158,26.0
INV-20260612-S003-P007,2026-06-12,S003,P007,485,97.0
INV-20260612-S003-P008,2026-06-12,S003,P008,270,65.0
INV-20260612-S003-P009,2026-06-12,S003,P009,177,43.0
INV-20260612-S003-P010,2026-06-12,S003,P010,72,66.0
INV-20260612-S003-P011,2026-06-12,S003,P011,269,12.0
INV-20260612-S003-P012,2026-06-12,S003,P012,441,101.0
INV-20260612-S003-P013,2026-06-12,S003,P013,92,56.0
INV-20260612-S003-P014,2026-06-12,S003,P014,230,84.0
INV-20260612-S003-P015,2026-06-12,S003,P015,20,18.0
INV-20260612-S003-P016,2026-06-12,S003,P016,160,56.0
INV-20260612-S003-P017,2026-06-12,S003,P017,100,56.0
INV-20260612-S003-P018,2026-06-12,S003,P018,257,99.0
INV-20260612-S003-P019,2026-06-12,S003,P019,96,64.0
INV-20260612-S003-P020,2026-06-12,S003,P020,152,55.0
INV-20260612-S003-P021,2026-06-12,S003,P021,157,35.0
INV-20260612-S003-P022,2026-06-12,S003,P022,176,41.0
INV-20260612-S003-P023,2026-06-12,S003,P023,214,59.0
INV-20260612-S003-P024,2026-06-12,S003,P024,219,51.0
INV-20260612-S003-P025,2026-06-12,S003,P025,252,12.0
INV-20260612-S003-P026,2026-06-12,S003,P026,310,88.0
INV-20260612-S003-P027,2026-06-12,S003,P027,320,95.0
INV-20260612-S003-P028,2026-06-12,S003,P028,97,23.0
INV-20260612-S003-P029,2026-06-12,S003,P029,268,62.0
INV-20260612-S003-P030,2026-06-12,S003,P030,42,20.0
INV-20260612-S003-P031,2026-06-12,S003,P031,164,74.0
INV-20260612-S003-P032,2026-06-12,S003,P032,188,37.0
INV-20260612-S003-P033,2026-06-12,S003,P033,187,72.0
INV-20260612-S003-P034,2026-06-12,S003,P034,335,79.0
INV-20260612-S003-P035,2026-06-12,S003,P035,210,83.0
INV-20260612-S003-P036,2026-06-12,S003,P036,65,20.0
INV-20260612-S003-P037,2026-06-12,S003,P037,171,97.0
INV-20260612-S003-P038,2026-06-12,S003,P038,114,32.0
INV-20260612-S003-P039,2026-06-12,S003,P039,275,14.0
INV-20260612-S003-P040,2026-06-12,S003,P040,253,62.0
INV-20260612-S003-P041,2026-06-12,S003,P041,212,45.0
INV-20260612-S003-P042,2026-06-12,S003,P042,292,88.0
INV-20260612-S003-P043,2026-06-12,S003,P043,334,86.0
INV-20260612-S003-P044,2026-06-12,S003,P044,102,40.0
INV-20260612-S003-P045,2026-06-12,S003,P045,124,100.0
INV-20260612-S003-P046,2026-06-12,S003,P046,51,37.0
INV-20260612-S003-P047,2026-06-12,S003,P047,116,59.0
INV-20260612-S003-P048,2026-06-12,S003,P048,58,34.0
INV-20260612-S003-P049,2026-06-12,S003,P049,373,98.0
INV-20260613-S001-P001,2026-06-13,S001,P001,157,57.0
INV-20260613-S001-P002,2026-06-13,S001,P002,185,41.0
INV-20260613-S001-P003,2026-06-13,S001,P003,48,24.0
INV-20260613-S001-P004,2026-06-13,S001,P004,127,20.0
INV-20260613-S001-P005,2026-06-13,S001,P005,294,66.0
INV-20260613-S001-P006,2026-06-13,S001,P006,281,26.0
INV-20260613-S001-P007,2026-06-13,S001,P007,421,97.0
INV-20260613-S001-P008,2026-06-13,S001,P008,289,65.0
INV-20260613-S001-P009,2026-06-13,S001,P009,45,43.0
INV-20260613-S001-P010,2026-06-13,S001,P010,224,66.0
INV-20260613-S001-P011,2026-06-13,S001,P011,280,12.0
INV-20260613-S001-P012,2026-06-13,S001,P012,211,101.0
INV-20260613-S001-P013,2026-06-13,S001,P013,267,56.0
INV-20260613-S001-P014,2026-06-13,S001,P014,297,84.0
INV-20260613-S001-P015,2026-06-13,S001,P015,79,18.0
INV-20260613-S001-P016,2026-06-13,S001,P016,185,56.0
INV-20260613-S001-P017,2026-06-13,S001,P017,179,56.0
INV-20260613-S001-P018,2026-06-13,S001,P018,470,99.0
INV-20260613-S001-P019,2026-06-13,S001,P019,233,64.0
INV-20260613-S001-P020,2026-06-13,S001,P020,249,55.0
INV-20260613-S001-P021,2026-06-13,S001,P021,139,35.0
INV-20260613-S001-P022,2026-06-13,S001,P022,72,41.0
INV-20260613-S001-P023,2026-06-13,S001,P023,147,59.0
INV-20260613-S001-P024,2026-06-13,S001,P024,125,51.0
INV-20260613-S001-P025,2026-06-13,S001,P025,312,12.0
INV-20260613-S001-P026,2026-06-13,S001,P026,302,88.0
INV-20260613-S001-P027,2026-06-13,S001,P027,210,95.0
INV-20260613-S001-P028,2026-06-13,S001,P028,196,23.0
INV-20260613-S001-P029,2026-06-13,S001,P029,120,62.0
INV-20260613-S001-P030,2026-06-13,S001,P030,58,20.0
INV-20260613-S001-P031,2026-06-13,S001,P031,247,74.0
INV-20260613-S001-P032,2026-06-13,S001,P032,183,37.0
INV-20260613-S001-P033,2026-06-13,S001,P033,287,72.0
INV-20260613-S001-P034,2026-06-13,S001,P034,355,79.0
INV-20260613-S001-P035,2026-06-13,S001,P035,283,83.0
INV-20260613-S001-P036,2026-06-13,S001,P036,90,20.0
INV-20260613-S001-P037,2026-06-13,S001,P037,361,97.0
INV-20260613-S001-P038,2026-06-13,S001,P038,207,32.0
INV-20260613-S001-P039,2026-06-13,S001,P039,297,14.0
INV-20260613-S001-P040,2026-06-13,S001,P040,288,62.0
INV-20260613-S001-P041,2026-06-13,S001,P041,69,45.0
INV-20260613-S001-P042,2026-06-13,S001,P042,371,88.0
INV-20260613-S001-P043,2026-06-13,S001,P043,411,86.0
INV-20260613-S001-P044,2026-06-13,S001,P044,45,40.0
INV-20260613-S001-P045,2026-06-13,S001,P045,142,100.0
INV-20260613-S001-P046,2026-06-13,S001,P046,162,37.0
INV-20260613-S001-P047,2026-06-13,S001,P047,245,59.0
INV-20260613-S001-P048,2026-06-13,S001,P048,108,34.0
INV-20260613-S001-P049,2026-06-13,S001,P049,413,98.0
INV-20260613-S001-P050,2026-06-13,S001,P050,45,26.0
INV-20260613-S002-P001,2026-06-13,S002,P001,267,57.0
INV-20260613-S002-P002,2026-06-13,S002,P002,72,41.0
INV-20260613-S002-P003,2026-06-13,S002,P003,37,24.0
INV-20260613-S002-P004,2026-06-13,S002,P004,400,20.0
INV-20260613-S002-P005,2026-06-13,S002,P005,85,66.0
INV-20260613-S002-P006,2026-06-13,S002,P006,76,26.0
INV-20260613-S002-P007,2026-06-13,S002,P007,227,97.0
INV-20260613-S002-P008,2026-06-13,S002,P008,186,65.0
INV-20260613-S002-P009,2026-06-13,S002,P009,108,43.0
INV-20260613-S002-P010,2026-06-13,S002,P010,135,66.0
INV-20260613-S002-P011,2026-06-13,S002,P011,51,12.0
INV-20260613-S002-P012,2026-06-13,S002,P012,302,101.0
INV-20260613-S002-P013,2026-06-13,S002,P013,238,56.0
INV-20260613-S002-P014,2026-06-13,S002,P014,292,84.0
INV-20260613-S002-P015,2026-06-13,S002,P015,46,18.0
INV-20260613-S002-P016,2026-06-13,S002,P016,128,56.0
INV-20260613-S002-P017,2026-06-13,S002,P017,247,56.0
INV-20260613-S002-P018,2026-06-13,S002,P018,269,99.0
INV-20260613-S002-P019,2026-06-13,S002,P019,256,64.0
INV-20260613-S002-P020,2026-06-13,S002,P020,91,55.0
INV-20260613-S002-P021,2026-06-13,S002,P021,149,35.0
INV-20260613-S002-P022,2026-06-13,S002,P022,208,41.0
INV-20260613-S002-P023,2026-06-13,S002,P023,195,59.0
INV-20260613-S002-P024,2026-06-13,S002,P024,146,51.0
INV-20260613-S002-P025,2026-06-13,S002,P025,140,12.0
INV-20260613-S002-P026,2026-06-13,S002,P026,247,88.0
INV-20260613-S002-P027,2026-06-13,S002,P027,122,95.0
INV-20260613-S002-P028,2026-06-13,S002,P028,202,23.0
INV-20260613-S002-P029,2026-06-13,S002,P029,182,62.0
INV-20260613-S002-P030,2026-06-13,S002,P030,194,20.0
INV-20260613-S002-P031,2026-06-13,S002,P031,229,74.0
INV-20260613-S002-P032,2026-06-13,S002,P032,112,37.0
INV-20260613-S002-P033,2026-06-13,S002,P033,155,72.0
INV-20260613-S002-P034,2026-06-13,S002,P034,229,79.0
INV-20260613-S002-P035,2026-06-13,S002,P035,322,83.0
INV-20260613-S002-P036,2026-06-13,S002,P036,52,20.0
INV-20260613-S002-P037,2026-06-13,S002,P037,412,97.0
INV-20260613-S002-P038,2026-06-13,S002,P038,149,32.0
INV-20260613-S002-P039,2026-06-13,S002,P039,59,14.0
INV-20260613-S002-P040,2026-06-13,S002,P040,70,62.0
INV-20260613-S002-P041,2026-06-13,S002,P041,117,45.0
INV-20260613-S002-P042,2026-06-13,S002,P042,342,88.0
INV-20260613-S002-P043,2026-06-13,S002,P043,246,86.0
INV-20260613-S002-P044,2026-06-13,S002,P044,162,40.0
INV-20260613-S002-P045,2026-06-13,S002,P045,368,100.0
INV-20260613-S002-P046,2026-06-13,S002,P046,65,37.0
INV-20260613-S002-P047,2026-06-13,S002,P047,250,59.0
INV-20260613-S002-P048,2026-06-13,S002,P048,154,34.0
INV-20260613-S002-P049,2026-06-13,S002,P049,405,98.0
INV-20260613-S002-P050,2026-06-13,S002,P050,88,26.0
INV-20260613-S003-P001,2026-06-13,S003,P001,152,57.0
INV-20260613-S003-P002,2026-06-13,S003,P002,195,41.0
INV-20260613-S003-P003,2026-06-13,S003,P003,123,24.0
INV-20260613-S003-P004,2026-06-13,S003,P004,53,20.0
INV-20260613-S003-P005,2026-06-13,S003,P005,249,66.0
INV-20260613-S003-P006,2026-06-13,S003,P006,154,26.0
INV-20260613-S003-P007,2026-06-13,S003,P007,473,97.0
INV-20260613-S003-P008,2026-06-13,S003,P008,265,65.0
INV-20260613-S003-P009,2026-06-13,S003,P009,168,43.0
INV-20260613-S003-P010,2026-06-13,S003,P010,330,66.0
INV-20260613-S003-P011,2026-06-13,S003,P011,268,12.0
INV-20260613-S003-P012,2026-06-13,S003,P012,428,101.0
INV-20260613-S003-P013,2026-06-13,S003,P013,90,56.0
INV-20260613-S003-P014,2026-06-13,S003,P014,214,84.0
INV-20260613-S003-P015,2026-06-13,S003,P015,89,18.0
INV-20260613-S003-P016,2026-06-13,S003,P016,157,56.0
INV-20260613-S003-P017,2026-06-13,S003,P017,97,56.0
INV-20260613-S003-P018,2026-06-13,S003,P018,248,99.0
INV-20260613-S003-P019,2026-06-13,S003,P019,89,64.0
INV-20260613-S003-P020,2026-06-13,S003,P020,147,55.0
INV-20260613-S003-P021,2026-06-13,S003,P021,150,35.0
INV-20260613-S003-P022,2026-06-13,S003,P022,173,41.0
INV-20260613-S003-P023,2026-06-13,S003,P023,206,59.0
INV-20260613-S003-P024,2026-06-13,S003,P024,216,51.0
INV-20260613-S003-P025,2026-06-13,S003,P025,250,12.0
INV-20260613-S003-P026,2026-06-13,S003,P026,298,88.0
INV-20260613-S003-P027,2026-06-13,S003,P027,308,95.0
INV-20260613-S003-P028,2026-06-13,S003,P028,91,23.0
INV-20260613-S003-P029,2026-06-13,S003,P029,260,62.0
INV-20260613-S003-P030,2026-06-13,S003,P030,39,20.0
INV-20260613-S003-P031,2026-06-13,S003,P031,156,74.0
INV-20260613-S003-P032,2026-06-13,S003,P032,184,37.0
INV-20260613-S003-P033,2026-06-13,S003,P033,169,72.0
INV-20260613-S003-P034,2026-06-13,S003,P034,328,79.0
INV-20260613-S003-P035,2026-06-13,S003,P035,197,83.0
INV-20260613-S003-P036,2026-06-13,S003,P036,64,20.0
INV-20260613-S003-P037,2026-06-13,S003,P037,153,97.0
INV-20260613-S003-P038,2026-06-13,S003,P038,109,32.0
INV-20260613-S003-P039,2026-06-13,S003,P039,272,14.0
INV-20260613-S003-P040,2026-06-13,S003,P040,241,62.0
INV-20260613-S003-P041,2026-06-13,S003,P041,208,45.0
INV-20260613-S003-P042,2026-06-13,S003,P042,275,88.0
INV-20260613-S003-P043,2026-06-13,S003,P043,331,86.0
INV-20260613-S003-P044,2026-06-13,S003,P044,99,40.0
INV-20260613-S003-P045,2026-06-13,S003,P045,112,100.0
INV-20260613-S003-P046,2026-06-13,S003,P046,44,37.0
INV-20260613-S003-P047,2026-06-13,S003,P047,108,59.0
INV-20260613-S003-P048,2026-06-13,S003,P048,54,34.0
INV-20260613-S003-P049,2026-06-13,S003,P049,354,98.0
INV-20260614-S001-P001,2026-06-14,S001,P001,150,57.0
INV-20260614-S001-P002,2026-06-14,S001,P002,177,41.0
INV-20260614-S001-P003,2026-06-14,S001,P003,44,24.0
INV-20260614-S001-P004,2026-06-14,S001,P004,121,20.0
INV-20260614-S001-P005,2026-06-14,S001,P005,286,66.0
INV-20260614-S001-P006,2026-06-14,S001,P006,275,26.0
INV-20260614-S001-P007,2026-06-14,S001,P007,405,97.0
INV-20260614-S001-P008,2026-06-14,S001,P008,277,65.0
INV-20260614-S001-P009,2026-06-14,S001,P009,207,43.0
INV-20260614-S001-P010,2026-06-14,S001,P010,214,66.0
INV-20260614-S001-P011,2026-06-14,S001,P011,278,12.0
INV-20260614-S001-P012,2026-06-14,S001,P012,197,101.0
INV-20260614-S001-P013,2026-06-14,S001,P013,258,56.0
INV-20260614-S001-P014,2026-06-14,S001,P014,287,84.0
INV-20260614-S001-P015,2026-06-14,S001,P015,75,18.0
INV-20260614-S001-P016,2026-06-14,S001,P016,177,56.0
INV-20260614-S001-P017,2026-06-14,S001,P017,173,56.0
INV-20260614-S001-P018,2026-06-14,S001,P018,456,99.0
INV-20260614-S001-P019,2026-06-14,S001,P019,225,64.0
INV-20260614-S001-P020,2026-06-14,S001,P020,233,55.0
INV-20260614-S001-P021,2026-06-14,S001,P021,134,35.0
INV-20260614-S001-P022,2026-06-14,S001,P022,65,41.0
INV-20260614-S001-P023,2026-06-14,S001,P023,133,59.0
INV-20260614-S001-P024,2026-06-14,S001,P024,116,51.0
INV-20260614-S001-P025,2026-06-14,S001,P025,311,12.0
INV-20260614-S001-P026,2026-06-14,S001,P026,283,88.0
INV-20260614-S001-P027,2026-06-14,S001,P027,194,95.0
INV-20260614-S001-P028,2026-06-14,S001,P028,195,23.0
INV-20260614-S001-P029,2026-06-14,S001,P029,111,62.0
INV-20260614-S001-P030,2026-06-14,S001,P030,57,20.0
INV-20260614-S001-P031,2026-06-14,S001,P031,235,74.0
INV-20260614-S001-P032,2026-06-14,S001,P032,177,37.0
INV-20260614-S001-P033,2026-06-14,S001,P033,270,72.0
INV-20260614-S001-P034,2026-06-14,S001,P034,342,79.0
INV-20260614-S001-P035,2026-06-14,S001,P035,272,83.0
INV-20260614-S001-P036,2026-06-14,S001,P036,87,20.0
INV-20260614-S001-P037,2026-06-14,S001,P037,350,97.0
INV-20260614-S001-P038,2026-06-14,S001,P038,199,32.0
INV-20260614-S001-P039,2026-06-14,S001,P039,297,14.0
INV-20260614-S001-P040,2026-06-14,S001,P040,273,62.0
INV-20260614-S001-P041,2026-06-14,S001,P041,63,45.0
INV-20260614-S001-P042,2026-06-14,S001,P042,361,88.0
INV-20260614-S001-P043,2026-06-14,S001,P043,401,86.0
INV-20260614-S001-P044,2026-06-14,S001,P044,41,40.0
INV-20260614-S001-P045,2026-06-14,S001,P045,122,100.0
INV-20260614-S001-P046,2026-06-14,S001,P046,152,37.0
INV-20260614-S001-P047,2026-06-14,S001,P047,236,59.0
INV-20260614-S001-P048,2026-06-14,S001,P048,103,34.0
INV-20260614-S001-P049,2026-06-14,S001,P049,394,98.0
INV-20260614-S001-P050,2026-06-14,S001,P050,42,26.0
INV-20260614-S002-P001,2026-06-14,S002,P001,260,57.0
INV-20260614-S002-P002,2026-06-14,S002,P002,60,41.0
INV-20260614-S002-P003,2026-06-14,S002,P003,34,24.0
INV-20260614-S002-P004,2026-06-14,S002,P004,399,20.0
INV-20260614-S002-P005,2026-06-14,S002,P005,71,66.0
INV-20260614-S002-P006,2026-06-14,S002,P006,70,26.0
INV-20260614-S002-P007,2026-06-14,S002,P007,227,97.0
INV-20260614-S002-P008,2026-06-14,S002,P008,167,65.0
INV-20260614-S002-P009,2026-06-14,S002,P009,92,43.0
INV-20260614-S002-P010,2026-06-14,S002,P010,126,66.0
INV-20260614-S002-P011,2026-06-14,S002,P011,44,12.0
INV-20260614-S002-P012,2026-06-14,S002,P012,280,101.0
INV-20260614-S002-P013,2026-06-14,S002,P013,225,56.0
INV-20260614-S002-P014,2026-06-14,S002,P014,278,84.0
INV-20260614-S002-P015,2026-06-14,S002,P015,42,18.0
INV-20260614-S002-P016,2026-06-14,S002,P016,119,56.0
INV-20260614-S002-P017,2026-06-14,S002,P017,236,56.0
INV-20260614-S002-P018,2026-06-14,S002,P018,252,99.0
INV-20260614-S002-P019,2026-06-14,S002,P019,245,64.0
INV-20260614-S002-P020,2026-06-14,S002,P020,82,55.0
INV-20260614-S002-P021,2026-06-14,S002,P021,140,35.0
INV-20260614-S002-P022,2026-06-14,S002,P022,203,41.0
INV-20260614-S002-P023,2026-06-14,S002,P023,187,59.0
INV-20260614-S002-P024,2026-06-14,S002,P024,140,51.0
INV-20260614-S002-P025,2026-06-14,S002,P025,136,12.0
INV-20260614-S002-P026,2026-06-14,S002,P026,218,88.0
INV-20260614-S002-P027,2026-06-14,S002,P027,104,95.0
INV-20260614-S002-P028,2026-06-14,S002,P028,200,23.0
INV-20260614-S002-P029,2026-06-14,S002,P029,167,62.0
INV-20260614-S002-P030,2026-06-14,S002,P030,186,20.0
INV-20260614-S002-P031,2026-06-14,S002,P031,213,74.0
INV-20260614-S002-P032,2026-06-14,S002,P032,105,37.0
INV-20260614-S002-P033,2026-06-14,S002,P033,137,72.0
INV-20260614-S002-P034,2026-06-14,S002,P034,212,79.0
INV-20260614-S002-P035,2026-06-14,S002,P035,310,83.0
INV-20260614-S002-P036,2026-06-14,S002,P036,48,20.0
INV-20260614-S002-P037,2026-06-14,S002,P037,393,97.0
INV-20260614-S002-P038,2026-06-14,S002,P038,145,32.0
INV-20260614-S002-P039,2026-06-14,S002,P039,56,14.0
INV-20260614-S002-P040,2026-06-14,S002,P040,304,62.0
INV-20260614-S002-P041,2026-06-14,S002,P041,106,45.0
INV-20260614-S002-P042,2026-06-14,S002,P042,322,88.0
INV-20260614-S002-P043,2026-06-14,S002,P043,233,86.0
INV-20260614-S002-P044,2026-06-14,S002,P044,151,40.0
INV-20260614-S002-P045,2026-06-14,S002,P045,354,100.0
INV-20260614-S002-P046,2026-06-14,S002,P046,55,37.0
INV-20260614-S002-P047,2026-06-14,S002,P047,230,59.0
INV-20260614-S002-P048,2026-06-14,S002,P048,143,34.0
INV-20260614-S002-P049,2026-06-14,S002,P049,385,98.0
INV-20260614-S002-P050,2026-06-14,S002,P050,80,26.0
INV-20260614-S003-P001,2026-06-14,S003,P001,140,57.0
INV-20260614-S003-P002,2026-06-14,S003,P002,191,41.0
INV-20260614-S003-P003,2026-06-14,S003,P003,121,24.0
INV-20260614-S003-P004,2026-06-14,S003,P004,51,20.0
INV-20260614-S003-P005,2026-06-14,S003,P005,242,66.0
INV-20260614-S003-P006,2026-06-14,S003,P006,151,26.0
INV-20260614-S003-P007,2026-06-14,S003,P007,456,97.0
INV-20260614-S003-P008,2026-06-14,S003,P008,254,65.0
INV-20260614-S003-P009,2026-06-14,S003,P009,160,43.0
INV-20260614-S003-P010,2026-06-14,S003,P010,319,66.0
INV-20260614-S003-P011,2026-06-14,S003,P011,267,12.0
INV-20260614-S003-P012,2026-06-14,S003,P012,417,101.0
INV-20260614-S003-P013,2026-06-14,S003,P013,74,56.0
INV-20260614-S003-P014,2026-06-14,S003,P014,203,84.0
INV-20260614-S003-P015,2026-06-14,S003,P015,88,18.0
INV-20260614-S003-P016,2026-06-14,S003,P016,152,56.0
INV-20260614-S003-P017,2026-06-14,S003,P017,96,56.0
INV-20260614-S003-P018,2026-06-14,S003,P018,234,99.0
INV-20260614-S003-P019,2026-06-14,S003,P019,73,64.0
INV-20260614-S003-P020,2026-06-14,S003,P020,139,55.0
INV-20260614-S003-P021,2026-06-14,S003,P021,145,35.0
INV-20260614-S003-P022,2026-06-14,S003,P022,170,41.0
INV-20260614-S003-P023,2026-06-14,S003,P023,195,59.0
INV-20260614-S003-P024,2026-06-14,S003,P024,207,51.0
INV-20260614-S003-P025,2026-06-14,S003,P025,248,12.0
INV-20260614-S003-P026,2026-06-14,S003,P026,291,88.0
INV-20260614-S003-P027,2026-06-14,S003,P027,301,95.0
INV-20260614-S003-P028,2026-06-14,S003,P028,88,23.0
INV-20260614-S003-P029,2026-06-14,S003,P029,252,62.0
INV-20260614-S003-P030,2026-06-14,S003,P030,38,20.0
INV-20260614-S003-P031,2026-06-14,S003,P031,144,74.0
INV-20260614-S003-P032,2026-06-14,S003,P032,177,37.0
INV-20260614-S003-P033,2026-06-14,S003,P033,156,72.0
INV-20260614-S003-P034,2026-06-14,S003,P034,319,79.0
INV-20260614-S003-P035,2026-06-14,S003,P035,189,83.0
INV-20260614-S003-P036,2026-06-14,S003,P036,61,20.0
INV-20260614-S003-P037,2026-06-14,S003,P037,144,97.0
INV-20260614-S003-P038,2026-06-14,S003,P038,105,32.0
INV-20260614-S003-P039,2026-06-14,S003,P039,268,14.0
INV-20260614-S003-P040,2026-06-14,S003,P040,231,62.0
INV-20260614-S003-P041,2026-06-14,S003,P041,201,45.0
INV-20260614-S003-P042,2026-06-14,S003,P042,260,88.0
INV-20260614-S003-P043,2026-06-14,S003,P043,321,86.0
INV-20260614-S003-P044,2026-06-14,S003,P044,96,40.0
INV-20260614-S003-P045,2026-06-14,S003,P045,496,100.0
INV-20260614-S003-P046,2026-06-14,S003,P046,39,37.0
INV-20260614-S003-P047,2026-06-14,S003,P047,96,59.0
INV-20260614-S003-P048,2026-06-14,S003,P048,49,34.0
INV-20260614-S003-P049,2026-06-14,S003,P049,339,98.0
INV-20260615-S001-P001,2026-06-15,S001,P001,140,57.0
INV-20260615-S001-P002,2026-06-15,S001,P002,168,41.0
INV-20260615-S001-P003,2026-06-15,S001,P003,42,24.0
INV-20260615-S001-P004,2026-06-15,S001,P004,119,20.0
INV-20260615-S001-P005,2026-06-15,S001,P005,274,66.0
INV-20260615-S001-P006,2026-06-15,S001,P006,271,26.0
INV-20260615-S001-P007,2026-06-15,S001,P007,389,97.0
INV-20260615-S001-P008,2026-06-15,S001,P008,266,65.0
INV-20260615-S001-P009,2026-06-15,S001,P009,201,43.0
INV-20260615-S001-P010,2026-06-15,S001,P010,201,66.0
INV-20260615-S001-P011,2026-06-15,S001,P011,276,12.0
INV-20260615-S001-P012,2026-06-15,S001,P012,187,101.0
INV-20260615-S001-P013,2026-06-15,S001,P013,251,56.0
INV-20260615-S001-P014,2026-06-15,S001,P014,272,84.0
INV-20260615-S001-P015,2026-06-15,S001,P015,74,18.0
INV-20260615-S001-P016,2026-06-15,S001,P016,173,56.0
INV-20260615-S001-P017,2026-06-15,S001,P017,165,56.0
INV-20260615-S001-P018,2026-06-15,S001,P018,443,99.0
INV-20260615-S001-P019,2026-06-15,S001,P019,216,64.0
INV-20260615-S001-P020,2026-06-15,S001,P020,225,55.0
INV-20260615-S001-P021,2026-06-15,S001,P021,131,35.0
INV-20260615-S001-P022,2026-06-15,S001,P022,63,41.0
INV-20260615-S001-P023,2026-06-15,S001,P023,123,59.0
INV-20260615-S001-P024,2026-06-15,S001,P024,106,51.0
INV-20260615-S001-P025,2026-06-15,S001,P025,311,12.0
INV-20260615-S001-P026,2026-06-15,S001,P026,270,88.0
INV-20260615-S001-P027,2026-06-15,S001,P027,177,95.0
INV-20260615-S001-P028,2026-06-15,S001,P028,190,23.0
INV-20260615-S001-P029,2026-06-15,S001,P029,102,62.0
INV-20260615-S001-P030,2026-06-15,S001,P030,49,20.0
INV-20260615-S001-P031,2026-06-15,S001,P031,225,74.0
INV-20260615-S001-P032,2026-06-15,S001,P032,173,37.0
INV-20260615-S001-P033,2026-06-15,S001,P033,246,72.0
INV-20260615-S001-P034,2026-06-15,S001,P034,320,79.0
INV-20260615-S001-P035,2026-06-15,S001,P035,254,83.0
INV-20260615-S001-P036,2026-06-15,S001,P036,80,20.0
INV-20260615-S001-P037,2026-06-15,S001,P037,337,97.0
INV-20260615-S001-P038,2026-06-15,S001,P038,195,32.0
INV-20260615-S001-P039,2026-06-15,S001,P039,295,14.0
INV-20260615-S001-P040,2026-06-15,S001,P040,271,62.0
INV-20260615-S001-P041,2026-06-15,S001,P041,59,45.0
INV-20260615-S001-P042,2026-06-15,S001,P042,342,88.0
INV-20260615-S001-P043,2026-06-15,S001,P043,392,86.0
INV-20260615-S001-P044,2026-06-15,S001,P044,197,40.0
INV-20260615-S001-P045,2026-06-15,S001,P045,105,100.0
INV-20260615-S001-P046,2026-06-15,S001,P046,145,37.0
INV-20260615-S001-P047,2026-06-15,S001,P047,221,59.0
INV-20260615-S001-P048,2026-06-15,S001,P048,101,34.0
INV-20260615-S001-P049,2026-06-15,S001,P049,382,98.0
INV-20260615-S001-P050,2026-06-15,S001,P050,35,26.0
INV-20260615-S002-P001,2026-06-15,S002,P001,250,57.0
INV-20260615-S002-P002,2026-06-15,S002,P002,50,41.0
INV-20260615-S002-P003,2026-06-15,S002,P003,25,24.0
INV-20260615-S002-P004,2026-06-15,S002,P004,399,20.0
INV-20260615-S002-P005,2026-06-15,S002,P005,327,66.0
INV-20260615-S002-P006,2026-06-15,S002,P006,68,26.0
INV-20260615-S002-P007,2026-06-15,S002,P007,227,97.0
INV-20260615-S002-P008,2026-06-15,S002,P008,150,65.0
INV-20260615-S002-P009,2026-06-15,S002,P009,88,43.0
INV-20260615-S002-P010,2026-06-15,S002,P010,111,66.0
INV-20260615-S002-P011,2026-06-15,S002,P011,41,12.0
INV-20260615-S002-P012,2026-06-15,S002,P012,262,101.0
INV-20260615-S002-P013,2026-06-15,S002,P013,211,56.0
INV-20260615-S002-P014,2026-06-15,S002,P014,267,84.0
INV-20260615-S002-P015,2026-06-15,S002,P015,38,18.0
INV-20260615-S002-P016,2026-06-15,S002,P016,110,56.0
INV-20260615-S002-P017,2026-06-15,S002,P017,227,56.0
INV-20260615-S002-P018,2026-06-15,S002,P018,239,99.0
INV-20260615-S002-P019,2026-06-15,S002,P019,229,64.0
INV-20260615-S002-P020,2026-06-15,S002,P020,66,55.0
INV-20260615-S002-P021,2026-06-15,S002,P021,132,35.0
INV-20260615-S002-P022,2026-06-15,S002,P022,192,41.0
INV-20260615-S002-P023,2026-06-15,S002,P023,180,59.0
INV-20260615-S002-P024,2026-06-15,S002,P024,125,51.0
INV-20260615-S002-P025,2026-06-15,S002,P025,132,12.0
INV-20260615-S002-P026,2026-06-15,S002,P026,206,88.0
INV-20260615-S002-P027,2026-06-15,S002,P027,466,95.0
INV-20260615-S002-P028,2026-06-15,S002,P028,195,23.0
INV-20260615-S002-P029,2026-06-15,S002,P029,161,62.0
INV-20260615-S002-P030,2026-06-15,S002,P030,180,20.0
INV-20260615-S002-P031,2026-06-15,S002,P031,201,74.0
INV-20260615-S002-P032,2026-06-15,S002,P032,98,37.0
INV-20260615-S002-P033,2026-06-15,S002,P033,123,72.0
INV-20260615-S002-P034,2026-06-15,S002,P034,197,79.0
INV-20260615-S002-P035,2026-06-15,S002,P035,292,83.0
INV-20260615-S002-P036,2026-06-15,S002,P036,46,20.0
INV-20260615-S002-P037,2026-06-15,S002,P037,379,97.0
INV-20260615-S002-P038,2026-06-15,S002,P038,143,32.0
INV-20260615-S002-P039,2026-06-15,S002,P039,53,14.0
INV-20260615-S002-P040,2026-06-15,S002,P040,283,62.0
INV-20260615-S002-P041,2026-06-15,S002,P041,97,45.0
INV-20260615-S002-P042,2026-06-15,S002,P042,299,88.0
INV-20260615-S002-P043,2026-06-15,S002,P043,222,86.0
INV-20260615-S002-P044,2026-06-15,S002,P044,147,40.0
INV-20260615-S002-P045,2026-06-15,S002,P045,327,100.0
INV-20260615-S002-P046,2026-06-15,S002,P046,49,37.0
INV-20260615-S002-P047,2026-06-15,S002,P047,223,59.0
INV-20260615-S002-P048,2026-06-15,S002,P048,137,34.0
INV-20260615-S002-P049,2026-06-15,S002,P049,363,98.0
INV-20260615-S002-P050,2026-06-15,S002,P050,70,26.0
INV-20260615-S003-P001,2026-06-15,S003,P001,131,57.0
INV-20260615-S003-P002,2026-06-15,S003,P002,189,41.0
INV-20260615-S003-P003,2026-06-15,S003,P003,119,24.0
INV-20260615-S003-P004,2026-06-15,S003,P004,47,20.0
INV-20260615-S003-P005,2026-06-15,S003,P005,231,66.0
INV-20260615-S003-P006,2026-06-15,S003,P006,142,26.0
INV-20260615-S003-P007,2026-06-15,S003,P007,449,97.0
INV-20260615-S003-P008,2026-06-15,S003,P008,248,65.0
INV-20260615-S003-P009,2026-06-15,S003,P009,153,43.0
INV-20260615-S003-P010,2026-06-15,S003,P010,313,66.0
INV-20260615-S003-P011,2026-06-15,S003,P011,266,12.0
INV-20260615-S003-P012,2026-06-15,S003,P012,405,101.0
INV-20260615-S003-P013,2026-06-15,S003,P013,68,56.0
INV-20260615-S003-P014,2026-06-15,S003,P014,198,84.0
INV-20260615-S003-P015,2026-06-15,S003,P015,84,18.0
INV-20260615-S003-P016,2026-06-15,S003,P016,141,56.0
INV-20260615-S003-P017,2026-06-15,S003,P017,86,56.0
INV-20260615-S003-P018,2026-06-15,S003,P018,212,99.0
INV-20260615-S003-P019,2026-06-15,S003,P019,66,64.0
INV-20260615-S003-P020,2026-06-15,S003,P020,131,55.0
INV-20260615-S003-P021,2026-06-15,S003,P021,141,35.0
INV-20260615-S003-P022,2026-06-15,S003,P022,164,41.0
INV-20260615-S003-P023,2026-06-15,S003,P023,184,59.0
INV-20260615-S003-P024,2026-06-15,S003,P024,200,51.0
INV-20260615-S003-P025,2026-06-15,S003,P025,248,12.0
INV-20260615-S003-P026,2026-06-15,S003,P026,283,88.0
INV-20260615-S003-P027,2026-06-15,S003,P027,286,95.0
INV-20260615-S003-P028,2026-06-15,S003,P028,81,23.0
INV-20260615-S003-P029,2026-06-15,S003,P029,241,62.0
INV-20260615-S003-P030,2026-06-15,S003,P030,33,20.0
INV-20260615-S003-P031,2026-06-15,S003,P031,131,74.0
INV-20260615-S003-P032,2026-06-15,S003,P032,171,37.0
INV-20260615-S003-P033,2026-06-15,S003,P033,144,72.0
INV-20260615-S003-P034,2026-06-15,S003,P034,304,79.0
INV-20260615-S003-P035,2026-06-15,S003,P035,183,83.0
INV-20260615-S003-P036,2026-06-15,S003,P036,58,20.0
INV-20260615-S003-P037,2026-06-15,S003,P037,135,97.0
INV-20260615-S003-P038,2026-06-15,S003,P038,100,32.0
INV-20260615-S003-P039,2026-06-15,S003,P039,266,14.0
INV-20260615-S003-P040,2026-06-15,S003,P040,225,62.0
INV-20260615-S003-P041,2026-06-15,S003,P041,195,45.0
INV-20260615-S003-P042,2026-06-15,S003,P042,252,88.0
INV-20260615-S003-P043,2026-06-15,S003,P043,309,86.0
INV-20260615-S003-P044,2026-06-15,S003,P044,94,40.0
INV-20260615-S003-P045,2026-06-15,S003,P045,484,100.0
INV-20260615-S003-P046,2026-06-15,S003,P046,185,37.0
INV-20260615-S003-P047,2026-06-15,S003,P047,92,59.0
INV-20260615-S003-P048,2026-06-15,S003,P048,44,34.0
INV-20260615-S003-P049,2026-06-15,S003,P049,328,98.0
INV-20260616-S001-P001,2026-06-16,S001,P001,134,57.0
INV-20260616-S001-P002,2026-06-16,S001,P002,166,41.0
INV-20260616-S001-P003,2026-06-16,S001,P003,34,24.0
INV-20260616-S001-P004,2026-06-16,S001,P004,115,20.0
INV-20260616-S001-P005,2026-06-16,S001,P005,266,66.0
INV-20260616-S001-P006,2026-06-16,S001,P006,268,26.0
INV-20260616-S001-P007,2026-06-16,S001,P007,372,97.0
INV-20260616-S001-P008,2026-06-16,S001,P008,255,65.0
INV-20260616-S001-P009,2026-06-16,S001,P009,195,43.0
INV-20260616-S001-P010,2026-06-16,S001,P010,192,66.0
INV-20260616-S001-P011,2026-06-16,S001,P011,275,12.0
INV-20260616-S001-P012,2026-06-16,S001,P012,166,101.0
INV-20260616-S001-P013,2026-06-16,S001,P013,244,56.0
INV-20260616-S001-P014,2026-06-16,S001,P014,266,84.0
INV-20260616-S001-P015,2026-06-16,S001,P015,72,18.0
INV-20260616-S001-P016,2026-06-16,S001,P016,166,56.0
INV-20260616-S001-P017,2026-06-16,S001,P017,159,56.0
INV-20260616-S001-P018,2026-06-16,S001,P018,428,99.0
INV-20260616-S001-P019,2026-06-16,S001,P019,210,64.0
INV-20260616-S001-P020,2026-06-16,S001,P020,217,55.0
INV-20260616-S001-P021,2026-06-16,S001,P021,129,35.0
INV-20260616-S001-P022,2026-06-16,S001,P022,57,41.0
INV-20260616-S001-P023,2026-06-16,S001,P023,117,59.0
INV-20260616-S001-P024,2026-06-16,S001,P024,100,51.0
INV-20260616-S001-P025,2026-06-16,S001,P025,309,12.0
INV-20260616-S001-P026,2026-06-16,S001,P026,260,88.0
INV-20260616-S001-P027,2026-06-16,S001,P027,163,95.0
INV-20260616-S001-P028,2026-06-16,S001,P028,185,23.0
INV-20260616-S001-P029,2026-06-16,S001,P029,91,62.0
INV-20260616-S001-P030,2026-06-16,S001,P030,47,20.0
INV-20260616-S001-P031,2026-06-16,S001,P031,211,74.0
INV-20260616-S001-P032,2026-06-16,S001,P032,161,37.0
INV-20260616-S001-P033,2026-06-16,S001,P033,237,72.0
INV-20260616-S001-P034,2026-06-16,S001,P034,309,79.0
INV-20260616-S001-P035,2026-06-16,S001,P035,241,83.0
INV-20260616-S001-P036,2026-06-16,S001,P036,77,20.0
INV-20260616-S001-P037,2026-06-16,S001,P037,320,97.0
INV-20260616-S001-P038,2026-06-16,S001,P038,191,32.0
INV-20260616-S001-P039,2026-06-16,S001,P039,293,14.0
INV-20260616-S001-P040,2026-06-16,S001,P040,261,62.0
INV-20260616-S001-P041,2026-06-16,S001,P041,53,45.0
INV-20260616-S001-P042,2026-06-16,S001,P042,333,88.0
INV-20260616-S001-P043,2026-06-16,S001,P043,382,86.0
INV-20260616-S001-P044,2026-06-16,S001,P044,190,40.0
INV-20260616-S001-P045,2026-06-16,S001,P045,493,100.0
INV-20260616-S001-P046,2026-06-16,S001,P046,140,37.0
INV-20260616-S001-P047,2026-06-16,S001,P047,214,59.0
INV-20260616-S001-P048,2026-06-16,S001,P048,97,34.0
INV-20260616-S001-P049,2026-06-16,S001,P049,364,98.0
INV-20260616-S001-P050,2026-06-16,S001,P050,35,26.0
INV-20260616-S002-P001,2026-06-16,S002,P001,243,57.0
INV-20260616-S002-P002,2026-06-16,S002,P002,205,41.0
INV-20260616-S002-P003,2026-06-16,S002,P003,115,24.0
INV-20260616-S002-P004,2026-06-16,S002,P004,399,20.0
INV-20260616-S002-P005,2026-06-16,S002,P005,318,66.0
INV-20260616-S002-P006,2026-06-16,S002,P006,64,26.0
INV-20260616-S002-P007,2026-06-16,S002,P007,227,97.0
INV-20260616-S002-P008,2026-06-16,S002,P008,142,65.0
INV-20260616-S002-P009,2026-06-16,S002,P009,79,43.0
INV-20260616-S002-P010,2026-06-16,S002,P010,102,66.0
INV-20260616-S002-P011,2026-06-16,S002,P011,38,12.0
INV-20260616-S002-P012,2026-06-16,S002,P012,250,101.0
INV-20260616-S002-P013,2026-06-16,S002,P013,200,56.0
INV-20260616-S002-P014,2026-06-16,S002,P014,253,84.0
INV-20260616-S002-P015,2026-06-16,S002,P015,37,18.0
INV-20260616-S002-P016,2026-06-16,S002,P016,104,56.0
INV-20260616-S002-P017,2026-06-16,S002,P017,217,56.0
INV-20260616-S002-P018,2026-06-16,S002,P018,223,99.0
INV-20260616-S002-P019,2026-06-16,S002,P019,218,64.0
INV-20260616-S002-P020,2026-06-16,S002,P020,56,55.0
INV-20260616-S002-P021,2026-06-16,S002,P021,127,35.0
INV-20260616-S002-P022,2026-06-16,S002,P022,185,41.0
INV-20260616-S002-P023,2026-06-16,S002,P023,168,59.0
INV-20260616-S002-P024,2026-06-16,S002,P024,122,51.0
INV-20260616-S002-P025,2026-06-16,S002,P025,130,12.0
INV-20260616-S002-P026,2026-06-16,S002,P026,196,88.0
INV-20260616-S002-P027,2026-06-16,S002,P027,450,95.0
INV-20260616-S002-P028,2026-06-16,S002,P028,193,23.0
INV-20260616-S002-P029,2026-06-16,S002,P029,147,62.0
INV-20260616-S002-P030,2026-06-16,S002,P030,176,20.0
INV-20260616-S002-P031,2026-06-16,S002,P031,192,74.0
INV-20260616-S002-P032,2026-06-16,S002,P032,96,37.0
INV-20260616-S002-P033,2026-06-16,S002,P033,113,72.0
INV-20260616-S002-P034,2026-06-16,S002,P034,190,79.0
INV-20260616-S002-P035,2026-06-16,S002,P035,279,83.0
INV-20260616-S002-P036,2026-06-16,S002,P036,40,20.0
INV-20260616-S002-P037,2026-06-16,S002,P037,368,97.0
INV-20260616-S002-P038,2026-06-16,S002,P038,135,32.0
INV-20260616-S002-P039,2026-06-16,S002,P039,49,14.0
INV-20260616-S002-P040,2026-06-16,S002,P040,275,62.0
INV-20260616-S002-P041,2026-06-16,S002,P041,91,45.0
INV-20260616-S002-P042,2026-06-16,S002,P042,280,88.0
INV-20260616-S002-P043,2026-06-16,S002,P043,201,86.0
INV-20260616-S002-P044,2026-06-16,S002,P044,141,40.0
INV-20260616-S002-P045,2026-06-16,S002,P045,293,100.0
INV-20260616-S002-P046,2026-06-16,S002,P046,42,37.0
INV-20260616-S002-P047,2026-06-16,S002,P047,210,59.0
INV-20260616-S002-P048,2026-06-16,S002,P048,134,34.0
INV-20260616-S002-P049,2026-06-16,S002,P049,345,98.0
INV-20260616-S002-P050,2026-06-16,S002,P050,68,26.0
INV-20260616-S003-P001,2026-06-16,S003,P001,125,57.0
INV-20260616-S003-P002,2026-06-16,S003,P002,188,41.0
INV-20260616-S003-P003,2026-06-16,S003,P003,119,24.0
INV-20260616-S003-P004,2026-06-16,S003,P004,46,20.0
INV-20260616-S003-P005,2026-06-16,S003,P005,224,66.0
INV-20260616-S003-P006,2026-06-16,S003,P006,141,26.0
INV-20260616-S003-P007,2026-06-16,S003,P007,440,97.0
INV-20260616-S003-P008,2026-06-16,S003,P008,243,65.0
INV-20260616-S003-P009,2026-06-16,S003,P009,145,43.0
INV-20260616-S003-P010,2026-06-16,S003,P010,302,66.0
INV-20260616-S003-P011,2026-06-16,S003,P011,264,12.0
INV-20260616-S003-P012,2026-06-16,S003,P012,394,101.0
INV-20260616-S003-P013,2026-06-16,S003,P013,63,56.0
INV-20260616-S003-P014,2026-06-16,S003,P014,191,84.0
INV-20260616-S003-P015,2026-06-16,S003,P015,81,18.0
INV-20260616-S003-P016,2026-06-16,S003,P016,133,56.0
INV-20260616-S003-P017,2026-06-16,S003,P017,81,56.0
INV-20260616-S003-P018,2026-06-16,S003,P018,194,99.0
INV-20260616-S003-P019,2026-06-16,S003,P019,317,64.0
INV-20260616-S003-P020,2026-06-16,S003,P020,124,55.0
INV-20260616-S003-P021,2026-06-16,S003,P021,137,35.0
INV-20260616-S003-P022,2026-06-16,S003,P022,158,41.0
INV-20260616-S003-P023,2026-06-16,S003,P023,174,59.0
INV-20260616-S003-P024,2026-06-16,S003,P024,195,51.0
INV-20260616-S003-P025,2026-06-16,S003,P025,245,12.0
INV-20260616-S003-P026,2026-06-16,S003,P026,268,88.0
INV-20260616-S003-P027,2026-06-16,S003,P027,278,95.0
INV-20260616-S003-P028,2026-06-16,S003,P028,76,23.0
INV-20260616-S003-P029,2026-06-16,S003,P029,236,62.0
INV-20260616-S003-P030,2026-06-16,S003,P030,33,20.0
INV-20260616-S003-P031,2026-06-16,S003,P031,123,74.0
INV-20260616-S003-P032,2026-06-16,S003,P032,166,37.0
INV-20260616-S003-P033,2026-06-16,S003,P033,131,72.0
INV-20260616-S003-P034,2026-06-16,S003,P034,293,79.0
INV-20260616-S003-P035,2026-06-16,S003,P035,176,83.0
INV-20260616-S003-P036,2026-06-16,S003,P036,53,20.0
INV-20260616-S003-P037,2026-06-16,S003,P037,123,97.0
INV-20260616-S003-P038,2026-06-16,S003,P038,98,32.0
INV-20260616-S003-P039,2026-06-16,S003,P039,265,14.0
INV-20260616-S003-P040,2026-06-16,S003,P040,218,62.0
INV-20260616-S003-P041,2026-06-16,S003,P041,187,45.0
INV-20260616-S003-P042,2026-06-16,S003,P042,245,88.0
INV-20260616-S003-P043,2026-06-16,S003,P043,302,86.0
INV-20260616-S003-P044,2026-06-16,S003,P044,85,40.0
INV-20260616-S003-P045,2026-06-16,S003,P045,471,100.0
INV-20260616-S003-P046,2026-06-16,S003,P046,181,37.0
INV-20260616-S003-P047,2026-06-16,S003,P047,88,59.0
INV-20260616-S003-P048,2026-06-16,S003,P048,40,34.0
INV-20260616-S003-P049,2026-06-16,S003,P049,322,98.0
INV-20260617-S001-P001,2026-06-17,S001,P001,130,57.0
INV-20260617-S001-P002,2026-06-17,S001,P002,157,41.0
INV-20260617-S001-P003,2026-06-17,S001,P003,31,24.0
INV-20260617-S001-P004,2026-06-17,S001,P004,112,20.0
INV-20260617-S001-P005,2026-06-17,S001,P005,257,66.0
INV-20260617-S001-P006,2026-06-17,S001,P006,258,26.0
INV-20260617-S001-P007,2026-06-17,S001,P007,359,97.0
INV-20260617-S001-P008,2026-06-17,S001,P008,246,65.0
INV-20260617-S001-P009,2026-06-17,S001,P009,192,43.0
INV-20260617-S001-P010,2026-06-17,S001,P010,179,66.0
INV-20260617-S001-P011,2026-06-17,S001,P011,271,12.0
INV-20260617-S001-P012,2026-06-17,S001,P012,152,101.0
INV-20260617-S001-P013,2026-06-17,S001,P013,234,56.0
INV-20260617-S001-P014,2026-06-17,S001,P014,254,84.0
INV-20260617-S001-P015,2026-06-17,S001,P015,70,18.0
INV-20260617-S001-P016,2026-06-17,S001,P016,158,56.0
INV-20260617-S001-P017,2026-06-17,S001,P017,149,56.0
INV-20260617-S001-P018,2026-06-17,S001,P018,416,99.0
INV-20260617-S001-P019,2026-06-17,S001,P019,205,64.0
INV-20260617-S001-P020,2026-06-17,S001,P020,211,55.0
INV-20260617-S001-P021,2026-06-17,S001,P021,125,35.0
INV-20260617-S001-P022,2026-06-17,S001,P022,49,41.0
INV-20260617-S001-P023,2026-06-17,S001,P023,108,59.0
INV-20260617-S001-P024,2026-06-17,S001,P024,94,51.0
INV-20260617-S001-P025,2026-06-17,S001,P025,308,12.0
INV-20260617-S001-P026,2026-06-17,S001,P026,253,88.0
INV-20260617-S001-P027,2026-06-17,S001,P027,153,95.0
INV-20260617-S001-P028,2026-06-17,S001,P028,182,23.0
INV-20260617-S001-P029,2026-06-17,S001,P029,83,62.0
INV-20260617-S001-P030,2026-06-17,S001,P030,45,20.0
INV-20260617-S001-P031,2026-06-17,S001,P031,203,74.0
INV-20260617-S001-P032,2026-06-17,S001,P032,156,37.0
INV-20260617-S001-P033,2026-06-17,S001,P033,232,72.0
INV-20260617-S001-P034,2026-06-17,S001,P034,299,79.0
INV-20260617-S001-P035,2026-06-17,S001,P035,232,83.0
INV-20260617-S001-P036,2026-06-17,S001,P036,75,20.0
INV-20260617-S001-P037,2026-06-17,S001,P037,313,97.0
INV-20260617-S001-P038,2026-06-17,S001,P038,185,32.0
INV-20260617-S001-P039,2026-06-17,S001,P039,291,14.0
INV-20260617-S001-P040,2026-06-17,S001,P040,252,62.0
INV-20260617-S001-P041,2026-06-17,S001,P041,51,45.0
INV-20260617-S001-P042,2026-06-17,S001,P042,317,88.0
INV-20260617-S001-P043,2026-06-17,S001,P043,376,86.0
INV-20260617-S001-P044,2026-06-17,S001,P044,187,40.0
INV-20260617-S001-P045,2026-06-17,S001,P045,482,100.0
INV-20260617-S001-P046,2026-06-17,S001,P046,133,37.0
INV-20260617-S001-P047,2026-06-17,S001,P047,207,59.0
INV-20260617-S001-P048,2026-06-17,S001,P048,90,34.0
INV-20260617-S001-P049,2026-06-17,S001,P049,344,98.0
INV-20260617-S001-P050,2026-06-17,S001,P050,32,26.0
INV-20260617-S002-P001,2026-06-17,S002,P001,237,57.0
INV-20260617-S002-P002,2026-06-17,S002,P002,200,41.0
INV-20260617-S002-P003,2026-06-17,S002,P003,111,24.0
INV-20260617-S002-P004,2026-06-17,S002,P004,399,20.0
INV-20260617-S002-P005,2026-06-17,S002,P005,307,66.0
INV-20260617-S002-P006,2026-06-17,S002,P006,61,26.0
INV-20260617-S002-P007,2026-06-17,S002,P007,227,97.0
INV-20260617-S002-P008,2026-06-17,S002,P008,123,65.0
INV-20260617-S002-P009,2026-06-17,S002,P009,75,43.0
INV-20260617-S002-P010,2026-06-17,S002,P010,95,66.0
INV-20260617-S002-P011,2026-06-17,S002,P011,37,12.0
INV-20260617-S002-P012,2026-06-17,S002,P012,233,101.0
INV-20260617-S002-P013,2026-06-17,S002,P013,186,56.0
INV-20260617-S002-P014,2026-06-17,S002,P014,234,84.0
INV-20260617-S002-P015,2026-06-17,S002,P015,35,18.0
INV-20260617-S002-P016,2026-06-17,S002,P016,91,56.0
INV-20260617-S002-P017,2026-06-17,S002,P017,212,56.0
INV-20260617-S002-P018,2026-06-17,S002,P018,202,99.0
INV-20260617-S002-P019,2026-06-17,S002,P019,206,64.0
INV-20260617-S002-P020,2026-06-17,S002,P020,264,55.0
INV-20260617-S002-P021,2026-06-17,S002,P021,123,35.0
INV-20260617-S002-P022,2026-06-17,S002,P022,177,41.0
INV-20260617-S002-P023,2026-06-17,S002,P023,156,59.0
INV-20260617-S002-P024,2026-06-17,S002,P024,116,51.0
INV-20260617-S002-P025,2026-06-17,S002,P025,130,12.0
INV-20260617-S002-P026,2026-06-17,S002,P026,181,88.0
INV-20260617-S002-P027,2026-06-17,S002,P027,429,95.0
INV-20260617-S002-P028,2026-06-17,S002,P028,190,23.0
INV-20260617-S002-P029,2026-06-17,S002,P029,137,62.0
INV-20260617-S002-P030,2026-06-17,S002,P030,173,20.0
INV-20260617-S002-P031,2026-06-17,S002,P031,179,74.0
INV-20260617-S002-P032,2026-06-17,S002,P032,95,37.0
INV-20260617-S002-P033,2026-06-17,S002,P033,107,72.0
INV-20260617-S002-P034,2026-06-17,S002,P034,183,79.0
INV-20260617-S002-P035,2026-06-17,S002,P035,267,83.0
INV-20260617-S002-P036,2026-06-17,S002,P036,39,20.0
INV-20260617-S002-P037,2026-06-17,S002,P037,356,97.0
INV-20260617-S002-P038,2026-06-17,S002,P038,130,32.0
INV-20260617-S002-P039,2026-06-17,S002,P039,48,14.0
INV-20260617-S002-P040,2026-06-17,S002,P040,258,62.0
INV-20260617-S002-P041,2026-06-17,S002,P041,86,45.0
INV-20260617-S002-P042,2026-06-17,S002,P042,268,88.0
INV-20260617-S002-P043,2026-06-17,S002,P043,184,86.0
INV-20260617-S002-P044,2026-06-17,S002,P044,139,40.0
INV-20260617-S002-P045,2026-06-17,S002,P045,270,100.0
INV-20260617-S002-P046,2026-06-17,S002,P046,186,37.0
INV-20260617-S002-P047,2026-06-17,S002,P047,197,59.0
INV-20260617-S002-P048,2026-06-17,S002,P048,130,34.0
INV-20260617-S002-P049,2026-06-17,S002,P049,327,98.0
INV-20260617-S002-P050,2026-06-17,S002,P050,64,26.0
INV-20260617-S003-P001,2026-06-17,S003,P001,118,57.0
INV-20260617-S003-P002,2026-06-17,S003,P002,186,41.0
INV-20260617-S003-P003,2026-06-17,S003,P003,118,24.0
INV-20260617-S003-P004,2026-06-17,S003,P004,45,20.0
INV-20260617-S003-P005,2026-06-17,S003,P005,213,66.0
INV-20260617-S003-P006,2026-06-17,S003,P006,137,26.0
INV-20260617-S003-P007,2026-06-17,S003,P007,427,97.0
INV-20260617-S003-P008,2026-06-17,S003,P008,234,65.0
INV-20260617-S003-P009,2026-06-17,S003,P009,140,43.0
INV-20260617-S003-P010,2026-06-17,S003,P010,294,66.0
INV-20260617-S003-P011,2026-06-17,S003,P011,262,12.0
INV-20260617-S003-P012,2026-06-17,S003,P012,381,101.0
INV-20260617-S003-P013,2026-06-17,S003,P013,58,56.0
INV-20260617-S003-P014,2026-06-17,S003,P014,178,84.0
INV-20260617-S003-P015,2026-06-17,S003,P015,80,18.0
INV-20260617-S003-P016,2026-06-17,S003,P016,127,56.0
INV-20260617-S003-P017,2026-06-17,S003,P017,73,56.0
INV-20260617-S003-P018,2026-06-17,S003,P018,189,99.0
INV-20260617-S003-P019,2026-06-17,S003,P019,312,64.0
INV-20260617-S003-P020,2026-06-17,S003,P020,121,55.0
INV-20260617-S003-P021,2026-06-17,S003,P021,133,35.0
INV-20260617-S003-P022,2026-06-17,S003,P022,155,41.0
INV-20260617-S003-P023,2026-06-17,S003,P023,167,59.0
INV-20260617-S003-P024,2026-06-17,S003,P024,189,51.0
INV-20260617-S003-P025,2026-06-17,S003,P025,242,12.0
INV-20260617-S003-P026,2026-06-17,S003,P026,258,88.0
INV-20260617-S003-P027,2026-06-17,S003,P027,272,95.0
INV-20260617-S003-P028,2026-06-17,S003,P028,75,23.0
INV-20260617-S003-P029,2026-06-17,S003,P029,228,62.0
INV-20260617-S003-P030,2026-06-17,S003,P030,32,20.0
INV-20260617-S003-P031,2026-06-17,S003,P031,109,74.0
INV-20260617-S003-P032,2026-06-17,S003,P032,163,37.0
INV-20260617-S003-P033,2026-06-17,S003,P033,124,72.0
INV-20260617-S003-P034,2026-06-17,S003,P034,285,79.0
INV-20260617-S003-P035,2026-06-17,S003,P035,168,83.0
INV-20260617-S003-P036,2026-06-17,S003,P036,50,20.0
INV-20260617-S003-P037,2026-06-17,S003,P037,114,97.0
INV-20260617-S003-P038,2026-06-17,S003,P038,93,32.0
INV-20260617-S003-P039,2026-06-17,S003,P039,264,14.0
INV-20260617-S003-P040,2026-06-17,S003,P040,213,62.0
INV-20260617-S003-P041,2026-06-17,S003,P041,182,45.0
INV-20260617-S003-P042,2026-06-17,S003,P042,234,88.0
INV-20260617-S003-P043,2026-06-17,S003,P043,292,86.0
INV-20260617-S003-P044,2026-06-17,S003,P044,80,40.0
INV-20260617-S003-P045,2026-06-17,S003,P045,461,100.0
INV-20260617-S003-P046,2026-06-17,S003,P046,176,37.0
INV-20260617-S003-P047,2026-06-17,S003,P047,84,59.0
INV-20260617-S003-P048,2026-06-17,S003,P048,39,34.0
INV-20260617-S003-P049,2026-06-17,S003,P049,316,98.0
INV-20260618-S001-P001,2026-06-18,S001,P001,124,57.0
INV-20260618-S001-P002,2026-06-18,S001,P002,155,41.0
INV-20260618-S001-P003,2026-06-18,S001,P003,30,24.0
INV-20260618-S001-P004,2026-06-18,S001,P004,109,20.0
INV-20260618-S001-P005,2026-06-18,S001,P005,249,66.0
INV-20260618-S001-P006,2026-06-18,S001,P006,251,26.0
INV-20260618-S001-P007,2026-06-18,S001,P007,348,97.0
INV-20260618-S001-P008,2026-06-18,S001,P008,243,65.0
INV-20260618-S001-P009,2026-06-18,S001,P009,179,43.0
INV-20260618-S001-P010,2026-06-18,S001,P010,174,66.0
INV-20260618-S001-P011,2026-06-18,S001,P011,271,12.0
INV-20260618-S001-P012,2026-06-18,S001,P012,139,101.0
INV-20260618-S001-P013,2026-06-18,S001,P013,230,56.0
INV-20260618-S001-P014,2026-06-18,S001,P014,247,84.0
INV-20260618-S001-P015,2026-06-18,S001,P015,70,18.0
INV-20260618-S001-P016,2026-06-18,S001,P016,148,56.0
INV-20260618-S001-P017,2026-06-18,S001,P017,141,56.0
INV-20260618-S001-P018,2026-06-18,S001,P018,402,99.0
INV-20260618-S001-P019,2026-06-18,S001,P019,200,64.0
INV-20260618-S001-P020,2026-06-18,S001,P020,202,55.0
INV-20260618-S001-P021,2026-06-18,S001,P021,121,35.0
INV-20260618-S001-P022,2026-06-18,S001,P022,43,41.0
INV-20260618-S001-P023,2026-06-18,S001,P023,96,59.0
INV-20260618-S001-P024,2026-06-18,S001,P024,90,51.0
INV-20260618-S001-P025,2026-06-18,S001,P025,307,12.0
INV-20260618-S001-P026,2026-06-18,S001,P026,243,88.0
INV-20260618-S001-P027,2026-06-18,S001,P027,145,95.0
INV-20260618-S001-P028,2026-06-18,S001,P028,179,23.0
INV-20260618-S001-P029,2026-06-18,S001,P029,75,62.0
INV-20260618-S001-P030,2026-06-18,S001,P030,44,20.0
INV-20260618-S001-P031,2026-06-18,S001,P031,192,74.0
INV-20260618-S001-P032,2026-06-18,S001,P032,152,37.0
INV-20260618-S001-P033,2026-06-18,S001,P033,219,72.0
INV-20260618-S001-P034,2026-06-18,S001,P034,286,79.0
INV-20260618-S001-P035,2026-06-18,S001,P035,223,83.0
INV-20260618-S001-P036,2026-06-18,S001,P036,70,20.0
INV-20260618-S001-P037,2026-06-18,S001,P037,306,97.0
INV-20260618-S001-P038,2026-06-18,S001,P038,182,32.0
INV-20260618-S001-P039,2026-06-18,S001,P039,287,14.0
INV-20260618-S001-P040,2026-06-18,S001,P040,245,62.0
INV-20260618-S001-P041,2026-06-18,S001,P041,49,45.0
INV-20260618-S001-P042,2026-06-18,S001,P042,304,88.0
INV-20260618-S001-P043,2026-06-18,S001,P043,365,86.0
INV-20260618-S001-P044,2026-06-18,S001,P044,184,40.0
INV-20260618-S001-P045,2026-06-18,S001,P045,469,100.0
INV-20260618-S001-P046,2026-06-18,S001,P046,124,37.0
INV-20260618-S001-P047,2026-06-18,S001,P047,197,59.0
INV-20260618-S001-P048,2026-06-18,S001,P048,87,34.0
INV-20260618-S001-P049,2026-06-18,S001,P049,334,98.0
INV-20260618-S001-P050,2026-06-18,S001,P050,28,26.0
INV-20260618-S002-P001,2026-06-18,S002,P001,225,57.0
INV-20260618-S002-P002,2026-06-18,S002,P002,189,41.0
INV-20260618-S002-P003,2026-06-18,S002,P003,102,24.0
INV-20260618-S002-P004,2026-06-18,S002,P004,399,20.0
INV-20260618-S002-P005,2026-06-18,S002,P005,302,66.0
INV-20260618-S002-P006,2026-06-18,S002,P006,59,26.0
INV-20260618-S002-P007,2026-06-18,S002,P007,227,97.0
INV-20260618-S002-P008,2026-06-18,S002,P008,117,65.0
INV-20260618-S002-P009,2026-06-18,S002,P009,67,43.0
INV-20260618-S002-P010,2026-06-18,S002,P010,87,66.0
INV-20260618-S002-P011,2026-06-18,S002,P011,35,12.0
INV-20260618-S002-P012,2026-06-18,S002,P012,210,101.0
INV-20260618-S002-P013,2026-06-18,S002,P013,179,56.0
INV-20260618-S002-P014,2026-06-18,S002,P014,219,84.0
INV-20260618-S002-P015,2026-06-18,S002,P015,35,18.0
INV-20260618-S002-P016,2026-06-18,S002,P016,82,56.0
INV-20260618-S002-P017,2026-06-18,S002,P017,206,56.0
INV-20260618-S002-P018,2026-06-18,S002,P018,184,99.0
INV-20260618-S002-P019,2026-06-18,S002,P019,193,64.0
INV-20260618-S002-P020,2026-06-18,S002,P020,261,55.0
INV-20260618-S002-P021,2026-06-18,S002,P021,119,35.0
INV-20260618-S002-P022,2026-06-18,S002,P022,166,41.0
INV-20260618-S002-P023,2026-06-18,S002,P023,147,59.0
INV-20260618-S002-P024,2026-06-18,S002,P024,107,51.0
INV-20260618-S002-P025,2026-06-18,S002,P025,124,12.0
INV-20260618-S002-P026,2026-06-18,S002,P026,165,88.0
INV-20260618-S002-P027,2026-06-18,S002,P027,415,95.0
INV-20260618-S002-P028,2026-06-18,S002,P028,187,23.0
INV-20260618-S002-P029,2026-06-18,S002,P029,131,62.0
INV-20260618-S002-P030,2026-06-18,S002,P030,170,20.0
INV-20260618-S002-P031,2026-06-18,S002,P031,169,74.0
INV-20260618-S002-P032,2026-06-18,S002,P032,91,37.0
INV-20260618-S002-P033,2026-06-18,S002,P033,92,72.0
INV-20260618-S002-P034,2026-06-18,S002,P034,168,79.0
INV-20260618-S002-P035,2026-06-18,S002,P035,252,83.0
INV-20260618-S002-P036,2026-06-18,S002,P036,33,20.0
INV-20260618-S002-P037,2026-06-18,S002,P037,343,97.0
INV-20260618-S002-P038,2026-06-18,S002,P038,127,32.0
INV-20260618-S002-P039,2026-06-18,S002,P039,46,14.0
INV-20260618-S002-P040,2026-06-18,S002,P040,253,62.0
INV-20260618-S002-P041,2026-06-18,S002,P041,76,45.0
INV-20260618-S002-P042,2026-06-18,S002,P042,249,88.0
INV-20260618-S002-P043,2026-06-18,S002,P043,170,86.0
INV-20260618-S002-P044,2026-06-18,S002,P044,128,40.0
INV-20260618-S002-P045,2026-06-18,S002,P045,255,100.0
INV-20260618-S002-P046,2026-06-18,S002,P046,182,37.0
INV-20260618-S002-P047,2026-06-18,S002,P047,184,59.0
INV-20260618-S002-P048,2026-06-18,S002,P048,125,34.0
INV-20260618-S002-P049,2026-06-18,S002,P049,312,98.0
INV-20260618-S002-P050,2026-06-18,S002,P050,58,26.0
INV-20260618-S003-P001,2026-06-18,S003,P001,107,57.0
INV-20260618-S003-P002,2026-06-18,S003,P002,180,41.0
INV-20260618-S003-P003,2026-06-18,S003,P003,117,24.0
INV-20260618-S003-P004,2026-06-18,S003,P004,43,20.0
INV-20260618-S003-P005,2026-06-18,S003,P005,203,66.0
INV-20260618-S003-P006,2026-06-18,S003,P006,134,26.0
INV-20260618-S003-P007,2026-06-18,S003,P007,416,97.0
INV-20260618-S003-P008,2026-06-18,S003,P008,229,65.0
INV-20260618-S003-P009,2026-06-18,S003,P009,137,43.0
INV-20260618-S003-P010,2026-06-18,S003,P010,282,66.0
INV-20260618-S003-P011,2026-06-18,S003,P011,261,12.0
INV-20260618-S003-P012,2026-06-18,S003,P012,371,101.0
INV-20260618-S003-P013,2026-06-18,S003,P013,278,56.0
INV-20260618-S003-P014,2026-06-18,S003,P014,167,84.0
INV-20260618-S003-P015,2026-06-18,S003,P015,76,18.0
INV-20260618-S003-P016,2026-06-18,S003,P016,118,56.0
INV-20260618-S003-P017,2026-06-18,S003,P017,68,56.0
INV-20260618-S003-P018,2026-06-18,S003,P018,176,99.0
INV-20260618-S003-P019,2026-06-18,S003,P019,307,64.0
INV-20260618-S003-P020,2026-06-18,S003,P020,113,55.0
INV-20260618-S003-P021,2026-06-18,S003,P021,128,35.0
INV-20260618-S003-P022,2026-06-18,S003,P022,149,41.0
INV-20260618-S003-P023,2026-06-18,S003,P023,161,59.0
INV-20260618-S003-P024,2026-06-18,S003,P024,186,51.0
INV-20260618-S003-P025,2026-06-18,S003,P025,242,12.0
INV-20260618-S003-P026,2026-06-18,S003,P026,248,88.0
INV-20260618-S003-P027,2026-06-18,S003,P027,268,95.0
INV-20260618-S003-P028,2026-06-18,S003,P028,73,23.0
INV-20260618-S003-P029,2026-06-18,S003,P029,211,62.0
INV-20260618-S003-P030,2026-06-18,S003,P030,31,20.0
INV-20260618-S003-P031,2026-06-18,S003,P031,96,74.0
INV-20260618-S003-P032,2026-06-18,S003,P032,156,37.0
INV-20260618-S003-P033,2026-06-18,S003,P033,115,72.0
INV-20260618-S003-P034,2026-06-18,S003,P034,279,79.0
INV-20260618-S003-P035,2026-06-18,S003,P035,161,83.0
INV-20260618-S003-P036,2026-06-18,S003,P036,49,20.0
INV-20260618-S003-P037,2026-06-18,S003,P037,111,97.0
INV-20260618-S003-P038,2026-06-18,S003,P038,91,32.0
INV-20260618-S003-P039,2026-06-18,S003,P039,262,14.0
INV-20260618-S003-P040,2026-06-18,S003,P040,205,62.0
INV-20260618-S003-P041,2026-06-18,S003,P041,181,45.0
INV-20260618-S003-P042,2026-06-18,S003,P042,226,88.0
INV-20260618-S003-P043,2026-06-18,S003,P043,281,86.0
INV-20260618-S003-P044,2026-06-18,S003,P044,78,40.0
INV-20260618-S003-P045,2026-06-18,S003,P045,451,100.0
INV-20260618-S003-P046,2026-06-18,S003,P046,172,37.0
INV-20260618-S003-P047,2026-06-18,S003,P047,77,59.0
INV-20260618-S003-P048,2026-06-18,S003,P048,37,34.0
INV-20260618-S003-P049,2026-06-18,S003,P049,302,98.0
INV-20260619-S001-P001,2026-06-19,S001,P001,117,57.0
INV-20260619-S001-P002,2026-06-19,S001,P002,153,41.0
INV-20260619-S001-P003,2026-06-19,S001,P003,28,24.0
INV-20260619-S001-P004,2026-06-19,S001,P004,106,20.0
INV-20260619-S001-P005,2026-06-19,S001,P005,242,66.0
INV-20260619-S001-P006,2026-06-19,S001,P006,243,26.0
INV-20260619-S001-P007,2026-06-19,S001,P007,331,97.0
INV-20260619-S001-P008,2026-06-19,S001,P008,232,65.0
INV-20260619-S001-P009,2026-06-19,S001,P009,177,43.0
INV-20260619-S001-P010,2026-06-19,S001,P010,166,66.0
INV-20260619-S001-P011,2026-06-19,S001,P011,271,12.0
INV-20260619-S001-P012,2026-06-19,S001,P012,126,101.0
INV-20260619-S001-P013,2026-06-19,S001,P013,225,56.0
INV-20260619-S001-P014,2026-06-19,S001,P014,234,84.0
INV-20260619-S001-P015,2026-06-19,S001,P015,67,18.0
INV-20260619-S001-P016,2026-06-19,S001,P016,141,56.0
INV-20260619-S001-P017,2026-06-19,S001,P017,131,56.0
INV-20260619-S001-P018,2026-06-19,S001,P018,386,99.0
INV-20260619-S001-P019,2026-06-19,S001,P019,190,64.0
INV-20260619-S001-P020,2026-06-19,S001,P020,197,55.0
INV-20260619-S001-P021,2026-06-19,S001,P021,117,35.0
INV-20260619-S001-P022,2026-06-19,S001,P022,203,41.0
INV-20260619-S001-P023,2026-06-19,S001,P023,90,59.0
INV-20260619-S001-P024,2026-06-19,S001,P024,86,51.0
INV-20260619-S001-P025,2026-06-19,S001,P025,306,12.0
INV-20260619-S001-P026,2026-06-19,S001,P026,234,88.0
INV-20260619-S001-P027,2026-06-19,S001,P027,130,95.0
INV-20260619-S001-P028,2026-06-19,S001,P028,178,23.0
INV-20260619-S001-P029,2026-06-19,S001,P029,64,62.0
INV-20260619-S001-P030,2026-06-19,S001,P030,43,20.0
INV-20260619-S001-P031,2026-06-19,S001,P031,178,74.0
INV-20260619-S001-P032,2026-06-19,S001,P032,144,37.0
INV-20260619-S001-P033,2026-06-19,S001,P033,205,72.0
INV-20260619-S001-P034,2026-06-19,S001,P034,281,79.0
INV-20260619-S001-P035,2026-06-19,S001,P035,213,83.0
INV-20260619-S001-P036,2026-06-19,S001,P036,68,20.0
INV-20260619-S001-P037,2026-06-19,S001,P037,280,97.0
INV-20260619-S001-P038,2026-06-19,S001,P038,174,32.0
INV-20260619-S001-P039,2026-06-19,S001,P039,284,14.0
INV-20260619-S001-P040,2026-06-19,S001,P040,235,62.0
INV-20260619-S001-P041,2026-06-19,S001,P041,226,45.0
INV-20260619-S001-P042,2026-06-19,S001,P042,293,88.0
INV-20260619-S001-P043,2026-06-19,S001,P043,352,86.0
INV-20260619-S001-P044,2026-06-19,S001,P044,179,40.0
INV-20260619-S001-P045,2026-06-19,S001,P045,454,100.0
INV-20260619-S001-P046,2026-06-19,S001,P046,117,37.0
INV-20260619-S001-P047,2026-06-19,S001,P047,190,59.0
INV-20260619-S001-P048,2026-06-19,S001,P048,81,34.0
INV-20260619-S001-P049,2026-06-19,S001,P049,321,98.0
INV-20260619-S001-P050,2026-06-19,S001,P050,126,26.0
INV-20260619-S002-P001,2026-06-19,S002,P001,215,57.0
INV-20260619-S002-P002,2026-06-19,S002,P002,178,41.0
INV-20260619-S002-P003,2026-06-19,S002,P003,97,24.0
INV-20260619-S002-P004,2026-06-19,S002,P004,399,20.0
INV-20260619-S002-P005,2026-06-19,S002,P005,293,66.0
INV-20260619-S002-P006,2026-06-19,S002,P006,56,26.0
INV-20260619-S002-P007,2026-06-19,S002,P007,227,97.0
INV-20260619-S002-P008,2026-06-19,S002,P008,102,65.0
INV-20260619-S002-P009,2026-06-19,S002,P009,58,43.0
INV-20260619-S002-P010,2026-06-19,S002,P010,76,66.0
INV-20260619-S002-P011,2026-06-19,S002,P011,33,12.0
INV-20260619-S002-P012,2026-06-19,S002,P012,192,101.0
INV-20260619-S002-P013,2026-06-19,S002,P013,164,56.0
INV-20260619-S002-P014,2026-06-19,S002,P014,206,84.0
INV-20260619-S002-P015,2026-06-19,S002,P015,32,18.0
INV-20260619-S002-P016,2026-06-19,S002,P016,75,56.0
INV-20260619-S002-P017,2026-06-19,S002,P017,195,56.0
INV-20260619-S002-P018,2026-06-19,S002,P018,169,99.0
INV-20260619-S002-P019,2026-06-19,S002,P019,182,64.0
INV-20260619-S002-P020,2026-06-19,S002,P020,256,55.0
INV-20260619-S002-P021,2026-06-19,S002,P021,115,35.0
INV-20260619-S002-P022,2026-06-19,S002,P022,157,41.0
INV-20260619-S002-P023,2026-06-19,S002,P023,136,59.0
INV-20260619-S002-P024,2026-06-19,S002,P024,95,51.0
INV-20260619-S002-P025,2026-06-19,S002,P025,124,12.0
INV-20260619-S002-P026,2026-06-19,S002,P026,152,88.0
INV-20260619-S002-P027,2026-06-19,S002,P027,400,95.0
INV-20260619-S002-P028,2026-06-19,S002,P028,180,23.0
INV-20260619-S002-P029,2026-06-19,S002,P029,118,62.0
INV-20260619-S002-P030,2026-06-19,S002,P030,167,20.0
INV-20260619-S002-P031,2026-06-19,S002,P031,156,74.0
INV-20260619-S002-P032,2026-06-19,S002,P032,88,37.0
INV-20260619-S002-P033,2026-06-19,S002,P033,79,72.0
INV-20260619-S002-P034,2026-06-19,S002,P034,155,79.0
INV-20260619-S002-P035,2026-06-19,S002,P035,241,83.0
INV-20260619-S002-P036,2026-06-19,S002,P036,32,20.0
INV-20260619-S002-P037,2026-06-19,S002,P037,323,97.0
INV-20260619-S002-P038,2026-06-19,S002,P038,119,32.0
INV-20260619-S002-P039,2026-06-19,S002,P039,45,14.0
INV-20260619-S002-P040,2026-06-19,S002,P040,243,62.0
INV-20260619-S002-P041,2026-06-19,S002,P041,69,45.0
INV-20260619-S002-P042,2026-06-19,S002,P042,238,88.0
INV-20260619-S002-P043,2026-06-19,S002,P043,158,86.0
INV-20260619-S002-P044,2026-06-19,S002,P044,123,40.0
INV-20260619-S002-P045,2026-06-19,S002,P045,234,100.0
INV-20260619-S002-P046,2026-06-19,S002,P046,171,37.0
INV-20260619-S002-P047,2026-06-19,S002,P047,175,59.0
INV-20260619-S002-P048,2026-06-19,S002,P048,118,34.0
INV-20260619-S002-P049,2026-06-19,S002,P049,298,98.0
INV-20260619-S002-P050,2026-06-19,S002,P050,56,26.0
INV-20260619-S003-P001,2026-06-19,S003,P001,101,57.0
INV-20260619-S003-P002,2026-06-19,S003,P002,175,41.0
INV-20260619-S003-P003,2026-06-19,S003,P003,115,24.0
INV-20260619-S003-P004,2026-06-19,S003,P004,38,20.0
INV-20260619-S003-P005,2026-06-19,S003,P005,191,66.0
INV-20260619-S003-P006,2026-06-19,S003,P006,129,26.0
INV-20260619-S003-P007,2026-06-19,S003,P007,408,97.0
INV-20260619-S003-P008,2026-06-19,S003,P008,220,65.0
INV-20260619-S003-P009,2026-06-19,S003,P009,133,43.0
INV-20260619-S003-P010,2026-06-19,S003,P010,275,66.0
INV-20260619-S003-P011,2026-06-19,S003,P011,259,12.0
INV-20260619-S003-P012,2026-06-19,S003,P012,353,101.0
INV-20260619-S003-P013,2026-06-19,S003,P013,267,56.0
INV-20260619-S003-P014,2026-06-19,S003,P014,154,84.0
INV-20260619-S003-P015,2026-06-19,S003,P015,72,18.0
INV-20260619-S003-P016,2026-06-19,S003,P016,112,56.0
INV-20260619-S003-P017,2026-06-19,S003,P017,63,56.0
INV-20260619-S003-P018,2026-06-19,S003,P018,160,99.0
INV-20260619-S003-P019,2026-06-19,S003,P019,303,64.0
INV-20260619-S003-P020,2026-06-19,S003,P020,107,55.0
INV-20260619-S003-P021,2026-06-19,S003,P021,120,35.0
INV-20260619-S003-P022,2026-06-19,S003,P022,147,41.0
INV-20260619-S003-P023,2026-06-19,S003,P023,154,59.0
INV-20260619-S003-P024,2026-06-19,S003,P024,184,51.0
INV-20260619-S003-P025,2026-06-19,S003,P025,239,12.0
INV-20260619-S003-P026,2026-06-19,S003,P026,233,88.0
INV-20260619-S003-P027,2026-06-19,S003,P027,250,95.0
INV-20260619-S003-P028,2026-06-19,S003,P028,68,23.0
INV-20260619-S003-P029,2026-06-19,S003,P029,208,62.0
INV-20260619-S003-P030,2026-06-19,S003,P030,25,20.0
INV-20260619-S003-P031,2026-06-19,S003,P031,83,74.0
INV-20260619-S003-P032,2026-06-19,S003,P032,153,37.0
INV-20260619-S003-P033,2026-06-19,S003,P033,102,72.0
INV-20260619-S003-P034,2026-06-19,S003,P034,267,79.0
INV-20260619-S003-P035,2026-06-19,S003,P035,149,83.0
INV-20260619-S003-P036,2026-06-19,S003,P036,48,20.0
INV-20260619-S003-P037,2026-06-19,S003,P037,106,97.0
INV-20260619-S003-P038,2026-06-19,S003,P038,83,32.0
INV-20260619-S003-P039,2026-06-19,S003,P039,256,14.0
INV-20260619-S003-P040,2026-06-19,S003,P040,196,62.0
INV-20260619-S003-P041,2026-06-19,S003,P041,174,45.0
INV-20260619-S003-P042,2026-06-19,S003,P042,213,88.0
INV-20260619-S003-P043,2026-06-19,S003,P043,272,86.0
INV-20260619-S003-P044,2026-06-19,S003,P044,74,40.0
INV-20260619-S003-P045,2026-06-19,S003,P045,440,100.0
INV-20260619-S003-P046,2026-06-19,S003,P046,168,37.0
INV-20260619-S003-P047,2026-06-19,S003,P047,70,59.0
INV-20260619-S003-P048,2026-06-19,S003,P048,172,34.0
INV-20260619-S003-P049,2026-06-19,S003,P049,290,98.0
INV-20260620-S001-P001,2026-06-20,S001,P001,109,57.0
INV-20260620-S001-P002,2026-06-20,S001,P002,142,41.0
INV-20260620-S001-P003,2026-06-20,S001,P003,25,24.0
INV-20260620-S001-P004,2026-06-20,S001,P004,105,20.0
INV-20260620-S001-P005,2026-06-20,S001,P005,239,66.0
INV-20260620-S001-P006,2026-06-20,S001,P006,243,26.0
INV-20260620-S001-P007,2026-06-20,S001,P007,315,97.0
INV-20260620-S001-P008,2026-06-20,S001,P008,221,65.0
INV-20260620-S001-P009,2026-06-20,S001,P009,170,43.0
INV-20260620-S001-P010,2026-06-20,S001,P010,158,66.0
INV-20260620-S001-P011,2026-06-20,S001,P011,271,12.0
INV-20260620-S001-P012,2026-06-20,S001,P012,111,101.0
INV-20260620-S001-P013,2026-06-20,S001,P013,218,56.0
INV-20260620-S001-P014,2026-06-20,S001,P014,224,84.0
INV-20260620-S001-P015,2026-06-20,S001,P015,65,18.0
INV-20260620-S001-P016,2026-06-20,S001,P016,135,56.0
INV-20260620-S001-P017,2026-06-20,S001,P017,120,56.0
INV-20260620-S001-P018,2026-06-20,S001,P018,368,99.0
INV-20260620-S001-P019,2026-06-20,S001,P019,184,64.0
INV-20260620-S001-P020,2026-06-20,S001,P020,190,55.0
INV-20260620-S001-P021,2026-06-20,S001,P021,108,35.0
INV-20260620-S001-P022,2026-06-20,S001,P022,197,41.0
INV-20260620-S001-P023,2026-06-20,S001,P023,82,59.0
INV-20260620-S001-P024,2026-06-20,S001,P024,74,51.0
INV-20260620-S001-P025,2026-06-20,S001,P025,305,12.0
INV-20260620-S001-P026,2026-06-20,S001,P026,219,88.0
INV-20260620-S001-P027,2026-06-20,S001,P027,111,95.0
INV-20260620-S001-P028,2026-06-20,S001,P028,173,23.0
INV-20260620-S001-P029,2026-06-20,S001,P029,307,62.0
INV-20260620-S001-P030,2026-06-20,S001,P030,40,20.0
INV-20260620-S001-P031,2026-06-20,S001,P031,168,74.0
INV-20260620-S001-P032,2026-06-20,S001,P032,136,37.0
INV-20260620-S001-P033,2026-06-20,S001,P033,191,72.0
INV-20260620-S001-P034,2026-06-20,S001,P034,265,79.0
INV-20260620-S001-P035,2026-06-20,S001,P035,203,83.0
INV-20260620-S001-P036,2026-06-20,S001,P036,64,20.0
INV-20260620-S001-P037,2026-06-20,S001,P037,267,97.0
INV-20260620-S001-P038,2026-06-20,S001,P038,167,32.0
INV-20260620-S001-P039,2026-06-20,S001,P039,283,14.0
INV-20260620-S001-P040,2026-06-20,S001,P040,227,62.0
INV-20260620-S001-P041,2026-06-20,S001,P041,222,45.0
INV-20260620-S001-P042,2026-06-20,S001,P042,281,88.0
INV-20260620-S001-P043,2026-06-20,S001,P043,326,86.0
INV-20260620-S001-P044,2026-06-20,S001,P044,172,40.0
INV-20260620-S001-P045,2026-06-20,S001,P045,440,100.0
INV-20260620-S001-P046,2026-06-20,S001,P046,112,37.0
INV-20260620-S001-P047,2026-06-20,S001,P047,181,59.0
INV-20260620-S001-P048,2026-06-20,S001,P048,79,34.0
INV-20260620-S001-P049,2026-06-20,S001,P049,303,98.0
INV-20260620-S001-P050,2026-06-20,S001,P050,126,26.0
INV-20260620-S002-P001,2026-06-20,S002,P001,198,57.0
INV-20260620-S002-P002,2026-06-20,S002,P002,171,41.0
INV-20260620-S002-P003,2026-06-20,S002,P003,93,24.0
INV-20260620-S002-P004,2026-06-20,S002,P004,399,20.0
INV-20260620-S002-P005,2026-06-20,S002,P005,281,66.0
INV-20260620-S002-P006,2026-06-20,S002,P006,48,26.0
INV-20260620-S002-P007,2026-06-20,S002,P007,227,97.0
INV-20260620-S002-P008,2026-06-20,S002,P008,91,65.0
INV-20260620-S002-P009,2026-06-20,S002,P009,53,43.0
INV-20260620-S002-P010,2026-06-20,S002,P010,329,66.0
INV-20260620-S002-P011,2026-06-20,S002,P011,30,12.0
INV-20260620-S002-P012,2026-06-20,S002,P012,170,101.0
INV-20260620-S002-P013,2026-06-20,S002,P013,154,56.0
INV-20260620-S002-P014,2026-06-20,S002,P014,198,84.0
INV-20260620-S002-P015,2026-06-20,S002,P015,30,18.0
INV-20260620-S002-P016,2026-06-20,S002,P016,67,56.0
INV-20260620-S002-P017,2026-06-20,S002,P017,178,56.0
INV-20260620-S002-P018,2026-06-20,S002,P018,150,99.0
INV-20260620-S002-P019,2026-06-20,S002,P019,171,64.0
INV-20260620-S002-P020,2026-06-20,S002,P020,249,55.0
INV-20260620-S002-P021,2026-06-20,S002,P021,110,35.0
INV-20260620-S002-P022,2026-06-20,S002,P022,153,41.0
INV-20260620-S002-P023,2026-06-20,S002,P023,129,59.0
INV-20260620-S002-P024,2026-06-20,S002,P024,86,51.0
INV-20260620-S002-P025,2026-06-20,S002,P025,121,12.0
INV-20260620-S002-P026,2026-06-20,S002,P026,132,88.0
INV-20260620-S002-P027,2026-06-20,S002,P027,381,95.0
INV-20260620-S002-P028,2026-06-20,S002,P028,176,23.0
INV-20260620-S002-P029,2026-06-20,S002,P029,109,62.0
INV-20260620-S002-P030,2026-06-20,S002,P030,161,20.0
INV-20260620-S002-P031,2026-06-20,S002,P031,139,74.0
INV-20260620-S002-P032,2026-06-20,S002,P032,77,37.0
INV-20260620-S002-P033,2026-06-20,S002,P033,358,72.0
INV-20260620-S002-P034,2026-06-20,S002,P034,142,79.0
INV-20260620-S002-P035,2026-06-20,S002,P035,224,83.0
INV-20260620-S002-P036,2026-06-20,S002,P036,31,20.0
INV-20260620-S002-P037,2026-06-20,S002,P037,304,97.0
INV-20260620-S002-P038,2026-06-20,S002,P038,109,32.0
INV-20260620-S002-P039,2026-06-20,S002,P039,39,14.0
INV-20260620-S002-P040,2026-06-20,S002,P040,222,62.0
INV-20260620-S002-P041,2026-06-20,S002,P041,62,45.0
INV-20260620-S002-P042,2026-06-20,S002,P042,222,88.0
INV-20260620-S002-P043,2026-06-20,S002,P043,141,86.0
INV-20260620-S002-P044,2026-06-20,S002,P044,118,40.0
INV-20260620-S002-P045,2026-06-20,S002,P045,215,100.0
INV-20260620-S002-P046,2026-06-20,S002,P046,165,37.0
INV-20260620-S002-P047,2026-06-20,S002,P047,164,59.0
INV-20260620-S002-P048,2026-06-20,S002,P048,111,34.0
INV-20260620-S002-P049,2026-06-20,S002,P049,271,98.0
INV-20260620-S002-P050,2026-06-20,S002,P050,51,26.0
INV-20260620-S003-P001,2026-06-20,S003,P001,96,57.0
INV-20260620-S003-P002,2026-06-20,S003,P002,172,41.0
INV-20260620-S003-P003,2026-06-20,S003,P003,109,24.0
INV-20260620-S003-P004,2026-06-20,S003,P004,35,20.0
INV-20260620-S003-P005,2026-06-20,S003,P005,178,66.0
INV-20260620-S003-P006,2026-06-20,S003,P006,122,26.0
INV-20260620-S003-P007,2026-06-20,S003,P007,399,97.0
INV-20260620-S003-P008,2026-06-20,S003,P008,217,65.0
INV-20260620-S003-P009,2026-06-20,S003,P009,125,43.0
INV-20260620-S003-P010,2026-06-20,S003,P010,270,66.0
INV-20260620-S003-P011,2026-06-20,S003,P011,258,12.0
INV-20260620-S003-P012,2026-06-20,S003,P012,341,101.0
INV-20260620-S003-P013,2026-06-20,S003,P013,253,56.0
INV-20260620-S003-P014,2026-06-20,S003,P014,148,84.0
INV-20260620-S003-P015,2026-06-20,S003,P015,71,18.0
INV-20260620-S003-P016,2026-06-20,S003,P016,105,56.0
INV-20260620-S003-P017,2026-06-20,S003,P017,280,56.0
INV-20260620-S003-P018,2026-06-20,S003,P018,142,99.0
INV-20260620-S003-P019,2026-06-20,S003,P019,290,64.0
INV-20260620-S003-P020,2026-06-20,S003,P020,103,55.0
INV-20260620-S003-P021,2026-06-20,S003,P021,115,35.0
INV-20260620-S003-P022,2026-06-20,S003,P022,143,41.0
INV-20260620-S003-P023,2026-06-20,S003,P023,145,59.0
INV-20260620-S003-P024,2026-06-20,S003,P024,174,51.0
INV-20260620-S003-P025,2026-06-20,S003,P025,236,12.0
INV-20260620-S003-P026,2026-06-20,S003,P026,224,88.0
INV-20260620-S003-P027,2026-06-20,S003,P027,236,95.0
INV-20260620-S003-P028,2026-06-20,S003,P028,67,23.0
INV-20260620-S003-P029,2026-06-20,S003,P029,196,62.0
INV-20260620-S003-P030,2026-06-20,S003,P030,24,20.0
INV-20260620-S003-P031,2026-06-20,S003,P031,367,74.0
INV-20260620-S003-P032,2026-06-20,S003,P032,152,37.0
INV-20260620-S003-P033,2026-06-20,S003,P033,97,72.0
INV-20260620-S003-P034,2026-06-20,S003,P034,255,79.0
INV-20260620-S003-P035,2026-06-20,S003,P035,134,83.0
INV-20260620-S003-P036,2026-06-20,S003,P036,47,20.0
INV-20260620-S003-P037,2026-06-20,S003,P037,481,97.0
INV-20260620-S003-P038,2026-06-20,S003,P038,83,32.0
INV-20260620-S003-P039,2026-06-20,S003,P039,256,14.0
INV-20260620-S003-P040,2026-06-20,S003,P040,184,62.0
INV-20260620-S003-P041,2026-06-20,S003,P041,168,45.0
INV-20260620-S003-P042,2026-06-20,S003,P042,205,88.0
INV-20260620-S003-P043,2026-06-20,S003,P043,259,86.0
INV-20260620-S003-P044,2026-06-20,S003,P044,73,40.0
INV-20260620-S003-P045,2026-06-20,S003,P045,419,100.0
INV-20260620-S003-P046,2026-06-20,S003,P046,163,37.0
INV-20260620-S003-P047,2026-06-20,S003,P047,60,59.0
INV-20260620-S003-P048,2026-06-20,S003,P048,166,34.0
INV-20260620-S003-P049,2026-06-20,S003,P049,271,98.0
INV-20260621-S001-P001,2026-06-21,S001,P001,99,57.0
INV-20260621-S001-P002,2026-06-21,S001,P002,138,41.0
INV-20260621-S001-P003,2026-06-21,S001,P003,113,24.0
INV-20260621-S001-P004,2026-06-21,S001,P004,104,20.0
INV-20260621-S001-P005,2026-06-21,S001,P005,223,66.0
INV-20260621-S001-P006,2026-06-21,S001,P006,238,26.0
INV-20260621-S001-P007,2026-06-21,S001,P007,301,97.0
INV-20260621-S001-P008,2026-06-21,S001,P008,205,65.0
INV-20260621-S001-P009,2026-06-21,S001,P009,166,43.0
INV-20260621-S001-P010,2026-06-21,S001,P010,148,66.0
INV-20260621-S001-P011,2026-06-21,S001,P011,269,12.0
INV-20260621-S001-P012,2026-06-21,S001,P012,501,101.0
INV-20260621-S001-P013,2026-06-21,S001,P013,209,56.0
INV-20260621-S001-P014,2026-06-21,S001,P014,210,84.0
INV-20260621-S001-P015,2026-06-21,S001,P015,61,18.0
INV-20260621-S001-P016,2026-06-21,S001,P016,129,56.0
INV-20260621-S001-P017,2026-06-21,S001,P017,115,56.0
INV-20260621-S001-P018,2026-06-21,S001,P018,348,99.0
INV-20260621-S001-P019,2026-06-21,S001,P019,171,64.0
INV-20260621-S001-P020,2026-06-21,S001,P020,185,55.0
INV-20260621-S001-P021,2026-06-21,S001,P021,100,35.0
INV-20260621-S001-P022,2026-06-21,S001,P022,189,41.0
INV-20260621-S001-P023,2026-06-21,S001,P023,72,59.0
INV-20260621-S001-P024,2026-06-21,S001,P024,64,51.0
INV-20260621-S001-P025,2026-06-21,S001,P025,303,12.0
INV-20260621-S001-P026,2026-06-21,S001,P026,206,88.0
INV-20260621-S001-P027,2026-06-21,S001,P027,101,95.0
INV-20260621-S001-P028,2026-06-21,S001,P028,167,23.0
INV-20260621-S001-P029,2026-06-21,S001,P029,297,62.0
INV-20260621-S001-P030,2026-06-21,S001,P030,35,20.0
INV-20260621-S001-P031,2026-06-21,S001,P031,156,74.0
INV-20260621-S001-P032,2026-06-21,S001,P032,133,37.0
INV-20260621-S001-P033,2026-06-21,S001,P033,179,72.0
INV-20260621-S001-P034,2026-06-21,S001,P034,257,79.0
INV-20260621-S001-P035,2026-06-21,S001,P035,192,83.0
INV-20260621-S001-P036,2026-06-21,S001,P036,60,20.0
INV-20260621-S001-P037,2026-06-21,S001,P037,252,97.0
INV-20260621-S001-P038,2026-06-21,S001,P038,161,32.0
INV-20260621-S001-P039,2026-06-21,S001,P039,280,14.0
INV-20260621-S001-P040,2026-06-21,S001,P040,218,62.0
INV-20260621-S001-P041,2026-06-21,S001,P041,211,45.0
INV-20260621-S001-P042,2026-06-21,S001,P042,264,88.0
INV-20260621-S001-P043,2026-06-21,S001,P043,314,86.0
INV-20260621-S001-P044,2026-06-21,S001,P044,169,40.0
INV-20260621-S001-P045,2026-06-21,S001,P045,427,100.0
INV-20260621-S001-P046,2026-06-21,S001,P046,102,37.0
INV-20260621-S001-P047,2026-06-21,S001,P047,167,59.0
INV-20260621-S001-P048,2026-06-21,S001,P048,75,34.0
INV-20260621-S001-P049,2026-06-21,S001,P049,289,98.0
INV-20260621-S001-P050,2026-06-21,S001,P050,115,26.0
INV-20260621-S002-P001,2026-06-21,S002,P001,188,57.0
INV-20260621-S002-P002,2026-06-21,S002,P002,157,41.0
INV-20260621-S002-P003,2026-06-21,S002,P003,87,24.0
INV-20260621-S002-P004,2026-06-21,S002,P004,397,20.0
INV-20260621-S002-P005,2026-06-21,S002,P005,268,66.0
INV-20260621-S002-P006,2026-06-21,S002,P006,47,26.0
INV-20260621-S002-P007,2026-06-21,S002,P007,227,97.0
INV-20260621-S002-P008,2026-06-21,S002,P008,76,65.0
INV-20260621-S002-P009,2026-06-21,S002,P009,48,43.0
INV-20260621-S002-P010,2026-06-21,S002,P010,316,66.0
INV-20260621-S002-P011,2026-06-21,S002,P011,27,12.0
INV-20260621-S002-P012,2026-06-21,S002,P012,147,101.0
INV-20260621-S002-P013,2026-06-21,S002,P013,142,56.0
INV-20260621-S002-P014,2026-06-21,S002,P014,188,84.0
INV-20260621-S002-P015,2026-06-21,S002,P015,28,18.0
INV-20260621-S002-P016,2026-06-21,S002,P016,276,56.0
INV-20260621-S002-P017,2026-06-21,S002,P017,165,56.0
INV-20260621-S002-P018,2026-06-21,S002,P018,128,99.0
INV-20260621-S002-P019,2026-06-21,S002,P019,153,64.0
INV-20260621-S002-P020,2026-06-21,S002,P020,241,55.0
INV-20260621-S002-P021,2026-06-21,S002,P021,104,35.0
INV-20260621-S002-P022,2026-06-21,S002,P022,148,41.0
INV-20260621-S002-P023,2026-06-21,S002,P023,120,59.0
INV-20260621-S002-P024,2026-06-21,S002,P024,72,51.0
INV-20260621-S002-P025,2026-06-21,S002,P025,118,12.0
INV-20260621-S002-P026,2026-06-21,S002,P026,116,88.0
INV-20260621-S002-P027,2026-06-21,S002,P027,366,95.0
INV-20260621-S002-P028,2026-06-21,S002,P028,169,23.0
INV-20260621-S002-P029,2026-06-21,S002,P029,93,62.0
INV-20260621-S002-P030,2026-06-21,S002,P030,156,20.0
INV-20260621-S002-P031,2026-06-21,S002,P031,127,74.0
INV-20260621-S002-P032,2026-06-21,S002,P032,69,37.0
INV-20260621-S002-P033,2026-06-21,S002,P033,343,72.0
INV-20260621-S002-P034,2026-06-21,S002,P034,127,79.0
INV-20260621-S002-P035,2026-06-21,S002,P035,210,83.0
INV-20260621-S002-P036,2026-06-21,S002,P036,27,20.0
INV-20260621-S002-P037,2026-06-21,S002,P037,286,97.0
INV-20260621-S002-P038,2026-06-21,S002,P038,106,32.0
INV-20260621-S002-P039,2026-06-21,S002,P039,37,14.0
INV-20260621-S002-P040,2026-06-21,S002,P040,211,62.0
INV-20260621-S002-P041,2026-06-21,S002,P041,53,45.0
INV-20260621-S002-P042,2026-06-21,S002,P042,204,88.0
INV-20260621-S002-P043,2026-06-21,S002,P043,123,86.0
INV-20260621-S002-P044,2026-06-21,S002,P044,109,40.0
INV-20260621-S002-P045,2026-06-21,S002,P045,199,100.0
INV-20260621-S002-P046,2026-06-21,S002,P046,158,37.0
INV-20260621-S002-P047,2026-06-21,S002,P047,149,59.0
INV-20260621-S002-P048,2026-06-21,S002,P048,100,34.0
INV-20260621-S002-P049,2026-06-21,S002,P049,254,98.0
INV-20260621-S002-P050,2026-06-21,S002,P050,44,26.0
INV-20260621-S003-P001,2026-06-21,S003,P001,87,57.0
INV-20260621-S003-P002,2026-06-21,S003,P002,169,41.0
INV-20260621-S003-P003,2026-06-21,S003,P003,104,24.0
INV-20260621-S003-P004,2026-06-21,S003,P004,34,20.0
INV-20260621-S003-P005,2026-06-21,S003,P005,168,66.0
INV-20260621-S003-P006,2026-06-21,S003,P006,119,26.0
INV-20260621-S003-P007,2026-06-21,S003,P007,392,97.0
INV-20260621-S003-P008,2026-06-21,S003,P008,205,65.0
INV-20260621-S003-P009,2026-06-21,S003,P009,119,43.0
INV-20260621-S003-P010,2026-06-21,S003,P010,266,66.0
INV-20260621-S003-P011,2026-06-21,S003,P011,256,12.0
INV-20260621-S003-P012,2026-06-21,S003,P012,332,101.0
INV-20260621-S003-P013,2026-06-21,S003,P013,242,56.0
INV-20260621-S003-P014,2026-06-21,S003,P014,138,84.0
INV-20260621-S003-P015,2026-06-21,S003,P015,69,18.0
INV-20260621-S003-P016,2026-06-21,S003,P016,99,56.0
INV-20260621-S003-P017,2026-06-21,S003,P017,270,56.0
INV-20260621-S003-P018,2026-06-21,S003,P018,128,99.0
INV-20260621-S003-P019,2026-06-21,S003,P019,282,64.0
INV-20260621-S003-P020,2026-06-21,S003,P020,96,55.0
INV-20260621-S003-P021,2026-06-21,S003,P021,113,35.0
INV-20260621-S003-P022,2026-06-21,S003,P022,137,41.0
INV-20260621-S003-P023,2026-06-21,S003,P023,138,59.0
INV-20260621-S003-P024,2026-06-21,S003,P024,166,51.0
INV-20260621-S003-P025,2026-06-21,S003,P025,234,12.0
INV-20260621-S003-P026,2026-06-21,S003,P026,209,88.0
INV-20260621-S003-P027,2026-06-21,S003,P027,221,95.0
INV-20260621-S003-P028,2026-06-21,S003,P028,65,23.0
INV-20260621-S003-P029,2026-06-21,S003,P029,186,62.0
INV-20260621-S003-P030,2026-06-21,S003,P030,23,20.0
INV-20260621-S003-P031,2026-06-21,S003,P031,358,74.0
INV-20260621-S003-P032,2026-06-21,S003,P032,151,37.0
INV-20260621-S003-P033,2026-06-21,S003,P033,88,72.0
INV-20260621-S003-P034,2026-06-21,S003,P034,250,79.0
INV-20260621-S003-P035,2026-06-21,S003,P035,117,83.0
INV-20260621-S003-P036,2026-06-21,S003,P036,45,20.0
INV-20260621-S003-P037,2026-06-21,S003,P037,467,97.0
INV-20260621-S003-P038,2026-06-21,S003,P038,79,32.0
INV-20260621-S003-P039,2026-06-21,S003,P039,254,14.0
INV-20260621-S003-P040,2026-06-21,S003,P040,176,62.0
INV-20260621-S003-P041,2026-06-21,S003,P041,166,45.0
INV-20260621-S003-P042,2026-06-21,S003,P042,191,88.0
INV-20260621-S003-P043,2026-06-21,S003,P043,245,86.0
INV-20260621-S003-P044,2026-06-21,S003,P044,70,40.0
INV-20260621-S003-P045,2026-06-21,S003,P045,399,100.0
INV-20260621-S003-P046,2026-06-21,S003,P046,162,37.0
INV-20260621-S003-P047,2026-06-21,S003,P047,287,59.0
INV-20260621-S003-P048,2026-06-21,S003,P048,163,34.0
INV-20260621-S003-P049,2026-06-21,S003,P049,261,98.0
INV-20260622-S001-P001,2026-06-22,S001,P001,89,57.0
INV-20260622-S001-P002,2026-06-22,S001,P002,132,41.0
INV-20260622-S001-P003,2026-06-22,S001,P003,110,24.0
INV-20260622-S001-P004,2026-06-22,S001,P004,103,20.0
INV-20260622-S001-P005,2026-06-22,S001,P005,216,66.0
INV-20260622-S001-P006,2026-06-22,S001,P006,233,26.0
INV-20260622-S001-P007,2026-06-22,S001,P007,286,97.0
INV-20260622-S001-P008,2026-06-22,S001,P008,194,65.0
INV-20260622-S001-P009,2026-06-22,S001,P009,161,43.0
INV-20260622-S001-P010,2026-06-22,S001,P010,136,66.0
INV-20260622-S001-P011,2026-06-22,S001,P011,268,12.0
INV-20260622-S001-P012,2026-06-22,S001,P012,489,101.0
INV-20260622-S001-P013,2026-06-22,S001,P013,195,56.0
INV-20260622-S001-P014,2026-06-22,S001,P014,194,84.0
INV-20260622-S001-P015,2026-06-22,S001,P015,59,18.0
INV-20260622-S001-P016,2026-06-22,S001,P016,120,56.0
INV-20260622-S001-P017,2026-06-22,S001,P017,106,56.0
INV-20260622-S001-P018,2026-06-22,S001,P018,329,99.0
INV-20260622-S001-P019,2026-06-22,S001,P019,164,64.0
INV-20260622-S001-P020,2026-06-22,S001,P020,174,55.0
INV-20260622-S001-P021,2026-06-22,S001,P021,94,35.0
INV-20260622-S001-P022,2026-06-22,S001,P022,183,41.0
INV-20260622-S001-P023,2026-06-22,S001,P023,61,59.0
INV-20260622-S001-P024,2026-06-22,S001,P024,61,51.0
INV-20260622-S001-P025,2026-06-22,S001,P025,299,12.0
INV-20260622-S001-P026,2026-06-22,S001,P026,194,88.0
INV-20260622-S001-P027,2026-06-22,S001,P027,465,95.0
INV-20260622-S001-P028,2026-06-22,S001,P028,163,23.0
INV-20260622-S001-P029,2026-06-22,S001,P029,287,62.0
INV-20260622-S001-P030,2026-06-22,S001,P030,31,20.0
INV-20260622-S001-P031,2026-06-22,S001,P031,143,74.0
INV-20260622-S001-P032,2026-06-22,S001,P032,133,37.0
INV-20260622-S001-P033,2026-06-22,S001,P033,169,72.0
INV-20260622-S001-P034,2026-06-22,S001,P034,246,79.0
INV-20260622-S001-P035,2026-06-22,S001,P035,176,83.0
INV-20260622-S001-P036,2026-06-22,S001,P036,57,20.0
INV-20260622-S001-P037,2026-06-22,S001,P037,238,97.0
INV-20260622-S001-P038,2026-06-22,S001,P038,157,32.0
INV-20260622-S001-P039,2026-06-22,S001,P039,277,14.0
INV-20260622-S001-P040,2026-06-22,S001,P040,206,62.0
INV-20260622-S001-P041,2026-06-22,S001,P041,204,45.0
INV-20260622-S001-P042,2026-06-22,S001,P042,248,88.0
INV-20260622-S001-P043,2026-06-22,S001,P043,304,86.0
INV-20260622-S001-P044,2026-06-22,S001,P044,164,40.0
INV-20260622-S001-P045,2026-06-22,S001,P045,412,100.0
INV-20260622-S001-P046,2026-06-22,S001,P046,98,37.0
INV-20260622-S001-P047,2026-06-22,S001,P047,156,59.0
INV-20260622-S001-P048,2026-06-22,S001,P048,71,34.0
INV-20260622-S001-P049,2026-06-22,S001,P049,270,98.0
INV-20260622-S001-P050,2026-06-22,S001,P050,109,26.0
INV-20260622-S002-P001,2026-06-22,S002,P001,180,57.0
INV-20260622-S002-P002,2026-06-22,S002,P002,150,41.0
INV-20260622-S002-P003,2026-06-22,S002,P003,86,24.0
INV-20260622-S002-P004,2026-06-22,S002,P004,396,20.0
INV-20260622-S002-P005,2026-06-22,S002,P005,259,66.0
INV-20260622-S002-P006,2026-06-22,S002,P006,42,26.0
INV-20260622-S002-P007,2026-06-22,S002,P007,227,97.0
INV-20260622-S002-P008,2026-06-22,S002,P008,317,65.0
INV-20260622-S002-P009,2026-06-22,S002,P009,209,43.0
INV-20260622-S002-P010,2026-06-22,S002,P010,304,66.0
INV-20260622-S002-P011,2026-06-22,S002,P011,25,12.0
INV-20260622-S002-P012,2026-06-22,S002,P012,130,101.0
INV-20260622-S002-P013,2026-06-22,S002,P013,126,56.0
INV-20260622-S002-P014,2026-06-22,S002,P014,164,84.0
INV-20260622-S002-P015,2026-06-22,S002,P015,21,18.0
INV-20260622-S002-P016,2026-06-22,S002,P016,268,56.0
INV-20260622-S002-P017,2026-06-22,S002,P017,153,56.0
INV-20260622-S002-P018,2026-06-22,S002,P018,104,99.0
INV-20260622-S002-P019,2026-06-22,S002,P019,135,64.0
INV-20260622-S002-P020,2026-06-22,S002,P020,228,55.0
INV-20260622-S002-P021,2026-06-22,S002,P021,99,35.0
INV-20260622-S002-P022,2026-06-22,S002,P022,138,41.0
INV-20260622-S002-P023,2026-06-22,S002,P023,113,59.0
INV-20260622-S002-P024,2026-06-22,S002,P024,63,51.0
INV-20260622-S002-P025,2026-06-22,S002,P025,115,12.0
INV-20260622-S002-P026,2026-06-22,S002,P026,97,88.0
INV-20260622-S002-P027,2026-06-22,S002,P027,346,95.0
INV-20260622-S002-P028,2026-06-22,S002,P028,164,23.0
INV-20260622-S002-P029,2026-06-22,S002,P029,82,62.0
INV-20260622-S002-P030,2026-06-22,S002,P030,150,20.0
INV-20260622-S002-P031,2026-06-22,S002,P031,117,74.0
INV-20260622-S002-P032,2026-06-22,S002,P032,68,37.0
INV-20260622-S002-P033,2026-06-22,S002,P033,323,72.0
INV-20260622-S002-P034,2026-06-22,S002,P034,111,79.0
INV-20260622-S002-P035,2026-06-22,S002,P035,194,83.0
INV-20260622-S002-P036,2026-06-22,S002,P036,23,20.0
INV-20260622-S002-P037,2026-06-22,S002,P037,267,97.0
INV-20260622-S002-P038,2026-06-22,S002,P038,99,32.0
INV-20260622-S002-P039,2026-06-22,S002,P039,34,14.0
INV-20260622-S002-P040,2026-06-22,S002,P040,198,62.0
INV-20260622-S002-P041,2026-06-22,S002,P041,48,45.0
INV-20260622-S002-P042,2026-06-22,S002,P042,189,88.0
INV-20260622-S002-P043,2026-06-22,S002,P043,105,86.0
INV-20260622-S002-P044,2026-06-22,S002,P044,105,40.0
INV-20260622-S002-P045,2026-06-22,S002,P045,179,100.0
INV-20260622-S002-P046,2026-06-22,S002,P046,152,37.0
INV-20260622-S002-P047,2026-06-22,S002,P047,138,59.0
INV-20260622-S002-P048,2026-06-22,S002,P048,92,34.0
INV-20260622-S002-P049,2026-06-22,S002,P049,228,98.0
INV-20260622-S002-P050,2026-06-22,S002,P050,42,26.0
INV-20260622-S003-P001,2026-06-22,S003,P001,82,57.0
INV-20260622-S003-P002,2026-06-22,S003,P002,165,41.0
INV-20260622-S003-P003,2026-06-22,S003,P003,104,24.0
INV-20260622-S003-P004,2026-06-22,S003,P004,31,20.0
INV-20260622-S003-P005,2026-06-22,S003,P005,160,66.0
INV-20260622-S003-P006,2026-06-22,S003,P006,116,26.0
INV-20260622-S003-P007,2026-06-22,S003,P007,374,97.0
INV-20260622-S003-P008,2026-06-22,S003,P008,194,65.0
INV-20260622-S003-P009,2026-06-22,S003,P009,109,43.0
INV-20260622-S003-P010,2026-06-22,S003,P010,261,66.0
INV-20260622-S003-P011,2026-06-22,S003,P011,254,12.0
INV-20260622-S003-P012,2026-06-22,S003,P012,324,101.0
INV-20260622-S003-P013,2026-06-22,S003,P013,228,56.0
INV-20260622-S003-P014,2026-06-22,S003,P014,126,84.0
INV-20260622-S003-P015,2026-06-22,S003,P015,67,18.0
INV-20260622-S003-P016,2026-06-22,S003,P016,92,56.0
INV-20260622-S003-P017,2026-06-22,S003,P017,265,56.0
INV-20260622-S003-P018,2026-06-22,S003,P018,119,99.0
INV-20260622-S003-P019,2026-06-22,S003,P019,269,64.0
INV-20260622-S003-P020,2026-06-22,S003,P020,83,55.0
INV-20260622-S003-P021,2026-06-22,S003,P021,109,35.0
INV-20260622-S003-P022,2026-06-22,S003,P022,131,41.0
INV-20260622-S003-P023,2026-06-22,S003,P023,130,59.0
INV-20260622-S003-P024,2026-06-22,S003,P024,158,51.0
INV-20260622-S003-P025,2026-06-22,S003,P025,232,12.0
INV-20260622-S003-P026,2026-06-22,S003,P026,201,88.0
INV-20260622-S003-P027,2026-06-22,S003,P027,209,95.0
INV-20260622-S003-P028,2026-06-22,S003,P028,61,23.0
INV-20260622-S003-P029,2026-06-22,S003,P029,178,62.0
INV-20260622-S003-P030,2026-06-22,S003,P030,102,20.0
INV-20260622-S003-P031,2026-06-22,S003,P031,349,74.0
INV-20260622-S003-P032,2026-06-22,S003,P032,144,37.0
INV-20260622-S003-P033,2026-06-22,S003,P033,83,72.0
INV-20260622-S003-P034,2026-06-22,S003,P034,236,79.0
INV-20260622-S003-P035,2026-06-22,S003,P035,112,83.0
INV-20260622-S003-P036,2026-06-22,S003,P036,45,20.0
INV-20260622-S003-P037,2026-06-22,S003,P037,453,97.0
INV-20260622-S003-P038,2026-06-22,S003,P038,71,32.0
INV-20260622-S003-P039,2026-06-22,S003,P039,254,14.0
INV-20260622-S003-P040,2026-06-22,S003,P040,169,62.0
INV-20260622-S003-P041,2026-06-22,S003,P041,159,45.0
INV-20260622-S003-P042,2026-06-22,S003,P042,176,88.0
INV-20260622-S003-P043,2026-06-22,S003,P043,232,86.0
INV-20260622-S003-P044,2026-06-22,S003,P044,69,40.0
INV-20260622-S003-P045,2026-06-22,S003,P045,384,100.0
INV-20260622-S003-P046,2026-06-22,S003,P046,154,37.0
INV-20260622-S003-P047,2026-06-22,S003,P047,280,59.0
INV-20260622-S003-P048,2026-06-22,S003,P048,158,34.0
INV-20260622-S003-P049,2026-06-22,S003,P049,250,98.0
INV-20260623-S001-P001,2026-06-23,S001,P001,85,57.0
INV-20260623-S001-P002,2026-06-23,S001,P002,128,41.0
INV-20260623-S001-P003,2026-06-23,S001,P003,107,24.0
INV-20260623-S001-P004,2026-06-23,S001,P004,99,20.0
INV-20260623-S001-P005,2026-06-23,S001,P005,206,66.0
INV-20260623-S001-P006,2026-06-23,S001,P006,230,26.0
INV-20260623-S001-P007,2026-06-23,S001,P007,274,97.0
INV-20260623-S001-P008,2026-06-23,S001,P008,185,65.0
INV-20260623-S001-P009,2026-06-23,S001,P009,154,43.0
INV-20260623-S001-P010,2026-06-23,S001,P010,124,66.0
INV-20260623-S001-P011,2026-06-23,S001,P011,267,12.0
INV-20260623-S001-P012,2026-06-23,S001,P012,480,101.0
INV-20260623-S001-P013,2026-06-23,S001,P013,186,56.0
INV-20260623-S001-P014,2026-06-23,S001,P014,182,84.0
INV-20260623-S001-P015,2026-06-23,S001,P015,55,18.0
INV-20260623-S001-P016,2026-06-23,S001,P016,113,56.0
INV-20260623-S001-P017,2026-06-23,S001,P017,101,56.0
INV-20260623-S001-P018,2026-06-23,S001,P018,316,99.0
INV-20260623-S001-P019,2026-06-23,S001,P019,154,64.0
INV-20260623-S001-P020,2026-06-23,S001,P020,164,55.0
INV-20260623-S001-P021,2026-06-23,S001,P021,86,35.0
INV-20260623-S001-P022,2026-06-23,S001,P022,175,41.0
INV-20260623-S001-P023,2026-06-23,S001,P023,290,59.0
INV-20260623-S001-P024,2026-06-23,S001,P024,53,51.0
INV-20260623-S001-P025,2026-06-23,S001,P025,299,12.0
INV-20260623-S001-P026,2026-06-23,S001,P026,181,88.0
INV-20260623-S001-P027,2026-06-23,S001,P027,442,95.0
INV-20260623-S001-P028,2026-06-23,S001,P028,161,23.0
INV-20260623-S001-P029,2026-06-23,S001,P029,280,62.0
INV-20260623-S001-P030,2026-06-23,S001,P030,30,20.0
INV-20260623-S001-P031,2026-06-23,S001,P031,135,74.0
INV-20260623-S001-P032,2026-06-23,S001,P032,125,37.0
INV-20260623-S001-P033,2026-06-23,S001,P033,162,72.0
INV-20260623-S001-P034,2026-06-23,S001,P034,237,79.0
INV-20260623-S001-P035,2026-06-23,S001,P035,167,83.0
INV-20260623-S001-P036,2026-06-23,S001,P036,52,20.0
INV-20260623-S001-P037,2026-06-23,S001,P037,223,97.0
INV-20260623-S001-P038,2026-06-23,S001,P038,153,32.0
INV-20260623-S001-P039,2026-06-23,S001,P039,276,14.0
INV-20260623-S001-P040,2026-06-23,S001,P040,195,62.0
INV-20260623-S001-P041,2026-06-23,S001,P041,198,45.0
INV-20260623-S001-P042,2026-06-23,S001,P042,230,88.0
INV-20260623-S001-P043,2026-06-23,S001,P043,293,86.0
INV-20260623-S001-P044,2026-06-23,S001,P044,158,40.0
INV-20260623-S001-P045,2026-06-23,S001,P045,393,100.0
INV-20260623-S001-P046,2026-06-23,S001,P046,91,37.0
INV-20260623-S001-P047,2026-06-23,S001,P047,151,59.0
INV-20260623-S001-P048,2026-06-23,S001,P048,67,34.0
INV-20260623-S001-P049,2026-06-23,S001,P049,256,98.0
INV-20260623-S001-P050,2026-06-23,S001,P050,102,26.0
INV-20260623-S002-P001,2026-06-23,S002,P001,171,57.0
INV-20260623-S002-P002,2026-06-23,S002,P002,143,41.0
INV-20260623-S002-P003,2026-06-23,S002,P003,80,24.0
INV-20260623-S002-P004,2026-06-23,S002,P004,396,20.0
INV-20260623-S002-P005,2026-06-23,S002,P005,251,66.0
INV-20260623-S002-P006,2026-06-23,S002,P006,39,26.0
INV-20260623-S002-P007,2026-06-23,S002,P007,227,97.0
INV-20260623-S002-P008,2026-06-23,S002,P008,310,65.0
INV-20260623-S002-P009,2026-06-23,S002,P009,199,43.0
INV-20260623-S002-P010,2026-06-23,S002,P010,288,66.0
INV-20260623-S002-P011,2026-06-23,S002,P011,24,12.0
INV-20260623-S002-P012,2026-06-23,S002,P012,116,101.0
INV-20260623-S002-P013,2026-06-23,S002,P013,120,56.0
INV-20260623-S002-P014,2026-06-23,S002,P014,145,84.0
INV-20260623-S002-P015,2026-06-23,S002,P015,19,18.0
INV-20260623-S002-P016,2026-06-23,S002,P016,258,56.0
INV-20260623-S002-P017,2026-06-23,S002,P017,144,56.0
INV-20260623-S002-P018,2026-06-23,S002,P018,478,99.0
INV-20260623-S002-P019,2026-06-23,S002,P019,122,64.0
INV-20260623-S002-P020,2026-06-23,S002,P020,215,55.0
INV-20260623-S002-P021,2026-06-23,S002,P021,91,35.0
INV-20260623-S002-P022,2026-06-23,S002,P022,133,41.0
INV-20260623-S002-P023,2026-06-23,S002,P023,107,59.0
INV-20260623-S002-P024,2026-06-23,S002,P024,59,51.0
INV-20260623-S002-P025,2026-06-23,S002,P025,114,12.0
INV-20260623-S002-P026,2026-06-23,S002,P026,429,88.0
INV-20260623-S002-P027,2026-06-23,S002,P027,331,95.0
INV-20260623-S002-P028,2026-06-23,S002,P028,157,23.0
INV-20260623-S002-P029,2026-06-23,S002,P029,74,62.0
INV-20260623-S002-P030,2026-06-23,S002,P030,147,20.0
INV-20260623-S002-P031,2026-06-23,S002,P031,105,74.0
INV-20260623-S002-P032,2026-06-23,S002,P032,63,37.0
INV-20260623-S002-P033,2026-06-23,S002,P033,314,72.0
INV-20260623-S002-P034,2026-06-23,S002,P034,96,79.0
INV-20260623-S002-P035,2026-06-23,S002,P035,178,83.0
INV-20260623-S002-P036,2026-06-23,S002,P036,21,20.0
INV-20260623-S002-P037,2026-06-23,S002,P037,247,97.0
INV-20260623-S002-P038,2026-06-23,S002,P038,90,32.0
INV-20260623-S002-P039,2026-06-23,S002,P039,31,14.0
INV-20260623-S002-P040,2026-06-23,S002,P040,187,62.0
INV-20260623-S002-P041,2026-06-23,S002,P041,224,45.0
INV-20260623-S002-P042,2026-06-23,S002,P042,169,88.0
INV-20260623-S002-P043,2026-06-23,S002,P043,88,86.0
INV-20260623-S002-P044,2026-06-23,S002,P044,100,40.0
INV-20260623-S002-P045,2026-06-23,S002,P045,166,100.0
INV-20260623-S002-P046,2026-06-23,S002,P046,145,37.0
INV-20260623-S002-P047,2026-06-23,S002,P047,128,59.0
INV-20260623-S002-P048,2026-06-23,S002,P048,86,34.0
INV-20260623-S002-P049,2026-06-23,S002,P049,214,98.0
INV-20260623-S002-P050,2026-06-23,S002,P050,37,26.0
INV-20260623-S003-P001,2026-06-23,S003,P001,74,57.0
INV-20260623-S003-P002,2026-06-23,S003,P002,161,41.0
INV-20260623-S003-P003,2026-06-23,S003,P003,104,24.0
INV-20260623-S003-P004,2026-06-23,S003,P004,28,20.0
INV-20260623-S003-P005,2026-06-23,S003,P005,151,66.0
INV-20260623-S003-P006,2026-06-23,S003,P006,113,26.0
INV-20260623-S003-P007,2026-06-23,S003,P007,360,97.0
INV-20260623-S003-P008,2026-06-23,S003,P008,189,65.0
INV-20260623-S003-P009,2026-06-23,S003,P009,105,43.0
INV-20260623-S003-P010,2026-06-23,S003,P010,258,66.0
INV-20260623-S003-P011,2026-06-23,S003,P011,252,12.0
INV-20260623-S003-P012,2026-06-23,S003,P012,313,101.0
INV-20260623-S003-P013,2026-06-23,S003,P013,222,56.0
INV-20260623-S003-P014,2026-06-23,S003,P014,120,84.0
INV-20260623-S003-P015,2026-06-23,S003,P015,65,18.0
INV-20260623-S003-P016,2026-06-23,S003,P016,83,56.0
INV-20260623-S003-P017,2026-06-23,S003,P017,258,56.0
INV-20260623-S003-P018,2026-06-23,S003,P018,113,99.0
INV-20260623-S003-P019,2026-06-23,S003,P019,255,64.0
INV-20260623-S003-P020,2026-06-23,S003,P020,79,55.0
INV-20260623-S003-P021,2026-06-23,S003,P021,102,35.0
INV-20260623-S003-P022,2026-06-23,S003,P022,125,41.0
INV-20260623-S003-P023,2026-06-23,S003,P023,125,59.0
INV-20260623-S003-P024,2026-06-23,S003,P024,149,51.0
INV-20260623-S003-P025,2026-06-23,S003,P025,231,12.0
INV-20260623-S003-P026,2026-06-23,S003,P026,191,88.0
INV-20260623-S003-P027,2026-06-23,S003,P027,197,95.0
INV-20260623-S003-P028,2026-06-23,S003,P028,58,23.0
INV-20260623-S003-P029,2026-06-23,S003,P029,169,62.0
INV-20260623-S003-P030,2026-06-23,S003,P030,96,20.0
INV-20260623-S003-P031,2026-06-23,S003,P031,337,74.0
INV-20260623-S003-P032,2026-06-23,S003,P032,139,37.0
INV-20260623-S003-P033,2026-06-23,S003,P033,78,72.0
INV-20260623-S003-P034,2026-06-23,S003,P034,222,79.0
INV-20260623-S003-P035,2026-06-23,S003,P035,103,83.0
INV-20260623-S003-P036,2026-06-23,S003,P036,41,20.0
INV-20260623-S003-P037,2026-06-23,S003,P037,439,97.0
INV-20260623-S003-P038,2026-06-23,S003,P038,69,32.0
INV-20260623-S003-P039,2026-06-23,S003,P039,254,14.0
INV-20260623-S003-P040,2026-06-23,S003,P040,161,62.0
INV-20260623-S003-P041,2026-06-23,S003,P041,155,45.0
INV-20260623-S003-P042,2026-06-23,S003,P042,169,88.0
INV-20260623-S003-P043,2026-06-23,S003,P043,222,86.0
INV-20260623-S003-P044,2026-06-23,S003,P044,64,40.0
INV-20260623-S003-P045,2026-06-23,S003,P045,369,100.0
INV-20260623-S003-P046,2026-06-23,S003,P046,153,37.0
INV-20260623-S003-P047,2026-06-23,S003,P047,273,59.0
INV-20260623-S003-P048,2026-06-23,S003,P048,150,34.0
INV-20260623-S003-P049,2026-06-23,S003,P049,233,98.0
INV-20260624-S001-P001,2026-06-24,S001,P001,77,57.0
INV-20260624-S001-P002,2026-06-24,S001,P002,122,41.0
INV-20260624-S001-P003,2026-06-24,S001,P003,102,24.0
INV-20260624-S001-P004,2026-06-24,S001,P004,96,20.0
INV-20260624-S001-P005,2026-06-24,S001,P005,195,66.0
INV-20260624-S001-P006,2026-06-24,S001,P006,228,26.0
INV-20260624-S001-P007,2026-06-24,S001,P007,266,97.0
INV-20260624-S001-P008,2026-06-24,S001,P008,181,65.0
INV-20260624-S001-P009,2026-06-24,S001,P009,150,43.0
INV-20260624-S001-P010,2026-06-24,S001,P010,116,66.0
INV-20260624-S001-P011,2026-06-24,S001,P011,265,12.0
INV-20260624-S001-P012,2026-06-24,S001,P012,470,101.0
INV-20260624-S001-P013,2026-06-24,S001,P013,178,56.0
INV-20260624-S001-P014,2026-06-24,S001,P014,174,84.0
INV-20260624-S001-P015,2026-06-24,S001,P015,55,18.0
INV-20260624-S001-P016,2026-06-24,S001,P016,111,56.0
INV-20260624-S001-P017,2026-06-24,S001,P017,93,56.0
INV-20260624-S001-P018,2026-06-24,S001,P018,304,99.0
INV-20260624-S001-P019,2026-06-24,S001,P019,144,64.0
INV-20260624-S001-P020,2026-06-24,S001,P020,159,55.0
INV-20260624-S001-P021,2026-06-24,S001,P021,78,35.0
INV-20260624-S001-P022,2026-06-24,S001,P022,170,41.0
INV-20260624-S001-P023,2026-06-24,S001,P023,277,59.0
INV-20260624-S001-P024,2026-06-24,S001,P024,255,51.0
INV-20260624-S001-P025,2026-06-24,S001,P025,298,12.0
INV-20260624-S001-P026,2026-06-24,S001,P026,170,88.0
INV-20260624-S001-P027,2026-06-24,S001,P027,429,95.0
INV-20260624-S001-P028,2026-06-24,S001,P028,159,23.0
INV-20260624-S001-P029,2026-06-24,S001,P029,269,62.0
INV-20260624-S001-P030,2026-06-24,S001,P030,25,20.0
INV-20260624-S001-P031,2026-06-24,S001,P031,130,74.0
INV-20260624-S001-P032,2026-06-24,S001,P032,122,37.0
INV-20260624-S001-P033,2026-06-24,S001,P033,150,72.0
INV-20260624-S001-P034,2026-06-24,S001,P034,227,79.0
INV-20260624-S001-P035,2026-06-24,S001,P035,151,83.0
INV-20260624-S001-P036,2026-06-24,S001,P036,52,20.0
INV-20260624-S001-P037,2026-06-24,S001,P037,215,97.0
INV-20260624-S001-P038,2026-06-24,S001,P038,149,32.0
INV-20260624-S001-P039,2026-06-24,S001,P039,274,14.0
INV-20260624-S001-P040,2026-06-24,S001,P040,189,62.0
INV-20260624-S001-P041,2026-06-24,S001,P041,190,45.0
INV-20260624-S001-P042,2026-06-24,S001,P042,219,88.0
INV-20260624-S001-P043,2026-06-24,S001,P043,282,86.0
INV-20260624-S001-P044,2026-06-24,S001,P044,153,40.0
INV-20260624-S001-P045,2026-06-24,S001,P045,381,100.0
INV-20260624-S001-P046,2026-06-24,S001,P046,89,37.0
INV-20260624-S001-P047,2026-06-24,S001,P047,145,59.0
INV-20260624-S001-P048,2026-06-24,S001,P048,54,34.0
INV-20260624-S001-P049,2026-06-24,S001,P049,242,98.0
INV-20260624-S001-P050,2026-06-24,S001,P050,98,26.0
INV-20260624-S002-P001,2026-06-24,S002,P001,161,57.0
INV-20260624-S002-P002,2026-06-24,S002,P002,139,41.0
INV-20260624-S002-P003,2026-06-24,S002,P003,79,24.0
INV-20260624-S002-P004,2026-06-24,S002,P004,396,20.0
INV-20260624-S002-P005,2026-06-24,S002,P005,239,66.0
INV-20260624-S002-P006,2026-06-24,S002,P006,32,26.0
INV-20260624-S002-P007,2026-06-24,S002,P007,227,97.0
INV-20260624-S002-P008,2026-06-24,S002,P008,302,65.0
INV-20260624-S002-P009,2026-06-24,S002,P009,195,43.0
INV-20260624-S002-P010,2026-06-24,S002,P010,274,66.0
INV-20260624-S002-P011,2026-06-24,S002,P011,22,12.0
INV-20260624-S002-P012,2026-06-24,S002,P012,503,101.0
INV-20260624-S002-P013,2026-06-24,S002,P013,109,56.0
INV-20260624-S002-P014,2026-06-24,S002,P014,137,84.0
INV-20260624-S002-P015,2026-06-24,S002,P015,91,18.0
INV-20260624-S002-P016,2026-06-24,S002,P016,256,56.0
INV-20260624-S002-P017,2026-06-24,S002,P017,128,56.0
INV-20260624-S002-P018,2026-06-24,S002,P018,456,99.0
INV-20260624-S002-P019,2026-06-24,S002,P019,116,64.0
INV-20260624-S002-P020,2026-06-24,S002,P020,207,55.0
INV-20260624-S002-P021,2026-06-24,S002,P021,84,35.0
INV-20260624-S002-P022,2026-06-24,S002,P022,127,41.0
INV-20260624-S002-P023,2026-06-24,S002,P023,93,59.0
INV-20260624-S002-P024,2026-06-24,S002,P024,256,51.0
INV-20260624-S002-P025,2026-06-24,S002,P025,113,12.0
INV-20260624-S002-P026,2026-06-24,S002,P026,414,88.0
INV-20260624-S002-P027,2026-06-24,S002,P027,305,95.0
INV-20260624-S002-P028,2026-06-24,S002,P028,153,23.0
INV-20260624-S002-P029,2026-06-24,S002,P029,312,62.0
INV-20260624-S002-P030,2026-06-24,S002,P030,144,20.0
INV-20260624-S002-P031,2026-06-24,S002,P031,92,74.0
INV-20260624-S002-P032,2026-06-24,S002,P032,60,37.0
INV-20260624-S002-P033,2026-06-24,S002,P033,305,72.0
INV-20260624-S002-P034,2026-06-24,S002,P034,89,79.0
INV-20260624-S002-P035,2026-06-24,S002,P035,169,83.0
INV-20260624-S002-P036,2026-06-24,S002,P036,100,20.0
INV-20260624-S002-P037,2026-06-24,S002,P037,226,97.0
INV-20260624-S002-P038,2026-06-24,S002,P038,87,32.0
INV-20260624-S002-P039,2026-06-24,S002,P039,29,14.0
INV-20260624-S002-P040,2026-06-24,S002,P040,180,62.0
INV-20260624-S002-P041,2026-06-24,S002,P041,213,45.0
INV-20260624-S002-P042,2026-06-24,S002,P042,151,88.0
INV-20260624-S002-P043,2026-06-24,S002,P043,420,86.0
INV-20260624-S002-P044,2026-06-24,S002,P044,95,40.0
INV-20260624-S002-P045,2026-06-24,S002,P045,149,100.0
INV-20260624-S002-P046,2026-06-24,S002,P046,139,37.0
INV-20260624-S002-P047,2026-06-24,S002,P047,117,59.0
INV-20260624-S002-P048,2026-06-24,S002,P048,80,34.0
INV-20260624-S002-P049,2026-06-24,S002,P049,201,98.0
INV-20260624-S002-P050,2026-06-24,S002,P050,36,26.0
INV-20260624-S003-P001,2026-06-24,S003,P001,71,57.0
INV-20260624-S003-P002,2026-06-24,S003,P002,154,41.0
INV-20260624-S003-P003,2026-06-24,S003,P003,101,24.0
INV-20260624-S003-P004,2026-06-24,S003,P004,23,20.0
INV-20260624-S003-P005,2026-06-24,S003,P005,145,66.0
INV-20260624-S003-P006,2026-06-24,S003,P006,108,26.0
INV-20260624-S003-P007,2026-06-24,S003,P007,351,97.0
INV-20260624-S003-P008,2026-06-24,S003,P008,182,65.0
INV-20260624-S003-P009,2026-06-24,S003,P009,97,43.0
INV-20260624-S003-P010,2026-06-24,S003,P010,248,66.0
INV-20260624-S003-P011,2026-06-24,S003,P011,252,12.0
INV-20260624-S003-P012,2026-06-24,S003,P012,299,101.0
INV-20260624-S003-P013,2026-06-24,S003,P013,217,56.0
INV-20260624-S003-P014,2026-06-24,S003,P014,104,84.0
INV-20260624-S003-P015,2026-06-24,S003,P015,62,18.0
INV-20260624-S003-P016,2026-06-24,S003,P016,78,56.0
INV-20260624-S003-P017,2026-06-24,S003,P017,255,56.0
INV-20260624-S003-P018,2026-06-24,S003,P018,102,99.0
INV-20260624-S003-P019,2026-06-24,S003,P019,251,64.0
INV-20260624-S003-P020,2026-06-24,S003,P020,69,55.0
INV-20260624-S003-P021,2026-06-24,S003,P021,100,35.0
INV-20260624-S003-P022,2026-06-24,S003,P022,121,41.0
INV-20260624-S003-P023,2026-06-24,S003,P023,121,59.0
INV-20260624-S003-P024,2026-06-24,S003,P024,142,51.0
INV-20260624-S003-P025,2026-06-24,S003,P025,230,12.0
INV-20260624-S003-P026,2026-06-24,S003,P026,178,88.0
INV-20260624-S003-P027,2026-06-24,S003,P027,182,95.0
INV-20260624-S003-P028,2026-06-24,S003,P028,57,23.0
INV-20260624-S003-P029,2026-06-24,S003,P029,160,62.0
INV-20260624-S003-P030,2026-06-24,S003,P030,94,20.0
INV-20260624-S003-P031,2026-06-24,S003,P031,330,74.0
INV-20260624-S003-P032,2026-06-24,S003,P032,135,37.0
INV-20260624-S003-P033,2026-06-24,S003,P033,363,72.0
INV-20260624-S003-P034,2026-06-24,S003,P034,216,79.0
INV-20260624-S003-P035,2026-06-24,S003,P035,91,83.0
INV-20260624-S003-P036,2026-06-24,S003,P036,37,20.0
INV-20260624-S003-P037,2026-06-24,S003,P037,427,97.0
INV-20260624-S003-P038,2026-06-24,S003,P038,68,32.0
INV-20260624-S003-P039,2026-06-24,S003,P039,251,14.0
INV-20260624-S003-P040,2026-06-24,S003,P040,154,62.0
INV-20260624-S003-P041,2026-06-24,S003,P041,149,45.0
INV-20260624-S003-P042,2026-06-24,S003,P042,160,88.0
INV-20260624-S003-P043,2026-06-24,S003,P043,212,86.0
INV-20260624-S003-P044,2026-06-24,S003,P044,63,40.0
INV-20260624-S003-P045,2026-06-24,S003,P045,356,100.0
INV-20260624-S003-P046,2026-06-24,S003,P046,152,37.0
INV-20260624-S003-P047,2026-06-24,S003,P047,270,59.0
INV-20260624-S003-P048,2026-06-24,S003,P048,147,34.0
INV-20260624-S003-P049,2026-06-24,S003,P049,219,98.0
INV-20260625-S001-P001,2026-06-25,S001,P001,68,57.0
INV-20260625-S001-P002,2026-06-25,S001,P002,114,41.0
INV-20260625-S001-P003,2026-06-25,S001,P003,99,24.0
INV-20260625-S001-P004,2026-06-25,S001,P004,92,20.0
INV-20260625-S001-P005,2026-06-25,S001,P005,188,66.0
INV-20260625-S001-P006,2026-06-25,S001,P006,227,26.0
INV-20260625-S001-P007,2026-06-25,S001,P007,251,97.0
INV-20260625-S001-P008,2026-06-25,S001,P008,178,65.0
INV-20260625-S001-P009,2026-06-25,S001,P009,146,43.0
INV-20260625-S001-P010,2026-06-25,S001,P010,108,66.0
INV-20260625-S001-P011,2026-06-25,S001,P011,262,12.0
INV-20260625-S001-P012,2026-06-25,S001,P012,463,101.0
INV-20260625-S001-P013,2026-06-25,S001,P013,170,56.0
INV-20260625-S001-P014,2026-06-25,S001,P014,161,84.0
INV-20260625-S001-P015,2026-06-25,S001,P015,53,18.0
INV-20260625-S001-P016,2026-06-25,S001,P016,103,56.0
INV-20260625-S001-P017,2026-06-25,S001,P017,89,56.0
INV-20260625-S001-P018,2026-06-25,S001,P018,288,99.0
INV-20260625-S001-P019,2026-06-25,S001,P019,135,64.0
INV-20260625-S001-P020,2026-06-25,S001,P020,144,55.0
INV-20260625-S001-P021,2026-06-25,S001,P021,67,35.0
INV-20260625-S001-P022,2026-06-25,S001,P022,166,41.0
INV-20260625-S001-P023,2026-06-25,S001,P023,270,59.0
INV-20260625-S001-P024,2026-06-25,S001,P024,248,51.0
INV-20260625-S001-P025,2026-06-25,S001,P025,296,12.0
INV-20260625-S001-P026,2026-06-25,S001,P026,157,88.0
INV-20260625-S001-P027,2026-06-25,S001,P027,422,95.0
INV-20260625-S001-P028,2026-06-25,S001,P028,151,23.0
INV-20260625-S001-P029,2026-06-25,S001,P029,262,62.0
INV-20260625-S001-P030,2026-06-25,S001,P030,103,20.0
INV-20260625-S001-P031,2026-06-25,S001,P031,124,74.0
INV-20260625-S001-P032,2026-06-25,S001,P032,113,37.0
INV-20260625-S001-P033,2026-06-25,S001,P033,144,72.0
INV-20260625-S001-P034,2026-06-25,S001,P034,212,79.0
INV-20260625-S001-P035,2026-06-25,S001,P035,140,83.0
INV-20260625-S001-P036,2026-06-25,S001,P036,50,20.0
INV-20260625-S001-P037,2026-06-25,S001,P037,199,97.0
INV-20260625-S001-P038,2026-06-25,S001,P038,142,32.0
INV-20260625-S001-P039,2026-06-25,S001,P039,272,14.0
INV-20260625-S001-P040,2026-06-25,S001,P040,181,62.0
INV-20260625-S001-P041,2026-06-25,S001,P041,182,45.0
INV-20260625-S001-P042,2026-06-25,S001,P042,210,88.0
INV-20260625-S001-P043,2026-06-25,S001,P043,272,86.0
INV-20260625-S001-P044,2026-06-25,S001,P044,149,40.0
INV-20260625-S001-P045,2026-06-25,S001,P045,366,100.0
INV-20260625-S001-P046,2026-06-25,S001,P046,85,37.0
INV-20260625-S001-P047,2026-06-25,S001,P047,139,59.0
INV-20260625-S001-P048,2026-06-25,S001,P048,52,34.0
INV-20260625-S001-P049,2026-06-25,S001,P049,224,98.0
INV-20260625-S001-P050,2026-06-25,S001,P050,95,26.0
INV-20260625-S002-P001,2026-06-25,S002,P001,156,57.0
INV-20260625-S002-P002,2026-06-25,S002,P002,133,41.0
INV-20260625-S002-P003,2026-06-25,S002,P003,75,24.0
INV-20260625-S002-P004,2026-06-25,S002,P004,396,20.0
INV-20260625-S002-P005,2026-06-25,S002,P005,230,66.0
INV-20260625-S002-P006,2026-06-25,S002,P006,27,26.0
INV-20260625-S002-P007,2026-06-25,S002,P007,227,97.0
INV-20260625-S002-P008,2026-06-25,S002,P008,291,65.0
INV-20260625-S002-P009,2026-06-25,S002,P009,189,43.0
INV-20260625-S002-P010,2026-06-25,S002,P010,263,66.0
INV-20260625-S002-P011,2026-06-25,S002,P011,21,12.0
INV-20260625-S002-P012,2026-06-25,S002,P012,480,101.0
INV-20260625-S002-P013,2026-06-25,S002,P013,98,56.0
INV-20260625-S002-P014,2026-06-25,S002,P014,125,84.0
INV-20260625-S002-P015,2026-06-25,S002,P015,89,18.0
INV-20260625-S002-P016,2026-06-25,S002,P016,252,56.0
INV-20260625-S002-P017,2026-06-25,S002,P017,120,56.0
INV-20260625-S002-P018,2026-06-25,S002,P018,437,99.0
INV-20260625-S002-P019,2026-06-25,S002,P019,110,64.0
INV-20260625-S002-P020,2026-06-25,S002,P020,193,55.0
INV-20260625-S002-P021,2026-06-25,S002,P021,77,35.0
INV-20260625-S002-P022,2026-06-25,S002,P022,117,41.0
INV-20260625-S002-P023,2026-06-25,S002,P023,89,59.0
INV-20260625-S002-P024,2026-06-25,S002,P024,240,51.0
INV-20260625-S002-P025,2026-06-25,S002,P025,113,12.0
INV-20260625-S002-P026,2026-06-25,S002,P026,397,88.0
INV-20260625-S002-P027,2026-06-25,S002,P027,289,95.0
INV-20260625-S002-P028,2026-06-25,S002,P028,148,23.0
INV-20260625-S002-P029,2026-06-25,S002,P029,303,62.0
INV-20260625-S002-P030,2026-06-25,S002,P030,140,20.0
INV-20260625-S002-P031,2026-06-25,S002,P031,84,74.0
INV-20260625-S002-P032,2026-06-25,S002,P032,49,37.0
INV-20260625-S002-P033,2026-06-25,S002,P033,293,72.0
INV-20260625-S002-P034,2026-06-25,S002,P034,392,79.0
INV-20260625-S002-P035,2026-06-25,S002,P035,156,83.0
INV-20260625-S002-P036,2026-06-25,S002,P036,96,20.0
INV-20260625-S002-P037,2026-06-25,S002,P037,211,97.0
INV-20260625-S002-P038,2026-06-25,S002,P038,82,32.0
INV-20260625-S002-P039,2026-06-25,S002,P039,27,14.0
INV-20260625-S002-P040,2026-06-25,S002,P040,171,62.0
INV-20260625-S002-P041,2026-06-25,S002,P041,203,45.0
INV-20260625-S002-P042,2026-06-25,S002,P042,131,88.0
INV-20260625-S002-P043,2026-06-25,S002,P043,409,86.0
INV-20260625-S002-P044,2026-06-25,S002,P044,87,40.0
INV-20260625-S002-P045,2026-06-25,S002,P045,130,100.0
INV-20260625-S002-P046,2026-06-25,S002,P046,134,37.0
INV-20260625-S002-P047,2026-06-25,S002,P047,109,59.0
INV-20260625-S002-P048,2026-06-25,S002,P048,72,34.0
INV-20260625-S002-P049,2026-06-25,S002,P049,183,98.0
INV-20260625-S002-P050,2026-06-25,S002,P050,29,26.0
INV-20260625-S003-P001,2026-06-25,S003,P001,67,57.0
INV-20260625-S003-P002,2026-06-25,S003,P002,148,41.0
INV-20260625-S003-P003,2026-06-25,S003,P003,99,24.0
INV-20260625-S003-P004,2026-06-25,S003,P004,22,20.0
INV-20260625-S003-P005,2026-06-25,S003,P005,141,66.0
INV-20260625-S003-P006,2026-06-25,S003,P006,107,26.0
INV-20260625-S003-P007,2026-06-25,S003,P007,340,97.0
INV-20260625-S003-P008,2026-06-25,S003,P008,175,65.0
INV-20260625-S003-P009,2026-06-25,S003,P009,94,43.0
INV-20260625-S003-P010,2026-06-25,S003,P010,244,66.0
INV-20260625-S003-P011,2026-06-25,S003,P011,251,12.0
INV-20260625-S003-P012,2026-06-25,S003,P012,292,101.0
INV-20260625-S003-P013,2026-06-25,S003,P013,208,56.0
INV-20260625-S003-P014,2026-06-25,S003,P014,93,84.0
INV-20260625-S003-P015,2026-06-25,S003,P015,60,18.0
INV-20260625-S003-P016,2026-06-25,S003,P016,75,56.0
INV-20260625-S003-P017,2026-06-25,S003,P017,252,56.0
INV-20260625-S003-P018,2026-06-25,S003,P018,483,99.0
INV-20260625-S003-P019,2026-06-25,S003,P019,245,64.0
INV-20260625-S003-P020,2026-06-25,S003,P020,63,55.0
INV-20260625-S003-P021,2026-06-25,S003,P021,95,35.0
INV-20260625-S003-P022,2026-06-25,S003,P022,116,41.0
INV-20260625-S003-P023,2026-06-25,S003,P023,118,59.0
INV-20260625-S003-P024,2026-06-25,S003,P024,137,51.0
INV-20260625-S003-P025,2026-06-25,S003,P025,228,12.0
INV-20260625-S003-P026,2026-06-25,S003,P026,168,88.0
INV-20260625-S003-P027,2026-06-25,S003,P027,175,95.0
INV-20260625-S003-P028,2026-06-25,S003,P028,53,23.0
INV-20260625-S003-P029,2026-06-25,S003,P029,153,62.0
INV-20260625-S003-P030,2026-06-25,S003,P030,94,20.0
INV-20260625-S003-P031,2026-06-25,S003,P031,324,74.0
INV-20260625-S003-P032,2026-06-25,S003,P032,133,37.0
INV-20260625-S003-P033,2026-06-25,S003,P033,354,72.0
INV-20260625-S003-P034,2026-06-25,S003,P034,203,79.0
INV-20260625-S003-P035,2026-06-25,S003,P035,415,83.0
INV-20260625-S003-P036,2026-06-25,S003,P036,34,20.0
INV-20260625-S003-P037,2026-06-25,S003,P037,412,97.0
INV-20260625-S003-P038,2026-06-25,S003,P038,65,32.0
INV-20260625-S003-P039,2026-06-25,S003,P039,250,14.0
INV-20260625-S003-P040,2026-06-25,S003,P040,145,62.0
INV-20260625-S003-P041,2026-06-25,S003,P041,146,45.0
INV-20260625-S003-P042,2026-06-25,S003,P042,150,88.0
INV-20260625-S003-P043,2026-06-25,S003,P043,200,86.0
INV-20260625-S003-P044,2026-06-25,S003,P044,60,40.0
INV-20260625-S003-P045,2026-06-25,S003,P045,344,100.0
INV-20260625-S003-P046,2026-06-25,S003,P046,150,37.0
INV-20260625-S003-P047,2026-06-25,S003,P047,263,59.0
INV-20260625-S003-P048,2026-06-25,S003,P048,144,34.0
INV-20260625-S003-P049,2026-06-25,S003,P049,205,98.0
INV-20260626-S001-P001,2026-06-26,S001,P001,64,57.0
INV-20260626-S001-P002,2026-06-26,S001,P002,107,41.0
INV-20260626-S001-P003,2026-06-26,S001,P003,96,24.0
INV-20260626-S001-P004,2026-06-26,S001,P004,91,20.0
INV-20260626-S001-P005,2026-06-26,S001,P005,178,66.0
INV-20260626-S001-P006,2026-06-26,S001,P006,223,26.0
INV-20260626-S001-P007,2026-06-26,S001,P007,237,97.0
INV-20260626-S001-P008,2026-06-26,S001,P008,168,65.0
INV-20260626-S001-P009,2026-06-26,S001,P009,143,43.0
INV-20260626-S001-P010,2026-06-26,S001,P010,96,66.0
INV-20260626-S001-P011,2026-06-26,S001,P011,261,12.0
INV-20260626-S001-P012,2026-06-26,S001,P012,443,101.0
INV-20260626-S001-P013,2026-06-26,S001,P013,159,56.0
INV-20260626-S001-P014,2026-06-26,S001,P014,146,84.0
INV-20260626-S001-P015,2026-06-26,S001,P015,48,18.0
INV-20260626-S001-P016,2026-06-26,S001,P016,99,56.0
INV-20260626-S001-P017,2026-06-26,S001,P017,73,56.0
INV-20260626-S001-P018,2026-06-26,S001,P018,277,99.0
INV-20260626-S001-P019,2026-06-26,S001,P019,122,64.0
INV-20260626-S001-P020,2026-06-26,S001,P020,133,55.0
INV-20260626-S001-P021,2026-06-26,S001,P021,63,35.0
INV-20260626-S001-P022,2026-06-26,S001,P022,156,41.0
INV-20260626-S001-P023,2026-06-26,S001,P023,263,59.0
INV-20260626-S001-P024,2026-06-26,S001,P024,242,51.0
INV-20260626-S001-P025,2026-06-26,S001,P025,294,12.0
INV-20260626-S001-P026,2026-06-26,S001,P026,143,88.0
INV-20260626-S001-P027,2026-06-26,S001,P027,411,95.0
INV-20260626-S001-P028,2026-06-26,S001,P028,148,23.0
INV-20260626-S001-P029,2026-06-26,S001,P029,255,62.0
INV-20260626-S001-P030,2026-06-26,S001,P030,101,20.0
INV-20260626-S001-P031,2026-06-26,S001,P031,113,74.0
INV-20260626-S001-P032,2026-06-26,S001,P032,108,37.0
INV-20260626-S001-P033,2026-06-26,S001,P033,134,72.0
INV-20260626-S001-P034,2026-06-26,S001,P034,196,79.0
INV-20260626-S001-P035,2026-06-26,S001,P035,124,83.0
INV-20260626-S001-P036,2026-06-26,S001,P036,46,20.0
INV-20260626-S001-P037,2026-06-26,S001,P037,184,97.0
INV-20260626-S001-P038,2026-06-26,S001,P038,135,32.0
INV-20260626-S001-P039,2026-06-26,S001,P039,267,14.0
INV-20260626-S001-P040,2026-06-26,S001,P040,172,62.0
INV-20260626-S001-P041,2026-06-26,S001,P041,178,45.0
INV-20260626-S001-P042,2026-06-26,S001,P042,199,88.0
INV-20260626-S001-P043,2026-06-26,S001,P043,255,86.0
INV-20260626-S001-P044,2026-06-26,S001,P044,147,40.0
INV-20260626-S001-P045,2026-06-26,S001,P045,353,100.0
INV-20260626-S001-P046,2026-06-26,S001,P046,79,37.0
INV-20260626-S001-P047,2026-06-26,S001,P047,126,59.0
INV-20260626-S001-P048,2026-06-26,S001,P048,48,34.0
INV-20260626-S001-P049,2026-06-26,S001,P049,214,98.0
INV-20260626-S001-P050,2026-06-26,S001,P050,94,26.0
INV-20260626-S002-P001,2026-06-26,S002,P001,151,57.0
INV-20260626-S002-P002,2026-06-26,S002,P002,127,41.0
INV-20260626-S002-P003,2026-06-26,S002,P003,75,24.0
INV-20260626-S002-P004,2026-06-26,S002,P004,396,20.0
INV-20260626-S002-P005,2026-06-26,S002,P005,209,66.0
INV-20260626-S002-P006,2026-06-26,S002,P006,128,26.0
INV-20260626-S002-P007,2026-06-26,S002,P007,227,97.0
INV-20260626-S002-P008,2026-06-26,S002,P008,275,65.0
INV-20260626-S002-P009,2026-06-26,S002,P009,182,43.0
INV-20260626-S002-P010,2026-06-26,S002,P010,254,66.0
INV-20260626-S002-P011,2026-06-26,S002,P011,20,12.0
INV-20260626-S002-P012,2026-06-26,S002,P012,465,101.0
INV-20260626-S002-P013,2026-06-26,S002,P013,83,56.0
INV-20260626-S002-P014,2026-06-26,S002,P014,101,84.0
INV-20260626-S002-P015,2026-06-26,S002,P015,87,18.0
INV-20260626-S002-P016,2026-06-26,S002,P016,244,56.0
INV-20260626-S002-P017,2026-06-26,S002,P017,109,56.0
INV-20260626-S002-P018,2026-06-26,S002,P018,425,99.0
INV-20260626-S002-P019,2026-06-26,S002,P019,90,64.0
INV-20260626-S002-P020,2026-06-26,S002,P020,184,55.0
INV-20260626-S002-P021,2026-06-26,S002,P021,69,35.0
INV-20260626-S002-P022,2026-06-26,S002,P022,110,41.0
INV-20260626-S002-P023,2026-06-26,S002,P023,78,59.0
INV-20260626-S002-P024,2026-06-26,S002,P024,226,51.0
INV-20260626-S002-P025,2026-06-26,S002,P025,113,12.0
INV-20260626-S002-P026,2026-06-26,S002,P026,372,88.0
INV-20260626-S002-P027,2026-06-26,S002,P027,269,95.0
INV-20260626-S002-P028,2026-06-26,S002,P028,146,23.0
INV-20260626-S002-P029,2026-06-26,S002,P029,295,62.0
INV-20260626-S002-P030,2026-06-26,S002,P030,136,20.0
INV-20260626-S002-P031,2026-06-26,S002,P031,361,74.0
INV-20260626-S002-P032,2026-06-26,S002,P032,44,37.0
INV-20260626-S002-P033,2026-06-26,S002,P033,280,72.0
INV-20260626-S002-P034,2026-06-26,S002,P034,371,79.0
INV-20260626-S002-P035,2026-06-26,S002,P035,142,83.0
INV-20260626-S002-P036,2026-06-26,S002,P036,92,20.0
INV-20260626-S002-P037,2026-06-26,S002,P037,185,97.0
INV-20260626-S002-P038,2026-06-26,S002,P038,78,32.0
INV-20260626-S002-P039,2026-06-26,S002,P039,24,14.0
INV-20260626-S002-P040,2026-06-26,S002,P040,155,62.0
INV-20260626-S002-P041,2026-06-26,S002,P041,192,45.0
INV-20260626-S002-P042,2026-06-26,S002,P042,116,88.0
INV-20260626-S002-P043,2026-06-26,S002,P043,392,86.0
INV-20260626-S002-P044,2026-06-26,S002,P044,80,40.0
INV-20260626-S002-P045,2026-06-26,S002,P045,112,100.0
INV-20260626-S002-P046,2026-06-26,S002,P046,126,37.0
INV-20260626-S002-P047,2026-06-26,S002,P047,97,59.0
INV-20260626-S002-P048,2026-06-26,S002,P048,69,34.0
INV-20260626-S002-P049,2026-06-26,S002,P049,168,98.0
INV-20260626-S002-P050,2026-06-26,S002,P050,128,26.0
INV-20260626-S003-P001,2026-06-26,S003,P001,61,57.0
INV-20260626-S003-P002,2026-06-26,S003,P002,141,41.0
INV-20260626-S003-P003,2026-06-26,S003,P003,97,24.0
INV-20260626-S003-P004,2026-06-26,S003,P004,21,20.0
INV-20260626-S003-P005,2026-06-26,S003,P005,128,66.0
INV-20260626-S003-P006,2026-06-26,S003,P006,104,26.0
INV-20260626-S003-P007,2026-06-26,S003,P007,320,97.0
INV-20260626-S003-P008,2026-06-26,S003,P008,165,65.0
INV-20260626-S003-P009,2026-06-26,S003,P009,89,43.0
INV-20260626-S003-P010,2026-06-26,S003,P010,237,66.0
INV-20260626-S003-P011,2026-06-26,S003,P011,251,12.0
INV-20260626-S003-P012,2026-06-26,S003,P012,286,101.0
INV-20260626-S003-P013,2026-06-26,S003,P013,199,56.0
INV-20260626-S003-P014,2026-06-26,S003,P014,413,84.0
INV-20260626-S003-P015,2026-06-26,S003,P015,59,18.0
INV-20260626-S003-P016,2026-06-26,S003,P016,68,56.0
INV-20260626-S003-P017,2026-06-26,S003,P017,248,56.0
INV-20260626-S003-P018,2026-06-26,S003,P018,468,99.0
INV-20260626-S003-P019,2026-06-26,S003,P019,237,64.0
INV-20260626-S003-P020,2026-06-26,S003,P020,62,55.0
INV-20260626-S003-P021,2026-06-26,S003,P021,92,35.0
INV-20260626-S003-P022,2026-06-26,S003,P022,114,41.0
INV-20260626-S003-P023,2026-06-26,S003,P023,113,59.0
INV-20260626-S003-P024,2026-06-26,S003,P024,129,51.0
INV-20260626-S003-P025,2026-06-26,S003,P025,228,12.0
INV-20260626-S003-P026,2026-06-26,S003,P026,161,88.0
INV-20260626-S003-P027,2026-06-26,S003,P027,165,95.0
INV-20260626-S003-P028,2026-06-26,S003,P028,51,23.0
INV-20260626-S003-P029,2026-06-26,S003,P029,141,62.0
INV-20260626-S003-P030,2026-06-26,S003,P030,92,20.0
INV-20260626-S003-P031,2026-06-26,S003,P031,311,74.0
INV-20260626-S003-P032,2026-06-26,S003,P032,128,37.0
INV-20260626-S003-P033,2026-06-26,S003,P033,350,72.0
INV-20260626-S003-P034,2026-06-26,S003,P034,191,79.0
INV-20260626-S003-P035,2026-06-26,S003,P035,403,83.0
INV-20260626-S003-P036,2026-06-26,S003,P036,31,20.0
INV-20260626-S003-P037,2026-06-26,S003,P037,393,97.0
INV-20260626-S003-P038,2026-06-26,S003,P038,55,32.0
INV-20260626-S003-P039,2026-06-26,S003,P039,248,14.0
INV-20260626-S003-P040,2026-06-26,S003,P040,138,62.0
INV-20260626-S003-P041,2026-06-26,S003,P041,138,45.0
INV-20260626-S003-P042,2026-06-26,S003,P042,141,88.0
INV-20260626-S003-P043,2026-06-26,S003,P043,190,86.0
INV-20260626-S003-P044,2026-06-26,S003,P044,55,40.0
INV-20260626-S003-P045,2026-06-26,S003,P045,330,100.0
INV-20260626-S003-P046,2026-06-26,S003,P046,145,37.0
INV-20260626-S003-P047,2026-06-26,S003,P047,256,59.0
INV-20260626-S003-P048,2026-06-26,S003,P048,137,34.0
INV-20260626-S003-P049,2026-06-26,S003,P049,193,98.0
INV-20260627-S001-P001,2026-06-27,S001,P001,281,57.0
INV-20260627-S001-P002,2026-06-27,S001,P002,100,41.0
INV-20260627-S001-P003,2026-06-27,S001,P003,92,24.0
INV-20260627-S001-P004,2026-06-27,S001,P004,86,20.0
INV-20260627-S001-P005,2026-06-27,S001,P005,163,66.0
INV-20260627-S001-P006,2026-06-27,S001,P006,217,26.0
INV-20260627-S001-P007,2026-06-27,S001,P007,227,97.0
INV-20260627-S001-P008,2026-06-27,S001,P008,156,65.0
INV-20260627-S001-P009,2026-06-27,S001,P009,137,43.0
INV-20260627-S001-P010,2026-06-27,S001,P010,84,66.0
INV-20260627-S001-P011,2026-06-27,S001,P011,260,12.0
INV-20260627-S001-P012,2026-06-27,S001,P012,434,101.0
INV-20260627-S001-P013,2026-06-27,S001,P013,146,56.0
INV-20260627-S001-P014,2026-06-27,S001,P014,135,84.0
INV-20260627-S001-P015,2026-06-27,S001,P015,46,18.0
INV-20260627-S001-P016,2026-06-27,S001,P016,90,56.0
INV-20260627-S001-P017,2026-06-27,S001,P017,61,56.0
INV-20260627-S001-P018,2026-06-27,S001,P018,258,99.0
INV-20260627-S001-P019,2026-06-27,S001,P019,103,64.0
INV-20260627-S001-P020,2026-06-27,S001,P020,124,55.0
INV-20260627-S001-P021,2026-06-27,S001,P021,59,35.0
INV-20260627-S001-P022,2026-06-27,S001,P022,148,41.0
INV-20260627-S001-P023,2026-06-27,S001,P023,255,59.0
INV-20260627-S001-P024,2026-06-27,S001,P024,239,51.0
INV-20260627-S001-P025,2026-06-27,S001,P025,293,12.0
INV-20260627-S001-P026,2026-06-27,S001,P026,125,88.0
INV-20260627-S001-P027,2026-06-27,S001,P027,395,95.0
INV-20260627-S001-P028,2026-06-27,S001,P028,144,23.0
INV-20260627-S001-P029,2026-06-27,S001,P029,245,62.0
INV-20260627-S001-P030,2026-06-27,S001,P030,100,20.0
INV-20260627-S001-P031,2026-06-27,S001,P031,101,74.0
INV-20260627-S001-P032,2026-06-27,S001,P032,99,37.0
INV-20260627-S001-P033,2026-06-27,S001,P033,127,72.0
INV-20260627-S001-P034,2026-06-27,S001,P034,189,79.0
INV-20260627-S001-P035,2026-06-27,S001,P035,109,83.0
INV-20260627-S001-P036,2026-06-27,S001,P036,45,20.0
INV-20260627-S001-P037,2026-06-27,S001,P037,163,97.0
INV-20260627-S001-P038,2026-06-27,S001,P038,128,32.0
INV-20260627-S001-P039,2026-06-27,S001,P039,267,14.0
INV-20260627-S001-P040,2026-06-27,S001,P040,162,62.0
INV-20260627-S001-P041,2026-06-27,S001,P041,176,45.0
INV-20260627-S001-P042,2026-06-27,S001,P042,185,88.0
INV-20260627-S001-P043,2026-06-27,S001,P043,241,86.0
INV-20260627-S001-P044,2026-06-27,S001,P044,147,40.0
INV-20260627-S001-P045,2026-06-27,S001,P045,333,100.0
INV-20260627-S001-P046,2026-06-27,S001,P046,72,37.0
INV-20260627-S001-P047,2026-06-27,S001,P047,117,59.0
INV-20260627-S001-P048,2026-06-27,S001,P048,46,34.0
INV-20260627-S001-P049,2026-06-27,S001,P049,202,98.0
INV-20260627-S001-P050,2026-06-27,S001,P050,91,26.0
INV-20260627-S002-P001,2026-06-27,S002,P001,141,57.0
INV-20260627-S002-P002,2026-06-27,S002,P002,112,41.0
INV-20260627-S002-P003,2026-06-27,S002,P003,71,24.0
INV-20260627-S002-P004,2026-06-27,S002,P004,396,20.0
INV-20260627-S002-P005,2026-06-27,S002,P005,208,66.0
INV-20260627-S002-P006,2026-06-27,S002,P006,122,26.0
INV-20260627-S002-P007,2026-06-27,S002,P007,227,97.0
INV-20260627-S002-P008,2026-06-27,S002,P008,260,65.0
INV-20260627-S002-P009,2026-06-27,S002,P009,171,43.0
INV-20260627-S002-P010,2026-06-27,S002,P010,241,66.0
INV-20260627-S002-P011,2026-06-27,S002,P011,14,12.0
INV-20260627-S002-P012,2026-06-27,S002,P012,450,101.0
INV-20260627-S002-P013,2026-06-27,S002,P013,72,56.0
INV-20260627-S002-P014,2026-06-27,S002,P014,421,84.0
INV-20260627-S002-P015,2026-06-27,S002,P015,86,18.0
INV-20260627-S002-P016,2026-06-27,S002,P016,228,56.0
INV-20260627-S002-P017,2026-06-27,S002,P017,104,56.0
INV-20260627-S002-P018,2026-06-27,S002,P018,405,99.0
INV-20260627-S002-P019,2026-06-27,S002,P019,74,64.0
INV-20260627-S002-P020,2026-06-27,S002,P020,170,55.0
INV-20260627-S002-P021,2026-06-27,S002,P021,65,35.0
INV-20260627-S002-P022,2026-06-27,S002,P022,105,41.0
INV-20260627-S002-P023,2026-06-27,S002,P023,65,59.0
INV-20260627-S002-P024,2026-06-27,S002,P024,215,51.0
INV-20260627-S002-P025,2026-06-27,S002,P025,112,12.0
INV-20260627-S002-P026,2026-06-27,S002,P026,356,88.0
INV-20260627-S002-P027,2026-06-27,S002,P027,256,95.0
INV-20260627-S002-P028,2026-06-27,S002,P028,142,23.0
INV-20260627-S002-P029,2026-06-27,S002,P029,279,62.0
INV-20260627-S002-P030,2026-06-27,S002,P030,130,20.0
INV-20260627-S002-P031,2026-06-27,S002,P031,348,74.0
INV-20260627-S002-P032,2026-06-27,S002,P032,182,37.0
INV-20260627-S002-P033,2026-06-27,S002,P033,260,72.0
INV-20260627-S002-P034,2026-06-27,S002,P034,359,79.0
INV-20260627-S002-P035,2026-06-27,S002,P035,129,83.0
INV-20260627-S002-P036,2026-06-27,S002,P036,90,20.0
INV-20260627-S002-P037,2026-06-27,S002,P037,168,97.0
INV-20260627-S002-P038,2026-06-27,S002,P038,70,32.0
INV-20260627-S002-P039,2026-06-27,S002,P039,23,14.0
INV-20260627-S002-P040,2026-06-27,S002,P040,141,62.0
INV-20260627-S002-P041,2026-06-27,S002,P041,180,45.0
INV-20260627-S002-P042,2026-06-27,S002,P042,98,88.0
INV-20260627-S002-P043,2026-06-27,S002,P043,370,86.0
INV-20260627-S002-P044,2026-06-27,S002,P044,73,40.0
INV-20260627-S002-P045,2026-06-27,S002,P045,495,100.0
INV-20260627-S002-P046,2026-06-27,S002,P046,114,37.0
INV-20260627-S002-P047,2026-06-27,S002,P047,85,59.0
INV-20260627-S002-P048,2026-06-27,S002,P048,61,34.0
INV-20260627-S002-P049,2026-06-27,S002,P049,145,98.0
INV-20260627-S002-P050,2026-06-27,S002,P050,123,26.0
INV-20260627-S003-P001,2026-06-27,S003,P001,278,57.0
INV-20260627-S003-P002,2026-06-27,S003,P002,130,41.0
INV-20260627-S003-P003,2026-06-27,S003,P003,92,24.0
INV-20260627-S003-P004,2026-06-27,S003,P004,99,20.0
INV-20260627-S003-P005,2026-06-27,S003,P005,119,66.0
INV-20260627-S003-P006,2026-06-27,S003,P006,102,26.0
INV-20260627-S003-P007,2026-06-27,S003,P007,296,97.0
INV-20260627-S003-P008,2026-06-27,S003,P008,154,65.0
INV-20260627-S003-P009,2026-06-27,S003,P009,83,43.0
INV-20260627-S003-P010,2026-06-27,S003,P010,225,66.0
INV-20260627-S003-P011,2026-06-27,S003,P011,250,12.0
INV-20260627-S003-P012,2026-06-27,S003,P012,268,101.0
INV-20260627-S003-P013,2026-06-27,S003,P013,190,56.0
INV-20260627-S003-P014,2026-06-27,S003,P014,406,84.0
INV-20260627-S003-P015,2026-06-27,S003,P015,54,18.0
INV-20260627-S003-P016,2026-06-27,S003,P016,64,56.0
INV-20260627-S003-P017,2026-06-27,S003,P017,244,56.0
INV-20260627-S003-P018,2026-06-27,S003,P018,454,99.0
INV-20260627-S003-P019,2026-06-27,S003,P019,229,64.0
INV-20260627-S003-P020,2026-06-27,S003,P020,274,55.0
INV-20260627-S003-P021,2026-06-27,S003,P021,88,35.0
INV-20260627-S003-P022,2026-06-27,S003,P022,110,41.0
INV-20260627-S003-P023,2026-06-27,S003,P023,109,59.0
INV-20260627-S003-P024,2026-06-27,S003,P024,121,51.0
INV-20260627-S003-P025,2026-06-27,S003,P025,225,12.0
INV-20260627-S003-P026,2026-06-27,S003,P026,149,88.0
INV-20260627-S003-P027,2026-06-27,S003,P027,155,95.0
INV-20260627-S003-P028,2026-06-27,S003,P028,48,23.0
INV-20260627-S003-P029,2026-06-27,S003,P029,129,62.0
INV-20260627-S003-P030,2026-06-27,S003,P030,90,20.0
INV-20260627-S003-P031,2026-06-27,S003,P031,296,74.0
INV-20260627-S003-P032,2026-06-27,S003,P032,123,37.0
INV-20260627-S003-P033,2026-06-27,S003,P033,333,72.0
INV-20260627-S003-P034,2026-06-27,S003,P034,183,79.0
INV-20260627-S003-P035,2026-06-27,S003,P035,395,83.0
INV-20260627-S003-P036,2026-06-27,S003,P036,30,20.0
INV-20260627-S003-P037,2026-06-27,S003,P037,385,97.0
INV-20260627-S003-P038,2026-06-27,S003,P038,52,32.0
INV-20260627-S003-P039,2026-06-27,S003,P039,248,14.0
INV-20260627-S003-P040,2026-06-27,S003,P040,126,62.0
INV-20260627-S003-P041,2026-06-27,S003,P041,132,45.0
INV-20260627-S003-P042,2026-06-27,S003,P042,130,88.0
INV-20260627-S003-P043,2026-06-27,S003,P043,179,86.0
INV-20260627-S003-P044,2026-06-27,S003,P044,52,40.0
INV-20260627-S003-P045,2026-06-27,S003,P045,315,100.0
INV-20260627-S003-P046,2026-06-27,S003,P046,139,37.0
INV-20260627-S003-P047,2026-06-27,S003,P047,244,59.0
INV-20260627-S003-P048,2026-06-27,S003,P048,136,34.0
INV-20260627-S003-P049,2026-06-27,S003,P049,182,98.0
INV-20260628-S001-P001,2026-06-28,S001,P001,271,57.0
INV-20260628-S001-P002,2026-06-28,S001,P002,95,41.0
INV-20260628-S001-P003,2026-06-28,S001,P003,88,24.0
INV-20260628-S001-P004,2026-06-28,S001,P004,82,20.0
INV-20260628-S001-P005,2026-06-28,S001,P005,158,66.0
INV-20260628-S001-P006,2026-06-28,S001,P006,214,26.0
INV-20260628-S001-P007,2026-06-28,S001,P007,213,97.0
INV-20260628-S001-P008,2026-06-28,S001,P008,151,65.0
INV-20260628-S001-P009,2026-06-28,S001,P009,130,43.0
INV-20260628-S001-P010,2026-06-28,S001,P010,70,66.0
INV-20260628-S001-P011,2026-06-28,S001,P011,257,12.0
INV-20260628-S001-P012,2026-06-28,S001,P012,410,101.0
INV-20260628-S001-P013,2026-06-28,S001,P013,140,56.0
INV-20260628-S001-P014,2026-06-28,S001,P014,118,84.0
INV-20260628-S001-P015,2026-06-28,S001,P015,44,18.0
INV-20260628-S001-P016,2026-06-28,S001,P016,83,56.0
INV-20260628-S001-P017,2026-06-28,S001,P017,281,56.0
INV-20260628-S001-P018,2026-06-28,S001,P018,237,99.0
INV-20260628-S001-P019,2026-06-28,S001,P019,92,64.0
INV-20260628-S001-P020,2026-06-28,S001,P020,118,55.0
INV-20260628-S001-P021,2026-06-28,S001,P021,49,35.0
INV-20260628-S001-P022,2026-06-28,S001,P022,142,41.0
INV-20260628-S001-P023,2026-06-28,S001,P023,245,59.0
INV-20260628-S001-P024,2026-06-28,S001,P024,229,51.0
INV-20260628-S001-P025,2026-06-28,S001,P025,292,12.0
INV-20260628-S001-P026,2026-06-28,S001,P026,109,88.0
INV-20260628-S001-P027,2026-06-28,S001,P027,381,95.0
INV-20260628-S001-P028,2026-06-28,S001,P028,143,23.0
INV-20260628-S001-P029,2026-06-28,S001,P029,237,62.0
INV-20260628-S001-P030,2026-06-28,S001,P030,97,20.0
INV-20260628-S001-P031,2026-06-28,S001,P031,86,74.0
INV-20260628-S001-P032,2026-06-28,S001,P032,95,37.0
INV-20260628-S001-P033,2026-06-28,S001,P033,115,72.0
INV-20260628-S001-P034,2026-06-28,S001,P034,176,79.0
INV-20260628-S001-P035,2026-06-28,S001,P035,94,83.0
INV-20260628-S001-P036,2026-06-28,S001,P036,42,20.0
INV-20260628-S001-P037,2026-06-28,S001,P037,149,97.0
INV-20260628-S001-P038,2026-06-28,S001,P038,122,32.0
INV-20260628-S001-P039,2026-06-28,S001,P039,263,14.0
INV-20260628-S001-P040,2026-06-28,S001,P040,159,62.0
INV-20260628-S001-P041,2026-06-28,S001,P041,168,45.0
INV-20260628-S001-P042,2026-06-28,S001,P042,173,88.0
INV-20260628-S001-P043,2026-06-28,S001,P043,227,86.0
INV-20260628-S001-P044,2026-06-28,S001,P044,142,40.0
INV-20260628-S001-P045,2026-06-28,S001,P045,319,100.0
INV-20260628-S001-P046,2026-06-28,S001,P046,67,37.0
INV-20260628-S001-P047,2026-06-28,S001,P047,104,59.0
INV-20260628-S001-P048,2026-06-28,S001,P048,169,34.0
INV-20260628-S001-P049,2026-06-28,S001,P049,190,98.0
INV-20260628-S001-P050,2026-06-28,S001,P050,87,26.0
INV-20260628-S002-P001,2026-06-28,S002,P001,132,57.0
INV-20260628-S002-P002,2026-06-28,S002,P002,97,41.0
INV-20260628-S002-P003,2026-06-28,S002,P003,65,24.0
INV-20260628-S002-P004,2026-06-28,S002,P004,394,20.0
INV-20260628-S002-P005,2026-06-28,S002,P005,196,66.0
INV-20260628-S002-P006,2026-06-28,S002,P006,120,26.0
INV-20260628-S002-P007,2026-06-28,S002,P007,227,97.0
INV-20260628-S002-P008,2026-06-28,S002,P008,249,65.0
INV-20260628-S002-P009,2026-06-28,S002,P009,163,43.0
INV-20260628-S002-P010,2026-06-28,S002,P010,229,66.0
INV-20260628-S002-P011,2026-06-28,S002,P011,13,12.0
INV-20260628-S002-P012,2026-06-28,S002,P012,437,101.0
INV-20260628-S002-P013,2026-06-28,S002,P013,64,56.0
INV-20260628-S002-P014,2026-06-28,S002,P014,401,84.0
INV-20260628-S002-P015,2026-06-28,S002,P015,83,18.0
INV-20260628-S002-P016,2026-06-28,S002,P016,218,56.0
INV-20260628-S002-P017,2026-06-28,S002,P017,95,56.0
INV-20260628-S002-P018,2026-06-28,S002,P018,381,99.0
INV-20260628-S002-P019,2026-06-28,S002,P019,314,64.0
INV-20260628-S002-P020,2026-06-28,S002,P020,165,55.0
INV-20260628-S002-P021,2026-06-28,S002,P021,58,35.0
INV-20260628-S002-P022,2026-06-28,S002,P022,92,41.0
INV-20260628-S002-P023,2026-06-28,S002,P023,287,59.0
INV-20260628-S002-P024,2026-06-28,S002,P024,208,51.0
INV-20260628-S002-P025,2026-06-28,S002,P025,111,12.0
INV-20260628-S002-P026,2026-06-28,S002,P026,335,88.0
INV-20260628-S002-P027,2026-06-28,S002,P027,236,95.0
INV-20260628-S002-P028,2026-06-28,S002,P028,137,23.0
INV-20260628-S002-P029,2026-06-28,S002,P029,267,62.0
INV-20260628-S002-P030,2026-06-28,S002,P030,127,20.0
INV-20260628-S002-P031,2026-06-28,S002,P031,340,74.0
INV-20260628-S002-P032,2026-06-28,S002,P032,171,37.0
INV-20260628-S002-P033,2026-06-28,S002,P033,244,72.0
INV-20260628-S002-P034,2026-06-28,S002,P034,348,79.0
INV-20260628-S002-P035,2026-06-28,S002,P035,114,83.0
INV-20260628-S002-P036,2026-06-28,S002,P036,87,20.0
INV-20260628-S002-P037,2026-06-28,S002,P037,155,97.0
INV-20260628-S002-P038,2026-06-28,S002,P038,64,32.0
INV-20260628-S002-P039,2026-06-28,S002,P039,22,14.0
INV-20260628-S002-P040,2026-06-28,S002,P040,128,62.0
INV-20260628-S002-P041,2026-06-28,S002,P041,168,45.0
INV-20260628-S002-P042,2026-06-28,S002,P042,430,88.0
INV-20260628-S002-P043,2026-06-28,S002,P043,355,86.0
INV-20260628-S002-P044,2026-06-28,S002,P044,63,40.0
INV-20260628-S002-P045,2026-06-28,S002,P045,478,100.0
INV-20260628-S002-P046,2026-06-28,S002,P046,106,37.0
INV-20260628-S002-P047,2026-06-28,S002,P047,69,59.0
INV-20260628-S002-P048,2026-06-28,S002,P048,54,34.0
INV-20260628-S002-P049,2026-06-28,S002,P049,128,98.0
INV-20260628-S002-P050,2026-06-28,S002,P050,117,26.0
INV-20260628-S003-P001,2026-06-28,S003,P001,270,57.0
INV-20260628-S003-P002,2026-06-28,S003,P002,128,41.0
INV-20260628-S003-P003,2026-06-28,S003,P003,89,24.0
INV-20260628-S003-P004,2026-06-28,S003,P004,96,20.0
INV-20260628-S003-P005,2026-06-28,S003,P005,110,66.0
INV-20260628-S003-P006,2026-06-28,S003,P006,100,26.0
INV-20260628-S003-P007,2026-06-28,S003,P007,281,97.0
INV-20260628-S003-P008,2026-06-28,S003,P008,144,65.0
INV-20260628-S003-P009,2026-06-28,S003,P009,79,43.0
INV-20260628-S003-P010,2026-06-28,S003,P010,210,66.0
INV-20260628-S003-P011,2026-06-28,S003,P011,249,12.0
INV-20260628-S003-P012,2026-06-28,S003,P012,253,101.0
INV-20260628-S003-P013,2026-06-28,S003,P013,183,56.0
INV-20260628-S003-P014,2026-06-28,S003,P014,392,84.0
INV-20260628-S003-P015,2026-06-28,S003,P015,52,18.0
INV-20260628-S003-P016,2026-06-28,S003,P016,57,56.0
INV-20260628-S003-P017,2026-06-28,S003,P017,239,56.0
INV-20260628-S003-P018,2026-06-28,S003,P018,441,99.0
INV-20260628-S003-P019,2026-06-28,S003,P019,217,64.0
INV-20260628-S003-P020,2026-06-28,S003,P020,264,55.0
INV-20260628-S003-P021,2026-06-28,S003,P021,79,35.0
INV-20260628-S003-P022,2026-06-28,S003,P022,106,41.0
INV-20260628-S003-P023,2026-06-28,S003,P023,96,59.0
INV-20260628-S003-P024,2026-06-28,S003,P024,113,51.0
INV-20260628-S003-P025,2026-06-28,S003,P025,225,12.0
INV-20260628-S003-P026,2026-06-28,S003,P026,138,88.0
INV-20260628-S003-P027,2026-06-28,S003,P027,136,95.0
INV-20260628-S003-P028,2026-06-28,S003,P028,43,23.0
INV-20260628-S003-P029,2026-06-28,S003,P029,120,62.0
INV-20260628-S003-P030,2026-06-28,S003,P030,88,20.0
INV-20260628-S003-P031,2026-06-28,S003,P031,293,74.0
INV-20260628-S003-P032,2026-06-28,S003,P032,118,37.0
INV-20260628-S003-P033,2026-06-28,S003,P033,322,72.0
INV-20260628-S003-P034,2026-06-28,S003,P034,168,79.0
INV-20260628-S003-P035,2026-06-28,S003,P035,378,83.0
INV-20260628-S003-P036,2026-06-28,S003,P036,26,20.0
INV-20260628-S003-P037,2026-06-28,S003,P037,371,97.0
INV-20260628-S003-P038,2026-06-28,S003,P038,48,32.0
INV-20260628-S003-P039,2026-06-28,S003,P039,245,14.0
INV-20260628-S003-P040,2026-06-28,S003,P040,115,62.0
INV-20260628-S003-P041,2026-06-28,S003,P041,125,45.0
INV-20260628-S003-P042,2026-06-28,S003,P042,120,88.0
INV-20260628-S003-P043,2026-06-28,S003,P043,166,86.0
INV-20260628-S003-P044,2026-06-28,S003,P044,43,40.0
INV-20260628-S003-P045,2026-06-28,S003,P045,298,100.0
INV-20260628-S003-P046,2026-06-28,S003,P046,132,37.0
INV-20260628-S003-P047,2026-06-28,S003,P047,238,59.0
INV-20260628-S003-P048,2026-06-28,S003,P048,131,34.0
INV-20260628-S003-P049,2026-06-28,S003,P049,167,98.0
INV-20260629-S001-P001,2026-06-29,S001,P001,261,57.0
INV-20260629-S001-P002,2026-06-29,S001,P002,89,41.0
INV-20260629-S001-P003,2026-06-29,S001,P003,85,24.0
INV-20260629-S001-P004,2026-06-29,S001,P004,82,20.0
INV-20260629-S001-P005,2026-06-29,S001,P005,142,66.0
INV-20260629-S001-P006,2026-06-29,S001,P006,209,26.0
INV-20260629-S001-P007,2026-06-29,S001,P007,198,97.0
INV-20260629-S001-P008,2026-06-29,S001,P008,144,65.0
INV-20260629-S001-P009,2026-06-29,S001,P009,120,43.0
INV-20260629-S001-P010,2026-06-29,S001,P010,324,66.0
INV-20260629-S001-P011,2026-06-29,S001,P011,254,12.0
INV-20260629-S001-P012,2026-06-29,S001,P012,395,101.0
INV-20260629-S001-P013,2026-06-29,S001,P013,133,56.0
INV-20260629-S001-P014,2026-06-29,S001,P014,108,84.0
INV-20260629-S001-P015,2026-06-29,S001,P015,43,18.0
INV-20260629-S001-P016,2026-06-29,S001,P016,80,56.0
INV-20260629-S001-P017,2026-06-29,S001,P017,271,56.0
INV-20260629-S001-P018,2026-06-29,S001,P018,218,99.0
INV-20260629-S001-P019,2026-06-29,S001,P019,81,64.0
INV-20260629-S001-P020,2026-06-29,S001,P020,114,55.0
INV-20260629-S001-P021,2026-06-29,S001,P021,40,35.0
INV-20260629-S001-P022,2026-06-29,S001,P022,137,41.0
INV-20260629-S001-P023,2026-06-29,S001,P023,231,59.0
INV-20260629-S001-P024,2026-06-29,S001,P024,224,51.0
INV-20260629-S001-P025,2026-06-29,S001,P025,288,12.0
INV-20260629-S001-P026,2026-06-29,S001,P026,97,88.0
INV-20260629-S001-P027,2026-06-29,S001,P027,367,95.0
INV-20260629-S001-P028,2026-06-29,S001,P028,141,23.0
INV-20260629-S001-P029,2026-06-29,S001,P029,228,62.0
INV-20260629-S001-P030,2026-06-29,S001,P030,95,20.0
INV-20260629-S001-P031,2026-06-29,S001,P031,364,74.0
INV-20260629-S001-P032,2026-06-29,S001,P032,91,37.0
INV-20260629-S001-P033,2026-06-29,S001,P033,104,72.0
INV-20260629-S001-P034,2026-06-29,S001,P034,164,79.0
INV-20260629-S001-P035,2026-06-29,S001,P035,411,83.0
INV-20260629-S001-P036,2026-06-29,S001,P036,40,20.0
INV-20260629-S001-P037,2026-06-29,S001,P037,128,97.0
INV-20260629-S001-P038,2026-06-29,S001,P038,116,32.0
INV-20260629-S001-P039,2026-06-29,S001,P039,259,14.0
INV-20260629-S001-P040,2026-06-29,S001,P040,146,62.0
INV-20260629-S001-P041,2026-06-29,S001,P041,159,45.0
INV-20260629-S001-P042,2026-06-29,S001,P042,160,88.0
INV-20260629-S001-P043,2026-06-29,S001,P043,206,86.0
INV-20260629-S001-P044,2026-06-29,S001,P044,136,40.0
INV-20260629-S001-P045,2026-06-29,S001,P045,300,100.0
INV-20260629-S001-P046,2026-06-29,S001,P046,58,37.0
INV-20260629-S001-P047,2026-06-29,S001,P047,96,59.0
INV-20260629-S001-P048,2026-06-29,S001,P048,169,34.0
INV-20260629-S001-P049,2026-06-29,S001,P049,177,98.0
INV-20260629-S001-P050,2026-06-29,S001,P050,83,26.0
INV-20260629-S002-P001,2026-06-29,S002,P001,118,57.0
INV-20260629-S002-P002,2026-06-29,S002,P002,90,41.0
INV-20260629-S002-P003,2026-06-29,S002,P003,60,24.0
INV-20260629-S002-P004,2026-06-29,S002,P004,393,20.0
INV-20260629-S002-P005,2026-06-29,S002,P005,187,66.0
INV-20260629-S002-P006,2026-06-29,S002,P006,114,26.0
INV-20260629-S002-P007,2026-06-29,S002,P007,227,97.0
INV-20260629-S002-P008,2026-06-29,S002,P008,241,65.0
INV-20260629-S002-P009,2026-06-29,S002,P009,157,43.0
INV-20260629-S002-P010,2026-06-29,S002,P010,216,66.0
INV-20260629-S002-P011,2026-06-29,S002,P011,59,12.0
INV-20260629-S002-P012,2026-06-29,S002,P012,418,101.0
INV-20260629-S002-P013,2026-06-29,S002,P013,277,56.0
INV-20260629-S002-P014,2026-06-29,S002,P014,379,84.0
INV-20260629-S002-P015,2026-06-29,S002,P015,81,18.0
INV-20260629-S002-P016,2026-06-29,S002,P016,208,56.0
INV-20260629-S002-P017,2026-06-29,S002,P017,84,56.0
INV-20260629-S002-P018,2026-06-29,S002,P018,359,99.0
INV-20260629-S002-P019,2026-06-29,S002,P019,305,64.0
INV-20260629-S002-P020,2026-06-29,S002,P020,156,55.0
INV-20260629-S002-P021,2026-06-29,S002,P021,55,35.0
INV-20260629-S002-P022,2026-06-29,S002,P022,82,41.0
INV-20260629-S002-P023,2026-06-29,S002,P023,276,59.0
INV-20260629-S002-P024,2026-06-29,S002,P024,200,51.0
INV-20260629-S002-P025,2026-06-29,S002,P025,110,12.0
INV-20260629-S002-P026,2026-06-29,S002,P026,317,88.0
INV-20260629-S002-P027,2026-06-29,S002,P027,217,95.0
INV-20260629-S002-P028,2026-06-29,S002,P028,134,23.0
INV-20260629-S002-P029,2026-06-29,S002,P029,255,62.0
INV-20260629-S002-P030,2026-06-29,S002,P030,124,20.0
INV-20260629-S002-P031,2026-06-29,S002,P031,332,74.0
INV-20260629-S002-P032,2026-06-29,S002,P032,161,37.0
INV-20260629-S002-P033,2026-06-29,S002,P033,230,72.0
INV-20260629-S002-P034,2026-06-29,S002,P034,329,79.0
INV-20260629-S002-P035,2026-06-29,S002,P035,96,83.0
INV-20260629-S002-P036,2026-06-29,S002,P036,84,20.0
INV-20260629-S002-P037,2026-06-29,S002,P037,132,97.0
INV-20260629-S002-P038,2026-06-29,S002,P038,59,32.0
INV-20260629-S002-P039,2026-06-29,S002,P039,22,14.0
INV-20260629-S002-P040,2026-06-29,S002,P040,122,62.0
INV-20260629-S002-P041,2026-06-29,S002,P041,157,45.0
INV-20260629-S002-P042,2026-06-29,S002,P042,419,88.0
INV-20260629-S002-P043,2026-06-29,S002,P043,340,86.0
INV-20260629-S002-P044,2026-06-29,S002,P044,61,40.0
INV-20260629-S002-P045,2026-06-29,S002,P045,451,100.0
INV-20260629-S002-P046,2026-06-29,S002,P046,101,37.0
INV-20260629-S002-P047,2026-06-29,S002,P047,60,59.0
INV-20260629-S002-P048,2026-06-29,S002,P048,52,34.0
INV-20260629-S002-P049,2026-06-29,S002,P049,117,98.0
INV-20260629-S002-P050,2026-06-29,S002,P050,112,26.0
INV-20260629-S003-P001,2026-06-29,S003,P001,266,57.0
INV-20260629-S003-P002,2026-06-29,S003,P002,124,41.0
INV-20260629-S003-P003,2026-06-29,S003,P003,85,24.0
INV-20260629-S003-P004,2026-06-29,S003,P004,94,20.0
INV-20260629-S003-P005,2026-06-29,S003,P005,106,66.0
INV-20260629-S003-P006,2026-06-29,S003,P006,96,26.0
INV-20260629-S003-P007,2026-06-29,S003,P007,262,97.0
INV-20260629-S003-P008,2026-06-29,S003,P008,141,65.0
INV-20260629-S003-P009,2026-06-29,S003,P009,75,43.0
INV-20260629-S003-P010,2026-06-29,S003,P010,200,66.0
INV-20260629-S003-P011,2026-06-29,S003,P011,244,12.0
INV-20260629-S003-P012,2026-06-29,S003,P012,246,101.0
INV-20260629-S003-P013,2026-06-29,S003,P013,177,56.0
INV-20260629-S003-P014,2026-06-29,S003,P014,380,84.0
INV-20260629-S003-P015,2026-06-29,S003,P015,51,18.0
INV-20260629-S003-P016,2026-06-29,S003,P016,276,56.0
INV-20260629-S003-P017,2026-06-29,S003,P017,232,56.0
INV-20260629-S003-P018,2026-06-29,S003,P018,424,99.0
INV-20260629-S003-P019,2026-06-29,S003,P019,212,64.0
INV-20260629-S003-P020,2026-06-29,S003,P020,255,55.0
INV-20260629-S003-P021,2026-06-29,S003,P021,76,35.0
INV-20260629-S003-P022,2026-06-29,S003,P022,99,41.0
INV-20260629-S003-P023,2026-06-29,S003,P023,89,59.0
INV-20260629-S003-P024,2026-06-29,S003,P024,108,51.0
INV-20260629-S003-P025,2026-06-29,S003,P025,224,12.0
INV-20260629-S003-P026,2026-06-29,S003,P026,128,88.0
INV-20260629-S003-P027,2026-06-29,S003,P027,123,95.0
INV-20260629-S003-P028,2026-06-29,S003,P028,41,23.0
INV-20260629-S003-P029,2026-06-29,S003,P029,114,62.0
INV-20260629-S003-P030,2026-06-29,S003,P030,88,20.0
INV-20260629-S003-P031,2026-06-29,S003,P031,277,74.0
INV-20260629-S003-P032,2026-06-29,S003,P032,109,37.0
INV-20260629-S003-P033,2026-06-29,S003,P033,317,72.0
INV-20260629-S003-P034,2026-06-29,S003,P034,153,79.0
INV-20260629-S003-P035,2026-06-29,S003,P035,357,83.0
INV-20260629-S003-P036,2026-06-29,S003,P036,24,20.0
INV-20260629-S003-P037,2026-06-29,S003,P037,359,97.0
INV-20260629-S003-P038,2026-06-29,S003,P038,43,32.0
INV-20260629-S003-P039,2026-06-29,S003,P039,243,14.0
INV-20260629-S003-P040,2026-06-29,S003,P040,110,62.0
INV-20260629-S003-P041,2026-06-29,S003,P041,119,45.0
INV-20260629-S003-P042,2026-06-29,S003,P042,110,88.0
INV-20260629-S003-P043,2026-06-29,S003,P043,154,86.0
INV-20260629-S003-P044,2026-06-29,S003,P044,194,40.0
INV-20260629-S003-P045,2026-06-29,S003,P045,286,100.0
INV-20260629-S003-P046,2026-06-29,S003,P046,126,37.0
INV-20260629-S003-P047,2026-06-29,S003,P047,227,59.0
INV-20260629-S003-P048,2026-06-29,S003,P048,120,34.0
INV-20260629-S003-P049,2026-06-29,S003,P049,157,98.0
INV-20260630-S001-P001,2026-06-30,S001,P001,253,57.0
INV-20260630-S001-P002,2026-06-30,S001,P002,85,41.0
INV-20260630-S001-P003,2026-06-30,S001,P003,84,24.0
INV-20260630-S001-P004,2026-06-30,S001,P004,79,20.0
INV-20260630-S001-P005,2026-06-30,S001,P005,132,66.0
INV-20260630-S001-P006,2026-06-30,S001,P006,202,26.0
INV-20260630-S001-P007,2026-06-30,S001,P007,182,97.0
INV-20260630-S001-P008,2026-06-30,S001,P008,134,65.0
INV-20260630-S001-P009,2026-06-30,S001,P009,115,43.0
INV-20260630-S001-P010,2026-06-30,S001,P010,316,66.0
INV-20260630-S001-P011,2026-06-30,S001,P011,253,12.0
INV-20260630-S001-P012,2026-06-30,S001,P012,388,101.0
INV-20260630-S001-P013,2026-06-30,S001,P013,123,56.0
INV-20260630-S001-P014,2026-06-30,S001,P014,99,84.0
INV-20260630-S001-P015,2026-06-30,S001,P015,37,18.0
INV-20260630-S001-P016,2026-06-30,S001,P016,71,56.0
INV-20260630-S001-P017,2026-06-30,S001,P017,261,56.0
INV-20260630-S001-P018,2026-06-30,S001,P018,200,99.0
INV-20260630-S001-P019,2026-06-30,S001,P019,69,64.0
INV-20260630-S001-P020,2026-06-30,S001,P020,110,55.0
INV-20260630-S001-P021,2026-06-30,S001,P021,177,35.0
INV-20260630-S001-P022,2026-06-30,S001,P022,133,41.0
INV-20260630-S001-P023,2026-06-30,S001,P023,222,59.0
INV-20260630-S001-P024,2026-06-30,S001,P024,216,51.0
INV-20260630-S001-P025,2026-06-30,S001,P025,286,12.0
INV-20260630-S001-P026,2026-06-30,S001,P026,90,88.0
INV-20260630-S001-P027,2026-06-30,S001,P027,363,95.0
INV-20260630-S001-P028,2026-06-30,S001,P028,138,23.0
INV-20260630-S001-P029,2026-06-30,S001,P029,217,62.0
INV-20260630-S001-P030,2026-06-30,S001,P030,92,20.0
INV-20260630-S001-P031,2026-06-30,S001,P031,357,74.0
INV-20260630-S001-P032,2026-06-30,S001,P032,84,37.0
INV-20260630-S001-P033,2026-06-30,S001,P033,93,72.0
INV-20260630-S001-P034,2026-06-30,S001,P034,151,79.0
INV-20260630-S001-P035,2026-06-30,S001,P035,398,83.0
INV-20260630-S001-P036,2026-06-30,S001,P036,37,20.0
INV-20260630-S001-P037,2026-06-30,S001,P037,112,97.0
INV-20260630-S001-P038,2026-06-30,S001,P038,114,32.0
INV-20260630-S001-P039,2026-06-30,S001,P039,258,14.0
INV-20260630-S001-P040,2026-06-30,S001,P040,135,62.0
INV-20260630-S001-P041,2026-06-30,S001,P041,152,45.0
INV-20260630-S001-P042,2026-06-30,S001,P042,152,88.0
INV-20260630-S001-P043,2026-06-30,S001,P043,193,86.0
INV-20260630-S001-P044,2026-06-30,S001,P044,131,40.0
INV-20260630-S001-P045,2026-06-30,S001,P045,286,100.0
INV-20260630-S001-P046,2026-06-30,S001,P046,54,37.0
INV-20260630-S001-P047,2026-06-30,S001,P047,87,59.0
INV-20260630-S001-P048,2026-06-30,S001,P048,160,34.0
INV-20260630-S001-P049,2026-06-30,S001,P049,164,98.0
INV-20260630-S001-P050,2026-06-30,S001,P050,80,26.0
INV-20260630-S002-P001,2026-06-30,S002,P001,103,57.0
INV-20260630-S002-P002,2026-06-30,S002,P002,81,41.0
INV-20260630-S002-P003,2026-06-30,S002,P003,58,24.0
INV-20260630-S002-P004,2026-06-30,S002,P004,393,20.0
INV-20260630-S002-P005,2026-06-30,S002,P005,175,66.0
INV-20260630-S002-P006,2026-06-30,S002,P006,111,26.0
INV-20260630-S002-P007,2026-06-30,S002,P007,227,97.0
INV-20260630-S002-P008,2026-06-30,S002,P008,226,65.0
INV-20260630-S002-P009,2026-06-30,S002,P009,149,43.0
INV-20260630-S002-P010,2026-06-30,S002,P010,201,66.0
INV-20260630-S002-P011,2026-06-30,S002,P011,57,12.0
INV-20260630-S002-P012,2026-06-30,S002,P012,402,101.0
INV-20260630-S002-P013,2026-06-30,S002,P013,270,56.0
INV-20260630-S002-P014,2026-06-30,S002,P014,366,84.0
INV-20260630-S002-P015,2026-06-30,S002,P015,78,18.0
INV-20260630-S002-P016,2026-06-30,S002,P016,200,56.0
INV-20260630-S002-P017,2026-06-30,S002,P017,73,56.0
INV-20260630-S002-P018,2026-06-30,S002,P018,337,99.0
INV-20260630-S002-P019,2026-06-30,S002,P019,291,64.0
INV-20260630-S002-P020,2026-06-30,S002,P020,145,55.0
INV-20260630-S002-P021,2026-06-30,S002,P021,51,35.0
INV-20260630-S002-P022,2026-06-30,S002,P022,75,41.0
INV-20260630-S002-P023,2026-06-30,S002,P023,268,59.0
INV-20260630-S002-P024,2026-06-30,S002,P024,190,51.0
INV-20260630-S002-P025,2026-06-30,S002,P025,108,12.0
INV-20260630-S002-P026,2026-06-30,S002,P026,303,88.0
INV-20260630-S002-P027,2026-06-30,S002,P027,200,95.0
INV-20260630-S002-P028,2026-06-30,S002,P028,131,23.0
INV-20260630-S002-P029,2026-06-30,S002,P029,246,62.0
INV-20260630-S002-P030,2026-06-30,S002,P030,119,20.0
INV-20260630-S002-P031,2026-06-30,S002,P031,313,74.0
INV-20260630-S002-P032,2026-06-30,S002,P032,152,37.0
INV-20260630-S002-P033,2026-06-30,S002,P033,213,72.0
INV-20260630-S002-P034,2026-06-30,S002,P034,320,79.0
INV-20260630-S002-P035,2026-06-30,S002,P035,84,83.0
INV-20260630-S002-P036,2026-06-30,S002,P036,76,20.0
INV-20260630-S002-P037,2026-06-30,S002,P037,116,97.0
INV-20260630-S002-P038,2026-06-30,S002,P038,57,32.0
INV-20260630-S002-P039,2026-06-30,S002,P039,16,14.0
INV-20260630-S002-P040,2026-06-30,S002,P040,116,62.0
INV-20260630-S002-P041,2026-06-30,S002,P041,149,45.0
INV-20260630-S002-P042,2026-06-30,S002,P042,398,88.0
INV-20260630-S002-P043,2026-06-30,S002,P043,331,86.0
INV-20260630-S002-P044,2026-06-30,S002,P044,55,40.0
INV-20260630-S002-P045,2026-06-30,S002,P045,436,100.0
INV-20260630-S002-P046,2026-06-30,S002,P046,96,37.0
INV-20260630-S002-P047,2026-06-30,S002,P047,284,59.0
INV-20260630-S002-P048,2026-06-30,S002,P048,45,34.0
INV-20260630-S002-P049,2026-06-30,S002,P049,101,98.0
INV-20260630-S002-P050,2026-06-30,S002,P050,110,26.0
INV-20260630-S003-P001,2026-06-30,S003,P001,255,57.0
INV-20260630-S003-P002,2026-06-30,S003,P002,121,41.0
INV-20260630-S003-P003,2026-06-30,S003,P003,82,24.0
INV-20260630-S003-P004,2026-06-30,S003,P004,94,20.0
INV-20260630-S003-P005,2026-06-30,S003,P005,103,66.0
INV-20260630-S003-P006,2026-06-30,S003,P006,92,26.0
INV-20260630-S003-P007,2026-06-30,S003,P007,257,97.0
INV-20260630-S003-P008,2026-06-30,S003,P008,127,65.0
INV-20260630-S003-P009,2026-06-30,S003,P009,71,43.0
INV-20260630-S003-P010,2026-06-30,S003,P010,191,66.0
INV-20260630-S003-P011,2026-06-30,S003,P011,243,12.0
INV-20260630-S003-P012,2026-06-30,S003,P012,228,101.0
INV-20260630-S003-P013,2026-06-30,S003,P013,170,56.0
INV-20260630-S003-P014,2026-06-30,S003,P014,370,84.0
INV-20260630-S003-P015,2026-06-30,S003,P015,50,18.0
INV-20260630-S003-P016,2026-06-30,S003,P016,268,56.0
INV-20260630-S003-P017,2026-06-30,S003,P017,226,56.0
INV-20260630-S003-P018,2026-06-30,S003,P018,410,99.0
INV-20260630-S003-P019,2026-06-30,S003,P019,207,64.0
INV-20260630-S003-P020,2026-06-30,S003,P020,244,55.0
INV-20260630-S003-P021,2026-06-30,S003,P021,71,35.0
INV-20260630-S003-P022,2026-06-30,S003,P022,96,41.0
INV-20260630-S003-P023,2026-06-30,S003,P023,83,59.0
INV-20260630-S003-P024,2026-06-30,S003,P024,102,51.0
INV-20260630-S003-P025,2026-06-30,S003,P025,223,12.0
INV-20260630-S003-P026,2026-06-30,S003,P026,116,88.0
INV-20260630-S003-P027,2026-06-30,S003,P027,107,95.0
INV-20260630-S003-P028,2026-06-30,S003,P028,39,23.0
INV-20260630-S003-P029,2026-06-30,S003,P029,107,62.0
INV-20260630-S003-P030,2026-06-30,S003,P030,85,20.0
INV-20260630-S003-P031,2026-06-30,S003,P031,270,74.0
INV-20260630-S003-P032,2026-06-30,S003,P032,105,37.0
INV-20260630-S003-P033,2026-06-30,S003,P033,311,72.0
INV-20260630-S003-P034,2026-06-30,S003,P034,145,79.0
INV-20260630-S003-P035,2026-06-30,S003,P035,341,83.0
INV-20260630-S003-P036,2026-06-30,S003,P036,21,20.0
INV-20260630-S003-P037,2026-06-30,S003,P037,348,97.0
INV-20260630-S003-P038,2026-06-30,S003,P038,39,32.0
INV-20260630-S003-P039,2026-06-30,S003,P039,243,14.0
INV-20260630-S003-P040,2026-06-30,S003,P040,100,62.0
INV-20260630-S003-P041,2026-06-30,S003,P041,112,45.0
INV-20260630-S003-P042,2026-06-30,S003,P042,102,88.0
INV-20260630-S003-P043,2026-06-30,S003,P043,135,86.0
INV-20260630-S003-P044,2026-06-30,S003,P044,187,40.0
INV-20260630-S003-P045,2026-06-30,S003,P045,274,100.0
INV-20260630-S003-P046,2026-06-30,S003,P046,124,37.0
INV-20260630-S003-P047,2026-06-30,S003,P047,221,59.0
INV-20260630-S003-P048,2026-06-30,S003,P048,112,34.0
INV-20260630-S003-P049,2026-06-30,S003,P049,142,98.0
INV-20260701-S001-P001,2026-07-01,S001,P001,243,57.0
INV-20260701-S001-P002,2026-07-01,S001,P002,80,41.0
INV-20260701-S001-P003,2026-07-01,S001,P003,80,24.0
INV-20260701-S001-P004,2026-07-01,S001,P004,79,20.0
INV-20260701-S001-P005,2026-07-01,S001,P005,123,66.0
INV-20260701-S001-P006,2026-07-01,S001,P006,199,26.0
INV-20260701-S001-P007,2026-07-01,S001,P007,168,97.0
INV-20260701-S001-P008,2026-07-01,S001,P008,130,65.0
INV-20260701-S001-P009,2026-07-01,S001,P009,111,43.0
INV-20260701-S001-P010,2026-07-01,S001,P010,310,66.0
INV-20260701-S001-P011,2026-07-01,S001,P011,252,12.0
INV-20260701-S001-P012,2026-07-01,S001,P012,379,101.0
INV-20260701-S001-P013,2026-07-01,S001,P013,116,56.0
INV-20260701-S001-P014,2026-07-01,S001,P014,421,84.0
INV-20260701-S001-P015,2026-07-01,S001,P015,32,18.0
INV-20260701-S001-P016,2026-07-01,S001,P016,65,56.0
INV-20260701-S001-P017,2026-07-01,S001,P017,257,56.0
INV-20260701-S001-P018,2026-07-01,S001,P018,187,99.0
INV-20260701-S001-P019,2026-07-01,S001,P019,321,64.0
INV-20260701-S001-P020,2026-07-01,S001,P020,98,55.0
INV-20260701-S001-P021,2026-07-01,S001,P021,168,35.0
INV-20260701-S001-P022,2026-07-01,S001,P022,127,41.0
INV-20260701-S001-P023,2026-07-01,S001,P023,219,59.0
INV-20260701-S001-P024,2026-07-01,S001,P024,206,51.0
INV-20260701-S001-P025,2026-07-01,S001,P025,282,12.0
INV-20260701-S001-P026,2026-07-01,S001,P026,428,88.0
INV-20260701-S001-P027,2026-07-01,S001,P027,355,95.0
INV-20260701-S001-P028,2026-07-01,S001,P028,138,23.0
INV-20260701-S001-P029,2026-07-01,S001,P029,211,62.0
INV-20260701-S001-P030,2026-07-01,S001,P030,91,20.0
INV-20260701-S001-P031,2026-07-01,S001,P031,344,74.0
INV-20260701-S001-P032,2026-07-01,S001,P032,78,37.0
INV-20260701-S001-P033,2026-07-01,S001,P033,84,72.0
INV-20260701-S001-P034,2026-07-01,S001,P034,140,79.0
INV-20260701-S001-P035,2026-07-01,S001,P035,393,83.0
INV-20260701-S001-P036,2026-07-01,S001,P036,36,20.0
INV-20260701-S001-P037,2026-07-01,S001,P037,102,97.0
INV-20260701-S001-P038,2026-07-01,S001,P038,110,32.0
INV-20260701-S001-P039,2026-07-01,S001,P039,257,14.0
INV-20260701-S001-P040,2026-07-01,S001,P040,126,62.0
INV-20260701-S001-P041,2026-07-01,S001,P041,145,45.0
INV-20260701-S001-P042,2026-07-01,S001,P042,136,88.0
INV-20260701-S001-P043,2026-07-01,S001,P043,181,86.0
INV-20260701-S001-P044,2026-07-01,S001,P044,127,40.0
INV-20260701-S001-P045,2026-07-01,S001,P045,269,100.0
INV-20260701-S001-P046,2026-07-01,S001,P046,46,37.0
INV-20260701-S001-P047,2026-07-01,S001,P047,73,59.0
INV-20260701-S001-P048,2026-07-01,S001,P048,153,34.0
INV-20260701-S001-P049,2026-07-01,S001,P049,155,98.0
INV-20260701-S001-P050,2026-07-01,S001,P050,73,26.0
INV-20260701-S002-P001,2026-07-01,S002,P001,97,57.0
INV-20260701-S002-P002,2026-07-01,S002,P002,77,41.0
INV-20260701-S002-P003,2026-07-01,S002,P003,55,24.0
INV-20260701-S002-P004,2026-07-01,S002,P004,393,20.0
INV-20260701-S002-P005,2026-07-01,S002,P005,166,66.0
INV-20260701-S002-P006,2026-07-01,S002,P006,108,26.0
INV-20260701-S002-P007,2026-07-01,S002,P007,227,97.0
INV-20260701-S002-P008,2026-07-01,S002,P008,218,65.0
INV-20260701-S002-P009,2026-07-01,S002,P009,145,43.0
INV-20260701-S002-P010,2026-07-01,S002,P010,191,66.0
INV-20260701-S002-P011,2026-07-01,S002,P011,56,12.0
INV-20260701-S002-P012,2026-07-01,S002,P012,384,101.0
INV-20260701-S002-P013,2026-07-01,S002,P013,260,56.0
INV-20260701-S002-P014,2026-07-01,S002,P014,357,84.0
INV-20260701-S002-P015,2026-07-01,S002,P015,74,18.0
INV-20260701-S002-P016,2026-07-01,S002,P016,192,56.0
INV-20260701-S002-P017,2026-07-01,S002,P017,59,56.0
INV-20260701-S002-P018,2026-07-01,S002,P018,322,99.0
INV-20260701-S002-P019,2026-07-01,S002,P019,280,64.0
INV-20260701-S002-P020,2026-07-01,S002,P020,139,55.0
INV-20260701-S002-P021,2026-07-01,S002,P021,46,35.0
INV-20260701-S002-P022,2026-07-01,S002,P022,70,41.0
INV-20260701-S002-P023,2026-07-01,S002,P023,254,59.0
INV-20260701-S002-P024,2026-07-01,S002,P024,179,51.0
INV-20260701-S002-P025,2026-07-01,S002,P025,106,12.0
INV-20260701-S002-P026,2026-07-01,S002,P026,292,88.0
INV-20260701-S002-P027,2026-07-01,S002,P027,184,95.0
INV-20260701-S002-P028,2026-07-01,S002,P028,128,23.0
INV-20260701-S002-P029,2026-07-01,S002,P029,236,62.0
INV-20260701-S002-P030,2026-07-01,S002,P030,118,20.0
INV-20260701-S002-P031,2026-07-01,S002,P031,294,74.0
INV-20260701-S002-P032,2026-07-01,S002,P032,150,37.0
INV-20260701-S002-P033,2026-07-01,S002,P033,201,72.0
INV-20260701-S002-P034,2026-07-01,S002,P034,309,79.0
INV-20260701-S002-P035,2026-07-01,S002,P035,399,83.0
INV-20260701-S002-P036,2026-07-01,S002,P036,70,20.0
INV-20260701-S002-P037,2026-07-01,S002,P037,104,97.0
INV-20260701-S002-P038,2026-07-01,S002,P038,50,32.0
INV-20260701-S002-P039,2026-07-01,S002,P039,70,14.0
INV-20260701-S002-P040,2026-07-01,S002,P040,110,62.0
INV-20260701-S002-P041,2026-07-01,S002,P041,141,45.0
INV-20260701-S002-P042,2026-07-01,S002,P042,380,88.0
INV-20260701-S002-P043,2026-07-01,S002,P043,320,86.0
INV-20260701-S002-P044,2026-07-01,S002,P044,50,40.0
INV-20260701-S002-P045,2026-07-01,S002,P045,420,100.0
INV-20260701-S002-P046,2026-07-01,S002,P046,93,37.0
INV-20260701-S002-P047,2026-07-01,S002,P047,270,59.0
INV-20260701-S002-P048,2026-07-01,S002,P048,42,34.0
INV-20260701-S002-P049,2026-07-01,S002,P049,478,98.0
INV-20260701-S002-P050,2026-07-01,S002,P050,108,26.0
INV-20260701-S003-P001,2026-07-01,S003,P001,248,57.0
INV-20260701-S003-P002,2026-07-01,S003,P002,111,41.0
INV-20260701-S003-P003,2026-07-01,S003,P003,80,24.0
INV-20260701-S003-P004,2026-07-01,S003,P004,91,20.0
INV-20260701-S003-P005,2026-07-01,S003,P005,100,66.0
INV-20260701-S003-P006,2026-07-01,S003,P006,92,26.0
INV-20260701-S003-P007,2026-07-01,S003,P007,248,97.0
INV-20260701-S003-P008,2026-07-01,S003,P008,117,65.0
INV-20260701-S003-P009,2026-07-01,S003,P009,67,43.0
INV-20260701-S003-P010,2026-07-01,S003,P010,182,66.0
INV-20260701-S003-P011,2026-07-01,S003,P011,241,12.0
INV-20260701-S003-P012,2026-07-01,S003,P012,213,101.0
INV-20260701-S003-P013,2026-07-01,S003,P013,163,56.0
INV-20260701-S003-P014,2026-07-01,S003,P014,361,84.0
INV-20260701-S003-P015,2026-07-01,S003,P015,47,18.0
INV-20260701-S003-P016,2026-07-01,S003,P016,262,56.0
INV-20260701-S003-P017,2026-07-01,S003,P017,220,56.0
INV-20260701-S003-P018,2026-07-01,S003,P018,402,99.0
INV-20260701-S003-P019,2026-07-01,S003,P019,202,64.0
INV-20260701-S003-P020,2026-07-01,S003,P020,242,55.0
INV-20260701-S003-P021,2026-07-01,S003,P021,69,35.0
INV-20260701-S003-P022,2026-07-01,S003,P022,93,41.0
INV-20260701-S003-P023,2026-07-01,S003,P023,76,59.0
INV-20260701-S003-P024,2026-07-01,S003,P024,94,51.0
INV-20260701-S003-P025,2026-07-01,S003,P025,223,12.0
INV-20260701-S003-P026,2026-07-01,S003,P026,107,88.0
INV-20260701-S003-P027,2026-07-01,S003,P027,99,95.0
INV-20260701-S003-P028,2026-07-01,S003,P028,35,23.0
INV-20260701-S003-P029,2026-07-01,S003,P029,95,62.0
INV-20260701-S003-P030,2026-07-01,S003,P030,82,20.0
INV-20260701-S003-P031,2026-07-01,S003,P031,263,74.0
INV-20260701-S003-P032,2026-07-01,S003,P032,99,37.0
INV-20260701-S003-P033,2026-07-01,S003,P033,303,72.0
INV-20260701-S003-P034,2026-07-01,S003,P034,141,79.0
INV-20260701-S003-P035,2026-07-01,S003,P035,330,83.0
INV-20260701-S003-P036,2026-07-01,S003,P036,100,20.0
INV-20260701-S003-P037,2026-07-01,S003,P037,339,97.0
INV-20260701-S003-P038,2026-07-01,S003,P038,36,32.0
INV-20260701-S003-P039,2026-07-01,S003,P039,242,14.0
INV-20260701-S003-P040,2026-07-01,S003,P040,91,62.0
INV-20260701-S003-P041,2026-07-01,S003,P041,110,45.0
INV-20260701-S003-P042,2026-07-01,S003,P042,95,88.0
INV-20260701-S003-P043,2026-07-01,S003,P043,128,86.0
INV-20260701-S003-P044,2026-07-01,S003,P044,182,40.0
INV-20260701-S003-P045,2026-07-01,S003,P045,263,100.0
INV-20260701-S003-P046,2026-07-01,S003,P046,123,37.0
INV-20260701-S003-P047,2026-07-01,S003,P047,216,59.0
INV-20260701-S003-P048,2026-07-01,S003,P048,109,34.0
INV-20260701-S003-P049,2026-07-01,S003,P049,138,98.0
INV-20260702-S001-P001,2026-07-02,S001,P001,239,57.0
INV-20260702-S001-P002,2026-07-02,S001,P002,75,41.0
INV-20260702-S001-P003,2026-07-02,S001,P003,77,24.0
INV-20260702-S001-P004,2026-07-02,S001,P004,77,20.0
INV-20260702-S001-P005,2026-07-02,S001,P005,107,66.0
INV-20260702-S001-P006,2026-07-02,S001,P006,197,26.0
INV-20260702-S001-P007,2026-07-02,S001,P007,155,97.0
INV-20260702-S001-P008,2026-07-02,S001,P008,121,65.0
INV-20260702-S001-P009,2026-07-02,S001,P009,106,43.0
INV-20260702-S001-P010,2026-07-02,S001,P010,304,66.0
INV-20260702-S001-P011,2026-07-02,S001,P011,251,12.0
INV-20260702-S001-P012,2026-07-02,S001,P012,368,101.0
INV-20260702-S001-P013,2026-07-02,S001,P013,111,56.0
INV-20260702-S001-P014,2026-07-02,S001,P014,411,84.0
INV-20260702-S001-P015,2026-07-02,S001,P015,31,18.0
INV-20260702-S001-P016,2026-07-02,S001,P016,281,56.0
INV-20260702-S001-P017,2026-07-02,S001,P017,251,56.0
INV-20260702-S001-P018,2026-07-02,S001,P018,171,99.0
INV-20260702-S001-P019,2026-07-02,S001,P019,309,64.0
INV-20260702-S001-P020,2026-07-02,S001,P020,89,55.0
INV-20260702-S001-P021,2026-07-02,S001,P021,168,35.0
INV-20260702-S001-P022,2026-07-02,S001,P022,117,41.0
INV-20260702-S001-P023,2026-07-02,S001,P023,212,59.0
INV-20260702-S001-P024,2026-07-02,S001,P024,196,51.0
INV-20260702-S001-P025,2026-07-02,S001,P025,280,12.0
INV-20260702-S001-P026,2026-07-02,S001,P026,417,88.0
INV-20260702-S001-P027,2026-07-02,S001,P027,336,95.0
INV-20260702-S001-P028,2026-07-02,S001,P028,136,23.0
INV-20260702-S001-P029,2026-07-02,S001,P029,196,62.0
INV-20260702-S001-P030,2026-07-02,S001,P030,90,20.0
INV-20260702-S001-P031,2026-07-02,S001,P031,339,74.0
INV-20260702-S001-P032,2026-07-02,S001,P032,73,37.0
INV-20260702-S001-P033,2026-07-02,S001,P033,81,72.0
INV-20260702-S001-P034,2026-07-02,S001,P034,126,79.0
INV-20260702-S001-P035,2026-07-02,S001,P035,381,83.0
INV-20260702-S001-P036,2026-07-02,S001,P036,36,20.0
INV-20260702-S001-P037,2026-07-02,S001,P037,481,97.0
INV-20260702-S001-P038,2026-07-02,S001,P038,108,32.0
INV-20260702-S001-P039,2026-07-02,S001,P039,253,14.0
INV-20260702-S001-P040,2026-07-02,S001,P040,122,62.0
INV-20260702-S001-P041,2026-07-02,S001,P041,141,45.0
INV-20260702-S001-P042,2026-07-02,S001,P042,126,88.0
INV-20260702-S001-P043,2026-07-02,S001,P043,163,86.0
INV-20260702-S001-P044,2026-07-02,S001,P044,123,40.0
INV-20260702-S001-P045,2026-07-02,S001,P045,255,100.0
INV-20260702-S001-P046,2026-07-02,S001,P046,41,37.0
INV-20260702-S001-P047,2026-07-02,S001,P047,64,59.0
INV-20260702-S001-P048,2026-07-02,S001,P048,147,34.0
INV-20260702-S001-P049,2026-07-02,S001,P049,141,98.0
INV-20260702-S001-P050,2026-07-02,S001,P050,72,26.0
INV-20260702-S002-P001,2026-07-02,S002,P001,89,57.0
INV-20260702-S002-P002,2026-07-02,S002,P002,71,41.0
INV-20260702-S002-P003,2026-07-02,S002,P003,52,24.0
INV-20260702-S002-P004,2026-07-02,S002,P004,393,20.0
INV-20260702-S002-P005,2026-07-02,S002,P005,154,66.0
INV-20260702-S002-P006,2026-07-02,S002,P006,99,26.0
INV-20260702-S002-P007,2026-07-02,S002,P007,227,97.0
INV-20260702-S002-P008,2026-07-02,S002,P008,210,65.0
INV-20260702-S002-P009,2026-07-02,S002,P009,137,43.0
INV-20260702-S002-P010,2026-07-02,S002,P010,180,66.0
INV-20260702-S002-P011,2026-07-02,S002,P011,55,12.0
INV-20260702-S002-P012,2026-07-02,S002,P012,362,101.0
INV-20260702-S002-P013,2026-07-02,S002,P013,251,56.0
INV-20260702-S002-P014,2026-07-02,S002,P014,347,84.0
INV-20260702-S002-P015,2026-07-02,S002,P015,72,18.0
INV-20260702-S002-P016,2026-07-02,S002,P016,183,56.0
INV-20260702-S002-P017,2026-07-02,S002,P017,278,56.0
INV-20260702-S002-P018,2026-07-02,S002,P018,303,99.0
INV-20260702-S002-P019,2026-07-02,S002,P019,261,64.0
INV-20260702-S002-P020,2026-07-02,S002,P020,129,55.0
INV-20260702-S002-P021,2026-07-02,S002,P021,39,35.0
INV-20260702-S002-P022,2026-07-02,S002,P022,61,41.0
INV-20260702-S002-P023,2026-07-02,S002,P023,245,59.0
INV-20260702-S002-P024,2026-07-02,S002,P024,172,51.0
INV-20260702-S002-P025,2026-07-02,S002,P025,104,12.0
INV-20260702-S002-P026,2026-07-02,S002,P026,281,88.0
INV-20260702-S002-P027,2026-07-02,S002,P027,173,95.0
INV-20260702-S002-P028,2026-07-02,S002,P028,126,23.0
INV-20260702-S002-P029,2026-07-02,S002,P029,228,62.0
INV-20260702-S002-P030,2026-07-02,S002,P030,111,20.0
INV-20260702-S002-P031,2026-07-02,S002,P031,279,74.0
INV-20260702-S002-P032,2026-07-02,S002,P032,144,37.0
INV-20260702-S002-P033,2026-07-02,S002,P033,188,72.0
INV-20260702-S002-P034,2026-07-02,S002,P034,295,79.0
INV-20260702-S002-P035,2026-07-02,S002,P035,383,83.0
INV-20260702-S002-P036,2026-07-02,S002,P036,66,20.0
INV-20260702-S002-P037,2026-07-02,S002,P037,477,97.0
INV-20260702-S002-P038,2026-07-02,S002,P038,43,32.0
INV-20260702-S002-P039,2026-07-02,S002,P039,68,14.0
INV-20260702-S002-P040,2026-07-02,S002,P040,98,62.0
INV-20260702-S002-P041,2026-07-02,S002,P041,135,45.0
INV-20260702-S002-P042,2026-07-02,S002,P042,365,88.0
INV-20260702-S002-P043,2026-07-02,S002,P043,308,86.0
INV-20260702-S002-P044,2026-07-02,S002,P044,200,40.0
INV-20260702-S002-P045,2026-07-02,S002,P045,402,100.0
INV-20260702-S002-P046,2026-07-02,S002,P046,90,37.0
INV-20260702-S002-P047,2026-07-02,S002,P047,257,59.0
INV-20260702-S002-P048,2026-07-02,S002,P048,40,34.0
INV-20260702-S002-P049,2026-07-02,S002,P049,468,98.0
INV-20260702-S002-P050,2026-07-02,S002,P050,104,26.0
INV-20260702-S003-P001,2026-07-02,S003,P001,242,57.0
INV-20260702-S003-P002,2026-07-02,S003,P002,107,41.0
INV-20260702-S003-P003,2026-07-02,S003,P003,80,24.0
INV-20260702-S003-P004,2026-07-02,S003,P004,88,20.0
INV-20260702-S003-P005,2026-07-02,S003,P005,92,66.0
INV-20260702-S003-P006,2026-07-02,S003,P006,91,26.0
INV-20260702-S003-P007,2026-07-02,S003,P007,232,97.0
INV-20260702-S003-P008,2026-07-02,S003,P008,115,65.0
INV-20260702-S003-P009,2026-07-02,S003,P009,66,43.0
INV-20260702-S003-P010,2026-07-02,S003,P010,175,66.0
INV-20260702-S003-P011,2026-07-02,S003,P011,239,12.0
INV-20260702-S003-P012,2026-07-02,S003,P012,198,101.0
INV-20260702-S003-P013,2026-07-02,S003,P013,155,56.0
INV-20260702-S003-P014,2026-07-02,S003,P014,357,84.0
INV-20260702-S003-P015,2026-07-02,S003,P015,45,18.0
INV-20260702-S003-P016,2026-07-02,S003,P016,257,56.0
INV-20260702-S003-P017,2026-07-02,S003,P017,214,56.0
INV-20260702-S003-P018,2026-07-02,S003,P018,398,99.0
INV-20260702-S003-P019,2026-07-02,S003,P019,192,64.0
INV-20260702-S003-P020,2026-07-02,S003,P020,236,55.0
INV-20260702-S003-P021,2026-07-02,S003,P021,64,35.0
INV-20260702-S003-P022,2026-07-02,S003,P022,91,41.0
INV-20260702-S003-P023,2026-07-02,S003,P023,72,59.0
INV-20260702-S003-P024,2026-07-02,S003,P024,89,51.0
INV-20260702-S003-P025,2026-07-02,S003,P025,222,12.0
INV-20260702-S003-P026,2026-07-02,S003,P026,93,88.0
INV-20260702-S003-P027,2026-07-02,S003,P027,467,95.0
INV-20260702-S003-P028,2026-07-02,S003,P028,30,23.0
INV-20260702-S003-P029,2026-07-02,S003,P029,86,62.0
INV-20260702-S003-P030,2026-07-02,S003,P030,81,20.0
INV-20260702-S003-P031,2026-07-02,S003,P031,259,74.0
INV-20260702-S003-P032,2026-07-02,S003,P032,92,37.0
INV-20260702-S003-P033,2026-07-02,S003,P033,294,72.0
INV-20260702-S003-P034,2026-07-02,S003,P034,133,79.0
INV-20260702-S003-P035,2026-07-02,S003,P035,322,83.0
INV-20260702-S003-P036,2026-07-02,S003,P036,100,20.0
INV-20260702-S003-P037,2026-07-02,S003,P037,325,97.0
INV-20260702-S003-P038,2026-07-02,S003,P038,161,32.0
INV-20260702-S003-P039,2026-07-02,S003,P039,241,14.0
INV-20260702-S003-P040,2026-07-02,S003,P040,84,62.0
INV-20260702-S003-P041,2026-07-02,S003,P041,107,45.0
INV-20260702-S003-P042,2026-07-02,S003,P042,443,88.0
INV-20260702-S003-P043,2026-07-02,S003,P043,115,86.0
INV-20260702-S003-P044,2026-07-02,S003,P044,177,40.0
INV-20260702-S003-P045,2026-07-02,S003,P045,251,100.0
INV-20260702-S003-P046,2026-07-02,S003,P046,119,37.0
INV-20260702-S003-P047,2026-07-02,S003,P047,209,59.0
INV-20260702-S003-P048,2026-07-02,S003,P048,105,34.0
INV-20260702-S003-P049,2026-07-02,S003,P049,121,98.0
INV-20260703-S001-P001,2026-07-03,S001,P001,230,57.0
INV-20260703-S001-P002,2026-07-03,S001,P002,70,41.0
INV-20260703-S001-P003,2026-07-03,S001,P003,75,24.0
INV-20260703-S001-P004,2026-07-03,S001,P004,74,20.0
INV-20260703-S001-P005,2026-07-03,S001,P005,98,66.0
INV-20260703-S001-P006,2026-07-03,S001,P006,191,26.0
INV-20260703-S001-P007,2026-07-03,S001,P007,131,97.0
INV-20260703-S001-P008,2026-07-03,S001,P008,111,65.0
INV-20260703-S001-P009,2026-07-03,S001,P009,99,43.0
INV-20260703-S001-P010,2026-07-03,S001,P010,295,66.0
INV-20260703-S001-P011,2026-07-03,S001,P011,250,12.0
INV-20260703-S001-P012,2026-07-03,S001,P012,353,101.0
INV-20260703-S001-P013,2026-07-03,S001,P013,100,56.0
INV-20260703-S001-P014,2026-07-03,S001,P014,395,84.0
INV-20260703-S001-P015,2026-07-03,S001,P015,28,18.0
INV-20260703-S001-P016,2026-07-03,S001,P016,276,56.0
INV-20260703-S001-P017,2026-07-03,S001,P017,245,56.0
INV-20260703-S001-P018,2026-07-03,S001,P018,157,99.0
INV-20260703-S001-P019,2026-07-03,S001,P019,300,64.0
INV-20260703-S001-P020,2026-07-03,S001,P020,78,55.0
INV-20260703-S001-P021,2026-07-03,S001,P021,164,35.0
INV-20260703-S001-P022,2026-07-03,S001,P022,110,41.0
INV-20260703-S001-P023,2026-07-03,S001,P023,203,59.0
INV-20260703-S001-P024,2026-07-03,S001,P024,187,51.0
INV-20260703-S001-P025,2026-07-03,S001,P025,279,12.0
INV-20260703-S001-P026,2026-07-03,S001,P026,409,88.0
INV-20260703-S001-P027,2026-07-03,S001,P027,321,95.0
INV-20260703-S001-P028,2026-07-03,S001,P028,135,23.0
INV-20260703-S001-P029,2026-07-03,S001,P029,188,62.0
INV-20260703-S001-P030,2026-07-03,S001,P030,87,20.0
INV-20260703-S001-P031,2026-07-03,S001,P031,334,74.0
INV-20260703-S001-P032,2026-07-03,S001,P032,70,37.0
INV-20260703-S001-P033,2026-07-03,S001,P033,73,72.0
INV-20260703-S001-P034,2026-07-03,S001,P034,113,79.0
INV-20260703-S001-P035,2026-07-03,S001,P035,365,83.0
INV-20260703-S001-P036,2026-07-03,S001,P036,33,20.0
INV-20260703-S001-P037,2026-07-03,S001,P037,464,97.0
INV-20260703-S001-P038,2026-07-03,S001,P038,105,32.0
INV-20260703-S001-P039,2026-07-03,S001,P039,252,14.0
INV-20260703-S001-P040,2026-07-03,S001,P040,115,62.0
INV-20260703-S001-P041,2026-07-03,S001,P041,137,45.0
INV-20260703-S001-P042,2026-07-03,S001,P042,107,88.0
INV-20260703-S001-P043,2026-07-03,S001,P043,150,86.0
INV-20260703-S001-P044,2026-07-03,S001,P044,115,40.0
INV-20260703-S001-P045,2026-07-03,S001,P045,240,100.0
INV-20260703-S001-P046,2026-07-03,S001,P046,39,37.0
INV-20260703-S001-P047,2026-07-03,S001,P047,288,59.0
INV-20260703-S001-P048,2026-07-03,S001,P048,141,34.0
INV-20260703-S001-P049,2026-07-03,S001,P049,125,98.0
INV-20260703-S001-P050,2026-07-03,S001,P050,64,26.0
INV-20260703-S002-P001,2026-07-03,S002,P001,77,57.0
INV-20260703-S002-P002,2026-07-03,S002,P002,68,41.0
INV-20260703-S002-P003,2026-07-03,S002,P003,45,24.0
INV-20260703-S002-P004,2026-07-03,S002,P004,393,20.0
INV-20260703-S002-P005,2026-07-03,S002,P005,139,66.0
INV-20260703-S002-P006,2026-07-03,S002,P006,93,26.0
INV-20260703-S002-P007,2026-07-03,S002,P007,227,97.0
INV-20260703-S002-P008,2026-07-03,S002,P008,194,65.0
INV-20260703-S002-P009,2026-07-03,S002,P009,128,43.0
INV-20260703-S002-P010,2026-07-03,S002,P010,164,66.0
INV-20260703-S002-P011,2026-07-03,S002,P011,50,12.0
INV-20260703-S002-P012,2026-07-03,S002,P012,343,101.0
INV-20260703-S002-P013,2026-07-03,S002,P013,240,56.0
INV-20260703-S002-P014,2026-07-03,S002,P014,336,84.0
INV-20260703-S002-P015,2026-07-03,S002,P015,64,18.0
INV-20260703-S002-P016,2026-07-03,S002,P016,175,56.0
INV-20260703-S002-P017,2026-07-03,S002,P017,270,56.0
INV-20260703-S002-P018,2026-07-03,S002,P018,280,99.0
INV-20260703-S002-P019,2026-07-03,S002,P019,254,64.0
INV-20260703-S002-P020,2026-07-03,S002,P020,121,55.0
INV-20260703-S002-P021,2026-07-03,S002,P021,176,35.0
INV-20260703-S002-P022,2026-07-03,S002,P022,47,41.0
INV-20260703-S002-P023,2026-07-03,S002,P023,235,59.0
INV-20260703-S002-P024,2026-07-03,S002,P024,161,51.0
INV-20260703-S002-P025,2026-07-03,S002,P025,104,12.0
INV-20260703-S002-P026,2026-07-03,S002,P026,266,88.0
INV-20260703-S002-P027,2026-07-03,S002,P027,161,95.0
INV-20260703-S002-P028,2026-07-03,S002,P028,122,23.0
INV-20260703-S002-P029,2026-07-03,S002,P029,211,62.0
INV-20260703-S002-P030,2026-07-03,S002,P030,107,20.0
INV-20260703-S002-P031,2026-07-03,S002,P031,258,74.0
INV-20260703-S002-P032,2026-07-03,S002,P032,134,37.0
INV-20260703-S002-P033,2026-07-03,S002,P033,179,72.0
INV-20260703-S002-P034,2026-07-03,S002,P034,285,79.0
INV-20260703-S002-P035,2026-07-03,S002,P035,361,83.0
INV-20260703-S002-P036,2026-07-03,S002,P036,64,20.0
INV-20260703-S002-P037,2026-07-03,S002,P037,463,97.0
INV-20260703-S002-P038,2026-07-03,S002,P038,41,32.0
INV-20260703-S002-P039,2026-07-03,S002,P039,66,14.0
INV-20260703-S002-P040,2026-07-03,S002,P040,84,62.0
INV-20260703-S002-P041,2026-07-03,S002,P041,126,45.0
INV-20260703-S002-P042,2026-07-03,S002,P042,344,88.0
INV-20260703-S002-P043,2026-07-03,S002,P043,285,86.0
INV-20260703-S002-P044,2026-07-03,S002,P044,195,40.0
INV-20260703-S002-P045,2026-07-03,S002,P045,382,100.0
INV-20260703-S002-P046,2026-07-03,S002,P046,83,37.0
INV-20260703-S002-P047,2026-07-03,S002,P047,251,59.0
INV-20260703-S002-P048,2026-07-03,S002,P048,35,34.0
INV-20260703-S002-P049,2026-07-03,S002,P049,453,98.0
INV-20260703-S002-P050,2026-07-03,S002,P050,100,26.0
INV-20260703-S003-P001,2026-07-03,S003,P001,237,57.0
INV-20260703-S003-P002,2026-07-03,S003,P002,102,41.0
INV-20260703-S003-P003,2026-07-03,S003,P003,74,24.0
INV-20260703-S003-P004,2026-07-03,S003,P004,87,20.0
INV-20260703-S003-P005,2026-07-03,S003,P005,86,66.0
INV-20260703-S003-P006,2026-07-03,S003,P006,90,26.0
INV-20260703-S003-P007,2026-07-03,S003,P007,219,97.0
INV-20260703-S003-P008,2026-07-03,S003,P008,109,65.0
INV-20260703-S003-P009,2026-07-03,S003,P009,60,43.0
INV-20260703-S003-P010,2026-07-03,S003,P010,166,66.0
INV-20260703-S003-P011,2026-07-03,S003,P011,238,12.0
INV-20260703-S003-P012,2026-07-03,S003,P012,184,101.0
INV-20260703-S003-P013,2026-07-03,S003,P013,147,56.0
INV-20260703-S003-P014,2026-07-03,S003,P014,343,84.0
INV-20260703-S003-P015,2026-07-03,S003,P015,44,18.0
INV-20260703-S003-P016,2026-07-03,S003,P016,251,56.0
INV-20260703-S003-P017,2026-07-03,S003,P017,206,56.0
INV-20260703-S003-P018,2026-07-03,S003,P018,388,99.0
INV-20260703-S003-P019,2026-07-03,S003,P019,186,64.0
INV-20260703-S003-P020,2026-07-03,S003,P020,230,55.0
INV-20260703-S003-P021,2026-07-03,S003,P021,60,35.0
INV-20260703-S003-P022,2026-07-03,S003,P022,86,41.0
INV-20260703-S003-P023,2026-07-03,S003,P023,64,59.0
INV-20260703-S003-P024,2026-07-03,S003,P024,79,51.0
INV-20260703-S003-P025,2026-07-03,S003,P025,222,12.0
INV-20260703-S003-P026,2026-07-03,S003,P026,440,88.0
INV-20260703-S003-P027,2026-07-03,S003,P027,454,95.0
INV-20260703-S003-P028,2026-07-03,S003,P028,27,23.0
INV-20260703-S003-P029,2026-07-03,S003,P029,78,62.0
INV-20260703-S003-P030,2026-07-03,S003,P030,78,20.0
INV-20260703-S003-P031,2026-07-03,S003,P031,244,74.0
INV-20260703-S003-P032,2026-07-03,S003,P032,87,37.0
INV-20260703-S003-P033,2026-07-03,S003,P033,282,72.0
INV-20260703-S003-P034,2026-07-03,S003,P034,124,79.0
INV-20260703-S003-P035,2026-07-03,S003,P035,312,83.0
INV-20260703-S003-P036,2026-07-03,S003,P036,98,20.0
INV-20260703-S003-P037,2026-07-03,S003,P037,312,97.0
INV-20260703-S003-P038,2026-07-03,S003,P038,157,32.0
INV-20260703-S003-P039,2026-07-03,S003,P039,241,14.0
INV-20260703-S003-P040,2026-07-03,S003,P040,74,62.0
INV-20260703-S003-P041,2026-07-03,S003,P041,99,45.0
INV-20260703-S003-P042,2026-07-03,S003,P042,434,88.0
INV-20260703-S003-P043,2026-07-03,S003,P043,102,86.0
INV-20260703-S003-P044,2026-07-03,S003,P044,169,40.0
INV-20260703-S003-P045,2026-07-03,S003,P045,239,100.0
INV-20260703-S003-P046,2026-07-03,S003,P046,113,37.0
INV-20260703-S003-P047,2026-07-03,S003,P047,202,59.0
INV-20260703-S003-P048,2026-07-03,S003,P048,100,34.0
INV-20260703-S003-P049,2026-07-03,S003,P049,110,98.0
INV-20260704-S001-P001,2026-07-04,S001,P001,223,57.0
INV-20260704-S001-P002,2026-07-04,S001,P002,64,41.0
INV-20260704-S001-P003,2026-07-04,S001,P003,69,24.0
INV-20260704-S001-P004,2026-07-04,S001,P004,70,20.0
INV-20260704-S001-P005,2026-07-04,S001,P005,88,66.0
INV-20260704-S001-P006,2026-07-04,S001,P006,185,26.0
INV-20260704-S001-P007,2026-07-04,S001,P007,120,97.0
INV-20260704-S001-P008,2026-07-04,S001,P008,101,65.0
INV-20260704-S001-P009,2026-07-04,S001,P009,89,43.0
INV-20260704-S001-P010,2026-07-04,S001,P010,283,66.0
INV-20260704-S001-P011,2026-07-04,S001,P011,249,12.0
INV-20260704-S001-P012,2026-07-04,S001,P012,333,101.0
INV-20260704-S001-P013,2026-07-04,S001,P013,94,56.0
INV-20260704-S001-P014,2026-07-04,S001,P014,381,84.0
INV-20260704-S001-P015,2026-07-04,S001,P015,28,18.0
INV-20260704-S001-P016,2026-07-04,S001,P016,267,56.0
INV-20260704-S001-P017,2026-07-04,S001,P017,232,56.0
INV-20260704-S001-P018,2026-07-04,S001,P018,133,99.0
INV-20260704-S001-P019,2026-07-04,S001,P019,293,64.0
INV-20260704-S001-P020,2026-07-04,S001,P020,73,55.0
INV-20260704-S001-P021,2026-07-04,S001,P021,159,35.0
INV-20260704-S001-P022,2026-07-04,S001,P022,99,41.0
INV-20260704-S001-P023,2026-07-04,S001,P023,193,59.0
INV-20260704-S001-P024,2026-07-04,S001,P024,178,51.0
INV-20260704-S001-P025,2026-07-04,S001,P025,277,12.0
INV-20260704-S001-P026,2026-07-04,S001,P026,400,88.0
INV-20260704-S001-P027,2026-07-04,S001,P027,301,95.0
INV-20260704-S001-P028,2026-07-04,S001,P028,129,23.0
INV-20260704-S001-P029,2026-07-04,S001,P029,175,62.0
INV-20260704-S001-P030,2026-07-04,S001,P030,84,20.0
INV-20260704-S001-P031,2026-07-04,S001,P031,327,74.0
INV-20260704-S001-P032,2026-07-04,S001,P032,62,37.0
INV-20260704-S001-P033,2026-07-04,S001,P033,344,72.0
INV-20260704-S001-P034,2026-07-04,S001,P034,99,79.0
INV-20260704-S001-P035,2026-07-04,S001,P035,352,83.0
INV-20260704-S001-P036,2026-07-04,S001,P036,33,20.0
INV-20260704-S001-P037,2026-07-04,S001,P037,445,97.0
INV-20260704-S001-P038,2026-07-04,S001,P038,99,32.0
INV-20260704-S001-P039,2026-07-04,S001,P039,252,14.0
INV-20260704-S001-P040,2026-07-04,S001,P040,101,62.0
INV-20260704-S001-P041,2026-07-04,S001,P041,124,45.0
INV-20260704-S001-P042,2026-07-04,S001,P042,92,88.0
INV-20260704-S001-P043,2026-07-04,S001,P043,141,86.0
INV-20260704-S001-P044,2026-07-04,S001,P044,109,40.0
INV-20260704-S001-P045,2026-07-04,S001,P045,225,100.0
INV-20260704-S001-P046,2026-07-04,S001,P046,182,37.0
INV-20260704-S001-P047,2026-07-04,S001,P047,277,59.0
INV-20260704-S001-P048,2026-07-04,S001,P048,137,34.0
INV-20260704-S001-P049,2026-07-04,S001,P049,107,98.0
INV-20260704-S001-P050,2026-07-04,S001,P050,60,26.0
INV-20260704-S002-P001,2026-07-04,S002,P001,67,57.0
INV-20260704-S002-P002,2026-07-04,S002,P002,60,41.0
INV-20260704-S002-P003,2026-07-04,S002,P003,42,24.0
INV-20260704-S002-P004,2026-07-04,S002,P004,393,20.0
INV-20260704-S002-P005,2026-07-04,S002,P005,127,66.0
INV-20260704-S002-P006,2026-07-04,S002,P006,88,26.0
INV-20260704-S002-P007,2026-07-04,S002,P007,227,97.0
INV-20260704-S002-P008,2026-07-04,S002,P008,178,65.0
INV-20260704-S002-P009,2026-07-04,S002,P009,115,43.0
INV-20260704-S002-P010,2026-07-04,S002,P010,147,66.0
INV-20260704-S002-P011,2026-07-04,S002,P011,50,12.0
INV-20260704-S002-P012,2026-07-04,S002,P012,332,101.0
INV-20260704-S002-P013,2026-07-04,S002,P013,226,56.0
INV-20260704-S002-P014,2026-07-04,S002,P014,324,84.0
INV-20260704-S002-P015,2026-07-04,S002,P015,60,18.0
INV-20260704-S002-P016,2026-07-04,S002,P016,166,56.0
INV-20260704-S002-P017,2026-07-04,S002,P017,259,56.0
INV-20260704-S002-P018,2026-07-04,S002,P018,267,99.0
INV-20260704-S002-P019,2026-07-04,S002,P019,241,64.0
INV-20260704-S002-P020,2026-07-04,S002,P020,111,55.0
INV-20260704-S002-P021,2026-07-04,S002,P021,171,35.0
INV-20260704-S002-P022,2026-07-04,S002,P022,208,41.0
INV-20260704-S002-P023,2026-07-04,S002,P023,220,59.0
INV-20260704-S002-P024,2026-07-04,S002,P024,154,51.0
INV-20260704-S002-P025,2026-07-04,S002,P025,101,12.0
INV-20260704-S002-P026,2026-07-04,S002,P026,250,88.0
INV-20260704-S002-P027,2026-07-04,S002,P027,142,95.0
INV-20260704-S002-P028,2026-07-04,S002,P028,120,23.0
INV-20260704-S002-P029,2026-07-04,S002,P029,198,62.0
INV-20260704-S002-P030,2026-07-04,S002,P030,104,20.0
INV-20260704-S002-P031,2026-07-04,S002,P031,248,74.0
INV-20260704-S002-P032,2026-07-04,S002,P032,130,37.0
INV-20260704-S002-P033,2026-07-04,S002,P033,161,72.0
INV-20260704-S002-P034,2026-07-04,S002,P034,273,79.0
INV-20260704-S002-P035,2026-07-04,S002,P035,347,83.0
INV-20260704-S002-P036,2026-07-04,S002,P036,59,20.0
INV-20260704-S002-P037,2026-07-04,S002,P037,443,97.0
INV-20260704-S002-P038,2026-07-04,S002,P038,33,32.0
INV-20260704-S002-P039,2026-07-04,S002,P039,65,14.0
INV-20260704-S002-P040,2026-07-04,S002,P040,74,62.0
INV-20260704-S002-P041,2026-07-04,S002,P041,119,45.0
INV-20260704-S002-P042,2026-07-04,S002,P042,329,88.0
INV-20260704-S002-P043,2026-07-04,S002,P043,271,86.0
INV-20260704-S002-P044,2026-07-04,S002,P044,188,40.0
INV-20260704-S002-P045,2026-07-04,S002,P045,362,100.0
INV-20260704-S002-P046,2026-07-04,S002,P046,74,37.0
INV-20260704-S002-P047,2026-07-04,S002,P047,236,59.0
INV-20260704-S002-P048,2026-07-04,S002,P048,163,34.0
INV-20260704-S002-P049,2026-07-04,S002,P049,439,98.0
INV-20260704-S002-P050,2026-07-04,S002,P050,95,26.0
INV-20260704-S003-P001,2026-07-04,S003,P001,229,57.0
INV-20260704-S003-P002,2026-07-04,S003,P002,99,41.0
INV-20260704-S003-P003,2026-07-04,S003,P003,71,24.0
INV-20260704-S003-P004,2026-07-04,S003,P004,85,20.0
INV-20260704-S003-P005,2026-07-04,S003,P005,78,66.0
INV-20260704-S003-P006,2026-07-04,S003,P006,85,26.0
INV-20260704-S003-P007,2026-07-04,S003,P007,207,97.0
INV-20260704-S003-P008,2026-07-04,S003,P008,102,65.0
INV-20260704-S003-P009,2026-07-04,S003,P009,54,43.0
INV-20260704-S003-P010,2026-07-04,S003,P010,156,66.0
INV-20260704-S003-P011,2026-07-04,S003,P011,238,12.0
INV-20260704-S003-P012,2026-07-04,S003,P012,173,101.0
INV-20260704-S003-P013,2026-07-04,S003,P013,137,56.0
INV-20260704-S003-P014,2026-07-04,S003,P014,329,84.0
INV-20260704-S003-P015,2026-07-04,S003,P015,43,18.0
INV-20260704-S003-P016,2026-07-04,S003,P016,243,56.0
INV-20260704-S003-P017,2026-07-04,S003,P017,200,56.0
INV-20260704-S003-P018,2026-07-04,S003,P018,379,99.0
INV-20260704-S003-P019,2026-07-04,S003,P019,179,64.0
INV-20260704-S003-P020,2026-07-04,S003,P020,223,55.0
INV-20260704-S003-P021,2026-07-04,S003,P021,55,35.0
INV-20260704-S003-P022,2026-07-04,S003,P022,81,41.0
INV-20260704-S003-P023,2026-07-04,S003,P023,294,59.0
INV-20260704-S003-P024,2026-07-04,S003,P024,74,51.0
INV-20260704-S003-P025,2026-07-04,S003,P025,222,12.0
INV-20260704-S003-P026,2026-07-04,S003,P026,431,88.0
INV-20260704-S003-P027,2026-07-04,S003,P027,438,95.0
INV-20260704-S003-P028,2026-07-04,S003,P028,25,23.0
INV-20260704-S003-P029,2026-07-04,S003,P029,66,62.0
INV-20260704-S003-P030,2026-07-04,S003,P030,76,20.0
INV-20260704-S003-P031,2026-07-04,S003,P031,234,74.0
INV-20260704-S003-P032,2026-07-04,S003,P032,86,37.0
INV-20260704-S003-P033,2026-07-04,S003,P033,271,72.0
INV-20260704-S003-P034,2026-07-04,S003,P034,118,79.0
INV-20260704-S003-P035,2026-07-04,S003,P035,298,83.0
INV-20260704-S003-P036,2026-07-04,S003,P036,91,20.0
INV-20260704-S003-P037,2026-07-04,S003,P037,302,97.0
INV-20260704-S003-P038,2026-07-04,S003,P038,157,32.0
INV-20260704-S003-P039,2026-07-04,S003,P039,240,14.0
INV-20260704-S003-P040,2026-07-04,S003,P040,63,62.0
INV-20260704-S003-P041,2026-07-04,S003,P041,95,45.0
INV-20260704-S003-P042,2026-07-04,S003,P042,422,88.0
INV-20260704-S003-P043,2026-07-04,S003,P043,91,86.0
INV-20260704-S003-P044,2026-07-04,S003,P044,164,40.0
INV-20260704-S003-P045,2026-07-04,S003,P045,225,100.0
INV-20260704-S003-P046,2026-07-04,S003,P046,106,37.0
INV-20260704-S003-P047,2026-07-04,S003,P047,194,59.0
INV-20260704-S003-P048,2026-07-04,S003,P048,96,34.0
INV-20260704-S003-P049,2026-07-04,S003,P049,100,98.0
INV-20260705-S001-P001,2026-07-05,S001,P001,216,57.0
INV-20260705-S001-P002,2026-07-05,S001,P002,61,41.0
INV-20260705-S001-P003,2026-07-05,S001,P003,64,24.0
INV-20260705-S001-P004,2026-07-05,S001,P004,67,20.0
INV-20260705-S001-P005,2026-07-05,S001,P005,80,66.0
INV-20260705-S001-P006,2026-07-05,S001,P006,182,26.0
INV-20260705-S001-P007,2026-07-05,S001,P007,104,97.0
INV-20260705-S001-P008,2026-07-05,S001,P008,94,65.0
INV-20260705-S001-P009,2026-07-05,S001,P009,80,43.0
INV-20260705-S001-P010,2026-07-05,S001,P010,273,66.0
INV-20260705-S001-P011,2026-07-05,S001,P011,246,12.0
INV-20260705-S001-P012,2026-07-05,S001,P012,310,101.0
INV-20260705-S001-P013,2026-07-05,S001,P013,87,56.0
INV-20260705-S001-P014,2026-07-05,S001,P014,365,84.0
INV-20260705-S001-P015,2026-07-05,S001,P015,20,18.0
INV-20260705-S001-P016,2026-07-05,S001,P016,255,56.0
INV-20260705-S001-P017,2026-07-05,S001,P017,224,56.0
INV-20260705-S001-P018,2026-07-05,S001,P018,120,99.0
INV-20260705-S001-P019,2026-07-05,S001,P019,279,64.0
INV-20260705-S001-P020,2026-07-05,S001,P020,68,55.0
INV-20260705-S001-P021,2026-07-05,S001,P021,151,35.0
INV-20260705-S001-P022,2026-07-05,S001,P022,93,41.0
INV-20260705-S001-P023,2026-07-05,S001,P023,179,59.0
INV-20260705-S001-P024,2026-07-05,S001,P024,169,51.0
INV-20260705-S001-P025,2026-07-05,S001,P025,273,12.0
INV-20260705-S001-P026,2026-07-05,S001,P026,388,88.0
INV-20260705-S001-P027,2026-07-05,S001,P027,288,95.0
INV-20260705-S001-P028,2026-07-05,S001,P028,125,23.0
INV-20260705-S001-P029,2026-07-05,S001,P029,169,62.0
INV-20260705-S001-P030,2026-07-05,S001,P030,82,20.0
INV-20260705-S001-P031,2026-07-05,S001,P031,316,74.0
INV-20260705-S001-P032,2026-07-05,S001,P032,59,37.0
INV-20260705-S001-P033,2026-07-05,S001,P033,331,72.0
INV-20260705-S001-P034,2026-07-05,S001,P034,90,79.0
INV-20260705-S001-P035,2026-07-05,S001,P035,337,83.0
INV-20260705-S001-P036,2026-07-05,S001,P036,31,20.0
INV-20260705-S001-P037,2026-07-05,S001,P037,430,97.0
INV-20260705-S001-P038,2026-07-05,S001,P038,94,32.0
INV-20260705-S001-P039,2026-07-05,S001,P039,250,14.0
INV-20260705-S001-P040,2026-07-05,S001,P040,92,62.0
INV-20260705-S001-P041,2026-07-05,S001,P041,115,45.0
INV-20260705-S001-P042,2026-07-05,S001,P042,431,88.0
INV-20260705-S001-P043,2026-07-05,S001,P043,124,86.0
INV-20260705-S001-P044,2026-07-05,S001,P044,103,40.0
INV-20260705-S001-P045,2026-07-05,S001,P045,212,100.0
INV-20260705-S001-P046,2026-07-05,S001,P046,170,37.0
INV-20260705-S001-P047,2026-07-05,S001,P047,270,59.0
INV-20260705-S001-P048,2026-07-05,S001,P048,130,34.0
INV-20260705-S001-P049,2026-07-05,S001,P049,490,98.0
INV-20260705-S001-P050,2026-07-05,S001,P050,55,26.0
INV-20260705-S002-P001,2026-07-05,S002,P001,281,57.0
INV-20260705-S002-P002,2026-07-05,S002,P002,50,41.0
INV-20260705-S002-P003,2026-07-05,S002,P003,36,24.0
INV-20260705-S002-P004,2026-07-05,S002,P004,392,20.0
INV-20260705-S002-P005,2026-07-05,S002,P005,110,66.0
INV-20260705-S002-P006,2026-07-05,S002,P006,83,26.0
INV-20260705-S002-P007,2026-07-05,S002,P007,227,97.0
INV-20260705-S002-P008,2026-07-05,S002,P008,164,65.0
INV-20260705-S002-P009,2026-07-05,S002,P009,99,43.0
INV-20260705-S002-P010,2026-07-05,S002,P010,138,66.0
INV-20260705-S002-P011,2026-07-05,S002,P011,48,12.0
INV-20260705-S002-P012,2026-07-05,S002,P012,316,101.0
INV-20260705-S002-P013,2026-07-05,S002,P013,211,56.0
INV-20260705-S002-P014,2026-07-05,S002,P014,314,84.0
INV-20260705-S002-P015,2026-07-05,S002,P015,60,18.0
INV-20260705-S002-P016,2026-07-05,S002,P016,153,56.0
INV-20260705-S002-P017,2026-07-05,S002,P017,251,56.0
INV-20260705-S002-P018,2026-07-05,S002,P018,252,99.0
INV-20260705-S002-P019,2026-07-05,S002,P019,222,64.0
INV-20260705-S002-P020,2026-07-05,S002,P020,94,55.0
INV-20260705-S002-P021,2026-07-05,S002,P021,167,35.0
INV-20260705-S002-P022,2026-07-05,S002,P022,203,41.0
INV-20260705-S002-P023,2026-07-05,S002,P023,209,59.0
INV-20260705-S002-P024,2026-07-05,S002,P024,142,51.0
INV-20260705-S002-P025,2026-07-05,S002,P025,100,12.0
INV-20260705-S002-P026,2026-07-05,S002,P026,237,88.0
INV-20260705-S002-P027,2026-07-05,S002,P027,127,95.0
INV-20260705-S002-P028,2026-07-05,S002,P028,117,23.0
INV-20260705-S002-P029,2026-07-05,S002,P029,186,62.0
INV-20260705-S002-P030,2026-07-05,S002,P030,102,20.0
INV-20260705-S002-P031,2026-07-05,S002,P031,235,74.0
INV-20260705-S002-P032,2026-07-05,S002,P032,123,37.0
INV-20260705-S002-P033,2026-07-05,S002,P033,144,72.0
INV-20260705-S002-P034,2026-07-05,S002,P034,252,79.0
INV-20260705-S002-P035,2026-07-05,S002,P035,338,83.0
INV-20260705-S002-P036,2026-07-05,S002,P036,52,20.0
INV-20260705-S002-P037,2026-07-05,S002,P037,422,97.0
INV-20260705-S002-P038,2026-07-05,S002,P038,155,32.0
INV-20260705-S002-P039,2026-07-05,S002,P039,62,14.0
INV-20260705-S002-P040,2026-07-05,S002,P040,304,62.0
INV-20260705-S002-P041,2026-07-05,S002,P041,108,45.0
INV-20260705-S002-P042,2026-07-05,S002,P042,313,88.0
INV-20260705-S002-P043,2026-07-05,S002,P043,263,86.0
INV-20260705-S002-P044,2026-07-05,S002,P044,176,40.0
INV-20260705-S002-P045,2026-07-05,S002,P045,344,100.0
INV-20260705-S002-P046,2026-07-05,S002,P046,62,37.0
INV-20260705-S002-P047,2026-07-05,S002,P047,226,59.0
INV-20260705-S002-P048,2026-07-05,S002,P048,157,34.0
INV-20260705-S002-P049,2026-07-05,S002,P049,418,98.0
INV-20260705-S002-P050,2026-07-05,S002,P050,90,26.0
INV-20260705-S003-P001,2026-07-05,S003,P001,220,57.0
INV-20260705-S003-P002,2026-07-05,S003,P002,91,41.0
INV-20260705-S003-P003,2026-07-05,S003,P003,67,24.0
INV-20260705-S003-P004,2026-07-05,S003,P004,83,20.0
INV-20260705-S003-P005,2026-07-05,S003,P005,327,66.0
INV-20260705-S003-P006,2026-07-05,S003,P006,82,26.0
INV-20260705-S003-P007,2026-07-05,S003,P007,193,97.0
INV-20260705-S003-P008,2026-07-05,S003,P008,94,65.0
INV-20260705-S003-P009,2026-07-05,S003,P009,46,43.0
INV-20260705-S003-P010,2026-07-05,S003,P010,150,66.0
INV-20260705-S003-P011,2026-07-05,S003,P011,237,12.0
INV-20260705-S003-P012,2026-07-05,S003,P012,161,101.0
INV-20260705-S003-P013,2026-07-05,S003,P013,127,56.0
INV-20260705-S003-P014,2026-07-05,S003,P014,313,84.0
INV-20260705-S003-P015,2026-07-05,S003,P015,41,18.0
INV-20260705-S003-P016,2026-07-05,S003,P016,228,56.0
INV-20260705-S003-P017,2026-07-05,S003,P017,195,56.0
INV-20260705-S003-P018,2026-07-05,S003,P018,364,99.0
INV-20260705-S003-P019,2026-07-05,S003,P019,171,64.0
INV-20260705-S003-P020,2026-07-05,S003,P020,215,55.0
INV-20260705-S003-P021,2026-07-05,S003,P021,53,35.0
INV-20260705-S003-P022,2026-07-05,S003,P022,72,41.0
INV-20260705-S003-P023,2026-07-05,S003,P023,279,59.0
INV-20260705-S003-P024,2026-07-05,S003,P024,68,51.0
INV-20260705-S003-P025,2026-07-05,S003,P025,221,12.0
INV-20260705-S003-P026,2026-07-05,S003,P026,416,88.0
INV-20260705-S003-P027,2026-07-05,S003,P027,422,95.0
INV-20260705-S003-P028,2026-07-05,S003,P028,25,23.0
INV-20260705-S003-P029,2026-07-05,S003,P029,305,62.0
INV-20260705-S003-P030,2026-07-05,S003,P030,73,20.0
INV-20260705-S003-P031,2026-07-05,S003,P031,225,74.0
INV-20260705-S003-P032,2026-07-05,S003,P032,80,37.0
INV-20260705-S003-P033,2026-07-05,S003,P033,261,72.0
INV-20260705-S003-P034,2026-07-05,S003,P034,104,79.0
INV-20260705-S003-P035,2026-07-05,S003,P035,281,83.0
INV-20260705-S003-P036,2026-07-05,S003,P036,87,20.0
INV-20260705-S003-P037,2026-07-05,S003,P037,286,97.0
INV-20260705-S003-P038,2026-07-05,S003,P038,152,32.0
INV-20260705-S003-P039,2026-07-05,S003,P039,237,14.0
INV-20260705-S003-P040,2026-07-05,S003,P040,301,62.0
INV-20260705-S003-P041,2026-07-05,S003,P041,90,45.0
INV-20260705-S003-P042,2026-07-05,S003,P042,405,88.0
INV-20260705-S003-P043,2026-07-05,S003,P043,422,86.0
INV-20260705-S003-P044,2026-07-05,S003,P044,159,40.0
INV-20260705-S003-P045,2026-07-05,S003,P045,213,100.0
INV-20260705-S003-P046,2026-07-05,S003,P046,99,37.0
INV-20260705-S003-P047,2026-07-05,S003,P047,189,59.0
INV-20260705-S003-P048,2026-07-05,S003,P048,93,34.0
INV-20260705-S003-P049,2026-07-05,S003,P049,485,98.0
INV-20260706-S001-P001,2026-07-06,S001,P001,209,57.0
INV-20260706-S001-P002,2026-07-06,S001,P002,50,41.0
INV-20260706-S001-P003,2026-07-06,S001,P003,61,24.0
INV-20260706-S001-P004,2026-07-06,S001,P004,64,20.0
INV-20260706-S001-P005,2026-07-06,S001,P005,70,66.0
INV-20260706-S001-P006,2026-07-06,S001,P006,178,26.0
INV-20260706-S001-P007,2026-07-06,S001,P007,482,97.0
INV-20260706-S001-P008,2026-07-06,S001,P008,86,65.0
INV-20260706-S001-P009,2026-07-06,S001,P009,72,43.0
INV-20260706-S001-P010,2026-07-06,S001,P010,265,66.0
INV-20260706-S001-P011,2026-07-06,S001,P011,245,12.0
INV-20260706-S001-P012,2026-07-06,S001,P012,287,101.0
INV-20260706-S001-P013,2026-07-06,S001,P013,68,56.0
INV-20260706-S001-P014,2026-07-06,S001,P014,359,84.0
INV-20260706-S001-P015,2026-07-06,S001,P015,90,18.0
INV-20260706-S001-P016,2026-07-06,S001,P016,251,56.0
INV-20260706-S001-P017,2026-07-06,S001,P017,212,56.0
INV-20260706-S001-P018,2026-07-06,S001,P018,108,99.0
INV-20260706-S001-P019,2026-07-06,S001,P019,267,64.0
INV-20260706-S001-P020,2026-07-06,S001,P020,59,55.0
INV-20260706-S001-P021,2026-07-06,S001,P021,146,35.0
INV-20260706-S001-P022,2026-07-06,S001,P022,81,41.0
INV-20260706-S001-P023,2026-07-06,S001,P023,168,59.0
INV-20260706-S001-P024,2026-07-06,S001,P024,157,51.0
INV-20260706-S001-P025,2026-07-06,S001,P025,273,12.0
INV-20260706-S001-P026,2026-07-06,S001,P026,368,88.0
INV-20260706-S001-P027,2026-07-06,S001,P027,276,95.0
INV-20260706-S001-P028,2026-07-06,S001,P028,121,23.0
INV-20260706-S001-P029,2026-07-06,S001,P029,166,62.0
INV-20260706-S001-P030,2026-07-06,S001,P030,81,20.0
INV-20260706-S001-P031,2026-07-06,S001,P031,305,74.0
INV-20260706-S001-P032,2026-07-06,S001,P032,54,37.0
INV-20260706-S001-P033,2026-07-06,S001,P033,322,72.0
INV-20260706-S001-P034,2026-07-06,S001,P034,389,79.0
INV-20260706-S001-P035,2026-07-06,S001,P035,326,83.0
INV-20260706-S001-P036,2026-07-06,S001,P036,28,20.0
INV-20260706-S001-P037,2026-07-06,S001,P037,415,97.0
INV-20260706-S001-P038,2026-07-06,S001,P038,89,32.0
INV-20260706-S001-P039,2026-07-06,S001,P039,248,14.0
INV-20260706-S001-P040,2026-07-06,S001,P040,83,62.0
INV-20260706-S001-P041,2026-07-06,S001,P041,107,45.0
INV-20260706-S001-P042,2026-07-06,S001,P042,418,88.0
INV-20260706-S001-P043,2026-07-06,S001,P043,110,86.0
INV-20260706-S001-P044,2026-07-06,S001,P044,95,40.0
INV-20260706-S001-P045,2026-07-06,S001,P045,193,100.0
INV-20260706-S001-P046,2026-07-06,S001,P046,163,37.0
INV-20260706-S001-P047,2026-07-06,S001,P047,264,59.0
INV-20260706-S001-P048,2026-07-06,S001,P048,120,34.0
INV-20260706-S001-P049,2026-07-06,S001,P049,478,98.0
INV-20260706-S001-P050,2026-07-06,S001,P050,52,26.0
INV-20260706-S002-P001,2026-07-06,S002,P001,275,57.0
INV-20260706-S002-P002,2026-07-06,S002,P002,203,41.0
INV-20260706-S002-P003,2026-07-06,S002,P003,28,24.0
INV-20260706-S002-P004,2026-07-06,S002,P004,392,20.0
INV-20260706-S002-P005,2026-07-06,S002,P005,100,66.0
INV-20260706-S002-P006,2026-07-06,S002,P006,77,26.0
INV-20260706-S002-P007,2026-07-06,S002,P007,227,97.0
INV-20260706-S002-P008,2026-07-06,S002,P008,153,65.0
INV-20260706-S002-P009,2026-07-06,S002,P009,92,43.0
INV-20260706-S002-P010,2026-07-06,S002,P010,126,66.0
INV-20260706-S002-P011,2026-07-06,S002,P011,45,12.0
INV-20260706-S002-P012,2026-07-06,S002,P012,301,101.0
INV-20260706-S002-P013,2026-07-06,S002,P013,203,56.0
INV-20260706-S002-P014,2026-07-06,S002,P014,302,84.0
INV-20260706-S002-P015,2026-07-06,S002,P015,55,18.0
INV-20260706-S002-P016,2026-07-06,S002,P016,142,56.0
INV-20260706-S002-P017,2026-07-06,S002,P017,245,56.0
INV-20260706-S002-P018,2026-07-06,S002,P018,237,99.0
INV-20260706-S002-P019,2026-07-06,S002,P019,213,64.0
INV-20260706-S002-P020,2026-07-06,S002,P020,86,55.0
INV-20260706-S002-P021,2026-07-06,S002,P021,162,35.0
INV-20260706-S002-P022,2026-07-06,S002,P022,194,41.0
INV-20260706-S002-P023,2026-07-06,S002,P023,199,59.0
INV-20260706-S002-P024,2026-07-06,S002,P024,133,51.0
INV-20260706-S002-P025,2026-07-06,S002,P025,99,12.0
INV-20260706-S002-P026,2026-07-06,S002,P026,221,88.0
INV-20260706-S002-P027,2026-07-06,S002,P027,113,95.0
INV-20260706-S002-P028,2026-07-06,S002,P028,111,23.0
INV-20260706-S002-P029,2026-07-06,S002,P029,165,62.0
INV-20260706-S002-P030,2026-07-06,S002,P030,102,20.0
INV-20260706-S002-P031,2026-07-06,S002,P031,222,74.0
INV-20260706-S002-P032,2026-07-06,S002,P032,119,37.0
INV-20260706-S002-P033,2026-07-06,S002,P033,129,72.0
INV-20260706-S002-P034,2026-07-06,S002,P034,231,79.0
INV-20260706-S002-P035,2026-07-06,S002,P035,326,83.0
INV-20260706-S002-P036,2026-07-06,S002,P036,51,20.0
INV-20260706-S002-P037,2026-07-06,S002,P037,397,97.0
INV-20260706-S002-P038,2026-07-06,S002,P038,150,32.0
INV-20260706-S002-P039,2026-07-06,S002,P039,54,14.0
INV-20260706-S002-P040,2026-07-06,S002,P040,290,62.0
INV-20260706-S002-P041,2026-07-06,S002,P041,100,45.0
INV-20260706-S002-P042,2026-07-06,S002,P042,295,88.0
INV-20260706-S002-P043,2026-07-06,S002,P043,240,86.0
INV-20260706-S002-P044,2026-07-06,S002,P044,170,40.0
INV-20260706-S002-P045,2026-07-06,S002,P045,326,100.0
INV-20260706-S002-P046,2026-07-06,S002,P046,54,37.0
INV-20260706-S002-P047,2026-07-06,S002,P047,214,59.0
INV-20260706-S002-P048,2026-07-06,S002,P048,149,34.0
INV-20260706-S002-P049,2026-07-06,S002,P049,386,98.0
INV-20260706-S002-P050,2026-07-06,S002,P050,88,26.0
INV-20260706-S003-P001,2026-07-06,S003,P001,206,57.0
INV-20260706-S003-P002,2026-07-06,S003,P002,88,41.0
INV-20260706-S003-P003,2026-07-06,S003,P003,66,24.0
INV-20260706-S003-P004,2026-07-06,S003,P004,77,20.0
INV-20260706-S003-P005,2026-07-06,S003,P005,317,66.0
INV-20260706-S003-P006,2026-07-06,S003,P006,78,26.0
INV-20260706-S003-P007,2026-07-06,S003,P007,175,97.0
INV-20260706-S003-P008,2026-07-06,S003,P008,86,65.0
INV-20260706-S003-P009,2026-07-06,S003,P009,215,43.0
INV-20260706-S003-P010,2026-07-06,S003,P010,145,66.0
INV-20260706-S003-P011,2026-07-06,S003,P011,233,12.0
INV-20260706-S003-P012,2026-07-06,S003,P012,146,101.0
INV-20260706-S003-P013,2026-07-06,S003,P013,122,56.0
INV-20260706-S003-P014,2026-07-06,S003,P014,302,84.0
INV-20260706-S003-P015,2026-07-06,S003,P015,39,18.0
INV-20260706-S003-P016,2026-07-06,S003,P016,226,56.0
INV-20260706-S003-P017,2026-07-06,S003,P017,190,56.0
INV-20260706-S003-P018,2026-07-06,S003,P018,355,99.0
INV-20260706-S003-P019,2026-07-06,S003,P019,154,64.0
INV-20260706-S003-P020,2026-07-06,S003,P020,212,55.0
INV-20260706-S003-P021,2026-07-06,S003,P021,50,35.0
INV-20260706-S003-P022,2026-07-06,S003,P022,65,41.0
INV-20260706-S003-P023,2026-07-06,S003,P023,262,59.0
INV-20260706-S003-P024,2026-07-06,S003,P024,62,51.0
INV-20260706-S003-P025,2026-07-06,S003,P025,221,12.0
INV-20260706-S003-P026,2026-07-06,S003,P026,408,88.0
INV-20260706-S003-P027,2026-07-06,S003,P027,408,95.0
INV-20260706-S003-P028,2026-07-06,S003,P028,117,23.0
INV-20260706-S003-P029,2026-07-06,S003,P029,294,62.0
INV-20260706-S003-P030,2026-07-06,S003,P030,73,20.0
INV-20260706-S003-P031,2026-07-06,S003,P031,216,74.0
INV-20260706-S003-P032,2026-07-06,S003,P032,76,37.0
INV-20260706-S003-P033,2026-07-06,S003,P033,247,72.0
INV-20260706-S003-P034,2026-07-06,S003,P034,94,79.0
INV-20260706-S003-P035,2026-07-06,S003,P035,272,83.0
INV-20260706-S003-P036,2026-07-06,S003,P036,84,20.0
INV-20260706-S003-P037,2026-07-06,S003,P037,271,97.0
INV-20260706-S003-P038,2026-07-06,S003,P038,150,32.0
INV-20260706-S003-P039,2026-07-06,S003,P039,235,14.0
INV-20260706-S003-P040,2026-07-06,S003,P040,288,62.0
INV-20260706-S003-P041,2026-07-06,S003,P041,83,45.0
INV-20260706-S003-P042,2026-07-06,S003,P042,396,88.0
INV-20260706-S003-P043,2026-07-06,S003,P043,403,86.0
INV-20260706-S003-P044,2026-07-06,S003,P044,154,40.0
INV-20260706-S003-P045,2026-07-06,S003,P045,201,100.0
INV-20260706-S003-P046,2026-07-06,S003,P046,95,37.0
INV-20260706-S003-P047,2026-07-06,S003,P047,184,59.0
INV-20260706-S003-P048,2026-07-06,S003,P048,89,34.0
INV-20260706-S003-P049,2026-07-06,S003,P049,470,98.0
INV-20260707-S001-P001,2026-07-07,S001,P001,200,57.0
INV-20260707-S001-P002,2026-07-07,S001,P002,207,41.0
INV-20260707-S001-P003,2026-07-07,S001,P003,56,24.0
INV-20260707-S001-P004,2026-07-07,S001,P004,63,20.0
INV-20260707-S001-P005,2026-07-07,S001,P005,329,66.0
INV-20260707-S001-P006,2026-07-07,S001,P006,176,26.0
INV-20260707-S001-P007,2026-07-07,S001,P007,468,97.0
INV-20260707-S001-P008,2026-07-07,S001,P008,79,65.0
INV-20260707-S001-P009,2026-07-07,S001,P009,62,43.0
INV-20260707-S001-P010,2026-07-07,S001,P010,256,66.0
INV-20260707-S001-P011,2026-07-07,S001,P011,243,12.0
INV-20260707-S001-P012,2026-07-07,S001,P012,273,101.0
INV-20260707-S001-P013,2026-07-07,S001,P013,61,56.0
INV-20260707-S001-P014,2026-07-07,S001,P014,349,84.0
INV-20260707-S001-P015,2026-07-07,S001,P015,90,18.0
INV-20260707-S001-P016,2026-07-07,S001,P016,242,56.0
INV-20260707-S001-P017,2026-07-07,S001,P017,204,56.0
INV-20260707-S001-P018,2026-07-07,S001,P018,490,99.0
INV-20260707-S001-P019,2026-07-07,S001,P019,256,64.0
INV-20260707-S001-P020,2026-07-07,S001,P020,275,55.0
INV-20260707-S001-P021,2026-07-07,S001,P021,142,35.0
INV-20260707-S001-P022,2026-07-07,S001,P022,76,41.0
INV-20260707-S001-P023,2026-07-07,S001,P023,161,59.0
INV-20260707-S001-P024,2026-07-07,S001,P024,150,51.0
INV-20260707-S001-P025,2026-07-07,S001,P025,272,12.0
INV-20260707-S001-P026,2026-07-07,S001,P026,353,88.0
INV-20260707-S001-P027,2026-07-07,S001,P027,264,95.0
INV-20260707-S001-P028,2026-07-07,S001,P028,119,23.0
INV-20260707-S001-P029,2026-07-07,S001,P029,157,62.0
INV-20260707-S001-P030,2026-07-07,S001,P030,76,20.0
INV-20260707-S001-P031,2026-07-07,S001,P031,293,74.0
INV-20260707-S001-P032,2026-07-07,S001,P032,47,37.0
INV-20260707-S001-P033,2026-07-07,S001,P033,308,72.0
INV-20260707-S001-P034,2026-07-07,S001,P034,377,79.0
INV-20260707-S001-P035,2026-07-07,S001,P035,307,83.0
INV-20260707-S001-P036,2026-07-07,S001,P036,24,20.0
INV-20260707-S001-P037,2026-07-07,S001,P037,406,97.0
INV-20260707-S001-P038,2026-07-07,S001,P038,85,32.0
INV-20260707-S001-P039,2026-07-07,S001,P039,247,14.0
INV-20260707-S001-P040,2026-07-07,S001,P040,76,62.0
INV-20260707-S001-P041,2026-07-07,S001,P041,100,45.0
INV-20260707-S001-P042,2026-07-07,S001,P042,406,88.0
INV-20260707-S001-P043,2026-07-07,S001,P043,95,86.0
INV-20260707-S001-P044,2026-07-07,S001,P044,82,40.0
INV-20260707-S001-P045,2026-07-07,S001,P045,177,100.0
INV-20260707-S001-P046,2026-07-07,S001,P046,157,37.0
INV-20260707-S001-P047,2026-07-07,S001,P047,257,59.0
INV-20260707-S001-P048,2026-07-07,S001,P048,117,34.0
INV-20260707-S001-P049,2026-07-07,S001,P049,466,98.0
INV-20260707-S001-P050,2026-07-07,S001,P050,47,26.0
INV-20260707-S002-P001,2026-07-07,S002,P001,267,57.0
INV-20260707-S002-P002,2026-07-07,S002,P002,199,41.0
INV-20260707-S002-P003,2026-07-07,S002,P003,26,24.0
INV-20260707-S002-P004,2026-07-07,S002,P004,392,20.0
INV-20260707-S002-P005,2026-07-07,S002,P005,93,66.0
INV-20260707-S002-P006,2026-07-07,S002,P006,73,26.0
INV-20260707-S002-P007,2026-07-07,S002,P007,227,97.0
INV-20260707-S002-P008,2026-07-07,S002,P008,140,65.0
INV-20260707-S002-P009,2026-07-07,S002,P009,80,43.0
INV-20260707-S002-P010,2026-07-07,S002,P010,115,66.0
INV-20260707-S002-P011,2026-07-07,S002,P011,42,12.0
INV-20260707-S002-P012,2026-07-07,S002,P012,281,101.0
INV-20260707-S002-P013,2026-07-07,S002,P013,194,56.0
INV-20260707-S002-P014,2026-07-07,S002,P014,284,84.0
INV-20260707-S002-P015,2026-07-07,S002,P015,53,18.0
INV-20260707-S002-P016,2026-07-07,S002,P016,132,56.0
INV-20260707-S002-P017,2026-07-07,S002,P017,230,56.0
INV-20260707-S002-P018,2026-07-07,S002,P018,223,99.0
INV-20260707-S002-P019,2026-07-07,S002,P019,198,64.0
INV-20260707-S002-P020,2026-07-07,S002,P020,80,55.0
INV-20260707-S002-P021,2026-07-07,S002,P021,154,35.0
INV-20260707-S002-P022,2026-07-07,S002,P022,186,41.0
INV-20260707-S002-P023,2026-07-07,S002,P023,185,59.0
INV-20260707-S002-P024,2026-07-07,S002,P024,123,51.0
INV-20260707-S002-P025,2026-07-07,S002,P025,98,12.0
INV-20260707-S002-P026,2026-07-07,S002,P026,208,88.0
INV-20260707-S002-P027,2026-07-07,S002,P027,469,95.0
INV-20260707-S002-P028,2026-07-07,S002,P028,110,23.0
INV-20260707-S002-P029,2026-07-07,S002,P029,153,62.0
INV-20260707-S002-P030,2026-07-07,S002,P030,101,20.0
INV-20260707-S002-P031,2026-07-07,S002,P031,203,74.0
INV-20260707-S002-P032,2026-07-07,S002,P032,114,37.0
INV-20260707-S002-P033,2026-07-07,S002,P033,119,72.0
INV-20260707-S002-P034,2026-07-07,S002,P034,217,79.0
INV-20260707-S002-P035,2026-07-07,S002,P035,313,83.0
INV-20260707-S002-P036,2026-07-07,S002,P036,49,20.0
INV-20260707-S002-P037,2026-07-07,S002,P037,376,97.0
INV-20260707-S002-P038,2026-07-07,S002,P038,143,32.0
INV-20260707-S002-P039,2026-07-07,S002,P039,50,14.0
INV-20260707-S002-P040,2026-07-07,S002,P040,279,62.0
INV-20260707-S002-P041,2026-07-07,S002,P041,95,45.0
INV-20260707-S002-P042,2026-07-07,S002,P042,277,88.0
INV-20260707-S002-P043,2026-07-07,S002,P043,223,86.0
INV-20260707-S002-P044,2026-07-07,S002,P044,160,40.0
INV-20260707-S002-P045,2026-07-07,S002,P045,302,100.0
INV-20260707-S002-P046,2026-07-07,S002,P046,50,37.0
INV-20260707-S002-P047,2026-07-07,S002,P047,205,59.0
INV-20260707-S002-P048,2026-07-07,S002,P048,147,34.0
INV-20260707-S002-P049,2026-07-07,S002,P049,371,98.0
INV-20260707-S002-P050,2026-07-07,S002,P050,84,26.0
INV-20260707-S003-P001,2026-07-07,S003,P001,198,57.0
INV-20260707-S003-P002,2026-07-07,S003,P002,87,41.0
INV-20260707-S003-P003,2026-07-07,S003,P003,63,24.0
INV-20260707-S003-P004,2026-07-07,S003,P004,77,20.0
INV-20260707-S003-P005,2026-07-07,S003,P005,306,66.0
INV-20260707-S003-P006,2026-07-07,S003,P006,76,26.0
INV-20260707-S003-P007,2026-07-07,S003,P007,164,97.0
INV-20260707-S003-P008,2026-07-07,S003,P008,79,65.0
INV-20260707-S003-P009,2026-07-07,S003,P009,208,43.0
INV-20260707-S003-P010,2026-07-07,S003,P010,139,66.0
INV-20260707-S003-P011,2026-07-07,S003,P011,232,12.0
INV-20260707-S003-P012,2026-07-07,S003,P012,135,101.0
INV-20260707-S003-P013,2026-07-07,S003,P013,117,56.0
INV-20260707-S003-P014,2026-07-07,S003,P014,289,84.0
INV-20260707-S003-P015,2026-07-07,S003,P015,35,18.0
INV-20260707-S003-P016,2026-07-07,S003,P016,218,56.0
INV-20260707-S003-P017,2026-07-07,S003,P017,185,56.0
INV-20260707-S003-P018,2026-07-07,S003,P018,340,99.0
INV-20260707-S003-P019,2026-07-07,S003,P019,148,64.0
INV-20260707-S003-P020,2026-07-07,S003,P020,202,55.0
INV-20260707-S003-P021,2026-07-07,S003,P021,46,35.0
INV-20260707-S003-P022,2026-07-07,S003,P022,60,41.0
INV-20260707-S003-P023,2026-07-07,S003,P023,261,59.0
INV-20260707-S003-P024,2026-07-07,S003,P024,56,51.0
INV-20260707-S003-P025,2026-07-07,S003,P025,221,12.0
INV-20260707-S003-P026,2026-07-07,S003,P026,397,88.0
INV-20260707-S003-P027,2026-07-07,S003,P027,391,95.0
INV-20260707-S003-P028,2026-07-07,S003,P028,112,23.0
INV-20260707-S003-P029,2026-07-07,S003,P029,285,62.0
INV-20260707-S003-P030,2026-07-07,S003,P030,71,20.0
INV-20260707-S003-P031,2026-07-07,S003,P031,209,74.0
INV-20260707-S003-P032,2026-07-07,S003,P032,71,37.0
INV-20260707-S003-P033,2026-07-07,S003,P033,236,72.0
INV-20260707-S003-P034,2026-07-07,S003,P034,90,79.0
INV-20260707-S003-P035,2026-07-07,S003,P035,266,83.0
INV-20260707-S003-P036,2026-07-07,S003,P036,81,20.0
INV-20260707-S003-P037,2026-07-07,S003,P037,259,97.0
INV-20260707-S003-P038,2026-07-07,S003,P038,146,32.0
INV-20260707-S003-P039,2026-07-07,S003,P039,232,14.0
INV-20260707-S003-P040,2026-07-07,S003,P040,280,62.0
INV-20260707-S003-P041,2026-07-07,S003,P041,78,45.0
INV-20260707-S003-P042,2026-07-07,S003,P042,387,88.0
INV-20260707-S003-P043,2026-07-07,S003,P043,394,86.0
INV-20260707-S003-P044,2026-07-07,S003,P044,152,40.0
INV-20260707-S003-P045,2026-07-07,S003,P045,193,100.0
INV-20260707-S003-P046,2026-07-07,S003,P046,89,37.0
INV-20260707-S003-P047,2026-07-07,S003,P047,180,59.0
INV-20260707-S003-P048,2026-07-07,S003,P048,86,34.0
INV-20260707-S003-P049,2026-07-07,S003,P049,457,98.0
INV-20260708-S001-P001,2026-07-08,S001,P001,194,57.0
INV-20260708-S001-P002,2026-07-08,S001,P002,199,41.0
INV-20260708-S001-P003,2026-07-08,S001,P003,54,24.0
INV-20260708-S001-P004,2026-07-08,S001,P004,60,20.0
INV-20260708-S001-P005,2026-07-08,S001,P005,323,66.0
INV-20260708-S001-P006,2026-07-08,S001,P006,173,26.0
INV-20260708-S001-P007,2026-07-08,S001,P007,455,97.0
INV-20260708-S001-P008,2026-07-08,S001,P008,71,65.0
INV-20260708-S001-P009,2026-07-08,S001,P009,56,43.0
INV-20260708-S001-P010,2026-07-08,S001,P010,246,66.0
INV-20260708-S001-P011,2026-07-08,S001,P011,243,12.0
INV-20260708-S001-P012,2026-07-08,S001,P012,261,101.0
INV-20260708-S001-P013,2026-07-08,S001,P013,277,56.0
INV-20260708-S001-P014,2026-07-08,S001,P014,345,84.0
INV-20260708-S001-P015,2026-07-08,S001,P015,87,18.0
INV-20260708-S001-P016,2026-07-08,S001,P016,238,56.0
INV-20260708-S001-P017,2026-07-08,S001,P017,199,56.0
INV-20260708-S001-P018,2026-07-08,S001,P018,474,99.0
INV-20260708-S001-P019,2026-07-08,S001,P019,244,64.0
INV-20260708-S001-P020,2026-07-08,S001,P020,272,55.0
INV-20260708-S001-P021,2026-07-08,S001,P021,137,35.0
INV-20260708-S001-P022,2026-07-08,S001,P022,69,41.0
INV-20260708-S001-P023,2026-07-08,S001,P023,156,59.0
INV-20260708-S001-P024,2026-07-08,S001,P024,145,51.0
INV-20260708-S001-P025,2026-07-08,S001,P025,271,12.0
INV-20260708-S001-P026,2026-07-08,S001,P026,340,88.0
INV-20260708-S001-P027,2026-07-08,S001,P027,257,95.0
INV-20260708-S001-P028,2026-07-08,S001,P028,117,23.0
INV-20260708-S001-P029,2026-07-08,S001,P029,154,62.0
INV-20260708-S001-P030,2026-07-08,S001,P030,74,20.0
INV-20260708-S001-P031,2026-07-08,S001,P031,281,74.0
INV-20260708-S001-P032,2026-07-08,S001,P032,46,37.0
INV-20260708-S001-P033,2026-07-08,S001,P033,298,72.0
INV-20260708-S001-P034,2026-07-08,S001,P034,366,79.0
INV-20260708-S001-P035,2026-07-08,S001,P035,297,83.0
INV-20260708-S001-P036,2026-07-08,S001,P036,22,20.0
INV-20260708-S001-P037,2026-07-08,S001,P037,396,97.0
INV-20260708-S001-P038,2026-07-08,S001,P038,80,32.0
INV-20260708-S001-P039,2026-07-08,S001,P039,247,14.0
INV-20260708-S001-P040,2026-07-08,S001,P040,63,62.0
INV-20260708-S001-P041,2026-07-08,S001,P041,94,45.0
INV-20260708-S001-P042,2026-07-08,S001,P042,390,88.0
INV-20260708-S001-P043,2026-07-08,S001,P043,428,86.0
INV-20260708-S001-P044,2026-07-08,S001,P044,75,40.0
INV-20260708-S001-P045,2026-07-08,S001,P045,170,100.0
INV-20260708-S001-P046,2026-07-08,S001,P046,153,37.0
INV-20260708-S001-P047,2026-07-08,S001,P047,248,59.0
INV-20260708-S001-P048,2026-07-08,S001,P048,113,34.0
INV-20260708-S001-P049,2026-07-08,S001,P049,457,98.0
INV-20260708-S001-P050,2026-07-08,S001,P050,42,26.0
INV-20260708-S002-P001,2026-07-08,S002,P001,259,57.0
INV-20260708-S002-P002,2026-07-08,S002,P002,192,41.0
INV-20260708-S002-P003,2026-07-08,S002,P003,117,24.0
INV-20260708-S002-P004,2026-07-08,S002,P004,390,20.0
INV-20260708-S002-P005,2026-07-08,S002,P005,80,66.0
INV-20260708-S002-P006,2026-07-08,S002,P006,66,26.0
INV-20260708-S002-P007,2026-07-08,S002,P007,227,97.0
INV-20260708-S002-P008,2026-07-08,S002,P008,130,65.0
INV-20260708-S002-P009,2026-07-08,S002,P009,70,43.0
INV-20260708-S002-P010,2026-07-08,S002,P010,104,66.0
INV-20260708-S002-P011,2026-07-08,S002,P011,39,12.0
INV-20260708-S002-P012,2026-07-08,S002,P012,272,101.0
INV-20260708-S002-P013,2026-07-08,S002,P013,191,56.0
INV-20260708-S002-P014,2026-07-08,S002,P014,272,84.0
INV-20260708-S002-P015,2026-07-08,S002,P015,50,18.0
INV-20260708-S002-P016,2026-07-08,S002,P016,124,56.0
INV-20260708-S002-P017,2026-07-08,S002,P017,219,56.0
INV-20260708-S002-P018,2026-07-08,S002,P018,206,99.0
INV-20260708-S002-P019,2026-07-08,S002,P019,189,64.0
INV-20260708-S002-P020,2026-07-08,S002,P020,76,55.0
INV-20260708-S002-P021,2026-07-08,S002,P021,151,35.0
INV-20260708-S002-P022,2026-07-08,S002,P022,175,41.0
INV-20260708-S002-P023,2026-07-08,S002,P023,169,59.0
INV-20260708-S002-P024,2026-07-08,S002,P024,114,51.0
INV-20260708-S002-P025,2026-07-08,S002,P025,98,12.0
INV-20260708-S002-P026,2026-07-08,S002,P026,194,88.0
INV-20260708-S002-P027,2026-07-08,S002,P027,453,95.0
INV-20260708-S002-P028,2026-07-08,S002,P028,106,23.0
INV-20260708-S002-P029,2026-07-08,S002,P029,140,62.0
INV-20260708-S002-P030,2026-07-08,S002,P030,97,20.0
INV-20260708-S002-P031,2026-07-08,S002,P031,195,74.0
INV-20260708-S002-P032,2026-07-08,S002,P032,108,37.0
INV-20260708-S002-P033,2026-07-08,S002,P033,104,72.0
INV-20260708-S002-P034,2026-07-08,S002,P034,204,79.0
INV-20260708-S002-P035,2026-07-08,S002,P035,303,83.0
INV-20260708-S002-P036,2026-07-08,S002,P036,46,20.0
INV-20260708-S002-P037,2026-07-08,S002,P037,360,97.0
INV-20260708-S002-P038,2026-07-08,S002,P038,141,32.0
INV-20260708-S002-P039,2026-07-08,S002,P039,47,14.0
INV-20260708-S002-P040,2026-07-08,S002,P040,275,62.0
INV-20260708-S002-P041,2026-07-08,S002,P041,89,45.0
INV-20260708-S002-P042,2026-07-08,S002,P042,263,88.0
INV-20260708-S002-P043,2026-07-08,S002,P043,207,86.0
INV-20260708-S002-P044,2026-07-08,S002,P044,157,40.0
INV-20260708-S002-P045,2026-07-08,S002,P045,288,100.0
INV-20260708-S002-P046,2026-07-08,S002,P046,45,37.0
INV-20260708-S002-P047,2026-07-08,S002,P047,198,59.0
INV-20260708-S002-P048,2026-07-08,S002,P048,142,34.0
INV-20260708-S002-P049,2026-07-08,S002,P049,355,98.0
INV-20260708-S002-P050,2026-07-08,S002,P050,74,26.0
INV-20260708-S003-P001,2026-07-08,S003,P001,190,57.0
INV-20260708-S003-P002,2026-07-08,S003,P002,83,41.0
INV-20260708-S003-P003,2026-07-08,S003,P003,59,24.0
INV-20260708-S003-P004,2026-07-08,S003,P004,76,20.0
INV-20260708-S003-P005,2026-07-08,S003,P005,296,66.0
INV-20260708-S003-P006,2026-07-08,S003,P006,75,26.0
INV-20260708-S003-P007,2026-07-08,S003,P007,151,97.0
INV-20260708-S003-P008,2026-07-08,S003,P008,70,65.0
INV-20260708-S003-P009,2026-07-08,S003,P009,202,43.0
INV-20260708-S003-P010,2026-07-08,S003,P010,133,66.0
INV-20260708-S003-P011,2026-07-08,S003,P011,230,12.0
INV-20260708-S003-P012,2026-07-08,S003,P012,123,101.0
INV-20260708-S003-P013,2026-07-08,S003,P013,107,56.0
INV-20260708-S003-P014,2026-07-08,S003,P014,275,84.0
INV-20260708-S003-P015,2026-07-08,S003,P015,33,18.0
INV-20260708-S003-P016,2026-07-08,S003,P016,213,56.0
INV-20260708-S003-P017,2026-07-08,S003,P017,173,56.0
INV-20260708-S003-P018,2026-07-08,S003,P018,326,99.0
INV-20260708-S003-P019,2026-07-08,S003,P019,143,64.0
INV-20260708-S003-P020,2026-07-08,S003,P020,199,55.0
INV-20260708-S003-P021,2026-07-08,S003,P021,40,35.0
INV-20260708-S003-P022,2026-07-08,S003,P022,58,41.0
INV-20260708-S003-P023,2026-07-08,S003,P023,253,59.0
INV-20260708-S003-P024,2026-07-08,S003,P024,56,51.0
INV-20260708-S003-P025,2026-07-08,S003,P025,217,12.0
INV-20260708-S003-P026,2026-07-08,S003,P026,385,88.0
INV-20260708-S003-P027,2026-07-08,S003,P027,380,95.0
INV-20260708-S003-P028,2026-07-08,S003,P028,109,23.0
INV-20260708-S003-P029,2026-07-08,S003,P029,277,62.0
INV-20260708-S003-P030,2026-07-08,S003,P030,67,20.0
INV-20260708-S003-P031,2026-07-08,S003,P031,201,74.0
INV-20260708-S003-P032,2026-07-08,S003,P032,68,37.0
INV-20260708-S003-P033,2026-07-08,S003,P033,228,72.0
INV-20260708-S003-P034,2026-07-08,S003,P034,88,79.0
INV-20260708-S003-P035,2026-07-08,S003,P035,253,83.0
INV-20260708-S003-P036,2026-07-08,S003,P036,79,20.0
INV-20260708-S003-P037,2026-07-08,S003,P037,250,97.0
INV-20260708-S003-P038,2026-07-08,S003,P038,145,32.0
INV-20260708-S003-P039,2026-07-08,S003,P039,231,14.0
INV-20260708-S003-P040,2026-07-08,S003,P040,266,62.0
INV-20260708-S003-P041,2026-07-08,S003,P041,72,45.0
INV-20260708-S003-P042,2026-07-08,S003,P042,377,88.0
INV-20260708-S003-P043,2026-07-08,S003,P043,386,86.0
INV-20260708-S003-P044,2026-07-08,S003,P044,147,40.0
INV-20260708-S003-P045,2026-07-08,S003,P045,178,100.0
INV-20260708-S003-P046,2026-07-08,S003,P046,86,37.0
INV-20260708-S003-P047,2026-07-08,S003,P047,170,59.0
INV-20260708-S003-P048,2026-07-08,S003,P048,83,34.0
INV-20260708-S003-P049,2026-07-08,S003,P049,444,98.0
INV-20260709-S001-P001,2026-07-09,S001,P001,187,57.0
INV-20260709-S001-P002,2026-07-09,S001,P002,194,41.0
INV-20260709-S001-P003,2026-07-09,S001,P003,52,24.0
INV-20260709-S001-P004,2026-07-09,S001,P004,56,20.0
INV-20260709-S001-P005,2026-07-09,S001,P005,312,66.0
INV-20260709-S001-P006,2026-07-09,S001,P006,172,26.0
INV-20260709-S001-P007,2026-07-09,S001,P007,443,97.0
INV-20260709-S001-P008,2026-07-09,S001,P008,320,65.0
INV-20260709-S001-P009,2026-07-09,S001,P009,50,43.0
INV-20260709-S001-P010,2026-07-09,S001,P010,242,66.0
INV-20260709-S001-P011,2026-07-09,S001,P011,242,12.0
INV-20260709-S001-P012,2026-07-09,S001,P012,249,101.0
INV-20260709-S001-P013,2026-07-09,S001,P013,265,56.0
INV-20260709-S001-P014,2026-07-09,S001,P014,336,84.0
INV-20260709-S001-P015,2026-07-09,S001,P015,84,18.0
INV-20260709-S001-P016,2026-07-09,S001,P016,227,56.0
INV-20260709-S001-P017,2026-07-09,S001,P017,188,56.0
INV-20260709-S001-P018,2026-07-09,S001,P018,455,99.0
INV-20260709-S001-P019,2026-07-09,S001,P019,230,64.0
INV-20260709-S001-P020,2026-07-09,S001,P020,265,55.0
INV-20260709-S001-P021,2026-07-09,S001,P021,132,35.0
INV-20260709-S001-P022,2026-07-09,S001,P022,60,41.0
INV-20260709-S001-P023,2026-07-09,S001,P023,152,59.0
INV-20260709-S001-P024,2026-07-09,S001,P024,140,51.0
INV-20260709-S001-P025,2026-07-09,S001,P025,271,12.0
INV-20260709-S001-P026,2026-07-09,S001,P026,330,88.0
INV-20260709-S001-P027,2026-07-09,S001,P027,247,95.0
INV-20260709-S001-P028,2026-07-09,S001,P028,112,23.0
INV-20260709-S001-P029,2026-07-09,S001,P029,142,62.0
INV-20260709-S001-P030,2026-07-09,S001,P030,71,20.0
INV-20260709-S001-P031,2026-07-09,S001,P031,274,74.0
INV-20260709-S001-P032,2026-07-09,S001,P032,41,37.0
INV-20260709-S001-P033,2026-07-09,S001,P033,290,72.0
INV-20260709-S001-P034,2026-07-09,S001,P034,358,79.0
INV-20260709-S001-P035,2026-07-09,S001,P035,285,83.0
INV-20260709-S001-P036,2026-07-09,S001,P036,102,20.0
INV-20260709-S001-P037,2026-07-09,S001,P037,382,97.0
INV-20260709-S001-P038,2026-07-09,S001,P038,75,32.0
INV-20260709-S001-P039,2026-07-09,S001,P039,245,14.0
INV-20260709-S001-P040,2026-07-09,S001,P040,307,62.0
INV-20260709-S001-P041,2026-07-09,S001,P041,90,45.0
INV-20260709-S001-P042,2026-07-09,S001,P042,375,88.0
INV-20260709-S001-P043,2026-07-09,S001,P043,410,86.0
INV-20260709-S001-P044,2026-07-09,S001,P044,72,40.0
INV-20260709-S001-P045,2026-07-09,S001,P045,156,100.0
INV-20260709-S001-P046,2026-07-09,S001,P046,148,37.0
INV-20260709-S001-P047,2026-07-09,S001,P047,242,59.0
INV-20260709-S001-P048,2026-07-09,S001,P048,104,34.0
INV-20260709-S001-P049,2026-07-09,S001,P049,450,98.0
INV-20260709-S001-P050,2026-07-09,S001,P050,37,26.0
INV-20260709-S002-P001,2026-07-09,S002,P001,248,57.0
INV-20260709-S002-P002,2026-07-09,S002,P002,183,41.0
INV-20260709-S002-P003,2026-07-09,S002,P003,111,24.0
INV-20260709-S002-P004,2026-07-09,S002,P004,390,20.0
INV-20260709-S002-P005,2026-07-09,S002,P005,69,66.0
INV-20260709-S002-P006,2026-07-09,S002,P006,64,26.0
INV-20260709-S002-P007,2026-07-09,S002,P007,227,97.0
INV-20260709-S002-P008,2026-07-09,S002,P008,116,65.0
INV-20260709-S002-P009,2026-07-09,S002,P009,63,43.0
INV-20260709-S002-P010,2026-07-09,S002,P010,91,66.0
INV-20260709-S002-P011,2026-07-09,S002,P011,38,12.0
INV-20260709-S002-P012,2026-07-09,S002,P012,256,101.0
INV-20260709-S002-P013,2026-07-09,S002,P013,184,56.0
INV-20260709-S002-P014,2026-07-09,S002,P014,261,84.0
INV-20260709-S002-P015,2026-07-09,S002,P015,47,18.0
INV-20260709-S002-P016,2026-07-09,S002,P016,117,56.0
INV-20260709-S002-P017,2026-07-09,S002,P017,207,56.0
INV-20260709-S002-P018,2026-07-09,S002,P018,183,99.0
INV-20260709-S002-P019,2026-07-09,S002,P019,179,64.0
INV-20260709-S002-P020,2026-07-09,S002,P020,66,55.0
INV-20260709-S002-P021,2026-07-09,S002,P021,149,35.0
INV-20260709-S002-P022,2026-07-09,S002,P022,166,41.0
INV-20260709-S002-P023,2026-07-09,S002,P023,163,59.0
INV-20260709-S002-P024,2026-07-09,S002,P024,103,51.0
INV-20260709-S002-P025,2026-07-09,S002,P025,95,12.0
INV-20260709-S002-P026,2026-07-09,S002,P026,180,88.0
INV-20260709-S002-P027,2026-07-09,S002,P027,443,95.0
INV-20260709-S002-P028,2026-07-09,S002,P028,100,23.0
INV-20260709-S002-P029,2026-07-09,S002,P029,120,62.0
INV-20260709-S002-P030,2026-07-09,S002,P030,96,20.0
INV-20260709-S002-P031,2026-07-09,S002,P031,183,74.0
INV-20260709-S002-P032,2026-07-09,S002,P032,106,37.0
INV-20260709-S002-P033,2026-07-09,S002,P033,95,72.0
INV-20260709-S002-P034,2026-07-09,S002,P034,193,79.0
INV-20260709-S002-P035,2026-07-09,S002,P035,283,83.0
INV-20260709-S002-P036,2026-07-09,S002,P036,43,20.0
INV-20260709-S002-P037,2026-07-09,S002,P037,347,97.0
INV-20260709-S002-P038,2026-07-09,S002,P038,131,32.0
INV-20260709-S002-P039,2026-07-09,S002,P039,44,14.0
INV-20260709-S002-P040,2026-07-09,S002,P040,272,62.0
INV-20260709-S002-P041,2026-07-09,S002,P041,81,45.0
INV-20260709-S002-P042,2026-07-09,S002,P042,250,88.0
INV-20260709-S002-P043,2026-07-09,S002,P043,196,86.0
INV-20260709-S002-P044,2026-07-09,S002,P044,154,40.0
INV-20260709-S002-P045,2026-07-09,S002,P045,272,100.0
INV-20260709-S002-P046,2026-07-09,S002,P046,42,37.0
INV-20260709-S002-P047,2026-07-09,S002,P047,188,59.0
INV-20260709-S002-P048,2026-07-09,S002,P048,139,34.0
INV-20260709-S002-P049,2026-07-09,S002,P049,340,98.0
INV-20260709-S002-P050,2026-07-09,S002,P050,73,26.0
INV-20260709-S003-P001,2026-07-09,S003,P001,186,57.0
INV-20260709-S003-P002,2026-07-09,S003,P002,78,41.0
INV-20260709-S003-P003,2026-07-09,S003,P003,55,24.0
INV-20260709-S003-P004,2026-07-09,S003,P004,74,20.0
INV-20260709-S003-P005,2026-07-09,S003,P005,293,66.0
INV-20260709-S003-P006,2026-07-09,S003,P006,71,26.0
INV-20260709-S003-P007,2026-07-09,S003,P007,140,97.0
INV-20260709-S003-P008,2026-07-09,S003,P008,323,65.0
INV-20260709-S003-P009,2026-07-09,S003,P009,196,43.0
INV-20260709-S003-P010,2026-07-09,S003,P010,130,66.0
INV-20260709-S003-P011,2026-07-09,S003,P011,226,12.0
INV-20260709-S003-P012,2026-07-09,S003,P012,111,101.0
INV-20260709-S003-P013,2026-07-09,S003,P013,98,56.0
INV-20260709-S003-P014,2026-07-09,S003,P014,263,84.0
INV-20260709-S003-P015,2026-07-09,S003,P015,32,18.0
INV-20260709-S003-P016,2026-07-09,S003,P016,206,56.0
INV-20260709-S003-P017,2026-07-09,S003,P017,173,56.0
INV-20260709-S003-P018,2026-07-09,S003,P018,312,99.0
INV-20260709-S003-P019,2026-07-09,S003,P019,129,64.0
INV-20260709-S003-P020,2026-07-09,S003,P020,197,55.0
INV-20260709-S003-P021,2026-07-09,S003,P021,36,35.0
INV-20260709-S003-P022,2026-07-09,S003,P022,53,41.0
INV-20260709-S003-P023,2026-07-09,S003,P023,245,59.0
INV-20260709-S003-P024,2026-07-09,S003,P024,55,51.0
INV-20260709-S003-P025,2026-07-09,S003,P025,217,12.0
INV-20260709-S003-P026,2026-07-09,S003,P026,373,88.0
INV-20260709-S003-P027,2026-07-09,S003,P027,368,95.0
INV-20260709-S003-P028,2026-07-09,S003,P028,108,23.0
INV-20260709-S003-P029,2026-07-09,S003,P029,272,62.0
INV-20260709-S003-P030,2026-07-09,S003,P030,67,20.0
INV-20260709-S003-P031,2026-07-09,S003,P031,192,74.0
INV-20260709-S003-P032,2026-07-09,S003,P032,65,37.0
INV-20260709-S003-P033,2026-07-09,S003,P033,223,72.0
INV-20260709-S003-P034,2026-07-09,S003,P034,82,79.0
INV-20260709-S003-P035,2026-07-09,S003,P035,247,83.0
INV-20260709-S003-P036,2026-07-09,S003,P036,75,20.0
INV-20260709-S003-P037,2026-07-09,S003,P037,244,97.0
INV-20260709-S003-P038,2026-07-09,S003,P038,140,32.0
INV-20260709-S003-P039,2026-07-09,S003,P039,231,14.0
INV-20260709-S003-P040,2026-07-09,S003,P040,261,62.0
INV-20260709-S003-P041,2026-07-09,S003,P041,68,45.0
INV-20260709-S003-P042,2026-07-09,S003,P042,366,88.0
INV-20260709-S003-P043,2026-07-09,S003,P043,374,86.0
INV-20260709-S003-P044,2026-07-09,S003,P044,143,40.0
INV-20260709-S003-P045,2026-07-09,S003,P045,163,100.0
INV-20260709-S003-P046,2026-07-09,S003,P046,82,37.0
INV-20260709-S003-P047,2026-07-09,S003,P047,162,59.0
INV-20260709-S003-P048,2026-07-09,S003,P048,80,34.0
INV-20260709-S003-P049,2026-07-09,S003,P049,435,98.0
INV-20260710-S001-P001,2026-07-10,S001,P001,182,57.0
INV-20260710-S001-P002,2026-07-10,S001,P002,187,41.0
INV-20260710-S001-P003,2026-07-10,S001,P003,50,24.0
INV-20260710-S001-P004,2026-07-10,S001,P004,48,20.0
INV-20260710-S001-P005,2026-07-10,S001,P005,297,66.0
INV-20260710-S001-P006,2026-07-10,S001,P006,160,26.0
INV-20260710-S001-P007,2026-07-10,S001,P007,424,97.0
INV-20260710-S001-P008,2026-07-10,S001,P008,310,65.0
INV-20260710-S001-P009,2026-07-10,S001,P009,46,43.0
INV-20260710-S001-P010,2026-07-10,S001,P010,235,66.0
INV-20260710-S001-P011,2026-07-10,S001,P011,241,12.0
INV-20260710-S001-P012,2026-07-10,S001,P012,229,101.0
INV-20260710-S001-P013,2026-07-10,S001,P013,256,56.0
INV-20260710-S001-P014,2026-07-10,S001,P014,325,84.0
INV-20260710-S001-P015,2026-07-10,S001,P015,77,18.0
INV-20260710-S001-P016,2026-07-10,S001,P016,216,56.0
INV-20260710-S001-P017,2026-07-10,S001,P017,176,56.0
INV-20260710-S001-P018,2026-07-10,S001,P018,440,99.0
INV-20260710-S001-P019,2026-07-10,S001,P019,224,64.0
INV-20260710-S001-P020,2026-07-10,S001,P020,254,55.0
INV-20260710-S001-P021,2026-07-10,S001,P021,126,35.0
INV-20260710-S001-P022,2026-07-10,S001,P022,56,41.0
INV-20260710-S001-P023,2026-07-10,S001,P023,141,59.0
INV-20260710-S001-P024,2026-07-10,S001,P024,135,51.0
INV-20260710-S001-P025,2026-07-10,S001,P025,268,12.0
INV-20260710-S001-P026,2026-07-10,S001,P026,321,88.0
INV-20260710-S001-P027,2026-07-10,S001,P027,234,95.0
INV-20260710-S001-P028,2026-07-10,S001,P028,109,23.0
INV-20260710-S001-P029,2026-07-10,S001,P029,132,62.0
INV-20260710-S001-P030,2026-07-10,S001,P030,69,20.0
INV-20260710-S001-P031,2026-07-10,S001,P031,259,74.0
INV-20260710-S001-P032,2026-07-10,S001,P032,181,37.0
INV-20260710-S001-P033,2026-07-10,S001,P033,277,72.0
INV-20260710-S001-P034,2026-07-10,S001,P034,343,79.0
INV-20260710-S001-P035,2026-07-10,S001,P035,273,83.0
INV-20260710-S001-P036,2026-07-10,S001,P036,102,20.0
INV-20260710-S001-P037,2026-07-10,S001,P037,369,97.0
INV-20260710-S001-P038,2026-07-10,S001,P038,69,32.0
INV-20260710-S001-P039,2026-07-10,S001,P039,240,14.0
INV-20260710-S001-P040,2026-07-10,S001,P040,297,62.0
INV-20260710-S001-P041,2026-07-10,S001,P041,84,45.0
INV-20260710-S001-P042,2026-07-10,S001,P042,363,88.0
INV-20260710-S001-P043,2026-07-10,S001,P043,400,86.0
INV-20260710-S001-P044,2026-07-10,S001,P044,62,40.0
INV-20260710-S001-P045,2026-07-10,S001,P045,141,100.0
INV-20260710-S001-P046,2026-07-10,S001,P046,142,37.0
INV-20260710-S001-P047,2026-07-10,S001,P047,228,59.0
INV-20260710-S001-P048,2026-07-10,S001,P048,98,34.0
INV-20260710-S001-P049,2026-07-10,S001,P049,431,98.0
INV-20260710-S001-P050,2026-07-10,S001,P050,35,26.0
INV-20260710-S002-P001,2026-07-10,S002,P001,241,57.0
INV-20260710-S002-P002,2026-07-10,S002,P002,173,41.0
INV-20260710-S002-P003,2026-07-10,S002,P003,108,24.0
INV-20260710-S002-P004,2026-07-10,S002,P004,390,20.0
INV-20260710-S002-P005,2026-07-10,S002,P005,317,66.0
INV-20260710-S002-P006,2026-07-10,S002,P006,62,26.0
INV-20260710-S002-P007,2026-07-10,S002,P007,227,97.0
INV-20260710-S002-P008,2026-07-10,S002,P008,104,65.0
INV-20260710-S002-P009,2026-07-10,S002,P009,57,43.0
INV-20260710-S002-P010,2026-07-10,S002,P010,75,66.0
INV-20260710-S002-P011,2026-07-10,S002,P011,36,12.0
INV-20260710-S002-P012,2026-07-10,S002,P012,244,101.0
INV-20260710-S002-P013,2026-07-10,S002,P013,174,56.0
INV-20260710-S002-P014,2026-07-10,S002,P014,245,84.0
INV-20260710-S002-P015,2026-07-10,S002,P015,37,18.0
INV-20260710-S002-P016,2026-07-10,S002,P016,105,56.0
INV-20260710-S002-P017,2026-07-10,S002,P017,196,56.0
INV-20260710-S002-P018,2026-07-10,S002,P018,163,99.0
INV-20260710-S002-P019,2026-07-10,S002,P019,171,64.0
INV-20260710-S002-P020,2026-07-10,S002,P020,272,55.0
INV-20260710-S002-P021,2026-07-10,S002,P021,147,35.0
INV-20260710-S002-P022,2026-07-10,S002,P022,160,41.0
INV-20260710-S002-P023,2026-07-10,S002,P023,151,59.0
INV-20260710-S002-P024,2026-07-10,S002,P024,92,51.0
INV-20260710-S002-P025,2026-07-10,S002,P025,93,12.0
INV-20260710-S002-P026,2026-07-10,S002,P026,168,88.0
INV-20260710-S002-P027,2026-07-10,S002,P027,426,95.0
INV-20260710-S002-P028,2026-07-10,S002,P028,92,23.0
INV-20260710-S002-P029,2026-07-10,S002,P029,109,62.0
INV-20260710-S002-P030,2026-07-10,S002,P030,91,20.0
INV-20260710-S002-P031,2026-07-10,S002,P031,176,74.0
INV-20260710-S002-P032,2026-07-10,S002,P032,100,37.0
INV-20260710-S002-P033,2026-07-10,S002,P033,86,72.0
INV-20260710-S002-P034,2026-07-10,S002,P034,181,79.0
INV-20260710-S002-P035,2026-07-10,S002,P035,273,83.0
INV-20260710-S002-P036,2026-07-10,S002,P036,39,20.0
INV-20260710-S002-P037,2026-07-10,S002,P037,335,97.0
INV-20260710-S002-P038,2026-07-10,S002,P038,128,32.0
INV-20260710-S002-P039,2026-07-10,S002,P039,43,14.0
INV-20260710-S002-P040,2026-07-10,S002,P040,260,62.0
INV-20260710-S002-P041,2026-07-10,S002,P041,70,45.0
INV-20260710-S002-P042,2026-07-10,S002,P042,232,88.0
INV-20260710-S002-P043,2026-07-10,S002,P043,181,86.0
INV-20260710-S002-P044,2026-07-10,S002,P044,149,40.0
INV-20260710-S002-P045,2026-07-10,S002,P045,255,100.0
INV-20260710-S002-P046,2026-07-10,S002,P046,186,37.0
INV-20260710-S002-P047,2026-07-10,S002,P047,181,59.0
INV-20260710-S002-P048,2026-07-10,S002,P048,135,34.0
INV-20260710-S002-P049,2026-07-10,S002,P049,322,98.0
INV-20260710-S002-P050,2026-07-10,S002,P050,69,26.0
INV-20260710-S003-P001,2026-07-10,S003,P001,178,57.0
INV-20260710-S003-P002,2026-07-10,S003,P002,74,41.0
INV-20260710-S003-P003,2026-07-10,S003,P003,47,24.0
INV-20260710-S003-P004,2026-07-10,S003,P004,72,20.0
INV-20260710-S003-P005,2026-07-10,S003,P005,286,66.0
INV-20260710-S003-P006,2026-07-10,S003,P006,70,26.0
INV-20260710-S003-P007,2026-07-10,S003,P007,129,97.0
INV-20260710-S003-P008,2026-07-10,S003,P008,317,65.0
INV-20260710-S003-P009,2026-07-10,S003,P009,190,43.0
INV-20260710-S003-P010,2026-07-10,S003,P010,125,66.0
INV-20260710-S003-P011,2026-07-10,S003,P011,226,12.0
INV-20260710-S003-P012,2026-07-10,S003,P012,504,101.0
INV-20260710-S003-P013,2026-07-10,S003,P013,92,56.0
INV-20260710-S003-P014,2026-07-10,S003,P014,254,84.0
INV-20260710-S003-P015,2026-07-10,S003,P015,30,18.0
INV-20260710-S003-P016,2026-07-10,S003,P016,201,56.0
INV-20260710-S003-P017,2026-07-10,S003,P017,169,56.0
INV-20260710-S003-P018,2026-07-10,S003,P018,300,99.0
INV-20260710-S003-P019,2026-07-10,S003,P019,124,64.0
INV-20260710-S003-P020,2026-07-10,S003,P020,185,55.0
INV-20260710-S003-P021,2026-07-10,S003,P021,174,35.0
INV-20260710-S003-P022,2026-07-10,S003,P022,49,41.0
INV-20260710-S003-P023,2026-07-10,S003,P023,234,59.0
INV-20260710-S003-P024,2026-07-10,S003,P024,54,51.0
INV-20260710-S003-P025,2026-07-10,S003,P025,214,12.0
INV-20260710-S003-P026,2026-07-10,S003,P026,363,88.0
INV-20260710-S003-P027,2026-07-10,S003,P027,359,95.0
INV-20260710-S003-P028,2026-07-10,S003,P028,105,23.0
INV-20260710-S003-P029,2026-07-10,S003,P029,264,62.0
INV-20260710-S003-P030,2026-07-10,S003,P030,65,20.0
INV-20260710-S003-P031,2026-07-10,S003,P031,183,74.0
INV-20260710-S003-P032,2026-07-10,S003,P032,63,37.0
INV-20260710-S003-P033,2026-07-10,S003,P033,219,72.0
INV-20260710-S003-P034,2026-07-10,S003,P034,390,79.0
INV-20260710-S003-P035,2026-07-10,S003,P035,235,83.0
INV-20260710-S003-P036,2026-07-10,S003,P036,74,20.0
INV-20260710-S003-P037,2026-07-10,S003,P037,232,97.0
INV-20260710-S003-P038,2026-07-10,S003,P038,135,32.0
INV-20260710-S003-P039,2026-07-10,S003,P039,228,14.0
INV-20260710-S003-P040,2026-07-10,S003,P040,253,62.0
INV-20260710-S003-P041,2026-07-10,S003,P041,62,45.0
INV-20260710-S003-P042,2026-07-10,S003,P042,358,88.0
INV-20260710-S003-P043,2026-07-10,S003,P043,359,86.0
INV-20260710-S003-P044,2026-07-10,S003,P044,138,40.0
INV-20260710-S003-P045,2026-07-10,S003,P045,145,100.0
INV-20260710-S003-P046,2026-07-10,S003,P046,75,37.0
INV-20260710-S003-P047,2026-07-10,S003,P047,149,59.0
INV-20260710-S003-P048,2026-07-10,S003,P048,75,34.0
INV-20260710-S003-P049,2026-07-10,S003,P049,426,98.0
INV-20260711-S001-P001,2026-07-11,S001,P001,176,57.0
INV-20260711-S001-P002,2026-07-11,S001,P002,184,41.0
INV-20260711-S001-P003,2026-07-11,S001,P003,47,24.0
INV-20260711-S001-P004,2026-07-11,S001,P004,44,20.0
INV-20260711-S001-P005,2026-07-11,S001,P005,291,66.0
INV-20260711-S001-P006,2026-07-11,S001,P006,158,26.0
INV-20260711-S001-P007,2026-07-11,S001,P007,413,97.0
INV-20260711-S001-P008,2026-07-11,S001,P008,301,65.0
INV-20260711-S001-P009,2026-07-11,S001,P009,211,43.0
INV-20260711-S001-P010,2026-07-11,S001,P010,224,66.0
INV-20260711-S001-P011,2026-07-11,S001,P011,238,12.0
INV-20260711-S001-P012,2026-07-11,S001,P012,214,101.0
INV-20260711-S001-P013,2026-07-11,S001,P013,244,56.0
INV-20260711-S001-P014,2026-07-11,S001,P014,306,84.0
INV-20260711-S001-P015,2026-07-11,S001,P015,74,18.0
INV-20260711-S001-P016,2026-07-11,S001,P016,207,56.0
INV-20260711-S001-P017,2026-07-11,S001,P017,163,56.0
INV-20260711-S001-P018,2026-07-11,S001,P018,421,99.0
INV-20260711-S001-P019,2026-07-11,S001,P019,213,64.0
INV-20260711-S001-P020,2026-07-11,S001,P020,245,55.0
INV-20260711-S001-P021,2026-07-11,S001,P021,116,35.0
INV-20260711-S001-P022,2026-07-11,S001,P022,51,41.0
INV-20260711-S001-P023,2026-07-11,S001,P023,133,59.0
INV-20260711-S001-P024,2026-07-11,S001,P024,127,51.0
INV-20260711-S001-P025,2026-07-11,S001,P025,268,12.0
INV-20260711-S001-P026,2026-07-11,S001,P026,307,88.0
INV-20260711-S001-P027,2026-07-11,S001,P027,219,95.0
INV-20260711-S001-P028,2026-07-11,S001,P028,106,23.0
INV-20260711-S001-P029,2026-07-11,S001,P029,126,62.0
INV-20260711-S001-P030,2026-07-11,S001,P030,64,20.0
INV-20260711-S001-P031,2026-07-11,S001,P031,248,74.0
INV-20260711-S001-P032,2026-07-11,S001,P032,177,37.0
INV-20260711-S001-P033,2026-07-11,S001,P033,265,72.0
INV-20260711-S001-P034,2026-07-11,S001,P034,332,79.0
INV-20260711-S001-P035,2026-07-11,S001,P035,261,83.0
INV-20260711-S001-P036,2026-07-11,S001,P036,97,20.0
INV-20260711-S001-P037,2026-07-11,S001,P037,345,97.0
INV-20260711-S001-P038,2026-07-11,S001,P038,63,32.0
INV-20260711-S001-P039,2026-07-11,S001,P039,239,14.0
INV-20260711-S001-P040,2026-07-11,S001,P040,285,62.0
INV-20260711-S001-P041,2026-07-11,S001,P041,80,45.0
INV-20260711-S001-P042,2026-07-11,S001,P042,347,88.0
INV-20260711-S001-P043,2026-07-11,S001,P043,394,86.0
INV-20260711-S001-P044,2026-07-11,S001,P044,56,40.0
INV-20260711-S001-P045,2026-07-11,S001,P045,125,100.0
INV-20260711-S001-P046,2026-07-11,S001,P046,135,37.0
INV-20260711-S001-P047,2026-07-11,S001,P047,214,59.0
INV-20260711-S001-P048,2026-07-11,S001,P048,92,34.0
INV-20260711-S001-P049,2026-07-11,S001,P049,416,98.0
INV-20260711-S001-P050,2026-07-11,S001,P050,27,26.0
INV-20260711-S002-P001,2026-07-11,S002,P001,231,57.0
INV-20260711-S002-P002,2026-07-11,S002,P002,168,41.0
INV-20260711-S002-P003,2026-07-11,S002,P003,103,24.0
INV-20260711-S002-P004,2026-07-11,S002,P004,390,20.0
INV-20260711-S002-P005,2026-07-11,S002,P005,304,66.0
INV-20260711-S002-P006,2026-07-11,S002,P006,54,26.0
INV-20260711-S002-P007,2026-07-11,S002,P007,227,97.0
INV-20260711-S002-P008,2026-07-11,S002,P008,88,65.0
INV-20260711-S002-P009,2026-07-11,S002,P009,50,43.0
INV-20260711-S002-P010,2026-07-11,S002,P010,67,66.0
INV-20260711-S002-P011,2026-07-11,S002,P011,33,12.0
INV-20260711-S002-P012,2026-07-11,S002,P012,227,101.0
INV-20260711-S002-P013,2026-07-11,S002,P013,165,56.0
INV-20260711-S002-P014,2026-07-11,S002,P014,230,84.0
INV-20260711-S002-P015,2026-07-11,S002,P015,32,18.0
INV-20260711-S002-P016,2026-07-11,S002,P016,93,56.0
INV-20260711-S002-P017,2026-07-11,S002,P017,184,56.0
INV-20260711-S002-P018,2026-07-11,S002,P018,142,99.0
INV-20260711-S002-P019,2026-07-11,S002,P019,164,64.0
INV-20260711-S002-P020,2026-07-11,S002,P020,259,55.0
INV-20260711-S002-P021,2026-07-11,S002,P021,141,35.0
INV-20260711-S002-P022,2026-07-11,S002,P022,151,41.0
INV-20260711-S002-P023,2026-07-11,S002,P023,137,59.0
INV-20260711-S002-P024,2026-07-11,S002,P024,83,51.0
INV-20260711-S002-P025,2026-07-11,S002,P025,92,12.0
INV-20260711-S002-P026,2026-07-11,S002,P026,148,88.0
INV-20260711-S002-P027,2026-07-11,S002,P027,400,95.0
INV-20260711-S002-P028,2026-07-11,S002,P028,87,23.0
INV-20260711-S002-P029,2026-07-11,S002,P029,100,62.0
INV-20260711-S002-P030,2026-07-11,S002,P030,89,20.0
INV-20260711-S002-P031,2026-07-11,S002,P031,161,74.0
INV-20260711-S002-P032,2026-07-11,S002,P032,95,37.0
INV-20260711-S002-P033,2026-07-11,S002,P033,358,72.0
INV-20260711-S002-P034,2026-07-11,S002,P034,159,79.0
INV-20260711-S002-P035,2026-07-11,S002,P035,261,83.0
INV-20260711-S002-P036,2026-07-11,S002,P036,37,20.0
INV-20260711-S002-P037,2026-07-11,S002,P037,310,97.0
INV-20260711-S002-P038,2026-07-11,S002,P038,118,32.0
INV-20260711-S002-P039,2026-07-11,S002,P039,39,14.0
INV-20260711-S002-P040,2026-07-11,S002,P040,256,62.0
INV-20260711-S002-P041,2026-07-11,S002,P041,59,45.0
INV-20260711-S002-P042,2026-07-11,S002,P042,217,88.0
INV-20260711-S002-P043,2026-07-11,S002,P043,164,86.0
INV-20260711-S002-P044,2026-07-11,S002,P044,141,40.0
INV-20260711-S002-P045,2026-07-11,S002,P045,232,100.0
INV-20260711-S002-P046,2026-07-11,S002,P046,184,37.0
INV-20260711-S002-P047,2026-07-11,S002,P047,175,59.0
INV-20260711-S002-P048,2026-07-11,S002,P048,129,34.0
INV-20260711-S002-P049,2026-07-11,S002,P049,298,98.0
INV-20260711-S002-P050,2026-07-11,S002,P050,66,26.0
INV-20260711-S003-P001,2026-07-11,S003,P001,172,57.0
INV-20260711-S003-P002,2026-07-11,S003,P002,72,41.0
INV-20260711-S003-P003,2026-07-11,S003,P003,46,24.0
INV-20260711-S003-P004,2026-07-11,S003,P004,69,20.0
INV-20260711-S003-P005,2026-07-11,S003,P005,279,66.0
INV-20260711-S003-P006,2026-07-11,S003,P006,67,26.0
INV-20260711-S003-P007,2026-07-11,S003,P007,120,97.0
INV-20260711-S003-P008,2026-07-11,S003,P008,311,65.0
INV-20260711-S003-P009,2026-07-11,S003,P009,190,43.0
INV-20260711-S003-P010,2026-07-11,S003,P010,115,66.0
INV-20260711-S003-P011,2026-07-11,S003,P011,226,12.0
INV-20260711-S003-P012,2026-07-11,S003,P012,491,101.0
INV-20260711-S003-P013,2026-07-11,S003,P013,79,56.0
INV-20260711-S003-P014,2026-07-11,S003,P014,240,84.0
INV-20260711-S003-P015,2026-07-11,S003,P015,29,18.0
INV-20260711-S003-P016,2026-07-11,S003,P016,194,56.0
INV-20260711-S003-P017,2026-07-11,S003,P017,157,56.0
INV-20260711-S003-P018,2026-07-11,S003,P018,287,99.0
INV-20260711-S003-P019,2026-07-11,S003,P019,112,64.0
INV-20260711-S003-P020,2026-07-11,S003,P020,174,55.0
INV-20260711-S003-P021,2026-07-11,S003,P021,173,35.0
INV-20260711-S003-P022,2026-07-11,S003,P022,207,41.0
INV-20260711-S003-P023,2026-07-11,S003,P023,221,59.0
INV-20260711-S003-P024,2026-07-11,S003,P024,258,51.0
INV-20260711-S003-P025,2026-07-11,S003,P025,213,12.0
INV-20260711-S003-P026,2026-07-11,S003,P026,354,88.0
INV-20260711-S003-P027,2026-07-11,S003,P027,335,95.0
INV-20260711-S003-P028,2026-07-11,S003,P028,99,23.0
INV-20260711-S003-P029,2026-07-11,S003,P029,253,62.0
INV-20260711-S003-P030,2026-07-11,S003,P030,62,20.0
INV-20260711-S003-P031,2026-07-11,S003,P031,174,74.0
INV-20260711-S003-P032,2026-07-11,S003,P032,59,37.0
INV-20260711-S003-P033,2026-07-11,S003,P033,213,72.0
INV-20260711-S003-P034,2026-07-11,S003,P034,382,79.0
INV-20260711-S003-P035,2026-07-11,S003,P035,223,83.0
INV-20260711-S003-P036,2026-07-11,S003,P036,71,20.0
INV-20260711-S003-P037,2026-07-11,S003,P037,219,97.0
INV-20260711-S003-P038,2026-07-11,S003,P038,128,32.0
INV-20260711-S003-P039,2026-07-11,S003,P039,226,14.0
INV-20260711-S003-P040,2026-07-11,S003,P040,248,62.0
INV-20260711-S003-P041,2026-07-11,S003,P041,59,45.0
INV-20260711-S003-P042,2026-07-11,S003,P042,346,88.0
INV-20260711-S003-P043,2026-07-11,S003,P043,347,86.0
INV-20260711-S003-P044,2026-07-11,S003,P044,135,40.0
INV-20260711-S003-P045,2026-07-11,S003,P045,133,100.0
INV-20260711-S003-P046,2026-07-11,S003,P046,73,37.0
INV-20260711-S003-P047,2026-07-11,S003,P047,140,59.0
INV-20260711-S003-P048,2026-07-11,S003,P048,66,34.0
INV-20260711-S003-P049,2026-07-11,S003,P049,410,98.0
INV-20260712-S001-P001,2026-07-12,S001,P001,163,57.0
INV-20260712-S001-P002,2026-07-12,S001,P002,175,41.0
INV-20260712-S001-P003,2026-07-12,S001,P003,42,24.0
INV-20260712-S001-P004,2026-07-12,S001,P004,42,20.0
INV-20260712-S001-P005,2026-07-12,S001,P005,280,66.0
INV-20260712-S001-P006,2026-07-12,S001,P006,153,26.0
INV-20260712-S001-P007,2026-07-12,S001,P007,395,97.0
INV-20260712-S001-P008,2026-07-12,S001,P008,285,65.0
INV-20260712-S001-P009,2026-07-12,S001,P009,208,43.0
INV-20260712-S001-P010,2026-07-12,S001,P010,212,66.0
INV-20260712-S001-P011,2026-07-12,S001,P011,237,12.0
INV-20260712-S001-P012,2026-07-12,S001,P012,198,101.0
INV-20260712-S001-P013,2026-07-12,S001,P013,234,56.0
INV-20260712-S001-P014,2026-07-12,S001,P014,288,84.0
INV-20260712-S001-P015,2026-07-12,S001,P015,72,18.0
INV-20260712-S001-P016,2026-07-12,S001,P016,203,56.0
INV-20260712-S001-P017,2026-07-12,S001,P017,150,56.0
INV-20260712-S001-P018,2026-07-12,S001,P018,407,99.0
INV-20260712-S001-P019,2026-07-12,S001,P019,207,64.0
INV-20260712-S001-P020,2026-07-12,S001,P020,234,55.0
INV-20260712-S001-P021,2026-07-12,S001,P021,110,35.0
INV-20260712-S001-P022,2026-07-12,S001,P022,206,41.0
INV-20260712-S001-P023,2026-07-12,S001,P023,126,59.0
INV-20260712-S001-P024,2026-07-12,S001,P024,120,51.0
INV-20260712-S001-P025,2026-07-12,S001,P025,267,12.0
INV-20260712-S001-P026,2026-07-12,S001,P026,287,88.0
INV-20260712-S001-P027,2026-07-12,S001,P027,202,95.0
INV-20260712-S001-P028,2026-07-12,S001,P028,102,23.0
INV-20260712-S001-P029,2026-07-12,S001,P029,116,62.0
INV-20260712-S001-P030,2026-07-12,S001,P030,60,20.0
INV-20260712-S001-P031,2026-07-12,S001,P031,236,74.0
INV-20260712-S001-P032,2026-07-12,S001,P032,168,37.0
INV-20260712-S001-P033,2026-07-12,S001,P033,254,72.0
INV-20260712-S001-P034,2026-07-12,S001,P034,314,79.0
INV-20260712-S001-P035,2026-07-12,S001,P035,250,83.0
INV-20260712-S001-P036,2026-07-12,S001,P036,96,20.0
INV-20260712-S001-P037,2026-07-12,S001,P037,327,97.0
INV-20260712-S001-P038,2026-07-12,S001,P038,60,32.0
INV-20260712-S001-P039,2026-07-12,S001,P039,237,14.0
INV-20260712-S001-P040,2026-07-12,S001,P040,274,62.0
INV-20260712-S001-P041,2026-07-12,S001,P041,77,45.0
INV-20260712-S001-P042,2026-07-12,S001,P042,330,88.0
INV-20260712-S001-P043,2026-07-12,S001,P043,381,86.0
INV-20260712-S001-P044,2026-07-12,S001,P044,55,40.0
INV-20260712-S001-P045,2026-07-12,S001,P045,103,100.0
INV-20260712-S001-P046,2026-07-12,S001,P046,132,37.0
INV-20260712-S001-P047,2026-07-12,S001,P047,202,59.0
INV-20260712-S001-P048,2026-07-12,S001,P048,86,34.0
INV-20260712-S001-P049,2026-07-12,S001,P049,399,98.0
INV-20260712-S001-P050,2026-07-12,S001,P050,126,26.0
INV-20260712-S002-P001,2026-07-12,S002,P001,224,57.0
INV-20260712-S002-P002,2026-07-12,S002,P002,155,41.0
INV-20260712-S002-P003,2026-07-12,S002,P003,99,24.0
INV-20260712-S002-P004,2026-07-12,S002,P004,389,20.0
INV-20260712-S002-P005,2026-07-12,S002,P005,295,66.0
INV-20260712-S002-P006,2026-07-12,S002,P006,48,26.0
INV-20260712-S002-P007,2026-07-12,S002,P007,227,97.0
INV-20260712-S002-P008,2026-07-12,S002,P008,74,65.0
INV-20260712-S002-P009,2026-07-12,S002,P009,211,43.0
INV-20260712-S002-P010,2026-07-12,S002,P010,315,66.0
INV-20260712-S002-P011,2026-07-12,S002,P011,29,12.0
INV-20260712-S002-P012,2026-07-12,S002,P012,212,101.0
INV-20260712-S002-P013,2026-07-12,S002,P013,154,56.0
INV-20260712-S002-P014,2026-07-12,S002,P014,205,84.0
INV-20260712-S002-P015,2026-07-12,S002,P015,24,18.0
INV-20260712-S002-P016,2026-07-12,S002,P016,88,56.0
INV-20260712-S002-P017,2026-07-12,S002,P017,172,56.0
INV-20260712-S002-P018,2026-07-12,S002,P018,123,99.0
INV-20260712-S002-P019,2026-07-12,S002,P019,147,64.0
INV-20260712-S002-P020,2026-07-12,S002,P020,250,55.0
INV-20260712-S002-P021,2026-07-12,S002,P021,135,35.0
INV-20260712-S002-P022,2026-07-12,S002,P022,139,41.0
INV-20260712-S002-P023,2026-07-12,S002,P023,119,59.0
INV-20260712-S002-P024,2026-07-12,S002,P024,76,51.0
INV-20260712-S002-P025,2026-07-12,S002,P025,89,12.0
INV-20260712-S002-P026,2026-07-12,S002,P026,132,88.0
INV-20260712-S002-P027,2026-07-12,S002,P027,382,95.0
INV-20260712-S002-P028,2026-07-12,S002,P028,81,23.0
INV-20260712-S002-P029,2026-07-12,S002,P029,86,62.0
INV-20260712-S002-P030,2026-07-12,S002,P030,86,20.0
INV-20260712-S002-P031,2026-07-12,S002,P031,141,74.0
INV-20260712-S002-P032,2026-07-12,S002,P032,89,37.0
INV-20260712-S002-P033,2026-07-12,S002,P033,344,72.0
INV-20260712-S002-P034,2026-07-12,S002,P034,135,79.0
INV-20260712-S002-P035,2026-07-12,S002,P035,244,83.0
INV-20260712-S002-P036,2026-07-12,S002,P036,33,20.0
INV-20260712-S002-P037,2026-07-12,S002,P037,283,97.0
INV-20260712-S002-P038,2026-07-12,S002,P038,110,32.0
INV-20260712-S002-P039,2026-07-12,S002,P039,39,14.0
INV-20260712-S002-P040,2026-07-12,S002,P040,249,62.0
INV-20260712-S002-P041,2026-07-12,S002,P041,225,45.0
INV-20260712-S002-P042,2026-07-12,S002,P042,196,88.0
INV-20260712-S002-P043,2026-07-12,S002,P043,153,86.0
INV-20260712-S002-P044,2026-07-12,S002,P044,135,40.0
INV-20260712-S002-P045,2026-07-12,S002,P045,217,100.0
INV-20260712-S002-P046,2026-07-12,S002,P046,173,37.0
INV-20260712-S002-P047,2026-07-12,S002,P047,160,59.0
INV-20260712-S002-P048,2026-07-12,S002,P048,126,34.0
INV-20260712-S002-P049,2026-07-12,S002,P049,281,98.0
INV-20260712-S002-P050,2026-07-12,S002,P050,60,26.0
INV-20260712-S003-P001,2026-07-12,S003,P001,165,57.0
INV-20260712-S003-P002,2026-07-12,S003,P002,63,41.0
INV-20260712-S003-P003,2026-07-12,S003,P003,42,24.0
INV-20260712-S003-P004,2026-07-12,S003,P004,67,20.0
INV-20260712-S003-P005,2026-07-12,S003,P005,270,66.0
INV-20260712-S003-P006,2026-07-12,S003,P006,65,26.0
INV-20260712-S003-P007,2026-07-12,S003,P007,111,97.0
INV-20260712-S003-P008,2026-07-12,S003,P008,300,65.0
INV-20260712-S003-P009,2026-07-12,S003,P009,182,43.0
INV-20260712-S003-P010,2026-07-12,S003,P010,111,66.0
INV-20260712-S003-P011,2026-07-12,S003,P011,223,12.0
INV-20260712-S003-P012,2026-07-12,S003,P012,475,101.0
INV-20260712-S003-P013,2026-07-12,S003,P013,72,56.0
INV-20260712-S003-P014,2026-07-12,S003,P014,224,84.0
INV-20260712-S003-P015,2026-07-12,S003,P015,24,18.0
INV-20260712-S003-P016,2026-07-12,S003,P016,189,56.0
INV-20260712-S003-P017,2026-07-12,S003,P017,149,56.0
INV-20260712-S003-P018,2026-07-12,S003,P018,271,99.0
INV-20260712-S003-P019,2026-07-12,S003,P019,99,64.0
INV-20260712-S003-P020,2026-07-12,S003,P020,170,55.0
INV-20260712-S003-P021,2026-07-12,S003,P021,170,35.0
INV-20260712-S003-P022,2026-07-12,S003,P022,203,41.0
INV-20260712-S003-P023,2026-07-12,S003,P023,216,59.0
INV-20260712-S003-P024,2026-07-12,S003,P024,248,51.0
INV-20260712-S003-P025,2026-07-12,S003,P025,211,12.0
INV-20260712-S003-P026,2026-07-12,S003,P026,344,88.0
INV-20260712-S003-P027,2026-07-12,S003,P027,318,95.0
INV-20260712-S003-P028,2026-07-12,S003,P028,97,23.0
INV-20260712-S003-P029,2026-07-12,S003,P029,243,62.0
INV-20260712-S003-P030,2026-07-12,S003,P030,59,20.0
INV-20260712-S003-P031,2026-07-12,S003,P031,165,74.0
INV-20260712-S003-P032,2026-07-12,S003,P032,56,37.0
INV-20260712-S003-P033,2026-07-12,S003,P033,206,72.0
INV-20260712-S003-P034,2026-07-12,S003,P034,364,79.0
INV-20260712-S003-P035,2026-07-12,S003,P035,212,83.0
INV-20260712-S003-P036,2026-07-12,S003,P036,69,20.0
INV-20260712-S003-P037,2026-07-12,S003,P037,209,97.0
INV-20260712-S003-P038,2026-07-12,S003,P038,122,32.0
INV-20260712-S003-P039,2026-07-12,S003,P039,225,14.0
INV-20260712-S003-P040,2026-07-12,S003,P040,243,62.0
INV-20260712-S003-P041,2026-07-12,S003,P041,55,45.0
INV-20260712-S003-P042,2026-07-12,S003,P042,333,88.0
INV-20260712-S003-P043,2026-07-12,S003,P043,340,86.0
INV-20260712-S003-P044,2026-07-12,S003,P044,133,40.0
INV-20260712-S003-P045,2026-07-12,S003,P045,122,100.0
INV-20260712-S003-P046,2026-07-12,S003,P046,70,37.0
INV-20260712-S003-P047,2026-07-12,S003,P047,133,59.0
INV-20260712-S003-P048,2026-07-12,S003,P048,62,34.0
INV-20260712-S003-P049,2026-07-12,S003,P049,399,98.0
INV-20260713-S001-P001,2026-07-13,S001,P001,154,57.0
INV-20260713-S001-P002,2026-07-13,S001,P002,168,41.0
INV-20260713-S001-P003,2026-07-13,S001,P003,38,24.0
INV-20260713-S001-P004,2026-07-13,S001,P004,39,20.0
INV-20260713-S001-P005,2026-07-13,S001,P005,272,66.0
INV-20260713-S001-P006,2026-07-13,S001,P006,149,26.0
INV-20260713-S001-P007,2026-07-13,S001,P007,376,97.0
INV-20260713-S001-P008,2026-07-13,S001,P008,274,65.0
INV-20260713-S001-P009,2026-07-13,S001,P009,204,43.0
INV-20260713-S001-P010,2026-07-13,S001,P010,201,66.0
INV-20260713-S001-P011,2026-07-13,S001,P011,235,12.0
INV-20260713-S001-P012,2026-07-13,S001,P012,173,101.0
INV-20260713-S001-P013,2026-07-13,S001,P013,228,56.0
INV-20260713-S001-P014,2026-07-13,S001,P014,277,84.0
INV-20260713-S001-P015,2026-07-13,S001,P015,71,18.0
INV-20260713-S001-P016,2026-07-13,S001,P016,194,56.0
INV-20260713-S001-P017,2026-07-13,S001,P017,139,56.0
INV-20260713-S001-P018,2026-07-13,S001,P018,397,99.0
INV-20260713-S001-P019,2026-07-13,S001,P019,196,64.0
INV-20260713-S001-P020,2026-07-13,S001,P020,231,55.0
INV-20260713-S001-P021,2026-07-13,S001,P021,103,35.0
INV-20260713-S001-P022,2026-07-13,S001,P022,202,41.0
INV-20260713-S001-P023,2026-07-13,S001,P023,116,59.0
INV-20260713-S001-P024,2026-07-13,S001,P024,109,51.0
INV-20260713-S001-P025,2026-07-13,S001,P025,267,12.0
INV-20260713-S001-P026,2026-07-13,S001,P026,272,88.0
INV-20260713-S001-P027,2026-07-13,S001,P027,183,95.0
INV-20260713-S001-P028,2026-07-13,S001,P028,100,23.0
INV-20260713-S001-P029,2026-07-13,S001,P029,108,62.0
INV-20260713-S001-P030,2026-07-13,S001,P030,59,20.0
INV-20260713-S001-P031,2026-07-13,S001,P031,226,74.0
INV-20260713-S001-P032,2026-07-13,S001,P032,160,37.0
INV-20260713-S001-P033,2026-07-13,S001,P033,240,72.0
INV-20260713-S001-P034,2026-07-13,S001,P034,298,79.0
INV-20260713-S001-P035,2026-07-13,S001,P035,242,83.0
INV-20260713-S001-P036,2026-07-13,S001,P036,91,20.0
INV-20260713-S001-P037,2026-07-13,S001,P037,315,97.0
INV-20260713-S001-P038,2026-07-13,S001,P038,50,32.0
INV-20260713-S001-P039,2026-07-13,S001,P039,234,14.0
INV-20260713-S001-P040,2026-07-13,S001,P040,259,62.0
INV-20260713-S001-P041,2026-07-13,S001,P041,71,45.0
INV-20260713-S001-P042,2026-07-13,S001,P042,319,88.0
INV-20260713-S001-P043,2026-07-13,S001,P043,368,86.0
INV-20260713-S001-P044,2026-07-13,S001,P044,48,40.0
INV-20260713-S001-P045,2026-07-13,S001,P045,485,100.0
INV-20260713-S001-P046,2026-07-13,S001,P046,127,37.0
INV-20260713-S001-P047,2026-07-13,S001,P047,194,59.0
INV-20260713-S001-P048,2026-07-13,S001,P048,78,34.0
INV-20260713-S001-P049,2026-07-13,S001,P049,382,98.0
INV-20260713-S001-P050,2026-07-13,S001,P050,119,26.0
INV-20260713-S002-P001,2026-07-13,S002,P001,212,57.0
INV-20260713-S002-P002,2026-07-13,S002,P002,149,41.0
INV-20260713-S002-P003,2026-07-13,S002,P003,93,24.0
INV-20260713-S002-P004,2026-07-13,S002,P004,389,20.0
INV-20260713-S002-P005,2026-07-13,S002,P005,278,66.0
INV-20260713-S002-P006,2026-07-13,S002,P006,41,26.0
INV-20260713-S002-P007,2026-07-13,S002,P007,227,97.0
INV-20260713-S002-P008,2026-07-13,S002,P008,323,65.0
INV-20260713-S002-P009,2026-07-13,S002,P009,198,43.0
INV-20260713-S002-P010,2026-07-13,S002,P010,298,66.0
INV-20260713-S002-P011,2026-07-13,S002,P011,21,12.0
INV-20260713-S002-P012,2026-07-13,S002,P012,188,101.0
INV-20260713-S002-P013,2026-07-13,S002,P013,146,56.0
INV-20260713-S002-P014,2026-07-13,S002,P014,188,84.0
INV-20260713-S002-P015,2026-07-13,S002,P015,20,18.0
INV-20260713-S002-P016,2026-07-13,S002,P016,81,56.0
INV-20260713-S002-P017,2026-07-13,S002,P017,159,56.0
INV-20260713-S002-P018,2026-07-13,S002,P018,101,99.0
INV-20260713-S002-P019,2026-07-13,S002,P019,132,64.0
INV-20260713-S002-P020,2026-07-13,S002,P020,239,55.0
INV-20260713-S002-P021,2026-07-13,S002,P021,128,35.0
INV-20260713-S002-P022,2026-07-13,S002,P022,130,41.0
INV-20260713-S002-P023,2026-07-13,S002,P023,107,59.0
INV-20260713-S002-P024,2026-07-13,S002,P024,58,51.0
INV-20260713-S002-P025,2026-07-13,S002,P025,85,12.0
INV-20260713-S002-P026,2026-07-13,S002,P026,117,88.0
INV-20260713-S002-P027,2026-07-13,S002,P027,368,95.0
INV-20260713-S002-P028,2026-07-13,S002,P028,76,23.0
INV-20260713-S002-P029,2026-07-13,S002,P029,69,62.0
INV-20260713-S002-P030,2026-07-13,S002,P030,79,20.0
INV-20260713-S002-P031,2026-07-13,S002,P031,129,74.0
INV-20260713-S002-P032,2026-07-13,S002,P032,78,37.0
INV-20260713-S002-P033,2026-07-13,S002,P033,329,72.0
INV-20260713-S002-P034,2026-07-13,S002,P034,120,79.0
INV-20260713-S002-P035,2026-07-13,S002,P035,224,83.0
INV-20260713-S002-P036,2026-07-13,S002,P036,32,20.0
INV-20260713-S002-P037,2026-07-13,S002,P037,259,97.0
INV-20260713-S002-P038,2026-07-13,S002,P038,103,32.0
INV-20260713-S002-P039,2026-07-13,S002,P039,37,14.0
INV-20260713-S002-P040,2026-07-13,S002,P040,239,62.0
INV-20260713-S002-P041,2026-07-13,S002,P041,214,45.0
INV-20260713-S002-P042,2026-07-13,S002,P042,178,88.0
INV-20260713-S002-P043,2026-07-13,S002,P043,138,86.0
INV-20260713-S002-P044,2026-07-13,S002,P044,125,40.0
INV-20260713-S002-P045,2026-07-13,S002,P045,198,100.0
INV-20260713-S002-P046,2026-07-13,S002,P046,165,37.0
INV-20260713-S002-P047,2026-07-13,S002,P047,152,59.0
INV-20260713-S002-P048,2026-07-13,S002,P048,117,34.0
INV-20260713-S002-P049,2026-07-13,S002,P049,268,98.0
INV-20260713-S002-P050,2026-07-13,S002,P050,59,26.0
INV-20260713-S003-P001,2026-07-13,S003,P001,160,57.0
INV-20260713-S003-P002,2026-07-13,S003,P002,58,41.0
INV-20260713-S003-P003,2026-07-13,S003,P003,42,24.0
INV-20260713-S003-P004,2026-07-13,S003,P004,67,20.0
INV-20260713-S003-P005,2026-07-13,S003,P005,262,66.0
INV-20260713-S003-P006,2026-07-13,S003,P006,65,26.0
INV-20260713-S003-P007,2026-07-13,S003,P007,102,97.0
INV-20260713-S003-P008,2026-07-13,S003,P008,289,65.0
INV-20260713-S003-P009,2026-07-13,S003,P009,172,43.0
INV-20260713-S003-P010,2026-07-13,S003,P010,104,66.0
INV-20260713-S003-P011,2026-07-13,S003,P011,223,12.0
INV-20260713-S003-P012,2026-07-13,S003,P012,461,101.0
INV-20260713-S003-P013,2026-07-13,S003,P013,68,56.0
INV-20260713-S003-P014,2026-07-13,S003,P014,209,84.0
INV-20260713-S003-P015,2026-07-13,S003,P015,23,18.0
INV-20260713-S003-P016,2026-07-13,S003,P016,179,56.0
INV-20260713-S003-P017,2026-07-13,S003,P017,139,56.0
INV-20260713-S003-P018,2026-07-13,S003,P018,256,99.0
INV-20260713-S003-P019,2026-07-13,S003,P019,91,64.0
INV-20260713-S003-P020,2026-07-13,S003,P020,162,55.0
INV-20260713-S003-P021,2026-07-13,S003,P021,167,35.0
INV-20260713-S003-P022,2026-07-13,S003,P022,196,41.0
INV-20260713-S003-P023,2026-07-13,S003,P023,208,59.0
INV-20260713-S003-P024,2026-07-13,S003,P024,243,51.0
INV-20260713-S003-P025,2026-07-13,S003,P025,210,12.0
INV-20260713-S003-P026,2026-07-13,S003,P026,336,88.0
INV-20260713-S003-P027,2026-07-13,S003,P027,303,95.0
INV-20260713-S003-P028,2026-07-13,S003,P028,97,23.0
INV-20260713-S003-P029,2026-07-13,S003,P029,236,62.0
INV-20260713-S003-P030,2026-07-13,S003,P030,55,20.0
INV-20260713-S003-P031,2026-07-13,S003,P031,158,74.0
INV-20260713-S003-P032,2026-07-13,S003,P032,51,37.0
INV-20260713-S003-P033,2026-07-13,S003,P033,202,72.0
INV-20260713-S003-P034,2026-07-13,S003,P034,357,79.0
INV-20260713-S003-P035,2026-07-13,S003,P035,198,83.0
INV-20260713-S003-P036,2026-07-13,S003,P036,69,20.0
INV-20260713-S003-P037,2026-07-13,S003,P037,196,97.0
INV-20260713-S003-P038,2026-07-13,S003,P038,120,32.0
INV-20260713-S003-P039,2026-07-13,S003,P039,225,14.0
INV-20260713-S003-P040,2026-07-13,S003,P040,236,62.0
INV-20260713-S003-P041,2026-07-13,S003,P041,48,45.0
INV-20260713-S003-P042,2026-07-13,S003,P042,322,88.0
INV-20260713-S003-P043,2026-07-13,S003,P043,328,86.0
INV-20260713-S003-P044,2026-07-13,S003,P044,122,40.0
INV-20260713-S003-P045,2026-07-13,S003,P045,111,100.0
INV-20260713-S003-P046,2026-07-13,S003,P046,64,37.0
INV-20260713-S003-P047,2026-07-13,S003,P047,125,59.0
INV-20260713-S003-P048,2026-07-13,S003,P048,58,34.0
INV-20260713-S003-P049,2026-07-13,S003,P049,388,98.0
INV-20260714-S001-P001,2026-07-14,S001,P001,145,57.0
INV-20260714-S001-P002,2026-07-14,S001,P002,160,41.0
INV-20260714-S001-P003,2026-07-14,S001,P003,34,24.0
INV-20260714-S001-P004,2026-07-14,S001,P004,37,20.0
INV-20260714-S001-P005,2026-07-14,S001,P005,260,66.0
INV-20260714-S001-P006,2026-07-14,S001,P006,147,26.0
INV-20260714-S001-P007,2026-07-14,S001,P007,359,97.0
INV-20260714-S001-P008,2026-07-14,S001,P008,272,65.0
INV-20260714-S001-P009,2026-07-14,S001,P009,196,43.0
INV-20260714-S001-P010,2026-07-14,S001,P010,191,66.0
INV-20260714-S001-P011,2026-07-14,S001,P011,233,12.0
INV-20260714-S001-P012,2026-07-14,S001,P012,158,101.0
INV-20260714-S001-P013,2026-07-14,S001,P013,217,56.0
INV-20260714-S001-P014,2026-07-14,S001,P014,265,84.0
INV-20260714-S001-P015,2026-07-14,S001,P015,67,18.0
INV-20260714-S001-P016,2026-07-14,S001,P016,187,56.0
INV-20260714-S001-P017,2026-07-14,S001,P017,131,56.0
INV-20260714-S001-P018,2026-07-14,S001,P018,383,99.0
INV-20260714-S001-P019,2026-07-14,S001,P019,190,64.0
INV-20260714-S001-P020,2026-07-14,S001,P020,222,55.0
INV-20260714-S001-P021,2026-07-14,S001,P021,96,35.0
INV-20260714-S001-P022,2026-07-14,S001,P022,196,41.0
INV-20260714-S001-P023,2026-07-14,S001,P023,105,59.0
INV-20260714-S001-P024,2026-07-14,S001,P024,101,51.0
INV-20260714-S001-P025,2026-07-14,S001,P025,266,12.0
INV-20260714-S001-P026,2026-07-14,S001,P026,263,88.0
INV-20260714-S001-P027,2026-07-14,S001,P027,173,95.0
INV-20260714-S001-P028,2026-07-14,S001,P028,98,23.0
INV-20260714-S001-P029,2026-07-14,S001,P029,98,62.0
INV-20260714-S001-P030,2026-07-14,S001,P030,53,20.0
INV-20260714-S001-P031,2026-07-14,S001,P031,208,74.0
INV-20260714-S001-P032,2026-07-14,S001,P032,154,37.0
INV-20260714-S001-P033,2026-07-14,S001,P033,232,72.0
INV-20260714-S001-P034,2026-07-14,S001,P034,285,79.0
INV-20260714-S001-P035,2026-07-14,S001,P035,234,83.0
INV-20260714-S001-P036,2026-07-14,S001,P036,90,20.0
INV-20260714-S001-P037,2026-07-14,S001,P037,307,97.0
INV-20260714-S001-P038,2026-07-14,S001,P038,49,32.0
INV-20260714-S001-P039,2026-07-14,S001,P039,233,14.0
INV-20260714-S001-P040,2026-07-14,S001,P040,254,62.0
INV-20260714-S001-P041,2026-07-14,S001,P041,67,45.0
INV-20260714-S001-P042,2026-07-14,S001,P042,309,88.0
INV-20260714-S001-P043,2026-07-14,S001,P043,357,86.0
INV-20260714-S001-P044,2026-07-14,S001,P044,42,40.0
INV-20260714-S001-P045,2026-07-14,S001,P045,466,100.0
INV-20260714-S001-P046,2026-07-14,S001,P046,123,37.0
INV-20260714-S001-P047,2026-07-14,S001,P047,182,59.0
INV-20260714-S001-P048,2026-07-14,S001,P048,71,34.0
INV-20260714-S001-P049,2026-07-14,S001,P049,361,98.0
INV-20260714-S001-P050,2026-07-14,S001,P050,114,26.0
INV-20260714-S002-P001,2026-07-14,S002,P001,199,57.0
INV-20260714-S002-P002,2026-07-14,S002,P002,140,41.0
INV-20260714-S002-P003,2026-07-14,S002,P003,90,24.0
INV-20260714-S002-P004,2026-07-14,S002,P004,389,20.0
INV-20260714-S002-P005,2026-07-14,S002,P005,267,66.0
INV-20260714-S002-P006,2026-07-14,S002,P006,36,26.0
INV-20260714-S002-P007,2026-07-14,S002,P007,227,97.0
INV-20260714-S002-P008,2026-07-14,S002,P008,315,65.0
INV-20260714-S002-P009,2026-07-14,S002,P009,190,43.0
INV-20260714-S002-P010,2026-07-14,S002,P010,289,66.0
INV-20260714-S002-P011,2026-07-14,S002,P011,20,12.0
INV-20260714-S002-P012,2026-07-14,S002,P012,173,101.0
INV-20260714-S002-P013,2026-07-14,S002,P013,138,56.0
INV-20260714-S002-P014,2026-07-14,S002,P014,170,84.0
INV-20260714-S002-P015,2026-07-14,S002,P015,91,18.0
INV-20260714-S002-P016,2026-07-14,S002,P016,71,56.0
INV-20260714-S002-P017,2026-07-14,S002,P017,152,56.0
INV-20260714-S002-P018,2026-07-14,S002,P018,483,99.0
INV-20260714-S002-P019,2026-07-14,S002,P019,120,64.0
INV-20260714-S002-P020,2026-07-14,S002,P020,229,55.0
INV-20260714-S002-P021,2026-07-14,S002,P021,118,35.0
INV-20260714-S002-P022,2026-07-14,S002,P022,123,41.0
INV-20260714-S002-P023,2026-07-14,S002,P023,97,59.0
INV-20260714-S002-P024,2026-07-14,S002,P024,255,51.0
INV-20260714-S002-P025,2026-07-14,S002,P025,83,12.0
INV-20260714-S002-P026,2026-07-14,S002,P026,106,88.0
INV-20260714-S002-P027,2026-07-14,S002,P027,343,95.0
INV-20260714-S002-P028,2026-07-14,S002,P028,74,23.0
INV-20260714-S002-P029,2026-07-14,S002,P029,307,62.0
INV-20260714-S002-P030,2026-07-14,S002,P030,76,20.0
INV-20260714-S002-P031,2026-07-14,S002,P031,113,74.0
INV-20260714-S002-P032,2026-07-14,S002,P032,70,37.0
INV-20260714-S002-P033,2026-07-14,S002,P033,319,72.0
INV-20260714-S002-P034,2026-07-14,S002,P034,109,79.0
INV-20260714-S002-P035,2026-07-14,S002,P035,209,83.0
INV-20260714-S002-P036,2026-07-14,S002,P036,27,20.0
INV-20260714-S002-P037,2026-07-14,S002,P037,243,97.0
INV-20260714-S002-P038,2026-07-14,S002,P038,97,32.0
INV-20260714-S002-P039,2026-07-14,S002,P039,35,14.0
INV-20260714-S002-P040,2026-07-14,S002,P040,232,62.0
INV-20260714-S002-P041,2026-07-14,S002,P041,209,45.0
INV-20260714-S002-P042,2026-07-14,S002,P042,162,88.0
INV-20260714-S002-P043,2026-07-14,S002,P043,126,86.0
INV-20260714-S002-P044,2026-07-14,S002,P044,116,40.0
INV-20260714-S002-P045,2026-07-14,S002,P045,179,100.0
INV-20260714-S002-P046,2026-07-14,S002,P046,161,37.0
INV-20260714-S002-P047,2026-07-14,S002,P047,141,59.0
INV-20260714-S002-P048,2026-07-14,S002,P048,112,34.0
INV-20260714-S002-P049,2026-07-14,S002,P049,248,98.0
INV-20260714-S002-P050,2026-07-14,S002,P050,54,26.0
INV-20260714-S003-P001,2026-07-14,S003,P001,153,57.0
INV-20260714-S003-P002,2026-07-14,S003,P002,54,41.0
INV-20260714-S003-P003,2026-07-14,S003,P003,40,24.0
INV-20260714-S003-P004,2026-07-14,S003,P004,64,20.0
INV-20260714-S003-P005,2026-07-14,S003,P005,254,66.0
INV-20260714-S003-P006,2026-07-14,S003,P006,63,26.0
INV-20260714-S003-P007,2026-07-14,S003,P007,481,97.0
INV-20260714-S003-P008,2026-07-14,S003,P008,285,65.0
INV-20260714-S003-P009,2026-07-14,S003,P009,167,43.0
INV-20260714-S003-P010,2026-07-14,S003,P010,97,66.0
INV-20260714-S003-P011,2026-07-14,S003,P011,222,12.0
INV-20260714-S003-P012,2026-07-14,S003,P012,455,101.0
INV-20260714-S003-P013,2026-07-14,S003,P013,66,56.0
INV-20260714-S003-P014,2026-07-14,S003,P014,205,84.0
INV-20260714-S003-P015,2026-07-14,S003,P015,19,18.0
INV-20260714-S003-P016,2026-07-14,S003,P016,174,56.0
INV-20260714-S003-P017,2026-07-14,S003,P017,136,56.0
INV-20260714-S003-P018,2026-07-14,S003,P018,248,99.0
INV-20260714-S003-P019,2026-07-14,S003,P019,83,64.0
INV-20260714-S003-P020,2026-07-14,S003,P020,152,55.0
INV-20260714-S003-P021,2026-07-14,S003,P021,163,35.0
INV-20260714-S003-P022,2026-07-14,S003,P022,193,41.0
INV-20260714-S003-P023,2026-07-14,S003,P023,202,59.0
INV-20260714-S003-P024,2026-07-14,S003,P024,236,51.0
INV-20260714-S003-P025,2026-07-14,S003,P025,207,12.0
INV-20260714-S003-P026,2026-07-14,S003,P026,329,88.0
INV-20260714-S003-P027,2026-07-14,S003,P027,296,95.0
INV-20260714-S003-P028,2026-07-14,S003,P028,94,23.0
INV-20260714-S003-P029,2026-07-14,S003,P029,231,62.0
INV-20260714-S003-P030,2026-07-14,S003,P030,54,20.0
INV-20260714-S003-P031,2026-07-14,S003,P031,150,74.0
INV-20260714-S003-P032,2026-07-14,S003,P032,44,37.0
INV-20260714-S003-P033,2026-07-14,S003,P033,198,72.0
INV-20260714-S003-P034,2026-07-14,S003,P034,348,79.0
INV-20260714-S003-P035,2026-07-14,S003,P035,188,83.0
INV-20260714-S003-P036,2026-07-14,S003,P036,68,20.0
INV-20260714-S003-P037,2026-07-14,S003,P037,188,97.0
INV-20260714-S003-P038,2026-07-14,S003,P038,115,32.0
INV-20260714-S003-P039,2026-07-14,S003,P039,224,14.0
INV-20260714-S003-P040,2026-07-14,S003,P040,225,62.0
INV-20260714-S003-P041,2026-07-14,S003,P041,221,45.0
INV-20260714-S003-P042,2026-07-14,S003,P042,315,88.0
INV-20260714-S003-P043,2026-07-14,S003,P043,314,86.0
INV-20260714-S003-P044,2026-07-14,S003,P044,116,40.0
INV-20260714-S003-P045,2026-07-14,S003,P045,502,100.0
INV-20260714-S003-P046,2026-07-14,S003,P046,59,37.0
INV-20260714-S003-P047,2026-07-14,S003,P047,112,59.0
INV-20260714-S003-P048,2026-07-14,S003,P048,54,34.0
INV-20260714-S003-P049,2026-07-14,S003,P049,379,98.0
INV-20260715-S001-P001,2026-07-15,S001,P001,137,57.0
INV-20260715-S001-P002,2026-07-15,S001,P002,157,41.0
INV-20260715-S001-P003,2026-07-15,S001,P003,30,24.0
INV-20260715-S001-P004,2026-07-15,S001,P004,35,20.0
INV-20260715-S001-P005,2026-07-15,S001,P005,252,66.0
INV-20260715-S001-P006,2026-07-15,S001,P006,143,26.0
INV-20260715-S001-P007,2026-07-15,S001,P007,342,97.0
INV-20260715-S001-P008,2026-07-15,S001,P008,266,65.0
INV-20260715-S001-P009,2026-07-15,S001,P009,194,43.0
INV-20260715-S001-P010,2026-07-15,S001,P010,177,66.0
INV-20260715-S001-P011,2026-07-15,S001,P011,231,12.0
INV-20260715-S001-P012,2026-07-15,S001,P012,141,101.0
INV-20260715-S001-P013,2026-07-15,S001,P013,209,56.0
INV-20260715-S001-P014,2026-07-15,S001,P014,254,84.0
INV-20260715-S001-P015,2026-07-15,S001,P015,61,18.0
INV-20260715-S001-P016,2026-07-15,S001,P016,182,56.0
INV-20260715-S001-P017,2026-07-15,S001,P017,123,56.0
INV-20260715-S001-P018,2026-07-15,S001,P018,374,99.0
INV-20260715-S001-P019,2026-07-15,S001,P019,184,64.0
INV-20260715-S001-P020,2026-07-15,S001,P020,218,55.0
INV-20260715-S001-P021,2026-07-15,S001,P021,90,35.0
INV-20260715-S001-P022,2026-07-15,S001,P022,193,41.0
INV-20260715-S001-P023,2026-07-15,S001,P023,102,59.0
INV-20260715-S001-P024,2026-07-15,S001,P024,96,51.0
INV-20260715-S001-P025,2026-07-15,S001,P025,263,12.0
INV-20260715-S001-P026,2026-07-15,S001,P026,250,88.0
INV-20260715-S001-P027,2026-07-15,S001,P027,161,95.0
INV-20260715-S001-P028,2026-07-15,S001,P028,97,23.0
INV-20260715-S001-P029,2026-07-15,S001,P029,93,62.0
INV-20260715-S001-P030,2026-07-15,S001,P030,48,20.0
INV-20260715-S001-P031,2026-07-15,S001,P031,200,74.0
INV-20260715-S001-P032,2026-07-15,S001,P032,150,37.0
INV-20260715-S001-P033,2026-07-15,S001,P033,221,72.0
INV-20260715-S001-P034,2026-07-15,S001,P034,277,79.0
INV-20260715-S001-P035,2026-07-15,S001,P035,227,83.0
INV-20260715-S001-P036,2026-07-15,S001,P036,87,20.0
INV-20260715-S001-P037,2026-07-15,S001,P037,296,97.0
INV-20260715-S001-P038,2026-07-15,S001,P038,44,32.0
INV-20260715-S001-P039,2026-07-15,S001,P039,233,14.0
INV-20260715-S001-P040,2026-07-15,S001,P040,250,62.0
INV-20260715-S001-P041,2026-07-15,S001,P041,64,45.0
INV-20260715-S001-P042,2026-07-15,S001,P042,298,88.0
INV-20260715-S001-P043,2026-07-15,S001,P043,345,86.0
INV-20260715-S001-P044,2026-07-15,S001,P044,201,40.0
INV-20260715-S001-P045,2026-07-15,S001,P045,455,100.0
INV-20260715-S001-P046,2026-07-15,S001,P046,120,37.0
INV-20260715-S001-P047,2026-07-15,S001,P047,177,59.0
INV-20260715-S001-P048,2026-07-15,S001,P048,63,34.0
INV-20260715-S001-P049,2026-07-15,S001,P049,352,98.0
INV-20260715-S001-P050,2026-07-15,S001,P050,111,26.0
INV-20260715-S002-P001,2026-07-15,S002,P001,192,57.0
INV-20260715-S002-P002,2026-07-15,S002,P002,137,41.0
INV-20260715-S002-P003,2026-07-15,S002,P003,85,24.0
INV-20260715-S002-P004,2026-07-15,S002,P004,388,20.0
INV-20260715-S002-P005,2026-07-15,S002,P005,259,66.0
INV-20260715-S002-P006,2026-07-15,S002,P006,34,26.0
INV-20260715-S002-P007,2026-07-15,S002,P007,227,97.0
INV-20260715-S002-P008,2026-07-15,S002,P008,301,65.0
INV-20260715-S002-P009,2026-07-15,S002,P009,186,43.0
INV-20260715-S002-P010,2026-07-15,S002,P010,284,66.0
INV-20260715-S002-P011,2026-07-15,S002,P011,18,12.0
INV-20260715-S002-P012,2026-07-15,S002,P012,162,101.0
INV-20260715-S002-P013,2026-07-15,S002,P013,133,56.0
INV-20260715-S002-P014,2026-07-15,S002,P014,158,84.0
INV-20260715-S002-P015,2026-07-15,S002,P015,90,18.0
INV-20260715-S002-P016,2026-07-15,S002,P016,57,56.0
INV-20260715-S002-P017,2026-07-15,S002,P017,145,56.0
INV-20260715-S002-P018,2026-07-15,S002,P018,464,99.0
INV-20260715-S002-P019,2026-07-15,S002,P019,104,64.0
INV-20260715-S002-P020,2026-07-15,S002,P020,222,55.0
INV-20260715-S002-P021,2026-07-15,S002,P021,109,35.0
INV-20260715-S002-P022,2026-07-15,S002,P022,114,41.0
INV-20260715-S002-P023,2026-07-15,S002,P023,88,59.0
INV-20260715-S002-P024,2026-07-15,S002,P024,246,51.0
INV-20260715-S002-P025,2026-07-15,S002,P025,81,12.0
INV-20260715-S002-P026,2026-07-15,S002,P026,441,88.0
INV-20260715-S002-P027,2026-07-15,S002,P027,333,95.0
INV-20260715-S002-P028,2026-07-15,S002,P028,68,23.0
INV-20260715-S002-P029,2026-07-15,S002,P029,292,62.0
INV-20260715-S002-P030,2026-07-15,S002,P030,73,20.0
INV-20260715-S002-P031,2026-07-15,S002,P031,101,74.0
INV-20260715-S002-P032,2026-07-15,S002,P032,66,37.0
INV-20260715-S002-P033,2026-07-15,S002,P033,309,72.0
INV-20260715-S002-P034,2026-07-15,S002,P034,90,79.0
INV-20260715-S002-P035,2026-07-15,S002,P035,191,83.0
INV-20260715-S002-P036,2026-07-15,S002,P036,22,20.0
INV-20260715-S002-P037,2026-07-15,S002,P037,230,97.0
INV-20260715-S002-P038,2026-07-15,S002,P038,94,32.0
INV-20260715-S002-P039,2026-07-15,S002,P039,33,14.0
INV-20260715-S002-P040,2026-07-15,S002,P040,215,62.0
INV-20260715-S002-P041,2026-07-15,S002,P041,201,45.0
INV-20260715-S002-P042,2026-07-15,S002,P042,143,88.0
INV-20260715-S002-P043,2026-07-15,S002,P043,112,86.0
INV-20260715-S002-P044,2026-07-15,S002,P044,112,40.0
INV-20260715-S002-P045,2026-07-15,S002,P045,153,100.0
INV-20260715-S002-P046,2026-07-15,S002,P046,157,37.0
INV-20260715-S002-P047,2026-07-15,S002,P047,134,59.0
INV-20260715-S002-P048,2026-07-15,S002,P048,104,34.0
INV-20260715-S002-P049,2026-07-15,S002,P049,231,98.0
INV-20260715-S002-P050,2026-07-15,S002,P050,49,26.0
INV-20260715-S003-P001,2026-07-15,S003,P001,149,57.0
INV-20260715-S003-P002,2026-07-15,S003,P002,50,41.0
INV-20260715-S003-P003,2026-07-15,S003,P003,37,24.0
INV-20260715-S003-P004,2026-07-15,S003,P004,64,20.0
INV-20260715-S003-P005,2026-07-15,S003,P005,247,66.0
INV-20260715-S003-P006,2026-07-15,S003,P006,61,26.0
INV-20260715-S003-P007,2026-07-15,S003,P007,471,97.0
INV-20260715-S003-P008,2026-07-15,S003,P008,279,65.0
INV-20260715-S003-P009,2026-07-15,S003,P009,163,43.0
INV-20260715-S003-P010,2026-07-15,S003,P010,86,66.0
INV-20260715-S003-P011,2026-07-15,S003,P011,221,12.0
INV-20260715-S003-P012,2026-07-15,S003,P012,449,101.0
INV-20260715-S003-P013,2026-07-15,S003,P013,58,56.0
INV-20260715-S003-P014,2026-07-15,S003,P014,193,84.0
INV-20260715-S003-P015,2026-07-15,S003,P015,91,18.0
INV-20260715-S003-P016,2026-07-15,S003,P016,167,56.0
INV-20260715-S003-P017,2026-07-15,S003,P017,133,56.0
INV-20260715-S003-P018,2026-07-15,S003,P018,234,99.0
INV-20260715-S003-P019,2026-07-15,S003,P019,78,64.0
INV-20260715-S003-P020,2026-07-15,S003,P020,146,55.0
INV-20260715-S003-P021,2026-07-15,S003,P021,163,35.0
INV-20260715-S003-P022,2026-07-15,S003,P022,192,41.0
INV-20260715-S003-P023,2026-07-15,S003,P023,195,59.0
INV-20260715-S003-P024,2026-07-15,S003,P024,233,51.0
INV-20260715-S003-P025,2026-07-15,S003,P025,205,12.0
INV-20260715-S003-P026,2026-07-15,S003,P026,316,88.0
INV-20260715-S003-P027,2026-07-15,S003,P027,286,95.0
INV-20260715-S003-P028,2026-07-15,S003,P028,92,23.0
INV-20260715-S003-P029,2026-07-15,S003,P029,218,62.0
INV-20260715-S003-P030,2026-07-15,S003,P030,53,20.0
INV-20260715-S003-P031,2026-07-15,S003,P031,143,74.0
INV-20260715-S003-P032,2026-07-15,S003,P032,38,37.0
INV-20260715-S003-P033,2026-07-15,S003,P033,191,72.0
INV-20260715-S003-P034,2026-07-15,S003,P034,340,79.0
INV-20260715-S003-P035,2026-07-15,S003,P035,171,83.0
INV-20260715-S003-P036,2026-07-15,S003,P036,67,20.0
INV-20260715-S003-P037,2026-07-15,S003,P037,175,97.0
INV-20260715-S003-P038,2026-07-15,S003,P038,115,32.0
INV-20260715-S003-P039,2026-07-15,S003,P039,223,14.0
INV-20260715-S003-P040,2026-07-15,S003,P040,220,62.0
INV-20260715-S003-P041,2026-07-15,S003,P041,218,45.0
INV-20260715-S003-P042,2026-07-15,S003,P042,308,88.0
INV-20260715-S003-P043,2026-07-15,S003,P043,306,86.0
INV-20260715-S003-P044,2026-07-15,S003,P044,111,40.0
INV-20260715-S003-P045,2026-07-15,S003,P045,495,100.0
INV-20260715-S003-P046,2026-07-15,S003,P046,54,37.0
INV-20260715-S003-P047,2026-07-15,S003,P047,107,59.0
INV-20260715-S003-P048,2026-07-15,S003,P048,51,34.0
INV-20260715-S003-P049,2026-07-15,S003,P049,369,98.0
INV-20260716-S001-P001,2026-07-16,S001,P001,129,57.0
INV-20260716-S001-P002,2026-07-16,S001,P002,154,41.0
INV-20260716-S001-P003,2026-07-16,S001,P003,119,24.0
INV-20260716-S001-P004,2026-07-16,S001,P004,32,20.0
INV-20260716-S001-P005,2026-07-16,S001,P005,247,66.0
INV-20260716-S001-P006,2026-07-16,S001,P006,141,26.0
INV-20260716-S001-P007,2026-07-16,S001,P007,334,97.0
INV-20260716-S001-P008,2026-07-16,S001,P008,253,65.0
INV-20260716-S001-P009,2026-07-16,S001,P009,187,43.0
INV-20260716-S001-P010,2026-07-16,S001,P010,168,66.0
INV-20260716-S001-P011,2026-07-16,S001,P011,228,12.0
INV-20260716-S001-P012,2026-07-16,S001,P012,127,101.0
INV-20260716-S001-P013,2026-07-16,S001,P013,200,56.0
INV-20260716-S001-P014,2026-07-16,S001,P014,238,84.0
INV-20260716-S001-P015,2026-07-16,S001,P015,60,18.0
INV-20260716-S001-P016,2026-07-16,S001,P016,177,56.0
INV-20260716-S001-P017,2026-07-16,S001,P017,118,56.0
INV-20260716-S001-P018,2026-07-16,S001,P018,366,99.0
INV-20260716-S001-P019,2026-07-16,S001,P019,176,64.0
INV-20260716-S001-P020,2026-07-16,S001,P020,212,55.0
INV-20260716-S001-P021,2026-07-16,S001,P021,85,35.0
INV-20260716-S001-P022,2026-07-16,S001,P022,188,41.0
INV-20260716-S001-P023,2026-07-16,S001,P023,95,59.0
INV-20260716-S001-P024,2026-07-16,S001,P024,90,51.0
INV-20260716-S001-P025,2026-07-16,S001,P025,259,12.0
INV-20260716-S001-P026,2026-07-16,S001,P026,242,88.0
INV-20260716-S001-P027,2026-07-16,S001,P027,150,95.0
INV-20260716-S001-P028,2026-07-16,S001,P028,94,23.0
INV-20260716-S001-P029,2026-07-16,S001,P029,87,62.0
INV-20260716-S001-P030,2026-07-16,S001,P030,47,20.0
INV-20260716-S001-P031,2026-07-16,S001,P031,191,74.0
INV-20260716-S001-P032,2026-07-16,S001,P032,144,37.0
INV-20260716-S001-P033,2026-07-16,S001,P033,214,72.0
INV-20260716-S001-P034,2026-07-16,S001,P034,267,79.0
INV-20260716-S001-P035,2026-07-16,S001,P035,221,83.0
INV-20260716-S001-P036,2026-07-16,S001,P036,85,20.0
INV-20260716-S001-P037,2026-07-16,S001,P037,278,97.0
INV-20260716-S001-P038,2026-07-16,S001,P038,41,32.0
INV-20260716-S001-P039,2026-07-16,S001,P039,231,14.0
INV-20260716-S001-P040,2026-07-16,S001,P040,247,62.0
INV-20260716-S001-P041,2026-07-16,S001,P041,60,45.0
INV-20260716-S001-P042,2026-07-16,S001,P042,290,88.0
INV-20260716-S001-P043,2026-07-16,S001,P043,337,86.0
INV-20260716-S001-P044,2026-07-16,S001,P044,196,40.0
INV-20260716-S001-P045,2026-07-16,S001,P045,442,100.0
INV-20260716-S001-P046,2026-07-16,S001,P046,112,37.0
INV-20260716-S001-P047,2026-07-16,S001,P047,171,59.0
INV-20260716-S001-P048,2026-07-16,S001,P048,58,34.0
INV-20260716-S001-P049,2026-07-16,S001,P049,336,98.0
INV-20260716-S001-P050,2026-07-16,S001,P050,109,26.0
INV-20260716-S002-P001,2026-07-16,S002,P001,185,57.0
INV-20260716-S002-P002,2026-07-16,S002,P002,135,41.0
INV-20260716-S002-P003,2026-07-16,S002,P003,81,24.0
INV-20260716-S002-P004,2026-07-16,S002,P004,388,20.0
INV-20260716-S002-P005,2026-07-16,S002,P005,247,66.0
INV-20260716-S002-P006,2026-07-16,S002,P006,32,26.0
INV-20260716-S002-P007,2026-07-16,S002,P007,227,97.0
INV-20260716-S002-P008,2026-07-16,S002,P008,290,65.0
INV-20260716-S002-P009,2026-07-16,S002,P009,182,43.0
INV-20260716-S002-P010,2026-07-16,S002,P010,274,66.0
INV-20260716-S002-P011,2026-07-16,S002,P011,14,12.0
INV-20260716-S002-P012,2026-07-16,S002,P012,141,101.0
INV-20260716-S002-P013,2026-07-16,S002,P013,125,56.0
INV-20260716-S002-P014,2026-07-16,S002,P014,142,84.0
INV-20260716-S002-P015,2026-07-16,S002,P015,89,18.0
INV-20260716-S002-P016,2026-07-16,S002,P016,271,56.0
INV-20260716-S002-P017,2026-07-16,S002,P017,135,56.0
INV-20260716-S002-P018,2026-07-16,S002,P018,444,99.0
INV-20260716-S002-P019,2026-07-16,S002,P019,88,64.0
INV-20260716-S002-P020,2026-07-16,S002,P020,216,55.0
INV-20260716-S002-P021,2026-07-16,S002,P021,97,35.0
INV-20260716-S002-P022,2026-07-16,S002,P022,108,41.0
INV-20260716-S002-P023,2026-07-16,S002,P023,77,59.0
INV-20260716-S002-P024,2026-07-16,S002,P024,240,51.0
INV-20260716-S002-P025,2026-07-16,S002,P025,80,12.0
INV-20260716-S002-P026,2026-07-16,S002,P026,426,88.0
INV-20260716-S002-P027,2026-07-16,S002,P027,324,95.0
INV-20260716-S002-P028,2026-07-16,S002,P028,63,23.0
INV-20260716-S002-P029,2026-07-16,S002,P029,283,62.0
INV-20260716-S002-P030,2026-07-16,S002,P030,70,20.0
INV-20260716-S002-P031,2026-07-16,S002,P031,90,74.0
INV-20260716-S002-P032,2026-07-16,S002,P032,61,37.0
INV-20260716-S002-P033,2026-07-16,S002,P033,301,72.0
INV-20260716-S002-P034,2026-07-16,S002,P034,393,79.0
INV-20260716-S002-P035,2026-07-16,S002,P035,174,83.0
INV-20260716-S002-P036,2026-07-16,S002,P036,101,20.0
INV-20260716-S002-P037,2026-07-16,S002,P037,216,97.0
INV-20260716-S002-P038,2026-07-16,S002,P038,86,32.0
INV-20260716-S002-P039,2026-07-16,S002,P039,28,14.0
INV-20260716-S002-P040,2026-07-16,S002,P040,209,62.0
INV-20260716-S002-P041,2026-07-16,S002,P041,194,45.0
INV-20260716-S002-P042,2026-07-16,S002,P042,132,88.0
INV-20260716-S002-P043,2026-07-16,S002,P043,98,86.0
INV-20260716-S002-P044,2026-07-16,S002,P044,106,40.0
INV-20260716-S002-P045,2026-07-16,S002,P045,129,100.0
INV-20260716-S002-P046,2026-07-16,S002,P046,155,37.0
INV-20260716-S002-P047,2026-07-16,S002,P047,129,59.0
INV-20260716-S002-P048,2026-07-16,S002,P048,102,34.0
INV-20260716-S002-P049,2026-07-16,S002,P049,215,98.0
INV-20260716-S002-P050,2026-07-16,S002,P050,42,26.0
INV-20260716-S003-P001,2026-07-16,S003,P001,139,57.0
INV-20260716-S003-P002,2026-07-16,S003,P002,48,41.0
INV-20260716-S003-P003,2026-07-16,S003,P003,35,24.0
INV-20260716-S003-P004,2026-07-16,S003,P004,61,20.0
INV-20260716-S003-P005,2026-07-16,S003,P005,245,66.0
INV-20260716-S003-P006,2026-07-16,S003,P006,61,26.0
INV-20260716-S003-P007,2026-07-16,S003,P007,461,97.0
INV-20260716-S003-P008,2026-07-16,S003,P008,271,65.0
INV-20260716-S003-P009,2026-07-16,S003,P009,152,43.0
INV-20260716-S003-P010,2026-07-16,S003,P010,77,66.0
INV-20260716-S003-P011,2026-07-16,S003,P011,218,12.0
INV-20260716-S003-P012,2026-07-16,S003,P012,438,101.0
INV-20260716-S003-P013,2026-07-16,S003,P013,272,56.0
INV-20260716-S003-P014,2026-07-16,S003,P014,180,84.0
INV-20260716-S003-P015,2026-07-16,S003,P015,90,18.0
INV-20260716-S003-P016,2026-07-16,S003,P016,159,56.0
INV-20260716-S003-P017,2026-07-16,S003,P017,125,56.0
INV-20260716-S003-P018,2026-07-16,S003,P018,226,99.0
INV-20260716-S003-P019,2026-07-16,S003,P019,71,64.0
INV-20260716-S003-P020,2026-07-16,S003,P020,136,55.0
INV-20260716-S003-P021,2026-07-16,S003,P021,159,35.0
INV-20260716-S003-P022,2026-07-16,S003,P022,186,41.0
INV-20260716-S003-P023,2026-07-16,S003,P023,188,59.0
INV-20260716-S003-P024,2026-07-16,S003,P024,226,51.0
INV-20260716-S003-P025,2026-07-16,S003,P025,203,12.0
INV-20260716-S003-P026,2026-07-16,S003,P026,303,88.0
INV-20260716-S003-P027,2026-07-16,S003,P027,274,95.0
INV-20260716-S003-P028,2026-07-16,S003,P028,90,23.0
INV-20260716-S003-P029,2026-07-16,S003,P029,214,62.0
INV-20260716-S003-P030,2026-07-16,S003,P030,51,20.0
INV-20260716-S003-P031,2026-07-16,S003,P031,132,74.0
INV-20260716-S003-P032,2026-07-16,S003,P032,181,37.0
INV-20260716-S003-P033,2026-07-16,S003,P033,184,72.0
INV-20260716-S003-P034,2026-07-16,S003,P034,330,79.0
INV-20260716-S003-P035,2026-07-16,S003,P035,160,83.0
INV-20260716-S003-P036,2026-07-16,S003,P036,62,20.0
INV-20260716-S003-P037,2026-07-16,S003,P037,166,97.0
INV-20260716-S003-P038,2026-07-16,S003,P038,113,32.0
INV-20260716-S003-P039,2026-07-16,S003,P039,219,14.0
INV-20260716-S003-P040,2026-07-16,S003,P040,214,62.0
INV-20260716-S003-P041,2026-07-16,S003,P041,209,45.0
INV-20260716-S003-P042,2026-07-16,S003,P042,302,88.0
INV-20260716-S003-P043,2026-07-16,S003,P043,300,86.0
INV-20260716-S003-P044,2026-07-16,S003,P044,109,40.0
INV-20260716-S003-P045,2026-07-16,S003,P045,483,100.0
INV-20260716-S003-P046,2026-07-16,S003,P046,50,37.0
INV-20260716-S003-P047,2026-07-16,S003,P047,101,59.0
INV-20260716-S003-P048,2026-07-16,S003,P048,49,34.0
INV-20260716-S003-P049,2026-07-16,S003,P049,361,98.0
INV-20260717-S001-P001,2026-07-17,S001,P001,122,57.0
INV-20260717-S001-P002,2026-07-17,S001,P002,142,41.0
INV-20260717-S001-P003,2026-07-17,S001,P003,117,24.0
INV-20260717-S001-P004,2026-07-17,S001,P004,30,20.0
INV-20260717-S001-P005,2026-07-17,S001,P005,237,66.0
INV-20260717-S001-P006,2026-07-17,S001,P006,133,26.0
INV-20260717-S001-P007,2026-07-17,S001,P007,324,97.0
INV-20260717-S001-P008,2026-07-17,S001,P008,244,65.0
INV-20260717-S001-P009,2026-07-17,S001,P009,184,43.0
INV-20260717-S001-P010,2026-07-17,S001,P010,152,66.0
INV-20260717-S001-P011,2026-07-17,S001,P011,225,12.0
INV-20260717-S001-P012,2026-07-17,S001,P012,115,101.0
INV-20260717-S001-P013,2026-07-17,S001,P013,195,56.0
INV-20260717-S001-P014,2026-07-17,S001,P014,227,84.0
INV-20260717-S001-P015,2026-07-17,S001,P015,59,18.0
INV-20260717-S001-P016,2026-07-17,S001,P016,168,56.0
INV-20260717-S001-P017,2026-07-17,S001,P017,110,56.0
INV-20260717-S001-P018,2026-07-17,S001,P018,352,99.0
INV-20260717-S001-P019,2026-07-17,S001,P019,169,64.0
INV-20260717-S001-P020,2026-07-17,S001,P020,203,55.0
INV-20260717-S001-P021,2026-07-17,S001,P021,80,35.0
INV-20260717-S001-P022,2026-07-17,S001,P022,185,41.0
INV-20260717-S001-P023,2026-07-17,S001,P023,86,59.0
INV-20260717-S001-P024,2026-07-17,S001,P024,81,51.0
INV-20260717-S001-P025,2026-07-17,S001,P025,257,12.0
INV-20260717-S001-P026,2026-07-17,S001,P026,226,88.0
INV-20260717-S001-P027,2026-07-17,S001,P027,137,95.0
INV-20260717-S001-P028,2026-07-17,S001,P028,89,23.0
INV-20260717-S001-P029,2026-07-17,S001,P029,78,62.0
INV-20260717-S001-P030,2026-07-17,S001,P030,47,20.0
INV-20260717-S001-P031,2026-07-17,S001,P031,178,74.0
INV-20260717-S001-P032,2026-07-17,S001,P032,136,37.0
INV-20260717-S001-P033,2026-07-17,S001,P033,195,72.0
INV-20260717-S001-P034,2026-07-17,S001,P034,255,79.0
INV-20260717-S001-P035,2026-07-17,S001,P035,212,83.0
INV-20260717-S001-P036,2026-07-17,S001,P036,83,20.0
INV-20260717-S001-P037,2026-07-17,S001,P037,267,97.0
INV-20260717-S001-P038,2026-07-17,S001,P038,37,32.0
INV-20260717-S001-P039,2026-07-17,S001,P039,229,14.0
INV-20260717-S001-P040,2026-07-17,S001,P040,237,62.0
INV-20260717-S001-P041,2026-07-17,S001,P041,50,45.0
INV-20260717-S001-P042,2026-07-17,S001,P042,278,88.0
INV-20260717-S001-P043,2026-07-17,S001,P043,328,86.0
INV-20260717-S001-P044,2026-07-17,S001,P044,193,40.0
INV-20260717-S001-P045,2026-07-17,S001,P045,417,100.0
INV-20260717-S001-P046,2026-07-17,S001,P046,106,37.0
INV-20260717-S001-P047,2026-07-17,S001,P047,161,59.0
INV-20260717-S001-P048,2026-07-17,S001,P048,51,34.0
INV-20260717-S001-P049,2026-07-17,S001,P049,319,98.0
INV-20260717-S001-P050,2026-07-17,S001,P050,105,26.0
INV-20260717-S002-P001,2026-07-17,S002,P001,181,57.0
INV-20260717-S002-P002,2026-07-17,S002,P002,125,41.0
INV-20260717-S002-P003,2026-07-17,S002,P003,78,24.0
INV-20260717-S002-P004,2026-07-17,S002,P004,387,20.0
INV-20260717-S002-P005,2026-07-17,S002,P005,234,66.0
INV-20260717-S002-P006,2026-07-17,S002,P006,29,26.0
INV-20260717-S002-P007,2026-07-17,S002,P007,227,97.0
INV-20260717-S002-P008,2026-07-17,S002,P008,280,65.0
INV-20260717-S002-P009,2026-07-17,S002,P009,177,43.0
INV-20260717-S002-P010,2026-07-17,S002,P010,252,66.0
INV-20260717-S002-P011,2026-07-17,S002,P011,13,12.0
INV-20260717-S002-P012,2026-07-17,S002,P012,121,101.0
INV-20260717-S002-P013,2026-07-17,S002,P013,116,56.0
INV-20260717-S002-P014,2026-07-17,S002,P014,120,84.0
INV-20260717-S002-P015,2026-07-17,S002,P015,87,18.0
INV-20260717-S002-P016,2026-07-17,S002,P016,262,56.0
INV-20260717-S002-P017,2026-07-17,S002,P017,126,56.0
INV-20260717-S002-P018,2026-07-17,S002,P018,431,99.0
INV-20260717-S002-P019,2026-07-17,S002,P019,77,64.0
INV-20260717-S002-P020,2026-07-17,S002,P020,206,55.0
INV-20260717-S002-P021,2026-07-17,S002,P021,90,35.0
INV-20260717-S002-P022,2026-07-17,S002,P022,106,41.0
INV-20260717-S002-P023,2026-07-17,S002,P023,62,59.0
INV-20260717-S002-P024,2026-07-17,S002,P024,229,51.0
INV-20260717-S002-P025,2026-07-17,S002,P025,77,12.0
INV-20260717-S002-P026,2026-07-17,S002,P026,410,88.0
INV-20260717-S002-P027,2026-07-17,S002,P027,311,95.0
INV-20260717-S002-P028,2026-07-17,S002,P028,61,23.0
INV-20260717-S002-P029,2026-07-17,S002,P029,270,62.0
INV-20260717-S002-P030,2026-07-17,S002,P030,67,20.0
INV-20260717-S002-P031,2026-07-17,S002,P031,370,74.0
INV-20260717-S002-P032,2026-07-17,S002,P032,54,37.0
INV-20260717-S002-P033,2026-07-17,S002,P033,282,72.0
INV-20260717-S002-P034,2026-07-17,S002,P034,382,79.0
INV-20260717-S002-P035,2026-07-17,S002,P035,163,83.0
INV-20260717-S002-P036,2026-07-17,S002,P036,98,20.0
INV-20260717-S002-P037,2026-07-17,S002,P037,195,97.0
INV-20260717-S002-P038,2026-07-17,S002,P038,83,32.0
INV-20260717-S002-P039,2026-07-17,S002,P039,27,14.0
INV-20260717-S002-P040,2026-07-17,S002,P040,196,62.0
INV-20260717-S002-P041,2026-07-17,S002,P041,187,45.0
INV-20260717-S002-P042,2026-07-17,S002,P042,114,88.0
INV-20260717-S002-P043,2026-07-17,S002,P043,427,86.0
INV-20260717-S002-P044,2026-07-17,S002,P044,97,40.0
INV-20260717-S002-P045,2026-07-17,S002,P045,109,100.0
INV-20260717-S002-P046,2026-07-17,S002,P046,152,37.0
INV-20260717-S002-P047,2026-07-17,S002,P047,120,59.0
INV-20260717-S002-P048,2026-07-17,S002,P048,96,34.0
INV-20260717-S002-P049,2026-07-17,S002,P049,201,98.0
INV-20260717-S002-P050,2026-07-17,S002,P050,38,26.0
INV-20260717-S003-P001,2026-07-17,S003,P001,129,57.0
INV-20260717-S003-P002,2026-07-17,S003,P002,205,41.0
INV-20260717-S003-P003,2026-07-17,S003,P003,33,24.0
INV-20260717-S003-P004,2026-07-17,S003,P004,61,20.0
INV-20260717-S003-P005,2026-07-17,S003,P005,236,66.0
INV-20260717-S003-P006,2026-07-17,S003,P006,58,26.0
INV-20260717-S003-P007,2026-07-17,S003,P007,453,97.0
INV-20260717-S003-P008,2026-07-17,S003,P008,265,65.0
INV-20260717-S003-P009,2026-07-17,S003,P009,149,43.0
INV-20260717-S003-P010,2026-07-17,S003,P010,68,66.0
INV-20260717-S003-P011,2026-07-17,S003,P011,214,12.0
INV-20260717-S003-P012,2026-07-17,S003,P012,423,101.0
INV-20260717-S003-P013,2026-07-17,S003,P013,263,56.0
INV-20260717-S003-P014,2026-07-17,S003,P014,168,84.0
INV-20260717-S003-P015,2026-07-17,S003,P015,90,18.0
INV-20260717-S003-P016,2026-07-17,S003,P016,150,56.0
INV-20260717-S003-P017,2026-07-17,S003,P017,120,56.0
INV-20260717-S003-P018,2026-07-17,S003,P018,207,99.0
INV-20260717-S003-P019,2026-07-17,S003,P019,67,64.0
INV-20260717-S003-P020,2026-07-17,S003,P020,129,55.0
INV-20260717-S003-P021,2026-07-17,S003,P021,153,35.0
INV-20260717-S003-P022,2026-07-17,S003,P022,186,41.0
INV-20260717-S003-P023,2026-07-17,S003,P023,182,59.0
INV-20260717-S003-P024,2026-07-17,S003,P024,218,51.0
INV-20260717-S003-P025,2026-07-17,S003,P025,201,12.0
INV-20260717-S003-P026,2026-07-17,S003,P026,294,88.0
INV-20260717-S003-P027,2026-07-17,S003,P027,266,95.0
INV-20260717-S003-P028,2026-07-17,S003,P028,88,23.0
INV-20260717-S003-P029,2026-07-17,S003,P029,205,62.0
INV-20260717-S003-P030,2026-07-17,S003,P030,50,20.0
INV-20260717-S003-P031,2026-07-17,S003,P031,121,74.0
INV-20260717-S003-P032,2026-07-17,S003,P032,176,37.0
INV-20260717-S003-P033,2026-07-17,S003,P033,174,72.0
INV-20260717-S003-P034,2026-07-17,S003,P034,323,79.0
INV-20260717-S003-P035,2026-07-17,S003,P035,149,83.0
INV-20260717-S003-P036,2026-07-17,S003,P036,57,20.0
INV-20260717-S003-P037,2026-07-17,S003,P037,154,97.0
INV-20260717-S003-P038,2026-07-17,S003,P038,110,32.0
INV-20260717-S003-P039,2026-07-17,S003,P039,217,14.0
INV-20260717-S003-P040,2026-07-17,S003,P040,203,62.0
INV-20260717-S003-P041,2026-07-17,S003,P041,206,45.0
INV-20260717-S003-P042,2026-07-17,S003,P042,290,88.0
INV-20260717-S003-P043,2026-07-17,S003,P043,290,86.0
INV-20260717-S003-P044,2026-07-17,S003,P044,104,40.0
INV-20260717-S003-P045,2026-07-17,S003,P045,473,100.0
INV-20260717-S003-P046,2026-07-17,S003,P046,48,37.0
INV-20260717-S003-P047,2026-07-17,S003,P047,88,59.0
INV-20260717-S003-P048,2026-07-17,S003,P048,46,34.0
INV-20260717-S003-P049,2026-07-17,S003,P049,350,98.0
INV-20260718-S001-P001,2026-07-18,S001,P001,112,57.0
INV-20260718-S001-P002,2026-07-18,S001,P002,132,41.0
INV-20260718-S001-P003,2026-07-18,S001,P003,114,24.0
INV-20260718-S001-P004,2026-07-18,S001,P004,26,20.0
INV-20260718-S001-P005,2026-07-18,S001,P005,224,66.0
INV-20260718-S001-P006,2026-07-18,S001,P006,127,26.0
INV-20260718-S001-P007,2026-07-18,S001,P007,309,97.0
INV-20260718-S001-P008,2026-07-18,S001,P008,233,65.0
INV-20260718-S001-P009,2026-07-18,S001,P009,173,43.0
INV-20260718-S001-P010,2026-07-18,S001,P010,138,66.0
INV-20260718-S001-P011,2026-07-18,S001,P011,221,12.0
INV-20260718-S001-P012,2026-07-18,S001,P012,499,101.0
INV-20260718-S001-P013,2026-07-18,S001,P013,183,56.0
INV-20260718-S001-P014,2026-07-18,S001,P014,218,84.0
INV-20260718-S001-P015,2026-07-18,S001,P015,56,18.0
INV-20260718-S001-P016,2026-07-18,S001,P016,154,56.0
INV-20260718-S001-P017,2026-07-18,S001,P017,104,56.0
INV-20260718-S001-P018,2026-07-18,S001,P018,334,99.0
INV-20260718-S001-P019,2026-07-18,S001,P019,159,64.0
INV-20260718-S001-P020,2026-07-18,S001,P020,194,55.0
INV-20260718-S001-P021,2026-07-18,S001,P021,72,35.0
INV-20260718-S001-P022,2026-07-18,S001,P022,176,41.0
INV-20260718-S001-P023,2026-07-18,S001,P023,78,59.0
INV-20260718-S001-P024,2026-07-18,S001,P024,73,51.0
INV-20260718-S001-P025,2026-07-18,S001,P025,255,12.0
INV-20260718-S001-P026,2026-07-18,S001,P026,212,88.0
INV-20260718-S001-P027,2026-07-18,S001,P027,123,95.0
INV-20260718-S001-P028,2026-07-18,S001,P028,84,23.0
INV-20260718-S001-P029,2026-07-18,S001,P029,67,62.0
INV-20260718-S001-P030,2026-07-18,S001,P030,40,20.0
INV-20260718-S001-P031,2026-07-18,S001,P031,168,74.0
INV-20260718-S001-P032,2026-07-18,S001,P032,132,37.0
INV-20260718-S001-P033,2026-07-18,S001,P033,188,72.0
INV-20260718-S001-P034,2026-07-18,S001,P034,245,79.0
INV-20260718-S001-P035,2026-07-18,S001,P035,194,83.0
INV-20260718-S001-P036,2026-07-18,S001,P036,79,20.0
INV-20260718-S001-P037,2026-07-18,S001,P037,248,97.0
INV-20260718-S001-P038,2026-07-18,S001,P038,160,32.0
INV-20260718-S001-P039,2026-07-18,S001,P039,226,14.0
INV-20260718-S001-P040,2026-07-18,S001,P040,229,62.0
INV-20260718-S001-P041,2026-07-18,S001,P041,223,45.0
INV-20260718-S001-P042,2026-07-18,S001,P042,266,88.0
INV-20260718-S001-P043,2026-07-18,S001,P043,307,86.0
INV-20260718-S001-P044,2026-07-18,S001,P044,184,40.0
INV-20260718-S001-P045,2026-07-18,S001,P045,396,100.0
INV-20260718-S001-P046,2026-07-18,S001,P046,101,37.0
INV-20260718-S001-P047,2026-07-18,S001,P047,151,59.0
INV-20260718-S001-P048,2026-07-18,S001,P048,51,34.0
INV-20260718-S001-P049,2026-07-18,S001,P049,297,98.0
INV-20260718-S001-P050,2026-07-18,S001,P050,104,26.0
INV-20260718-S002-P001,2026-07-18,S002,P001,170,57.0
INV-20260718-S002-P002,2026-07-18,S002,P002,119,41.0
INV-20260718-S002-P003,2026-07-18,S002,P003,76,24.0
INV-20260718-S002-P004,2026-07-18,S002,P004,387,20.0
INV-20260718-S002-P005,2026-07-18,S002,P005,225,66.0
INV-20260718-S002-P006,2026-07-18,S002,P006,131,26.0
INV-20260718-S002-P007,2026-07-18,S002,P007,227,97.0
INV-20260718-S002-P008,2026-07-18,S002,P008,271,65.0
INV-20260718-S002-P009,2026-07-18,S002,P009,169,43.0
INV-20260718-S002-P010,2026-07-18,S002,P010,234,66.0
INV-20260718-S002-P011,2026-07-18,S002,P011,58,12.0
INV-20260718-S002-P012,2026-07-18,S002,P012,501,101.0
INV-20260718-S002-P013,2026-07-18,S002,P013,109,56.0
INV-20260718-S002-P014,2026-07-18,S002,P014,110,84.0
INV-20260718-S002-P015,2026-07-18,S002,P015,86,18.0
INV-20260718-S002-P016,2026-07-18,S002,P016,257,56.0
INV-20260718-S002-P017,2026-07-18,S002,P017,110,56.0
INV-20260718-S002-P018,2026-07-18,S002,P018,413,99.0
INV-20260718-S002-P019,2026-07-18,S002,P019,66,64.0
INV-20260718-S002-P020,2026-07-18,S002,P020,193,55.0
INV-20260718-S002-P021,2026-07-18,S002,P021,83,35.0
INV-20260718-S002-P022,2026-07-18,S002,P022,96,41.0
INV-20260718-S002-P023,2026-07-18,S002,P023,286,59.0
INV-20260718-S002-P024,2026-07-18,S002,P024,220,51.0
INV-20260718-S002-P025,2026-07-18,S002,P025,73,12.0
INV-20260718-S002-P026,2026-07-18,S002,P026,395,88.0
INV-20260718-S002-P027,2026-07-18,S002,P027,297,95.0
INV-20260718-S002-P028,2026-07-18,S002,P028,56,23.0
INV-20260718-S002-P029,2026-07-18,S002,P029,257,62.0
INV-20260718-S002-P030,2026-07-18,S002,P030,66,20.0
INV-20260718-S002-P031,2026-07-18,S002,P031,355,74.0
INV-20260718-S002-P032,2026-07-18,S002,P032,48,37.0
INV-20260718-S002-P033,2026-07-18,S002,P033,269,72.0
INV-20260718-S002-P034,2026-07-18,S002,P034,365,79.0
INV-20260718-S002-P035,2026-07-18,S002,P035,139,83.0
INV-20260718-S002-P036,2026-07-18,S002,P036,94,20.0
INV-20260718-S002-P037,2026-07-18,S002,P037,178,97.0
INV-20260718-S002-P038,2026-07-18,S002,P038,80,32.0
INV-20260718-S002-P039,2026-07-18,S002,P039,24,14.0
INV-20260718-S002-P040,2026-07-18,S002,P040,187,62.0
INV-20260718-S002-P041,2026-07-18,S002,P041,174,45.0
INV-20260718-S002-P042,2026-07-18,S002,P042,103,88.0
INV-20260718-S002-P043,2026-07-18,S002,P043,405,86.0
INV-20260718-S002-P044,2026-07-18,S002,P044,88,40.0
INV-20260718-S002-P045,2026-07-18,S002,P045,484,100.0
INV-20260718-S002-P046,2026-07-18,S002,P046,146,37.0
INV-20260718-S002-P047,2026-07-18,S002,P047,114,59.0
INV-20260718-S002-P048,2026-07-18,S002,P048,88,34.0
INV-20260718-S002-P049,2026-07-18,S002,P049,177,98.0
INV-20260718-S002-P050,2026-07-18,S002,P050,36,26.0
INV-20260718-S003-P001,2026-07-18,S003,P001,121,57.0
INV-20260718-S003-P002,2026-07-18,S003,P002,200,41.0
INV-20260718-S003-P003,2026-07-18,S003,P003,29,24.0
INV-20260718-S003-P004,2026-07-18,S003,P004,59,20.0
INV-20260718-S003-P005,2026-07-18,S003,P005,230,66.0
INV-20260718-S003-P006,2026-07-18,S003,P006,57,26.0
INV-20260718-S003-P007,2026-07-18,S003,P007,441,97.0
INV-20260718-S003-P008,2026-07-18,S003,P008,255,65.0
INV-20260718-S003-P009,2026-07-18,S003,P009,145,43.0
INV-20260718-S003-P010,2026-07-18,S003,P010,322,66.0
INV-20260718-S003-P011,2026-07-18,S003,P011,213,12.0
INV-20260718-S003-P012,2026-07-18,S003,P012,410,101.0
INV-20260718-S003-P013,2026-07-18,S003,P013,258,56.0
INV-20260718-S003-P014,2026-07-18,S003,P014,164,84.0
INV-20260718-S003-P015,2026-07-18,S003,P015,85,18.0
INV-20260718-S003-P016,2026-07-18,S003,P016,148,56.0
INV-20260718-S003-P017,2026-07-18,S003,P017,113,56.0
INV-20260718-S003-P018,2026-07-18,S003,P018,193,99.0
INV-20260718-S003-P019,2026-07-18,S003,P019,318,64.0
INV-20260718-S003-P020,2026-07-18,S003,P020,119,55.0
INV-20260718-S003-P021,2026-07-18,S003,P021,152,35.0
INV-20260718-S003-P022,2026-07-18,S003,P022,184,41.0
INV-20260718-S003-P023,2026-07-18,S003,P023,171,59.0
INV-20260718-S003-P024,2026-07-18,S003,P024,207,51.0
INV-20260718-S003-P025,2026-07-18,S003,P025,201,12.0
INV-20260718-S003-P026,2026-07-18,S003,P026,278,88.0
INV-20260718-S003-P027,2026-07-18,S003,P027,256,95.0
INV-20260718-S003-P028,2026-07-18,S003,P028,87,23.0
INV-20260718-S003-P029,2026-07-18,S003,P029,198,62.0
INV-20260718-S003-P030,2026-07-18,S003,P030,48,20.0
INV-20260718-S003-P031,2026-07-18,S003,P031,110,74.0
INV-20260718-S003-P032,2026-07-18,S003,P032,172,37.0
INV-20260718-S003-P033,2026-07-18,S003,P033,163,72.0
INV-20260718-S003-P034,2026-07-18,S003,P034,313,79.0
INV-20260718-S003-P035,2026-07-18,S003,P035,138,83.0
INV-20260718-S003-P036,2026-07-18,S003,P036,54,20.0
INV-20260718-S003-P037,2026-07-18,S003,P037,134,97.0
INV-20260718-S003-P038,2026-07-18,S003,P038,109,32.0
INV-20260718-S003-P039,2026-07-18,S003,P039,214,14.0
INV-20260718-S003-P040,2026-07-18,S003,P040,195,62.0
INV-20260718-S003-P041,2026-07-18,S003,P041,200,45.0
INV-20260718-S003-P042,2026-07-18,S003,P042,282,88.0
INV-20260718-S003-P043,2026-07-18,S003,P043,279,86.0
INV-20260718-S003-P044,2026-07-18,S003,P044,94,40.0
INV-20260718-S003-P045,2026-07-18,S003,P045,464,100.0
INV-20260718-S003-P046,2026-07-18,S003,P046,43,37.0
INV-20260718-S003-P047,2026-07-18,S003,P047,81,59.0
INV-20260718-S003-P048,2026-07-18,S003,P048,45,34.0
INV-20260718-S003-P049,2026-07-18,S003,P049,336,98.0
INV-20260719-S001-P001,2026-07-19,S001,P001,100,57.0
INV-20260719-S001-P002,2026-07-19,S001,P002,125,41.0
INV-20260719-S001-P003,2026-07-19,S001,P003,111,24.0
INV-20260719-S001-P004,2026-07-19,S001,P004,23,20.0
INV-20260719-S001-P005,2026-07-19,S001,P005,207,66.0
INV-20260719-S001-P006,2026-07-19,S001,P006,124,26.0
INV-20260719-S001-P007,2026-07-19,S001,P007,293,97.0
INV-20260719-S001-P008,2026-07-19,S001,P008,224,65.0
INV-20260719-S001-P009,2026-07-19,S001,P009,166,43.0
INV-20260719-S001-P010,2026-07-19,S001,P010,127,66.0
INV-20260719-S001-P011,2026-07-19,S001,P011,217,12.0
INV-20260719-S001-P012,2026-07-19,S001,P012,484,101.0
INV-20260719-S001-P013,2026-07-19,S001,P013,174,56.0
INV-20260719-S001-P014,2026-07-19,S001,P014,207,84.0
INV-20260719-S001-P015,2026-07-19,S001,P015,51,18.0
INV-20260719-S001-P016,2026-07-19,S001,P016,148,56.0
INV-20260719-S001-P017,2026-07-19,S001,P017,97,56.0
INV-20260719-S001-P018,2026-07-19,S001,P018,313,99.0
INV-20260719-S001-P019,2026-07-19,S001,P019,150,64.0
INV-20260719-S001-P020,2026-07-19,S001,P020,185,55.0
INV-20260719-S001-P021,2026-07-19,S001,P021,63,35.0
INV-20260719-S001-P022,2026-07-19,S001,P022,165,41.0
INV-20260719-S001-P023,2026-07-19,S001,P023,66,59.0
INV-20260719-S001-P024,2026-07-19,S001,P024,64,51.0
INV-20260719-S001-P025,2026-07-19,S001,P025,252,12.0
INV-20260719-S001-P026,2026-07-19,S001,P026,203,88.0
INV-20260719-S001-P027,2026-07-19,S001,P027,105,95.0
INV-20260719-S001-P028,2026-07-19,S001,P028,81,23.0
INV-20260719-S001-P029,2026-07-19,S001,P029,308,62.0
INV-20260719-S001-P030,2026-07-19,S001,P030,36,20.0
INV-20260719-S001-P031,2026-07-19,S001,P031,156,74.0
INV-20260719-S001-P032,2026-07-19,S001,P032,131,37.0
INV-20260719-S001-P033,2026-07-19,S001,P033,173,72.0
INV-20260719-S001-P034,2026-07-19,S001,P034,227,79.0
INV-20260719-S001-P035,2026-07-19,S001,P035,176,83.0
INV-20260719-S001-P036,2026-07-19,S001,P036,78,20.0
INV-20260719-S001-P037,2026-07-19,S001,P037,226,97.0
INV-20260719-S001-P038,2026-07-19,S001,P038,156,32.0
INV-20260719-S001-P039,2026-07-19,S001,P039,222,14.0
INV-20260719-S001-P040,2026-07-19,S001,P040,216,62.0
INV-20260719-S001-P041,2026-07-19,S001,P041,219,45.0
INV-20260719-S001-P042,2026-07-19,S001,P042,245,88.0
INV-20260719-S001-P043,2026-07-19,S001,P043,290,86.0
INV-20260719-S001-P044,2026-07-19,S001,P044,180,40.0
INV-20260719-S001-P045,2026-07-19,S001,P045,377,100.0
INV-20260719-S001-P046,2026-07-19,S001,P046,95,37.0
INV-20260719-S001-P047,2026-07-19,S001,P047,140,59.0
INV-20260719-S001-P048,2026-07-19,S001,P048,46,34.0
INV-20260719-S001-P049,2026-07-19,S001,P049,281,98.0
INV-20260719-S001-P050,2026-07-19,S001,P050,101,26.0
INV-20260719-S002-P001,2026-07-19,S002,P001,162,57.0
INV-20260719-S002-P002,2026-07-19,S002,P002,109,41.0
INV-20260719-S002-P003,2026-07-19,S002,P003,72,24.0
INV-20260719-S002-P004,2026-07-19,S002,P004,387,20.0
INV-20260719-S002-P005,2026-07-19,S002,P005,207,66.0
INV-20260719-S002-P006,2026-07-19,S002,P006,129,26.0
INV-20260719-S002-P007,2026-07-19,S002,P007,227,97.0
INV-20260719-S002-P008,2026-07-19,S002,P008,259,65.0
INV-20260719-S002-P009,2026-07-19,S002,P009,162,43.0
INV-20260719-S002-P010,2026-07-19,S002,P010,221,66.0
INV-20260719-S002-P011,2026-07-19,S002,P011,56,12.0
INV-20260719-S002-P012,2026-07-19,S002,P012,482,101.0
INV-20260719-S002-P013,2026-07-19,S002,P013,102,56.0
INV-20260719-S002-P014,2026-07-19,S002,P014,86,84.0
INV-20260719-S002-P015,2026-07-19,S002,P015,83,18.0
INV-20260719-S002-P016,2026-07-19,S002,P016,249,56.0
INV-20260719-S002-P017,2026-07-19,S002,P017,104,56.0
INV-20260719-S002-P018,2026-07-19,S002,P018,387,99.0
INV-20260719-S002-P019,2026-07-19,S002,P019,310,64.0
INV-20260719-S002-P020,2026-07-19,S002,P020,184,55.0
INV-20260719-S002-P021,2026-07-19,S002,P021,78,35.0
INV-20260719-S002-P022,2026-07-19,S002,P022,86,41.0
INV-20260719-S002-P023,2026-07-19,S002,P023,274,59.0
INV-20260719-S002-P024,2026-07-19,S002,P024,204,51.0
INV-20260719-S002-P025,2026-07-19,S002,P025,69,12.0
INV-20260719-S002-P026,2026-07-19,S002,P026,373,88.0
INV-20260719-S002-P027,2026-07-19,S002,P027,275,95.0
INV-20260719-S002-P028,2026-07-19,S002,P028,53,23.0
INV-20260719-S002-P029,2026-07-19,S002,P029,243,62.0
INV-20260719-S002-P030,2026-07-19,S002,P030,61,20.0
INV-20260719-S002-P031,2026-07-19,S002,P031,326,74.0
INV-20260719-S002-P032,2026-07-19,S002,P032,40,37.0
INV-20260719-S002-P033,2026-07-19,S002,P033,258,72.0
INV-20260719-S002-P034,2026-07-19,S002,P034,346,79.0
INV-20260719-S002-P035,2026-07-19,S002,P035,121,83.0
INV-20260719-S002-P036,2026-07-19,S002,P036,92,20.0
INV-20260719-S002-P037,2026-07-19,S002,P037,157,97.0
INV-20260719-S002-P038,2026-07-19,S002,P038,73,32.0
INV-20260719-S002-P039,2026-07-19,S002,P039,21,14.0
INV-20260719-S002-P040,2026-07-19,S002,P040,176,62.0
INV-20260719-S002-P041,2026-07-19,S002,P041,166,45.0
INV-20260719-S002-P042,2026-07-19,S002,P042,439,88.0
INV-20260719-S002-P043,2026-07-19,S002,P043,391,86.0
INV-20260719-S002-P044,2026-07-19,S002,P044,80,40.0
INV-20260719-S002-P045,2026-07-19,S002,P045,467,100.0
INV-20260719-S002-P046,2026-07-19,S002,P046,139,37.0
INV-20260719-S002-P047,2026-07-19,S002,P047,102,59.0
INV-20260719-S002-P048,2026-07-19,S002,P048,79,34.0
INV-20260719-S002-P049,2026-07-19,S002,P049,160,98.0
INV-20260719-S002-P050,2026-07-19,S002,P050,34,26.0
INV-20260719-S003-P001,2026-07-19,S003,P001,109,57.0
INV-20260719-S003-P002,2026-07-19,S003,P002,193,41.0
INV-20260719-S003-P003,2026-07-19,S003,P003,29,24.0
INV-20260719-S003-P004,2026-07-19,S003,P004,57,20.0
INV-20260719-S003-P005,2026-07-19,S003,P005,220,66.0
INV-20260719-S003-P006,2026-07-19,S003,P006,55,26.0
INV-20260719-S003-P007,2026-07-19,S003,P007,430,97.0
INV-20260719-S003-P008,2026-07-19,S003,P008,245,65.0
INV-20260719-S003-P009,2026-07-19,S003,P009,141,43.0
INV-20260719-S003-P010,2026-07-19,S003,P010,308,66.0
INV-20260719-S003-P011,2026-07-19,S003,P011,211,12.0
INV-20260719-S003-P012,2026-07-19,S003,P012,397,101.0
INV-20260719-S003-P013,2026-07-19,S003,P013,247,56.0
INV-20260719-S003-P014,2026-07-19,S003,P014,158,84.0
INV-20260719-S003-P015,2026-07-19,S003,P015,81,18.0
INV-20260719-S003-P016,2026-07-19,S003,P016,136,56.0
INV-20260719-S003-P017,2026-07-19,S003,P017,106,56.0
INV-20260719-S003-P018,2026-07-19,S003,P018,183,99.0
INV-20260719-S003-P019,2026-07-19,S003,P019,309,64.0
INV-20260719-S003-P020,2026-07-19,S003,P020,111,55.0
INV-20260719-S003-P021,2026-07-19,S003,P021,146,35.0
INV-20260719-S003-P022,2026-07-19,S003,P022,177,41.0
INV-20260719-S003-P023,2026-07-19,S003,P023,165,59.0
INV-20260719-S003-P024,2026-07-19,S003,P024,204,51.0
INV-20260719-S003-P025,2026-07-19,S003,P025,197,12.0
INV-20260719-S003-P026,2026-07-19,S003,P026,265,88.0
INV-20260719-S003-P027,2026-07-19,S003,P027,236,95.0
INV-20260719-S003-P028,2026-07-19,S003,P028,84,23.0
INV-20260719-S003-P029,2026-07-19,S003,P029,192,62.0
INV-20260719-S003-P030,2026-07-19,S003,P030,46,20.0
INV-20260719-S003-P031,2026-07-19,S003,P031,95,74.0
INV-20260719-S003-P032,2026-07-19,S003,P032,165,37.0
INV-20260719-S003-P033,2026-07-19,S003,P033,154,72.0
INV-20260719-S003-P034,2026-07-19,S003,P034,297,79.0
INV-20260719-S003-P035,2026-07-19,S003,P035,128,83.0
INV-20260719-S003-P036,2026-07-19,S003,P036,50,20.0
INV-20260719-S003-P037,2026-07-19,S003,P037,121,97.0
INV-20260719-S003-P038,2026-07-19,S003,P038,101,32.0
INV-20260719-S003-P039,2026-07-19,S003,P039,212,14.0
INV-20260719-S003-P040,2026-07-19,S003,P040,181,62.0
INV-20260719-S003-P041,2026-07-19,S003,P041,192,45.0
INV-20260719-S003-P042,2026-07-19,S003,P042,266,88.0
INV-20260719-S003-P043,2026-07-19,S003,P043,262,86.0
INV-20260719-S003-P044,2026-07-19,S003,P044,81,40.0
INV-20260719-S003-P045,2026-07-19,S003,P045,453,100.0
INV-20260719-S003-P046,2026-07-19,S003,P046,39,37.0
INV-20260719-S003-P047,2026-07-19,S003,P047,70,59.0
INV-20260719-S003-P048,2026-07-19,S003,P048,39,34.0
INV-20260719-S003-P049,2026-07-19,S003,P049,325,98.0
INV-20260720-S001-P001,2026-07-20,S001,P001,96,57.0
INV-20260720-S001-P002,2026-07-20,S001,P002,119,41.0
INV-20260720-S001-P003,2026-07-20,S001,P003,106,24.0
INV-20260720-S001-P004,2026-07-20,S001,P004,101,20.0
INV-20260720-S001-P005,2026-07-20,S001,P005,201,66.0
INV-20260720-S001-P006,2026-07-20,S001,P006,119,26.0
INV-20260720-S001-P007,2026-07-20,S001,P007,274,97.0
INV-20260720-S001-P008,2026-07-20,S001,P008,209,65.0
INV-20260720-S001-P009,2026-07-20,S001,P009,159,43.0
INV-20260720-S001-P010,2026-07-20,S001,P010,114,66.0
INV-20260720-S001-P011,2026-07-20,S001,P011,216,12.0
INV-20260720-S001-P012,2026-07-20,S001,P012,461,101.0
INV-20260720-S001-P013,2026-07-20,S001,P013,162,56.0
INV-20260720-S001-P014,2026-07-20,S001,P014,192,84.0
INV-20260720-S001-P015,2026-07-20,S001,P015,50,18.0
INV-20260720-S001-P016,2026-07-20,S001,P016,139,56.0
INV-20260720-S001-P017,2026-07-20,S001,P017,87,56.0
INV-20260720-S001-P018,2026-07-20,S001,P018,295,99.0
INV-20260720-S001-P019,2026-07-20,S001,P019,134,64.0
INV-20260720-S001-P020,2026-07-20,S001,P020,176,55.0
INV-20260720-S001-P021,2026-07-20,S001,P021,58,35.0
INV-20260720-S001-P022,2026-07-20,S001,P022,159,41.0
INV-20260720-S001-P023,2026-07-20,S001,P023,294,59.0
INV-20260720-S001-P024,2026-07-20,S001,P024,61,51.0
INV-20260720-S001-P025,2026-07-20,S001,P025,251,12.0
INV-20260720-S001-P026,2026-07-20,S001,P026,185,88.0
INV-20260720-S001-P027,2026-07-20,S001,P027,472,95.0
INV-20260720-S001-P028,2026-07-20,S001,P028,80,23.0
INV-20260720-S001-P029,2026-07-20,S001,P029,294,62.0
INV-20260720-S001-P030,2026-07-20,S001,P030,33,20.0
INV-20260720-S001-P031,2026-07-20,S001,P031,146,74.0
INV-20260720-S001-P032,2026-07-20,S001,P032,125,37.0
INV-20260720-S001-P033,2026-07-20,S001,P033,163,72.0
INV-20260720-S001-P034,2026-07-20,S001,P034,219,79.0
INV-20260720-S001-P035,2026-07-20,S001,P035,160,83.0
INV-20260720-S001-P036,2026-07-20,S001,P036,72,20.0
INV-20260720-S001-P037,2026-07-20,S001,P037,213,97.0
INV-20260720-S001-P038,2026-07-20,S001,P038,153,32.0
INV-20260720-S001-P039,2026-07-20,S001,P039,218,14.0
INV-20260720-S001-P040,2026-07-20,S001,P040,199,62.0
INV-20260720-S001-P041,2026-07-20,S001,P041,210,45.0
INV-20260720-S001-P042,2026-07-20,S001,P042,229,88.0
INV-20260720-S001-P043,2026-07-20,S001,P043,279,86.0
INV-20260720-S001-P044,2026-07-20,S001,P044,174,40.0
INV-20260720-S001-P045,2026-07-20,S001,P045,364,100.0
INV-20260720-S001-P046,2026-07-20,S001,P046,90,37.0
INV-20260720-S001-P047,2026-07-20,S001,P047,130,59.0
INV-20260720-S001-P048,2026-07-20,S001,P048,44,34.0
INV-20260720-S001-P049,2026-07-20,S001,P049,271,98.0
INV-20260720-S001-P050,2026-07-20,S001,P050,101,26.0
INV-20260720-S002-P001,2026-07-20,S002,P001,149,57.0
INV-20260720-S002-P002,2026-07-20,S002,P002,102,41.0
INV-20260720-S002-P003,2026-07-20,S002,P003,66,24.0
INV-20260720-S002-P004,2026-07-20,S002,P004,387,20.0
INV-20260720-S002-P005,2026-07-20,S002,P005,195,66.0
INV-20260720-S002-P006,2026-07-20,S002,P006,121,26.0
INV-20260720-S002-P007,2026-07-20,S002,P007,227,97.0
INV-20260720-S002-P008,2026-07-20,S002,P008,247,65.0
INV-20260720-S002-P009,2026-07-20,S002,P009,155,43.0
INV-20260720-S002-P010,2026-07-20,S002,P010,208,66.0
INV-20260720-S002-P011,2026-07-20,S002,P011,54,12.0
INV-20260720-S002-P012,2026-07-20,S002,P012,466,101.0
INV-20260720-S002-P013,2026-07-20,S002,P013,91,56.0
INV-20260720-S002-P014,2026-07-20,S002,P014,405,84.0
INV-20260720-S002-P015,2026-07-20,S002,P015,79,18.0
INV-20260720-S002-P016,2026-07-20,S002,P016,240,56.0
INV-20260720-S002-P017,2026-07-20,S002,P017,95,56.0
INV-20260720-S002-P018,2026-07-20,S002,P018,378,99.0
INV-20260720-S002-P019,2026-07-20,S002,P019,294,64.0
INV-20260720-S002-P020,2026-07-20,S002,P020,171,55.0
INV-20260720-S002-P021,2026-07-20,S002,P021,70,35.0
INV-20260720-S002-P022,2026-07-20,S002,P022,81,41.0
INV-20260720-S002-P023,2026-07-20,S002,P023,254,59.0
INV-20260720-S002-P024,2026-07-20,S002,P024,194,51.0
INV-20260720-S002-P025,2026-07-20,S002,P025,69,12.0
INV-20260720-S002-P026,2026-07-20,S002,P026,358,88.0
INV-20260720-S002-P027,2026-07-20,S002,P027,257,95.0
INV-20260720-S002-P028,2026-07-20,S002,P028,52,23.0
INV-20260720-S002-P029,2026-07-20,S002,P029,230,62.0
INV-20260720-S002-P030,2026-07-20,S002,P030,60,20.0
INV-20260720-S002-P031,2026-07-20,S002,P031,313,74.0
INV-20260720-S002-P032,2026-07-20,S002,P032,175,37.0
INV-20260720-S002-P033,2026-07-20,S002,P033,250,72.0
INV-20260720-S002-P034,2026-07-20,S002,P034,336,79.0
INV-20260720-S002-P035,2026-07-20,S002,P035,102,83.0
INV-20260720-S002-P036,2026-07-20,S002,P036,85,20.0
INV-20260720-S002-P037,2026-07-20,S002,P037,140,97.0
INV-20260720-S002-P038,2026-07-20,S002,P038,67,32.0
INV-20260720-S002-P039,2026-07-20,S002,P039,20,14.0
INV-20260720-S002-P040,2026-07-20,S002,P040,160,62.0
INV-20260720-S002-P041,2026-07-20,S002,P041,153,45.0
INV-20260720-S002-P042,2026-07-20,S002,P042,423,88.0
INV-20260720-S002-P043,2026-07-20,S002,P043,377,86.0
INV-20260720-S002-P044,2026-07-20,S002,P044,77,40.0
INV-20260720-S002-P045,2026-07-20,S002,P045,436,100.0
INV-20260720-S002-P046,2026-07-20,S002,P046,132,37.0
INV-20260720-S002-P047,2026-07-20,S002,P047,91,59.0
INV-20260720-S002-P048,2026-07-20,S002,P048,73,34.0
INV-20260720-S002-P049,2026-07-20,S002,P049,143,98.0
INV-20260720-S002-P050,2026-07-20,S002,P050,29,26.0
INV-20260720-S003-P001,2026-07-20,S003,P001,99,57.0
INV-20260720-S003-P002,2026-07-20,S003,P002,187,41.0
INV-20260720-S003-P003,2026-07-20,S003,P003,27,24.0
INV-20260720-S003-P004,2026-07-20,S003,P004,56,20.0
INV-20260720-S003-P005,2026-07-20,S003,P005,211,66.0
INV-20260720-S003-P006,2026-07-20,S003,P006,51,26.0
INV-20260720-S003-P007,2026-07-20,S003,P007,418,97.0
INV-20260720-S003-P008,2026-07-20,S003,P008,234,65.0
INV-20260720-S003-P009,2026-07-20,S003,P009,138,43.0
INV-20260720-S003-P010,2026-07-20,S003,P010,300,66.0
INV-20260720-S003-P011,2026-07-20,S003,P011,210,12.0
INV-20260720-S003-P012,2026-07-20,S003,P012,383,101.0
INV-20260720-S003-P013,2026-07-20,S003,P013,241,56.0
INV-20260720-S003-P014,2026-07-20,S003,P014,150,84.0
INV-20260720-S003-P015,2026-07-20,S003,P015,75,18.0
INV-20260720-S003-P016,2026-07-20,S003,P016,125,56.0
INV-20260720-S003-P017,2026-07-20,S003,P017,95,56.0
INV-20260720-S003-P018,2026-07-20,S003,P018,173,99.0
INV-20260720-S003-P019,2026-07-20,S003,P019,298,64.0
INV-20260720-S003-P020,2026-07-20,S003,P020,108,55.0
INV-20260720-S003-P021,2026-07-20,S003,P021,141,35.0
INV-20260720-S003-P022,2026-07-20,S003,P022,172,41.0
INV-20260720-S003-P023,2026-07-20,S003,P023,161,59.0
INV-20260720-S003-P024,2026-07-20,S003,P024,200,51.0
INV-20260720-S003-P025,2026-07-20,S003,P025,195,12.0
INV-20260720-S003-P026,2026-07-20,S003,P026,257,88.0
INV-20260720-S003-P027,2026-07-20,S003,P027,219,95.0
INV-20260720-S003-P028,2026-07-20,S003,P028,82,23.0
INV-20260720-S003-P029,2026-07-20,S003,P029,186,62.0
INV-20260720-S003-P030,2026-07-20,S003,P030,42,20.0
INV-20260720-S003-P031,2026-07-20,S003,P031,83,74.0
INV-20260720-S003-P032,2026-07-20,S003,P032,160,37.0
INV-20260720-S003-P033,2026-07-20,S003,P033,142,72.0
INV-20260720-S003-P034,2026-07-20,S003,P034,283,79.0
INV-20260720-S003-P035,2026-07-20,S003,P035,114,83.0
INV-20260720-S003-P036,2026-07-20,S003,P036,45,20.0
INV-20260720-S003-P037,2026-07-20,S003,P037,110,97.0
INV-20260720-S003-P038,2026-07-20,S003,P038,96,32.0
INV-20260720-S003-P039,2026-07-20,S003,P039,208,14.0
INV-20260720-S003-P040,2026-07-20,S003,P040,176,62.0
INV-20260720-S003-P041,2026-07-20,S003,P041,189,45.0
INV-20260720-S003-P042,2026-07-20,S003,P042,259,88.0
INV-20260720-S003-P043,2026-07-20,S003,P043,255,86.0
INV-20260720-S003-P044,2026-07-20,S003,P044,77,40.0
INV-20260720-S003-P045,2026-07-20,S003,P045,433,100.0
INV-20260720-S003-P046,2026-07-20,S003,P046,187,37.0
INV-20260720-S003-P047,2026-07-20,S003,P047,69,59.0
INV-20260720-S003-P048,2026-07-20,S003,P048,169,34.0
INV-20260720-S003-P049,2026-07-20,S003,P049,311,98.0
INV-20260721-S001-P001,2026-07-21,S001,P001,88,57.0
INV-20260721-S001-P002,2026-07-21,S001,P002,109,41.0
INV-20260721-S001-P003,2026-07-21,S001,P003,105,24.0
INV-20260721-S001-P004,2026-07-21,S001,P004,99,20.0
INV-20260721-S001-P005,2026-07-21,S001,P005,190,66.0
INV-20260721-S001-P006,2026-07-21,S001,P006,118,26.0
INV-20260721-S001-P007,2026-07-21,S001,P007,262,97.0
INV-20260721-S001-P008,2026-07-21,S001,P008,198,65.0
INV-20260721-S001-P009,2026-07-21,S001,P009,152,43.0
INV-20260721-S001-P010,2026-07-21,S001,P010,104,66.0
INV-20260721-S001-P011,2026-07-21,S001,P011,216,12.0
INV-20260721-S001-P012,2026-07-21,S001,P012,445,101.0
INV-20260721-S001-P013,2026-07-21,S001,P013,157,56.0
INV-20260721-S001-P014,2026-07-21,S001,P014,176,84.0
INV-20260721-S001-P015,2026-07-21,S001,P015,48,18.0
INV-20260721-S001-P016,2026-07-21,S001,P016,131,56.0
INV-20260721-S001-P017,2026-07-21,S001,P017,79,56.0
INV-20260721-S001-P018,2026-07-21,S001,P018,282,99.0
INV-20260721-S001-P019,2026-07-21,S001,P019,125,64.0
INV-20260721-S001-P020,2026-07-21,S001,P020,168,55.0
INV-20260721-S001-P021,2026-07-21,S001,P021,56,35.0
INV-20260721-S001-P022,2026-07-21,S001,P022,156,41.0
INV-20260721-S001-P023,2026-07-21,S001,P023,285,59.0
INV-20260721-S001-P024,2026-07-21,S001,P024,55,51.0
INV-20260721-S001-P025,2026-07-21,S001,P025,247,12.0
INV-20260721-S001-P026,2026-07-21,S001,P026,173,88.0
INV-20260721-S001-P027,2026-07-21,S001,P027,457,95.0
INV-20260721-S001-P028,2026-07-21,S001,P028,75,23.0
INV-20260721-S001-P029,2026-07-21,S001,P029,285,62.0
INV-20260721-S001-P030,2026-07-21,S001,P030,33,20.0
INV-20260721-S001-P031,2026-07-21,S001,P031,138,74.0
INV-20260721-S001-P032,2026-07-21,S001,P032,120,37.0
INV-20260721-S001-P033,2026-07-21,S001,P033,156,72.0
INV-20260721-S001-P034,2026-07-21,S001,P034,213,79.0
INV-20260721-S001-P035,2026-07-21,S001,P035,146,83.0
INV-20260721-S001-P036,2026-07-21,S001,P036,69,20.0
INV-20260721-S001-P037,2026-07-21,S001,P037,203,97.0
INV-20260721-S001-P038,2026-07-21,S001,P038,145,32.0
INV-20260721-S001-P039,2026-07-21,S001,P039,216,14.0
INV-20260721-S001-P040,2026-07-21,S001,P040,189,62.0
INV-20260721-S001-P041,2026-07-21,S001,P041,205,45.0
INV-20260721-S001-P042,2026-07-21,S001,P042,217,88.0
INV-20260721-S001-P043,2026-07-21,S001,P043,267,86.0
INV-20260721-S001-P044,2026-07-21,S001,P044,168,40.0
INV-20260721-S001-P045,2026-07-21,S001,P045,353,100.0
INV-20260721-S001-P046,2026-07-21,S001,P046,85,37.0
INV-20260721-S001-P047,2026-07-21,S001,P047,121,59.0
INV-20260721-S001-P048,2026-07-21,S001,P048,41,34.0
INV-20260721-S001-P049,2026-07-21,S001,P049,259,98.0
INV-20260721-S001-P050,2026-07-21,S001,P050,98,26.0
INV-20260721-S002-P001,2026-07-21,S002,P001,140,57.0
INV-20260721-S002-P002,2026-07-21,S002,P002,96,41.0
INV-20260721-S002-P003,2026-07-21,S002,P003,60,24.0
INV-20260721-S002-P004,2026-07-21,S002,P004,386,20.0
INV-20260721-S002-P005,2026-07-21,S002,P005,180,66.0
INV-20260721-S002-P006,2026-07-21,S002,P006,115,26.0
INV-20260721-S002-P007,2026-07-21,S002,P007,227,97.0
INV-20260721-S002-P008,2026-07-21,S002,P008,231,65.0
INV-20260721-S002-P009,2026-07-21,S002,P009,149,43.0
INV-20260721-S002-P010,2026-07-21,S002,P010,199,66.0
INV-20260721-S002-P011,2026-07-21,S002,P011,50,12.0
INV-20260721-S002-P012,2026-07-21,S002,P012,451,101.0
INV-20260721-S002-P013,2026-07-21,S002,P013,80,56.0
INV-20260721-S002-P014,2026-07-21,S002,P014,389,84.0
INV-20260721-S002-P015,2026-07-21,S002,P015,77,18.0
INV-20260721-S002-P016,2026-07-21,S002,P016,224,56.0
INV-20260721-S002-P017,2026-07-21,S002,P017,82,56.0
INV-20260721-S002-P018,2026-07-21,S002,P018,366,99.0
INV-20260721-S002-P019,2026-07-21,S002,P019,282,64.0
INV-20260721-S002-P020,2026-07-21,S002,P020,162,55.0
INV-20260721-S002-P021,2026-07-21,S002,P021,66,35.0
INV-20260721-S002-P022,2026-07-21,S002,P022,72,41.0
INV-20260721-S002-P023,2026-07-21,S002,P023,241,59.0
INV-20260721-S002-P024,2026-07-21,S002,P024,188,51.0
INV-20260721-S002-P025,2026-07-21,S002,P025,68,12.0
INV-20260721-S002-P026,2026-07-21,S002,P026,338,88.0
INV-20260721-S002-P027,2026-07-21,S002,P027,240,95.0
INV-20260721-S002-P028,2026-07-21,S002,P028,49,23.0
INV-20260721-S002-P029,2026-07-21,S002,P029,222,62.0
INV-20260721-S002-P030,2026-07-21,S002,P030,57,20.0
INV-20260721-S002-P031,2026-07-21,S002,P031,307,74.0
INV-20260721-S002-P032,2026-07-21,S002,P032,169,37.0
INV-20260721-S002-P033,2026-07-21,S002,P033,237,72.0
INV-20260721-S002-P034,2026-07-21,S002,P034,322,79.0
INV-20260721-S002-P035,2026-07-21,S002,P035,85,83.0
INV-20260721-S002-P036,2026-07-21,S002,P036,80,20.0
INV-20260721-S002-P037,2026-07-21,S002,P037,122,97.0
INV-20260721-S002-P038,2026-07-21,S002,P038,65,32.0
INV-20260721-S002-P039,2026-07-21,S002,P039,17,14.0
INV-20260721-S002-P040,2026-07-21,S002,P040,146,62.0
INV-20260721-S002-P041,2026-07-21,S002,P041,141,45.0
INV-20260721-S002-P042,2026-07-21,S002,P042,408,88.0
INV-20260721-S002-P043,2026-07-21,S002,P043,360,86.0
INV-20260721-S002-P044,2026-07-21,S002,P044,68,40.0
INV-20260721-S002-P045,2026-07-21,S002,P045,416,100.0
INV-20260721-S002-P046,2026-07-21,S002,P046,129,37.0
INV-20260721-S002-P047,2026-07-21,S002,P047,80,59.0
INV-20260721-S002-P048,2026-07-21,S002,P048,66,34.0
INV-20260721-S002-P049,2026-07-21,S002,P049,130,98.0
INV-20260721-S002-P050,2026-07-21,S002,P050,126,26.0
INV-20260721-S003-P001,2026-07-21,S003,P001,91,57.0
INV-20260721-S003-P002,2026-07-21,S003,P002,181,41.0
INV-20260721-S003-P003,2026-07-21,S003,P003,119,24.0
INV-20260721-S003-P004,2026-07-21,S003,P004,54,20.0
INV-20260721-S003-P005,2026-07-21,S003,P005,201,66.0
INV-20260721-S003-P006,2026-07-21,S003,P006,49,26.0
INV-20260721-S003-P007,2026-07-21,S003,P007,407,97.0
INV-20260721-S003-P008,2026-07-21,S003,P008,228,65.0
INV-20260721-S003-P009,2026-07-21,S003,P009,133,43.0
INV-20260721-S003-P010,2026-07-21,S003,P010,294,66.0
INV-20260721-S003-P011,2026-07-21,S003,P011,206,12.0
INV-20260721-S003-P012,2026-07-21,S003,P012,370,101.0
INV-20260721-S003-P013,2026-07-21,S003,P013,233,56.0
INV-20260721-S003-P014,2026-07-21,S003,P014,137,84.0
INV-20260721-S003-P015,2026-07-21,S003,P015,73,18.0
INV-20260721-S003-P016,2026-07-21,S003,P016,120,56.0
INV-20260721-S003-P017,2026-07-21,S003,P017,90,56.0
INV-20260721-S003-P018,2026-07-21,S003,P018,158,99.0
INV-20260721-S003-P019,2026-07-21,S003,P019,294,64.0
INV-20260721-S003-P020,2026-07-21,S003,P020,99,55.0
INV-20260721-S003-P021,2026-07-21,S003,P021,135,35.0
INV-20260721-S003-P022,2026-07-21,S003,P022,168,41.0
INV-20260721-S003-P023,2026-07-21,S003,P023,155,59.0
INV-20260721-S003-P024,2026-07-21,S003,P024,194,51.0
INV-20260721-S003-P025,2026-07-21,S003,P025,193,12.0
INV-20260721-S003-P026,2026-07-21,S003,P026,249,88.0
INV-20260721-S003-P027,2026-07-21,S003,P027,212,95.0
INV-20260721-S003-P028,2026-07-21,S003,P028,80,23.0
INV-20260721-S003-P029,2026-07-21,S003,P029,183,62.0
INV-20260721-S003-P030,2026-07-21,S003,P030,39,20.0
INV-20260721-S003-P031,2026-07-21,S003,P031,75,74.0
INV-20260721-S003-P032,2026-07-21,S003,P032,156,37.0
INV-20260721-S003-P033,2026-07-21,S003,P033,133,72.0
INV-20260721-S003-P034,2026-07-21,S003,P034,277,79.0
INV-20260721-S003-P035,2026-07-21,S003,P035,105,83.0
INV-20260721-S003-P036,2026-07-21,S003,P036,40,20.0
INV-20260721-S003-P037,2026-07-21,S003,P037,104,97.0
INV-20260721-S003-P038,2026-07-21,S003,P038,92,32.0
INV-20260721-S003-P039,2026-07-21,S003,P039,208,14.0
INV-20260721-S003-P040,2026-07-21,S003,P040,166,62.0
INV-20260721-S003-P041,2026-07-21,S003,P041,183,45.0
INV-20260721-S003-P042,2026-07-21,S003,P042,246,88.0
INV-20260721-S003-P043,2026-07-21,S003,P043,237,86.0
INV-20260721-S003-P044,2026-07-21,S003,P044,73,40.0
INV-20260721-S003-P045,2026-07-21,S003,P045,427,100.0
INV-20260721-S003-P046,2026-07-21,S003,P046,185,37.0
INV-20260721-S003-P047,2026-07-21,S003,P047,64,59.0
INV-20260721-S003-P048,2026-07-21,S003,P048,168,34.0
INV-20260721-S003-P049,2026-07-21,S003,P049,306,98.0
INV-20260722-S001-P001,2026-07-22,S001,P001,76,57.0
INV-20260722-S001-P002,2026-07-22,S001,P002,103,41.0
INV-20260722-S001-P003,2026-07-22,S001,P003,102,24.0
INV-20260722-S001-P004,2026-07-22,S001,P004,95,20.0
INV-20260722-S001-P005,2026-07-22,S001,P005,178,66.0
INV-20260722-S001-P006,2026-07-22,S001,P006,114,26.0
INV-20260722-S001-P007,2026-07-22,S001,P007,244,97.0
INV-20260722-S001-P008,2026-07-22,S001,P008,187,65.0
INV-20260722-S001-P009,2026-07-22,S001,P009,145,43.0
INV-20260722-S001-P010,2026-07-22,S001,P010,95,66.0
INV-20260722-S001-P011,2026-07-22,S001,P011,212,12.0
INV-20260722-S001-P012,2026-07-22,S001,P012,429,101.0
INV-20260722-S001-P013,2026-07-22,S001,P013,148,56.0
INV-20260722-S001-P014,2026-07-22,S001,P014,162,84.0
INV-20260722-S001-P015,2026-07-22,S001,P015,47,18.0
INV-20260722-S001-P016,2026-07-22,S001,P016,128,56.0
INV-20260722-S001-P017,2026-07-22,S001,P017,73,56.0
INV-20260722-S001-P018,2026-07-22,S001,P018,265,99.0
INV-20260722-S001-P019,2026-07-22,S001,P019,115,64.0
INV-20260722-S001-P020,2026-07-22,S001,P020,161,55.0
INV-20260722-S001-P021,2026-07-22,S001,P021,50,35.0
INV-20260722-S001-P022,2026-07-22,S001,P022,153,41.0
INV-20260722-S001-P023,2026-07-22,S001,P023,282,59.0
INV-20260722-S001-P024,2026-07-22,S001,P024,257,51.0
INV-20260722-S001-P025,2026-07-22,S001,P025,247,12.0
INV-20260722-S001-P026,2026-07-22,S001,P026,161,88.0
INV-20260722-S001-P027,2026-07-22,S001,P027,448,95.0
INV-20260722-S001-P028,2026-07-22,S001,P028,70,23.0
INV-20260722-S001-P029,2026-07-22,S001,P029,276,62.0
INV-20260722-S001-P030,2026-07-22,S001,P030,30,20.0
INV-20260722-S001-P031,2026-07-22,S001,P031,127,74.0
INV-20260722-S001-P032,2026-07-22,S001,P032,118,37.0
INV-20260722-S001-P033,2026-07-22,S001,P033,149,72.0
INV-20260722-S001-P034,2026-07-22,S001,P034,195,79.0
INV-20260722-S001-P035,2026-07-22,S001,P035,132,83.0
INV-20260722-S001-P036,2026-07-22,S001,P036,67,20.0
INV-20260722-S001-P037,2026-07-22,S001,P037,188,97.0
INV-20260722-S001-P038,2026-07-22,S001,P038,141,32.0
INV-20260722-S001-P039,2026-07-22,S001,P039,214,14.0
INV-20260722-S001-P040,2026-07-22,S001,P040,180,62.0
INV-20260722-S001-P041,2026-07-22,S001,P041,199,45.0
INV-20260722-S001-P042,2026-07-22,S001,P042,202,88.0
INV-20260722-S001-P043,2026-07-22,S001,P043,252,86.0
INV-20260722-S001-P044,2026-07-22,S001,P044,165,40.0
INV-20260722-S001-P045,2026-07-22,S001,P045,338,100.0
INV-20260722-S001-P046,2026-07-22,S001,P046,80,37.0
INV-20260722-S001-P047,2026-07-22,S001,P047,112,59.0
INV-20260722-S001-P048,2026-07-22,S001,P048,38,34.0
INV-20260722-S001-P049,2026-07-22,S001,P049,248,98.0
INV-20260722-S001-P050,2026-07-22,S001,P050,95,26.0
INV-20260722-S002-P001,2026-07-22,S002,P001,134,57.0
INV-20260722-S002-P002,2026-07-22,S002,P002,91,41.0
INV-20260722-S002-P003,2026-07-22,S002,P003,52,24.0
INV-20260722-S002-P004,2026-07-22,S002,P004,386,20.0
INV-20260722-S002-P005,2026-07-22,S002,P005,172,66.0
INV-20260722-S002-P006,2026-07-22,S002,P006,109,26.0
INV-20260722-S002-P007,2026-07-22,S002,P007,227,97.0
INV-20260722-S002-P008,2026-07-22,S002,P008,217,65.0
INV-20260722-S002-P009,2026-07-22,S002,P009,144,43.0
INV-20260722-S002-P010,2026-07-22,S002,P010,186,66.0
INV-20260722-S002-P011,2026-07-22,S002,P011,48,12.0
INV-20260722-S002-P012,2026-07-22,S002,P012,433,101.0
INV-20260722-S002-P013,2026-07-22,S002,P013,70,56.0
INV-20260722-S002-P014,2026-07-22,S002,P014,372,84.0
INV-20260722-S002-P015,2026-07-22,S002,P015,75,18.0
INV-20260722-S002-P016,2026-07-22,S002,P016,213,56.0
INV-20260722-S002-P017,2026-07-22,S002,P017,67,56.0
INV-20260722-S002-P018,2026-07-22,S002,P018,356,99.0
INV-20260722-S002-P019,2026-07-22,S002,P019,274,64.0
INV-20260722-S002-P020,2026-07-22,S002,P020,153,55.0
INV-20260722-S002-P021,2026-07-22,S002,P021,63,35.0
INV-20260722-S002-P022,2026-07-22,S002,P022,69,41.0
INV-20260722-S002-P023,2026-07-22,S002,P023,235,59.0
INV-20260722-S002-P024,2026-07-22,S002,P024,171,51.0
INV-20260722-S002-P025,2026-07-22,S002,P025,68,12.0
INV-20260722-S002-P026,2026-07-22,S002,P026,326,88.0
INV-20260722-S002-P027,2026-07-22,S002,P027,231,95.0
INV-20260722-S002-P028,2026-07-22,S002,P028,46,23.0
INV-20260722-S002-P029,2026-07-22,S002,P029,208,62.0
INV-20260722-S002-P030,2026-07-22,S002,P030,54,20.0
INV-20260722-S002-P031,2026-07-22,S002,P031,290,74.0
INV-20260722-S002-P032,2026-07-22,S002,P032,163,37.0
INV-20260722-S002-P033,2026-07-22,S002,P033,225,72.0
INV-20260722-S002-P034,2026-07-22,S002,P034,315,79.0
INV-20260722-S002-P035,2026-07-22,S002,P035,405,83.0
INV-20260722-S002-P036,2026-07-22,S002,P036,77,20.0
INV-20260722-S002-P037,2026-07-22,S002,P037,109,97.0
INV-20260722-S002-P038,2026-07-22,S002,P038,59,32.0
INV-20260722-S002-P039,2026-07-22,S002,P039,17,14.0
INV-20260722-S002-P040,2026-07-22,S002,P040,137,62.0
INV-20260722-S002-P041,2026-07-22,S002,P041,128,45.0
INV-20260722-S002-P042,2026-07-22,S002,P042,395,88.0
INV-20260722-S002-P043,2026-07-22,S002,P043,344,86.0
INV-20260722-S002-P044,2026-07-22,S002,P044,63,40.0
INV-20260722-S002-P045,2026-07-22,S002,P045,394,100.0
INV-20260722-S002-P046,2026-07-22,S002,P046,122,37.0
INV-20260722-S002-P047,2026-07-22,S002,P047,69,59.0
INV-20260722-S002-P048,2026-07-22,S002,P048,62,34.0
INV-20260722-S002-P049,2026-07-22,S002,P049,116,98.0
INV-20260722-S002-P050,2026-07-22,S002,P050,122,26.0
INV-20260722-S003-P001,2026-07-22,S003,P001,89,57.0
INV-20260722-S003-P002,2026-07-22,S003,P002,175,41.0
INV-20260722-S003-P003,2026-07-22,S003,P003,118,24.0
INV-20260722-S003-P004,2026-07-22,S003,P004,52,20.0
INV-20260722-S003-P005,2026-07-22,S003,P005,189,66.0
INV-20260722-S003-P006,2026-07-22,S003,P006,44,26.0
INV-20260722-S003-P007,2026-07-22,S003,P007,395,97.0
INV-20260722-S003-P008,2026-07-22,S003,P008,219,65.0
INV-20260722-S003-P009,2026-07-22,S003,P009,124,43.0
INV-20260722-S003-P010,2026-07-22,S003,P010,287,66.0
INV-20260722-S003-P011,2026-07-22,S003,P011,201,12.0
INV-20260722-S003-P012,2026-07-22,S003,P012,357,101.0
INV-20260722-S003-P013,2026-07-22,S003,P013,224,56.0
INV-20260722-S003-P014,2026-07-22,S003,P014,129,84.0
INV-20260722-S003-P015,2026-07-22,S003,P015,70,18.0
INV-20260722-S003-P016,2026-07-22,S003,P016,113,56.0
INV-20260722-S003-P017,2026-07-22,S003,P017,82,56.0
INV-20260722-S003-P018,2026-07-22,S003,P018,148,99.0
INV-20260722-S003-P019,2026-07-22,S003,P019,284,64.0
INV-20260722-S003-P020,2026-07-22,S003,P020,93,55.0
INV-20260722-S003-P021,2026-07-22,S003,P021,130,35.0
INV-20260722-S003-P022,2026-07-22,S003,P022,163,41.0
INV-20260722-S003-P023,2026-07-22,S003,P023,154,59.0
INV-20260722-S003-P024,2026-07-22,S003,P024,188,51.0
INV-20260722-S003-P025,2026-07-22,S003,P025,192,12.0
INV-20260722-S003-P026,2026-07-22,S003,P026,238,88.0
INV-20260722-S003-P027,2026-07-22,S003,P027,200,95.0
INV-20260722-S003-P028,2026-07-22,S003,P028,78,23.0
INV-20260722-S003-P029,2026-07-22,S003,P029,177,62.0
INV-20260722-S003-P030,2026-07-22,S003,P030,39,20.0
INV-20260722-S003-P031,2026-07-22,S003,P031,366,74.0
INV-20260722-S003-P032,2026-07-22,S003,P032,152,37.0
INV-20260722-S003-P033,2026-07-22,S003,P033,122,72.0
INV-20260722-S003-P034,2026-07-22,S003,P034,270,79.0
INV-20260722-S003-P035,2026-07-22,S003,P035,94,83.0
INV-20260722-S003-P036,2026-07-22,S003,P036,37,20.0
INV-20260722-S003-P037,2026-07-22,S003,P037,481,97.0
INV-20260722-S003-P038,2026-07-22,S003,P038,85,32.0
INV-20260722-S003-P039,2026-07-22,S003,P039,207,14.0
INV-20260722-S003-P040,2026-07-22,S003,P040,160,62.0
INV-20260722-S003-P041,2026-07-22,S003,P041,180,45.0
INV-20260722-S003-P042,2026-07-22,S003,P042,238,88.0
INV-20260722-S003-P043,2026-07-22,S003,P043,228,86.0
INV-20260722-S003-P044,2026-07-22,S003,P044,66,40.0
INV-20260722-S003-P045,2026-07-22,S003,P045,417,100.0
INV-20260722-S003-P046,2026-07-22,S003,P046,182,37.0
INV-20260722-S003-P047,2026-07-22,S003,P047,295,59.0
INV-20260722-S003-P048,2026-07-22,S003,P048,166,34.0
INV-20260722-S003-P049,2026-07-22,S003,P049,299,98.0
INV-20260723-S001-P001,2026-07-23,S001,P001,65,57.0
INV-20260723-S001-P002,2026-07-23,S001,P002,98,41.0
INV-20260723-S001-P003,2026-07-23,S001,P003,98,24.0
INV-20260723-S001-P004,2026-07-23,S001,P004,94,20.0
INV-20260723-S001-P005,2026-07-23,S001,P005,169,66.0
INV-20260723-S001-P006,2026-07-23,S001,P006,113,26.0
INV-20260723-S001-P007,2026-07-23,S001,P007,228,97.0
INV-20260723-S001-P008,2026-07-23,S001,P008,180,65.0
INV-20260723-S001-P009,2026-07-23,S001,P009,136,43.0
INV-20260723-S001-P010,2026-07-23,S001,P010,86,66.0
INV-20260723-S001-P011,2026-07-23,S001,P011,208,12.0
INV-20260723-S001-P012,2026-07-23,S001,P012,418,101.0
INV-20260723-S001-P013,2026-07-23,S001,P013,137,56.0
INV-20260723-S001-P014,2026-07-23,S001,P014,147,84.0
INV-20260723-S001-P015,2026-07-23,S001,P015,47,18.0
INV-20260723-S001-P016,2026-07-23,S001,P016,121,56.0
INV-20260723-S001-P017,2026-07-23,S001,P017,61,56.0
INV-20260723-S001-P018,2026-07-23,S001,P018,252,99.0
INV-20260723-S001-P019,2026-07-23,S001,P019,96,64.0
INV-20260723-S001-P020,2026-07-23,S001,P020,154,55.0
INV-20260723-S001-P021,2026-07-23,S001,P021,47,35.0
INV-20260723-S001-P022,2026-07-23,S001,P022,146,41.0
INV-20260723-S001-P023,2026-07-23,S001,P023,274,59.0
INV-20260723-S001-P024,2026-07-23,S001,P024,251,51.0
INV-20260723-S001-P025,2026-07-23,S001,P025,246,12.0
INV-20260723-S001-P026,2026-07-23,S001,P026,156,88.0
INV-20260723-S001-P027,2026-07-23,S001,P027,430,95.0
INV-20260723-S001-P028,2026-07-23,S001,P028,67,23.0
INV-20260723-S001-P029,2026-07-23,S001,P029,268,62.0
INV-20260723-S001-P030,2026-07-23,S001,P030,29,20.0
INV-20260723-S001-P031,2026-07-23,S001,P031,120,74.0
INV-20260723-S001-P032,2026-07-23,S001,P032,116,37.0
INV-20260723-S001-P033,2026-07-23,S001,P033,135,72.0
INV-20260723-S001-P034,2026-07-23,S001,P034,185,79.0
INV-20260723-S001-P035,2026-07-23,S001,P035,124,83.0
INV-20260723-S001-P036,2026-07-23,S001,P036,65,20.0
INV-20260723-S001-P037,2026-07-23,S001,P037,168,97.0
INV-20260723-S001-P038,2026-07-23,S001,P038,136,32.0
INV-20260723-S001-P039,2026-07-23,S001,P039,213,14.0
INV-20260723-S001-P040,2026-07-23,S001,P040,172,62.0
INV-20260723-S001-P041,2026-07-23,S001,P041,192,45.0
INV-20260723-S001-P042,2026-07-23,S001,P042,190,88.0
INV-20260723-S001-P043,2026-07-23,S001,P043,234,86.0
INV-20260723-S001-P044,2026-07-23,S001,P044,165,40.0
INV-20260723-S001-P045,2026-07-23,S001,P045,328,100.0
INV-20260723-S001-P046,2026-07-23,S001,P046,75,37.0
INV-20260723-S001-P047,2026-07-23,S001,P047,105,59.0
INV-20260723-S001-P048,2026-07-23,S001,P048,35,34.0
INV-20260723-S001-P049,2026-07-23,S001,P049,233,98.0
INV-20260723-S001-P050,2026-07-23,S001,P050,95,26.0
INV-20260723-S002-P001,2026-07-23,S002,P001,121,57.0
INV-20260723-S002-P002,2026-07-23,S002,P002,84,41.0
INV-20260723-S002-P003,2026-07-23,S002,P003,49,24.0
INV-20260723-S002-P004,2026-07-23,S002,P004,385,20.0
INV-20260723-S002-P005,2026-07-23,S002,P005,163,66.0
INV-20260723-S002-P006,2026-07-23,S002,P006,106,26.0
INV-20260723-S002-P007,2026-07-23,S002,P007,227,97.0
INV-20260723-S002-P008,2026-07-23,S002,P008,209,65.0
INV-20260723-S002-P009,2026-07-23,S002,P009,142,43.0
INV-20260723-S002-P010,2026-07-23,S002,P010,175,66.0
INV-20260723-S002-P011,2026-07-23,S002,P011,48,12.0
INV-20260723-S002-P012,2026-07-23,S002,P012,417,101.0
INV-20260723-S002-P013,2026-07-23,S002,P013,58,56.0
INV-20260723-S002-P014,2026-07-23,S002,P014,358,84.0
INV-20260723-S002-P015,2026-07-23,S002,P015,72,18.0
INV-20260723-S002-P016,2026-07-23,S002,P016,209,56.0
INV-20260723-S002-P017,2026-07-23,S002,P017,58,56.0
INV-20260723-S002-P018,2026-07-23,S002,P018,346,99.0
INV-20260723-S002-P019,2026-07-23,S002,P019,264,64.0
INV-20260723-S002-P020,2026-07-23,S002,P020,142,55.0
INV-20260723-S002-P021,2026-07-23,S002,P021,58,35.0
INV-20260723-S002-P022,2026-07-23,S002,P022,66,41.0
INV-20260723-S002-P023,2026-07-23,S002,P023,216,59.0
INV-20260723-S002-P024,2026-07-23,S002,P024,161,51.0
INV-20260723-S002-P025,2026-07-23,S002,P025,63,12.0
INV-20260723-S002-P026,2026-07-23,S002,P026,315,88.0
INV-20260723-S002-P027,2026-07-23,S002,P027,210,95.0
INV-20260723-S002-P028,2026-07-23,S002,P028,42,23.0
INV-20260723-S002-P029,2026-07-23,S002,P029,199,62.0
INV-20260723-S002-P030,2026-07-23,S002,P030,52,20.0
INV-20260723-S002-P031,2026-07-23,S002,P031,285,74.0
INV-20260723-S002-P032,2026-07-23,S002,P032,159,37.0
INV-20260723-S002-P033,2026-07-23,S002,P033,211,72.0
INV-20260723-S002-P034,2026-07-23,S002,P034,301,79.0
INV-20260723-S002-P035,2026-07-23,S002,P035,395,83.0
INV-20260723-S002-P036,2026-07-23,S002,P036,73,20.0
INV-20260723-S002-P037,2026-07-23,S002,P037,474,97.0
INV-20260723-S002-P038,2026-07-23,S002,P038,52,32.0
INV-20260723-S002-P039,2026-07-23,S002,P039,70,14.0
INV-20260723-S002-P040,2026-07-23,S002,P040,125,62.0
INV-20260723-S002-P041,2026-07-23,S002,P041,118,45.0
INV-20260723-S002-P042,2026-07-23,S002,P042,383,88.0
INV-20260723-S002-P043,2026-07-23,S002,P043,327,86.0
INV-20260723-S002-P044,2026-07-23,S002,P044,57,40.0
INV-20260723-S002-P045,2026-07-23,S002,P045,371,100.0
INV-20260723-S002-P046,2026-07-23,S002,P046,115,37.0
INV-20260723-S002-P047,2026-07-23,S002,P047,294,59.0
INV-20260723-S002-P048,2026-07-23,S002,P048,58,34.0
INV-20260723-S002-P049,2026-07-23,S002,P049,492,98.0
INV-20260723-S002-P050,2026-07-23,S002,P050,118,26.0
INV-20260723-S003-P001,2026-07-23,S003,P001,84,57.0
INV-20260723-S003-P002,2026-07-23,S003,P002,169,41.0
INV-20260723-S003-P003,2026-07-23,S003,P003,117,24.0
INV-20260723-S003-P004,2026-07-23,S003,P004,49,20.0
INV-20260723-S003-P005,2026-07-23,S003,P005,183,66.0
INV-20260723-S003-P006,2026-07-23,S003,P006,40,26.0
INV-20260723-S003-P007,2026-07-23,S003,P007,383,97.0
INV-20260723-S003-P008,2026-07-23,S003,P008,215,65.0
INV-20260723-S003-P009,2026-07-23,S003,P009,121,43.0
INV-20260723-S003-P010,2026-07-23,S003,P010,283,66.0
INV-20260723-S003-P011,2026-07-23,S003,P011,200,12.0
INV-20260723-S003-P012,2026-07-23,S003,P012,340,101.0
INV-20260723-S003-P013,2026-07-23,S003,P013,219,56.0
INV-20260723-S003-P014,2026-07-23,S003,P014,124,84.0
INV-20260723-S003-P015,2026-07-23,S003,P015,69,18.0
INV-20260723-S003-P016,2026-07-23,S003,P016,107,56.0
INV-20260723-S003-P017,2026-07-23,S003,P017,75,56.0
INV-20260723-S003-P018,2026-07-23,S003,P018,137,99.0
INV-20260723-S003-P019,2026-07-23,S003,P019,278,64.0
INV-20260723-S003-P020,2026-07-23,S003,P020,83,55.0
INV-20260723-S003-P021,2026-07-23,S003,P021,123,35.0
INV-20260723-S003-P022,2026-07-23,S003,P022,160,41.0
INV-20260723-S003-P023,2026-07-23,S003,P023,149,59.0
INV-20260723-S003-P024,2026-07-23,S003,P024,183,51.0
INV-20260723-S003-P025,2026-07-23,S003,P025,191,12.0
INV-20260723-S003-P026,2026-07-23,S003,P026,230,88.0
INV-20260723-S003-P027,2026-07-23,S003,P027,184,95.0
INV-20260723-S003-P028,2026-07-23,S003,P028,74,23.0
INV-20260723-S003-P029,2026-07-23,S003,P029,172,62.0
INV-20260723-S003-P030,2026-07-23,S003,P030,37,20.0
INV-20260723-S003-P031,2026-07-23,S003,P031,355,74.0
INV-20260723-S003-P032,2026-07-23,S003,P032,145,37.0
INV-20260723-S003-P033,2026-07-23,S003,P033,115,72.0
INV-20260723-S003-P034,2026-07-23,S003,P034,260,79.0
INV-20260723-S003-P035,2026-07-23,S003,P035,87,83.0
INV-20260723-S003-P036,2026-07-23,S003,P036,35,20.0
INV-20260723-S003-P037,2026-07-23,S003,P037,473,97.0
INV-20260723-S003-P038,2026-07-23,S003,P038,84,32.0
INV-20260723-S003-P039,2026-07-23,S003,P039,207,14.0
INV-20260723-S003-P040,2026-07-23,S003,P040,150,62.0
INV-20260723-S003-P041,2026-07-23,S003,P041,177,45.0
INV-20260723-S003-P042,2026-07-23,S003,P042,230,88.0
INV-20260723-S003-P043,2026-07-23,S003,P043,217,86.0
INV-20260723-S003-P044,2026-07-23,S003,P044,61,40.0
INV-20260723-S003-P045,2026-07-23,S003,P045,409,100.0
INV-20260723-S003-P046,2026-07-23,S003,P046,173,37.0
INV-20260723-S003-P047,2026-07-23,S003,P047,291,59.0
INV-20260723-S003-P048,2026-07-23,S003,P048,161,34.0
INV-20260723-S003-P049,2026-07-23,S003,P049,291,98.0
INV-20260724-S001-P001,2026-07-24,S001,P001,282,57.0
INV-20260724-S001-P002,2026-07-24,S001,P002,88,41.0
INV-20260724-S001-P003,2026-07-24,S001,P003,96,24.0
INV-20260724-S001-P004,2026-07-24,S001,P004,92,20.0
INV-20260724-S001-P005,2026-07-24,S001,P005,159,66.0
INV-20260724-S001-P006,2026-07-24,S001,P006,107,26.0
INV-20260724-S001-P007,2026-07-24,S001,P007,215,97.0
INV-20260724-S001-P008,2026-07-24,S001,P008,165,65.0
INV-20260724-S001-P009,2026-07-24,S001,P009,129,43.0
INV-20260724-S001-P010,2026-07-24,S001,P010,75,66.0
INV-20260724-S001-P011,2026-07-24,S001,P011,207,12.0
INV-20260724-S001-P012,2026-07-24,S001,P012,399,101.0
INV-20260724-S001-P013,2026-07-24,S001,P013,131,56.0
INV-20260724-S001-P014,2026-07-24,S001,P014,139,84.0
INV-20260724-S001-P015,2026-07-24,S001,P015,43,18.0
INV-20260724-S001-P016,2026-07-24,S001,P016,115,56.0
INV-20260724-S001-P017,2026-07-24,S001,P017,282,56.0
INV-20260724-S001-P018,2026-07-24,S001,P018,239,99.0
INV-20260724-S001-P019,2026-07-24,S001,P019,86,64.0
INV-20260724-S001-P020,2026-07-24,S001,P020,143,55.0
INV-20260724-S001-P021,2026-07-24,S001,P021,41,35.0
INV-20260724-S001-P022,2026-07-24,S001,P022,138,41.0
INV-20260724-S001-P023,2026-07-24,S001,P023,263,59.0
INV-20260724-S001-P024,2026-07-24,S001,P024,242,51.0
INV-20260724-S001-P025,2026-07-24,S001,P025,246,12.0
INV-20260724-S001-P026,2026-07-24,S001,P026,142,88.0
INV-20260724-S001-P027,2026-07-24,S001,P027,411,95.0
INV-20260724-S001-P028,2026-07-24,S001,P028,65,23.0
INV-20260724-S001-P029,2026-07-24,S001,P029,256,62.0
INV-20260724-S001-P030,2026-07-24,S001,P030,25,20.0
INV-20260724-S001-P031,2026-07-24,S001,P031,110,74.0
INV-20260724-S001-P032,2026-07-24,S001,P032,110,37.0
INV-20260724-S001-P033,2026-07-24,S001,P033,124,72.0
INV-20260724-S001-P034,2026-07-24,S001,P034,174,79.0
INV-20260724-S001-P035,2026-07-24,S001,P035,109,83.0
INV-20260724-S001-P036,2026-07-24,S001,P036,61,20.0
INV-20260724-S001-P037,2026-07-24,S001,P037,157,97.0
INV-20260724-S001-P038,2026-07-24,S001,P038,130,32.0
INV-20260724-S001-P039,2026-07-24,S001,P039,210,14.0
INV-20260724-S001-P040,2026-07-24,S001,P040,160,62.0
INV-20260724-S001-P041,2026-07-24,S001,P041,184,45.0
INV-20260724-S001-P042,2026-07-24,S001,P042,182,88.0
INV-20260724-S001-P043,2026-07-24,S001,P043,225,86.0
INV-20260724-S001-P044,2026-07-24,S001,P044,162,40.0
INV-20260724-S001-P045,2026-07-24,S001,P045,313,100.0
INV-20260724-S001-P046,2026-07-24,S001,P046,67,37.0
INV-20260724-S001-P047,2026-07-24,S001,P047,96,59.0
INV-20260724-S001-P048,2026-07-24,S001,P048,170,34.0
INV-20260724-S001-P049,2026-07-24,S001,P049,213,98.0
INV-20260724-S001-P050,2026-07-24,S001,P050,92,26.0
INV-20260724-S002-P001,2026-07-24,S002,P001,113,57.0
INV-20260724-S002-P002,2026-07-24,S002,P002,78,41.0
INV-20260724-S002-P003,2026-07-24,S002,P003,42,24.0
INV-20260724-S002-P004,2026-07-24,S002,P004,385,20.0
INV-20260724-S002-P005,2026-07-24,S002,P005,149,66.0
INV-20260724-S002-P006,2026-07-24,S002,P006,104,26.0
INV-20260724-S002-P007,2026-07-24,S002,P007,227,97.0
INV-20260724-S002-P008,2026-07-24,S002,P008,195,65.0
INV-20260724-S002-P009,2026-07-24,S002,P009,134,43.0
INV-20260724-S002-P010,2026-07-24,S002,P010,166,66.0
INV-20260724-S002-P011,2026-07-24,S002,P011,47,12.0
INV-20260724-S002-P012,2026-07-24,S002,P012,398,101.0
INV-20260724-S002-P013,2026-07-24,S002,P013,279,56.0
INV-20260724-S002-P014,2026-07-24,S002,P014,344,84.0
INV-20260724-S002-P015,2026-07-24,S002,P015,66,18.0
INV-20260724-S002-P016,2026-07-24,S002,P016,204,56.0
INV-20260724-S002-P017,2026-07-24,S002,P017,273,56.0
INV-20260724-S002-P018,2026-07-24,S002,P018,331,99.0
INV-20260724-S002-P019,2026-07-24,S002,P019,250,64.0
INV-20260724-S002-P020,2026-07-24,S002,P020,136,55.0
INV-20260724-S002-P021,2026-07-24,S002,P021,50,35.0
INV-20260724-S002-P022,2026-07-24,S002,P022,59,41.0
INV-20260724-S002-P023,2026-07-24,S002,P023,203,59.0
INV-20260724-S002-P024,2026-07-24,S002,P024,148,51.0
INV-20260724-S002-P025,2026-07-24,S002,P025,60,12.0
INV-20260724-S002-P026,2026-07-24,S002,P026,302,88.0
INV-20260724-S002-P027,2026-07-24,S002,P027,194,95.0
INV-20260724-S002-P028,2026-07-24,S002,P028,35,23.0
INV-20260724-S002-P029,2026-07-24,S002,P029,189,62.0
INV-20260724-S002-P030,2026-07-24,S002,P030,47,20.0
INV-20260724-S002-P031,2026-07-24,S002,P031,275,74.0
INV-20260724-S002-P032,2026-07-24,S002,P032,148,37.0
INV-20260724-S002-P033,2026-07-24,S002,P033,198,72.0
INV-20260724-S002-P034,2026-07-24,S002,P034,284,79.0
INV-20260724-S002-P035,2026-07-24,S002,P035,379,83.0
INV-20260724-S002-P036,2026-07-24,S002,P036,69,20.0
INV-20260724-S002-P037,2026-07-24,S002,P037,453,97.0
INV-20260724-S002-P038,2026-07-24,S002,P038,47,32.0
INV-20260724-S002-P039,2026-07-24,S002,P039,68,14.0
INV-20260724-S002-P040,2026-07-24,S002,P040,118,62.0
INV-20260724-S002-P041,2026-07-24,S002,P041,106,45.0
INV-20260724-S002-P042,2026-07-24,S002,P042,368,88.0
INV-20260724-S002-P043,2026-07-24,S002,P043,313,86.0
INV-20260724-S002-P044,2026-07-24,S002,P044,50,40.0
INV-20260724-S002-P045,2026-07-24,S002,P045,352,100.0
INV-20260724-S002-P046,2026-07-24,S002,P046,104,37.0
INV-20260724-S002-P047,2026-07-24,S002,P047,285,59.0
INV-20260724-S002-P048,2026-07-24,S002,P048,48,34.0
INV-20260724-S002-P049,2026-07-24,S002,P049,475,98.0
INV-20260724-S002-P050,2026-07-24,S002,P050,114,26.0
INV-20260724-S003-P001,2026-07-24,S003,P001,79,57.0
INV-20260724-S003-P002,2026-07-24,S003,P002,166,41.0
INV-20260724-S003-P003,2026-07-24,S003,P003,116,24.0
INV-20260724-S003-P004,2026-07-24,S003,P004,46,20.0
INV-20260724-S003-P005,2026-07-24,S003,P005,176,66.0
INV-20260724-S003-P006,2026-07-24,S003,P006,36,26.0
INV-20260724-S003-P007,2026-07-24,S003,P007,368,97.0
INV-20260724-S003-P008,2026-07-24,S003,P008,205,65.0
INV-20260724-S003-P009,2026-07-24,S003,P009,114,43.0
INV-20260724-S003-P010,2026-07-24,S003,P010,274,66.0
INV-20260724-S003-P011,2026-07-24,S003,P011,200,12.0
INV-20260724-S003-P012,2026-07-24,S003,P012,331,101.0
INV-20260724-S003-P013,2026-07-24,S003,P013,212,56.0
INV-20260724-S003-P014,2026-07-24,S003,P014,111,84.0
INV-20260724-S003-P015,2026-07-24,S003,P015,67,18.0
INV-20260724-S003-P016,2026-07-24,S003,P016,100,56.0
INV-20260724-S003-P017,2026-07-24,S003,P017,70,56.0
INV-20260724-S003-P018,2026-07-24,S003,P018,124,99.0
INV-20260724-S003-P019,2026-07-24,S003,P019,272,64.0
INV-20260724-S003-P020,2026-07-24,S003,P020,77,55.0
INV-20260724-S003-P021,2026-07-24,S003,P021,121,35.0
INV-20260724-S003-P022,2026-07-24,S003,P022,155,41.0
INV-20260724-S003-P023,2026-07-24,S003,P023,140,59.0
INV-20260724-S003-P024,2026-07-24,S003,P024,176,51.0
INV-20260724-S003-P025,2026-07-24,S003,P025,188,12.0
INV-20260724-S003-P026,2026-07-24,S003,P026,213,88.0
INV-20260724-S003-P027,2026-07-24,S003,P027,176,95.0
INV-20260724-S003-P028,2026-07-24,S003,P028,73,23.0
INV-20260724-S003-P029,2026-07-24,S003,P029,166,62.0
INV-20260724-S003-P030,2026-07-24,S003,P030,34,20.0
INV-20260724-S003-P031,2026-07-24,S003,P031,347,74.0
INV-20260724-S003-P032,2026-07-24,S003,P032,143,37.0
INV-20260724-S003-P033,2026-07-24,S003,P033,102,72.0
INV-20260724-S003-P034,2026-07-24,S003,P034,252,79.0
INV-20260724-S003-P035,2026-07-24,S003,P035,408,83.0
INV-20260724-S003-P036,2026-07-24,S003,P036,34,20.0
INV-20260724-S003-P037,2026-07-24,S003,P037,461,97.0
INV-20260724-S003-P038,2026-07-24,S003,P038,83,32.0
INV-20260724-S003-P039,2026-07-24,S003,P039,205,14.0
INV-20260724-S003-P040,2026-07-24,S003,P040,144,62.0
INV-20260724-S003-P041,2026-07-24,S003,P041,168,45.0
INV-20260724-S003-P042,2026-07-24,S003,P042,220,88.0
INV-20260724-S003-P043,2026-07-24,S003,P043,207,86.0
INV-20260724-S003-P044,2026-07-24,S003,P044,57,40.0
INV-20260724-S003-P045,2026-07-24,S003,P045,396,100.0
INV-20260724-S003-P046,2026-07-24,S003,P046,167,37.0
INV-20260724-S003-P047,2026-07-24,S003,P047,283,59.0
INV-20260724-S003-P048,2026-07-24,S003,P048,157,34.0
INV-20260724-S003-P049,2026-07-24,S003,P049,280,98.0
INV-20260725-S001-P001,2026-07-25,S001,P001,274,57.0
INV-20260725-S001-P002,2026-07-25,S001,P002,80,41.0
INV-20260725-S001-P003,2026-07-25,S001,P003,91,24.0
INV-20260725-S001-P004,2026-07-25,S001,P004,90,20.0
INV-20260725-S001-P005,2026-07-25,S001,P005,154,66.0
INV-20260725-S001-P006,2026-07-25,S001,P006,102,26.0
INV-20260725-S001-P007,2026-07-25,S001,P007,200,97.0
INV-20260725-S001-P008,2026-07-25,S001,P008,156,65.0
INV-20260725-S001-P009,2026-07-25,S001,P009,120,43.0
INV-20260725-S001-P010,2026-07-25,S001,P010,68,66.0
INV-20260725-S001-P011,2026-07-25,S001,P011,204,12.0
INV-20260725-S001-P012,2026-07-25,S001,P012,386,101.0
INV-20260725-S001-P013,2026-07-25,S001,P013,122,56.0
INV-20260725-S001-P014,2026-07-25,S001,P014,122,84.0
INV-20260725-S001-P015,2026-07-25,S001,P015,37,18.0
INV-20260725-S001-P016,2026-07-25,S001,P016,107,56.0
INV-20260725-S001-P017,2026-07-25,S001,P017,271,56.0
INV-20260725-S001-P018,2026-07-25,S001,P018,224,99.0
INV-20260725-S001-P019,2026-07-25,S001,P019,75,64.0
INV-20260725-S001-P020,2026-07-25,S001,P020,132,55.0
INV-20260725-S001-P021,2026-07-25,S001,P021,37,35.0
INV-20260725-S001-P022,2026-07-25,S001,P022,132,41.0
INV-20260725-S001-P023,2026-07-25,S001,P023,253,59.0
INV-20260725-S001-P024,2026-07-25,S001,P024,235,51.0
INV-20260725-S001-P025,2026-07-25,S001,P025,246,12.0
INV-20260725-S001-P026,2026-07-25,S001,P026,124,88.0
INV-20260725-S001-P027,2026-07-25,S001,P027,392,95.0
INV-20260725-S001-P028,2026-07-25,S001,P028,58,23.0
INV-20260725-S001-P029,2026-07-25,S001,P029,249,62.0
INV-20260725-S001-P030,2026-07-25,S001,P030,102,20.0
INV-20260725-S001-P031,2026-07-25,S001,P031,99,74.0
INV-20260725-S001-P032,2026-07-25,S001,P032,99,37.0
INV-20260725-S001-P033,2026-07-25,S001,P033,115,72.0
INV-20260725-S001-P034,2026-07-25,S001,P034,155,79.0
INV-20260725-S001-P035,2026-07-25,S001,P035,96,83.0
INV-20260725-S001-P036,2026-07-25,S001,P036,56,20.0
INV-20260725-S001-P037,2026-07-25,S001,P037,142,97.0
INV-20260725-S001-P038,2026-07-25,S001,P038,122,32.0
INV-20260725-S001-P039,2026-07-25,S001,P039,210,14.0
INV-20260725-S001-P040,2026-07-25,S001,P040,150,62.0
INV-20260725-S001-P041,2026-07-25,S001,P041,176,45.0
INV-20260725-S001-P042,2026-07-25,S001,P042,161,88.0
INV-20260725-S001-P043,2026-07-25,S001,P043,211,86.0
INV-20260725-S001-P044,2026-07-25,S001,P044,154,40.0
INV-20260725-S001-P045,2026-07-25,S001,P045,301,100.0
INV-20260725-S001-P046,2026-07-25,S001,P046,62,37.0
INV-20260725-S001-P047,2026-07-25,S001,P047,90,59.0
INV-20260725-S001-P048,2026-07-25,S001,P048,166,34.0
INV-20260725-S001-P049,2026-07-25,S001,P049,195,98.0
INV-20260725-S001-P050,2026-07-25,S001,P050,87,26.0
INV-20260725-S002-P001,2026-07-25,S002,P001,103,57.0
INV-20260725-S002-P002,2026-07-25,S002,P002,66,41.0
INV-20260725-S002-P003,2026-07-25,S002,P003,40,24.0
INV-20260725-S002-P004,2026-07-25,S002,P004,384,20.0
INV-20260725-S002-P005,2026-07-25,S002,P005,135,66.0
INV-20260725-S002-P006,2026-07-25,S002,P006,98,26.0
INV-20260725-S002-P007,2026-07-25,S002,P007,227,97.0
INV-20260725-S002-P008,2026-07-25,S002,P008,178,65.0
INV-20260725-S002-P009,2026-07-25,S002,P009,122,43.0
INV-20260725-S002-P010,2026-07-25,S002,P010,150,66.0
INV-20260725-S002-P011,2026-07-25,S002,P011,43,12.0
INV-20260725-S002-P012,2026-07-25,S002,P012,378,101.0
INV-20260725-S002-P013,2026-07-25,S002,P013,272,56.0
INV-20260725-S002-P014,2026-07-25,S002,P014,327,84.0
INV-20260725-S002-P015,2026-07-25,S002,P015,61,18.0
INV-20260725-S002-P016,2026-07-25,S002,P016,192,56.0
INV-20260725-S002-P017,2026-07-25,S002,P017,262,56.0
INV-20260725-S002-P018,2026-07-25,S002,P018,309,99.0
INV-20260725-S002-P019,2026-07-25,S002,P019,234,64.0
INV-20260725-S002-P020,2026-07-25,S002,P020,125,55.0
INV-20260725-S002-P021,2026-07-25,S002,P021,44,35.0
INV-20260725-S002-P022,2026-07-25,S002,P022,54,41.0
INV-20260725-S002-P023,2026-07-25,S002,P023,195,59.0
INV-20260725-S002-P024,2026-07-25,S002,P024,141,51.0
INV-20260725-S002-P025,2026-07-25,S002,P025,58,12.0
INV-20260725-S002-P026,2026-07-25,S002,P026,280,88.0
INV-20260725-S002-P027,2026-07-25,S002,P027,177,95.0
INV-20260725-S002-P028,2026-07-25,S002,P028,32,23.0
INV-20260725-S002-P029,2026-07-25,S002,P029,178,62.0
INV-20260725-S002-P030,2026-07-25,S002,P030,43,20.0
INV-20260725-S002-P031,2026-07-25,S002,P031,258,74.0
INV-20260725-S002-P032,2026-07-25,S002,P032,138,37.0
INV-20260725-S002-P033,2026-07-25,S002,P033,192,72.0
INV-20260725-S002-P034,2026-07-25,S002,P034,262,79.0
INV-20260725-S002-P035,2026-07-25,S002,P035,369,83.0
INV-20260725-S002-P036,2026-07-25,S002,P036,60,20.0
INV-20260725-S002-P037,2026-07-25,S002,P037,432,97.0
INV-20260725-S002-P038,2026-07-25,S002,P038,47,32.0
INV-20260725-S002-P039,2026-07-25,S002,P039,67,14.0
INV-20260725-S002-P040,2026-07-25,S002,P040,112,62.0
INV-20260725-S002-P041,2026-07-25,S002,P041,95,45.0
INV-20260725-S002-P042,2026-07-25,S002,P042,356,88.0
INV-20260725-S002-P043,2026-07-25,S002,P043,302,86.0
INV-20260725-S002-P044,2026-07-25,S002,P044,45,40.0
INV-20260725-S002-P045,2026-07-25,S002,P045,340,100.0
INV-20260725-S002-P046,2026-07-25,S002,P046,98,37.0
INV-20260725-S002-P047,2026-07-25,S002,P047,274,59.0
INV-20260725-S002-P048,2026-07-25,S002,P048,40,34.0
INV-20260725-S002-P049,2026-07-25,S002,P049,455,98.0
INV-20260725-S002-P050,2026-07-25,S002,P050,106,26.0
INV-20260725-S003-P001,2026-07-25,S003,P001,72,57.0
INV-20260725-S003-P002,2026-07-25,S003,P002,158,41.0
INV-20260725-S003-P003,2026-07-25,S003,P003,114,24.0
INV-20260725-S003-P004,2026-07-25,S003,P004,45,20.0
INV-20260725-S003-P005,2026-07-25,S003,P005,167,66.0
INV-20260725-S003-P006,2026-07-25,S003,P006,33,26.0
INV-20260725-S003-P007,2026-07-25,S003,P007,357,97.0
INV-20260725-S003-P008,2026-07-25,S003,P008,191,65.0
INV-20260725-S003-P009,2026-07-25,S003,P009,105,43.0
INV-20260725-S003-P010,2026-07-25,S003,P010,260,66.0
INV-20260725-S003-P011,2026-07-25,S003,P011,198,12.0
INV-20260725-S003-P012,2026-07-25,S003,P012,323,101.0
INV-20260725-S003-P013,2026-07-25,S003,P013,206,56.0
INV-20260725-S003-P014,2026-07-25,S003,P014,102,84.0
INV-20260725-S003-P015,2026-07-25,S003,P015,64,18.0
INV-20260725-S003-P016,2026-07-25,S003,P016,94,56.0
INV-20260725-S003-P017,2026-07-25,S003,P017,61,56.0
INV-20260725-S003-P018,2026-07-25,S003,P018,111,99.0
INV-20260725-S003-P019,2026-07-25,S003,P019,262,64.0
INV-20260725-S003-P020,2026-07-25,S003,P020,72,55.0
INV-20260725-S003-P021,2026-07-25,S003,P021,118,35.0
INV-20260725-S003-P022,2026-07-25,S003,P022,150,41.0
INV-20260725-S003-P023,2026-07-25,S003,P023,130,59.0
INV-20260725-S003-P024,2026-07-25,S003,P024,169,51.0
INV-20260725-S003-P025,2026-07-25,S003,P025,185,12.0
INV-20260725-S003-P026,2026-07-25,S003,P026,204,88.0
INV-20260725-S003-P027,2026-07-25,S003,P027,169,95.0
INV-20260725-S003-P028,2026-07-25,S003,P028,69,23.0
INV-20260725-S003-P029,2026-07-25,S003,P029,156,62.0
INV-20260725-S003-P030,2026-07-25,S003,P030,32,20.0
INV-20260725-S003-P031,2026-07-25,S003,P031,340,74.0
INV-20260725-S003-P032,2026-07-25,S003,P032,136,37.0
INV-20260725-S003-P033,2026-07-25,S003,P033,94,72.0
INV-20260725-S003-P034,2026-07-25,S003,P034,238,79.0
INV-20260725-S003-P035,2026-07-25,S003,P035,396,83.0
INV-20260725-S003-P036,2026-07-25,S003,P036,30,20.0
INV-20260725-S003-P037,2026-07-25,S003,P037,443,97.0
INV-20260725-S003-P038,2026-07-25,S003,P038,80,32.0
INV-20260725-S003-P039,2026-07-25,S003,P039,205,14.0
INV-20260725-S003-P040,2026-07-25,S003,P040,136,62.0
INV-20260725-S003-P041,2026-07-25,S003,P041,163,45.0
INV-20260725-S003-P042,2026-07-25,S003,P042,212,88.0
INV-20260725-S003-P043,2026-07-25,S003,P043,199,86.0
INV-20260725-S003-P044,2026-07-25,S003,P044,53,40.0
INV-20260725-S003-P045,2026-07-25,S003,P045,390,100.0
INV-20260725-S003-P046,2026-07-25,S003,P046,163,37.0
INV-20260725-S003-P047,2026-07-25,S003,P047,278,59.0
INV-20260725-S003-P048,2026-07-25,S003,P048,154,34.0
INV-20260725-S003-P049,2026-07-25,S003,P049,270,98.0
INV-20260726-S001-P001,2026-07-26,S001,P001,262,57.0
INV-20260726-S001-P002,2026-07-26,S001,P002,75,41.0
INV-20260726-S001-P003,2026-07-26,S001,P003,85,24.0
INV-20260726-S001-P004,2026-07-26,S001,P004,86,20.0
INV-20260726-S001-P005,2026-07-26,S001,P005,140,66.0
INV-20260726-S001-P006,2026-07-26,S001,P006,96,26.0
INV-20260726-S001-P007,2026-07-26,S001,P007,180,97.0
INV-20260726-S001-P008,2026-07-26,S001,P008,143,65.0
INV-20260726-S001-P009,2026-07-26,S001,P009,114,43.0
INV-20260726-S001-P010,2026-07-26,S001,P010,326,66.0
INV-20260726-S001-P011,2026-07-26,S001,P011,203,12.0
INV-20260726-S001-P012,2026-07-26,S001,P012,367,101.0
INV-20260726-S001-P013,2026-07-26,S001,P013,111,56.0
INV-20260726-S001-P014,2026-07-26,S001,P014,111,84.0
INV-20260726-S001-P015,2026-07-26,S001,P015,35,18.0
INV-20260726-S001-P016,2026-07-26,S001,P016,100,56.0
INV-20260726-S001-P017,2026-07-26,S001,P017,264,56.0
INV-20260726-S001-P018,2026-07-26,S001,P018,208,99.0
INV-20260726-S001-P019,2026-07-26,S001,P019,322,64.0
INV-20260726-S001-P020,2026-07-26,S001,P020,125,55.0
INV-20260726-S001-P021,2026-07-26,S001,P021,174,35.0
INV-20260726-S001-P022,2026-07-26,S001,P022,127,41.0
INV-20260726-S001-P023,2026-07-26,S001,P023,244,59.0
INV-20260726-S001-P024,2026-07-26,S001,P024,229,51.0
INV-20260726-S001-P025,2026-07-26,S001,P025,243,12.0
INV-20260726-S001-P026,2026-07-26,S001,P026,110,88.0
INV-20260726-S001-P027,2026-07-26,S001,P027,371,95.0
INV-20260726-S001-P028,2026-07-26,S001,P028,55,23.0
INV-20260726-S001-P029,2026-07-26,S001,P029,237,62.0
INV-20260726-S001-P030,2026-07-26,S001,P030,98,20.0
INV-20260726-S001-P031,2026-07-26,S001,P031,91,74.0
INV-20260726-S001-P032,2026-07-26,S001,P032,95,37.0
INV-20260726-S001-P033,2026-07-26,S001,P033,99,72.0
INV-20260726-S001-P034,2026-07-26,S001,P034,135,79.0
INV-20260726-S001-P035,2026-07-26,S001,P035,415,83.0
INV-20260726-S001-P036,2026-07-26,S001,P036,56,20.0
INV-20260726-S001-P037,2026-07-26,S001,P037,128,97.0
INV-20260726-S001-P038,2026-07-26,S001,P038,117,32.0
INV-20260726-S001-P039,2026-07-26,S001,P039,209,14.0
INV-20260726-S001-P040,2026-07-26,S001,P040,141,62.0
INV-20260726-S001-P041,2026-07-26,S001,P041,168,45.0
INV-20260726-S001-P042,2026-07-26,S001,P042,151,88.0
INV-20260726-S001-P043,2026-07-26,S001,P043,196,86.0
INV-20260726-S001-P044,2026-07-26,S001,P044,147,40.0
INV-20260726-S001-P045,2026-07-26,S001,P045,280,100.0
INV-20260726-S001-P046,2026-07-26,S001,P046,56,37.0
INV-20260726-S001-P047,2026-07-26,S001,P047,82,59.0
INV-20260726-S001-P048,2026-07-26,S001,P048,160,34.0
INV-20260726-S001-P049,2026-07-26,S001,P049,179,98.0
INV-20260726-S001-P050,2026-07-26,S001,P050,81,26.0
INV-20260726-S002-P001,2026-07-26,S002,P001,94,57.0
INV-20260726-S002-P002,2026-07-26,S002,P002,59,41.0
INV-20260726-S002-P003,2026-07-26,S002,P003,35,24.0
INV-20260726-S002-P004,2026-07-26,S002,P004,383,20.0
INV-20260726-S002-P005,2026-07-26,S002,P005,124,66.0
INV-20260726-S002-P006,2026-07-26,S002,P006,96,26.0
INV-20260726-S002-P007,2026-07-26,S002,P007,227,97.0
INV-20260726-S002-P008,2026-07-26,S002,P008,166,65.0
INV-20260726-S002-P009,2026-07-26,S002,P009,107,43.0
INV-20260726-S002-P010,2026-07-26,S002,P010,133,66.0
INV-20260726-S002-P011,2026-07-26,S002,P011,39,12.0
INV-20260726-S002-P012,2026-07-26,S002,P012,364,101.0
INV-20260726-S002-P013,2026-07-26,S002,P013,261,56.0
INV-20260726-S002-P014,2026-07-26,S002,P014,310,84.0
INV-20260726-S002-P015,2026-07-26,S002,P015,57,18.0
INV-20260726-S002-P016,2026-07-26,S002,P016,179,56.0
INV-20260726-S002-P017,2026-07-26,S002,P017,252,56.0
INV-20260726-S002-P018,2026-07-26,S002,P018,282,99.0
INV-20260726-S002-P019,2026-07-26,S002,P019,218,64.0
INV-20260726-S002-P020,2026-07-26,S002,P020,117,55.0
INV-20260726-S002-P021,2026-07-26,S002,P021,174,35.0
INV-20260726-S002-P022,2026-07-26,S002,P022,50,41.0
INV-20260726-S002-P023,2026-07-26,S002,P023,184,59.0
INV-20260726-S002-P024,2026-07-26,S002,P024,126,51.0
INV-20260726-S002-P025,2026-07-26,S002,P025,53,12.0
INV-20260726-S002-P026,2026-07-26,S002,P026,253,88.0
INV-20260726-S002-P027,2026-07-26,S002,P027,160,95.0
INV-20260726-S002-P028,2026-07-26,S002,P028,29,23.0
INV-20260726-S002-P029,2026-07-26,S002,P029,172,62.0
INV-20260726-S002-P030,2026-07-26,S002,P030,40,20.0
INV-20260726-S002-P031,2026-07-26,S002,P031,238,74.0
INV-20260726-S002-P032,2026-07-26,S002,P032,126,37.0
INV-20260726-S002-P033,2026-07-26,S002,P033,176,72.0
INV-20260726-S002-P034,2026-07-26,S002,P034,241,79.0
INV-20260726-S002-P035,2026-07-26,S002,P035,352,83.0
INV-20260726-S002-P036,2026-07-26,S002,P036,57,20.0
INV-20260726-S002-P037,2026-07-26,S002,P037,412,97.0
INV-20260726-S002-P038,2026-07-26,S002,P038,45,32.0
INV-20260726-S002-P039,2026-07-26,S002,P039,65,14.0
INV-20260726-S002-P040,2026-07-26,S002,P040,105,62.0
INV-20260726-S002-P041,2026-07-26,S002,P041,94,45.0
INV-20260726-S002-P042,2026-07-26,S002,P042,336,88.0
INV-20260726-S002-P043,2026-07-26,S002,P043,288,86.0
INV-20260726-S002-P044,2026-07-26,S002,P044,197,40.0
INV-20260726-S002-P045,2026-07-26,S002,P045,322,100.0
INV-20260726-S002-P046,2026-07-26,S002,P046,92,37.0
INV-20260726-S002-P047,2026-07-26,S002,P047,273,59.0
INV-20260726-S002-P048,2026-07-26,S002,P048,170,34.0
INV-20260726-S002-P049,2026-07-26,S002,P049,439,98.0
INV-20260726-S002-P050,2026-07-26,S002,P050,101,26.0
INV-20260726-S003-P001,2026-07-26,S003,P001,68,57.0
INV-20260726-S003-P002,2026-07-26,S003,P002,146,41.0
INV-20260726-S003-P003,2026-07-26,S003,P003,110,24.0
INV-20260726-S003-P004,2026-07-26,S003,P004,37,20.0
INV-20260726-S003-P005,2026-07-26,S003,P005,157,66.0
INV-20260726-S003-P006,2026-07-26,S003,P006,32,26.0
INV-20260726-S003-P007,2026-07-26,S003,P007,347,97.0
INV-20260726-S003-P008,2026-07-26,S003,P008,186,65.0
INV-20260726-S003-P009,2026-07-26,S003,P009,98,43.0
INV-20260726-S003-P010,2026-07-26,S003,P010,250,66.0
INV-20260726-S003-P011,2026-07-26,S003,P011,197,12.0
INV-20260726-S003-P012,2026-07-26,S003,P012,307,101.0
INV-20260726-S003-P013,2026-07-26,S003,P013,198,56.0
INV-20260726-S003-P014,2026-07-26,S003,P014,421,84.0
INV-20260726-S003-P015,2026-07-26,S003,P015,60,18.0
INV-20260726-S003-P016,2026-07-26,S003,P016,89,56.0
INV-20260726-S003-P017,2026-07-26,S003,P017,281,56.0
INV-20260726-S003-P018,2026-07-26,S003,P018,100,99.0
INV-20260726-S003-P019,2026-07-26,S003,P019,253,64.0
INV-20260726-S003-P020,2026-07-26,S003,P020,62,55.0
INV-20260726-S003-P021,2026-07-26,S003,P021,117,35.0
INV-20260726-S003-P022,2026-07-26,S003,P022,143,41.0
INV-20260726-S003-P023,2026-07-26,S003,P023,119,59.0
INV-20260726-S003-P024,2026-07-26,S003,P024,163,51.0
INV-20260726-S003-P025,2026-07-26,S003,P025,180,12.0
INV-20260726-S003-P026,2026-07-26,S003,P026,196,88.0
INV-20260726-S003-P027,2026-07-26,S003,P027,157,95.0
INV-20260726-S003-P028,2026-07-26,S003,P028,69,23.0
INV-20260726-S003-P029,2026-07-26,S003,P029,147,62.0
INV-20260726-S003-P030,2026-07-26,S003,P030,30,20.0
INV-20260726-S003-P031,2026-07-26,S003,P031,331,74.0
INV-20260726-S003-P032,2026-07-26,S003,P032,129,37.0
INV-20260726-S003-P033,2026-07-26,S003,P033,85,72.0
INV-20260726-S003-P034,2026-07-26,S003,P034,230,79.0
INV-20260726-S003-P035,2026-07-26,S003,P035,387,83.0
INV-20260726-S003-P036,2026-07-26,S003,P036,28,20.0
INV-20260726-S003-P037,2026-07-26,S003,P037,435,97.0
INV-20260726-S003-P038,2026-07-26,S003,P038,74,32.0
INV-20260726-S003-P039,2026-07-26,S003,P039,205,14.0
INV-20260726-S003-P040,2026-07-26,S003,P040,129,62.0
INV-20260726-S003-P041,2026-07-26,S003,P041,156,45.0
INV-20260726-S003-P042,2026-07-26,S003,P042,199,88.0
INV-20260726-S003-P043,2026-07-26,S003,P043,185,86.0
INV-20260726-S003-P044,2026-07-26,S003,P044,48,40.0
INV-20260726-S003-P045,2026-07-26,S003,P045,375,100.0
INV-20260726-S003-P046,2026-07-26,S003,P046,158,37.0
INV-20260726-S003-P047,2026-07-26,S003,P047,269,59.0
INV-20260726-S003-P048,2026-07-26,S003,P048,150,34.0
INV-20260726-S003-P049,2026-07-26,S003,P049,260,98.0
INV-20260727-S001-P001,2026-07-27,S001,P001,248,57.0
INV-20260727-S001-P002,2026-07-27,S001,P002,68,41.0
INV-20260727-S001-P003,2026-07-27,S001,P003,79,24.0
INV-20260727-S001-P004,2026-07-27,S001,P004,84,20.0
INV-20260727-S001-P005,2026-07-27,S001,P005,134,66.0
INV-20260727-S001-P006,2026-07-27,S001,P006,95,26.0
INV-20260727-S001-P007,2026-07-27,S001,P007,167,97.0
INV-20260727-S001-P008,2026-07-27,S001,P008,137,65.0
INV-20260727-S001-P009,2026-07-27,S001,P009,107,43.0
INV-20260727-S001-P010,2026-07-27,S001,P010,310,66.0
INV-20260727-S001-P011,2026-07-27,S001,P011,200,12.0
INV-20260727-S001-P012,2026-07-27,S001,P012,354,101.0
INV-20260727-S001-P013,2026-07-27,S001,P013,98,56.0
INV-20260727-S001-P014,2026-07-27,S001,P014,96,84.0
INV-20260727-S001-P015,2026-07-27,S001,P015,31,18.0
INV-20260727-S001-P016,2026-07-27,S001,P016,97,56.0
INV-20260727-S001-P017,2026-07-27,S001,P017,253,56.0
INV-20260727-S001-P018,2026-07-27,S001,P018,199,99.0
INV-20260727-S001-P019,2026-07-27,S001,P019,312,64.0
INV-20260727-S001-P020,2026-07-27,S001,P020,121,55.0
INV-20260727-S001-P021,2026-07-27,S001,P021,164,35.0
INV-20260727-S001-P022,2026-07-27,S001,P022,119,41.0
INV-20260727-S001-P023,2026-07-27,S001,P023,236,59.0
INV-20260727-S001-P024,2026-07-27,S001,P024,228,51.0
INV-20260727-S001-P025,2026-07-27,S001,P025,240,12.0
INV-20260727-S001-P026,2026-07-27,S001,P026,95,88.0
INV-20260727-S001-P027,2026-07-27,S001,P027,358,95.0
INV-20260727-S001-P028,2026-07-27,S001,P028,50,23.0
INV-20260727-S001-P029,2026-07-27,S001,P029,233,62.0
INV-20260727-S001-P030,2026-07-27,S001,P030,92,20.0
INV-20260727-S001-P031,2026-07-27,S001,P031,81,74.0
INV-20260727-S001-P032,2026-07-27,S001,P032,91,37.0
INV-20260727-S001-P033,2026-07-27,S001,P033,87,72.0
INV-20260727-S001-P034,2026-07-27,S001,P034,120,79.0
INV-20260727-S001-P035,2026-07-27,S001,P035,407,83.0
INV-20260727-S001-P036,2026-07-27,S001,P036,55,20.0
INV-20260727-S001-P037,2026-07-27,S001,P037,115,97.0
INV-20260727-S001-P038,2026-07-27,S001,P038,114,32.0
INV-20260727-S001-P039,2026-07-27,S001,P039,209,14.0
INV-20260727-S001-P040,2026-07-27,S001,P040,131,62.0
INV-20260727-S001-P041,2026-07-27,S001,P041,165,45.0
INV-20260727-S001-P042,2026-07-27,S001,P042,137,88.0
INV-20260727-S001-P043,2026-07-27,S001,P043,188,86.0
INV-20260727-S001-P044,2026-07-27,S001,P044,143,40.0
INV-20260727-S001-P045,2026-07-27,S001,P045,257,100.0
INV-20260727-S001-P046,2026-07-27,S001,P046,50,37.0
INV-20260727-S001-P047,2026-07-27,S001,P047,81,59.0
INV-20260727-S001-P048,2026-07-27,S001,P048,155,34.0
INV-20260727-S001-P049,2026-07-27,S001,P049,154,98.0
INV-20260727-S001-P050,2026-07-27,S001,P050,74,26.0
INV-20260727-S002-P001,2026-07-27,S002,P001,86,57.0
INV-20260727-S002-P002,2026-07-27,S002,P002,49,41.0
INV-20260727-S002-P003,2026-07-27,S002,P003,32,24.0
INV-20260727-S002-P004,2026-07-27,S002,P004,383,20.0
INV-20260727-S002-P005,2026-07-27,S002,P005,114,66.0
INV-20260727-S002-P006,2026-07-27,S002,P006,90,26.0
INV-20260727-S002-P007,2026-07-27,S002,P007,227,97.0
INV-20260727-S002-P008,2026-07-27,S002,P008,149,65.0
INV-20260727-S002-P009,2026-07-27,S002,P009,98,43.0
INV-20260727-S002-P010,2026-07-27,S002,P010,124,66.0
INV-20260727-S002-P011,2026-07-27,S002,P011,37,12.0
INV-20260727-S002-P012,2026-07-27,S002,P012,335,101.0
INV-20260727-S002-P013,2026-07-27,S002,P013,254,56.0
INV-20260727-S002-P014,2026-07-27,S002,P014,296,84.0
INV-20260727-S002-P015,2026-07-27,S002,P015,54,18.0
INV-20260727-S002-P016,2026-07-27,S002,P016,170,56.0
INV-20260727-S002-P017,2026-07-27,S002,P017,240,56.0
INV-20260727-S002-P018,2026-07-27,S002,P018,263,99.0
INV-20260727-S002-P019,2026-07-27,S002,P019,207,64.0
INV-20260727-S002-P020,2026-07-27,S002,P020,101,55.0
INV-20260727-S002-P021,2026-07-27,S002,P021,170,35.0
INV-20260727-S002-P022,2026-07-27,S002,P022,42,41.0
INV-20260727-S002-P023,2026-07-27,S002,P023,178,59.0
INV-20260727-S002-P024,2026-07-27,S002,P024,117,51.0
INV-20260727-S002-P025,2026-07-27,S002,P025,50,12.0
INV-20260727-S002-P026,2026-07-27,S002,P026,237,88.0
INV-20260727-S002-P027,2026-07-27,S002,P027,137,95.0
INV-20260727-S002-P028,2026-07-27,S002,P028,25,23.0
INV-20260727-S002-P029,2026-07-27,S002,P029,161,62.0
INV-20260727-S002-P030,2026-07-27,S002,P030,35,20.0
INV-20260727-S002-P031,2026-07-27,S002,P031,223,74.0
INV-20260727-S002-P032,2026-07-27,S002,P032,116,37.0
INV-20260727-S002-P033,2026-07-27,S002,P033,156,72.0
INV-20260727-S002-P034,2026-07-27,S002,P034,227,79.0
INV-20260727-S002-P035,2026-07-27,S002,P035,333,83.0
INV-20260727-S002-P036,2026-07-27,S002,P036,52,20.0
INV-20260727-S002-P037,2026-07-27,S002,P037,388,97.0
INV-20260727-S002-P038,2026-07-27,S002,P038,38,32.0
INV-20260727-S002-P039,2026-07-27,S002,P039,63,14.0
INV-20260727-S002-P040,2026-07-27,S002,P040,91,62.0
INV-20260727-S002-P041,2026-07-27,S002,P041,87,45.0
INV-20260727-S002-P042,2026-07-27,S002,P042,320,88.0
INV-20260727-S002-P043,2026-07-27,S002,P043,271,86.0
INV-20260727-S002-P044,2026-07-27,S002,P044,192,40.0
INV-20260727-S002-P045,2026-07-27,S002,P045,309,100.0
INV-20260727-S002-P046,2026-07-27,S002,P046,87,37.0
INV-20260727-S002-P047,2026-07-27,S002,P047,263,59.0
INV-20260727-S002-P048,2026-07-27,S002,P048,165,34.0
INV-20260727-S002-P049,2026-07-27,S002,P049,421,98.0
INV-20260727-S002-P050,2026-07-27,S002,P050,95,26.0
INV-20260727-S003-P001,2026-07-27,S003,P001,58,57.0
INV-20260727-S003-P002,2026-07-27,S003,P002,143,41.0
INV-20260727-S003-P003,2026-07-27,S003,P003,107,24.0
INV-20260727-S003-P004,2026-07-27,S003,P004,34,20.0
INV-20260727-S003-P005,2026-07-27,S003,P005,148,66.0
INV-20260727-S003-P006,2026-07-27,S003,P006,30,26.0
INV-20260727-S003-P007,2026-07-27,S003,P007,338,97.0
INV-20260727-S003-P008,2026-07-27,S003,P008,179,65.0
INV-20260727-S003-P009,2026-07-27,S003,P009,96,43.0
INV-20260727-S003-P010,2026-07-27,S003,P010,236,66.0
INV-20260727-S003-P011,2026-07-27,S003,P011,195,12.0
INV-20260727-S003-P012,2026-07-27,S003,P012,294,101.0
INV-20260727-S003-P013,2026-07-27,S003,P013,192,56.0
INV-20260727-S003-P014,2026-07-27,S003,P014,410,84.0
INV-20260727-S003-P015,2026-07-27,S003,P015,55,18.0
INV-20260727-S003-P016,2026-07-27,S003,P016,83,56.0
INV-20260727-S003-P017,2026-07-27,S003,P017,271,56.0
INV-20260727-S003-P018,2026-07-27,S003,P018,482,99.0
INV-20260727-S003-P019,2026-07-27,S003,P019,248,64.0
INV-20260727-S003-P020,2026-07-27,S003,P020,273,55.0
INV-20260727-S003-P021,2026-07-27,S003,P021,114,35.0
INV-20260727-S003-P022,2026-07-27,S003,P022,137,41.0
INV-20260727-S003-P023,2026-07-27,S003,P023,110,59.0
INV-20260727-S003-P024,2026-07-27,S003,P024,155,51.0
INV-20260727-S003-P025,2026-07-27,S003,P025,178,12.0
INV-20260727-S003-P026,2026-07-27,S003,P026,191,88.0
INV-20260727-S003-P027,2026-07-27,S003,P027,142,95.0
INV-20260727-S003-P028,2026-07-27,S003,P028,66,23.0
INV-20260727-S003-P029,2026-07-27,S003,P029,134,62.0
INV-20260727-S003-P030,2026-07-27,S003,P030,27,20.0
INV-20260727-S003-P031,2026-07-27,S003,P031,322,74.0
INV-20260727-S003-P032,2026-07-27,S003,P032,124,37.0
INV-20260727-S003-P033,2026-07-27,S003,P033,363,72.0
INV-20260727-S003-P034,2026-07-27,S003,P034,222,79.0
INV-20260727-S003-P035,2026-07-27,S003,P035,378,83.0
INV-20260727-S003-P036,2026-07-27,S003,P036,27,20.0
INV-20260727-S003-P037,2026-07-27,S003,P037,421,97.0
INV-20260727-S003-P038,2026-07-27,S003,P038,71,32.0
INV-20260727-S003-P039,2026-07-27,S003,P039,204,14.0
INV-20260727-S003-P040,2026-07-27,S003,P040,122,62.0
INV-20260727-S003-P041,2026-07-27,S003,P041,149,45.0
INV-20260727-S003-P042,2026-07-27,S003,P042,188,88.0
INV-20260727-S003-P043,2026-07-27,S003,P043,179,86.0
INV-20260727-S003-P044,2026-07-27,S003,P044,200,40.0
INV-20260727-S003-P045,2026-07-27,S003,P045,363,100.0
INV-20260727-S003-P046,2026-07-27,S003,P046,152,37.0
INV-20260727-S003-P047,2026-07-27,S003,P047,266,59.0
INV-20260727-S003-P048,2026-07-27,S003,P048,146,34.0
INV-20260727-S003-P049,2026-07-27,S003,P049,245,98.0
INV-20260728-S001-P001,2026-07-28,S001,P001,240,57.0
INV-20260728-S001-P002,2026-07-28,S001,P002,61,41.0
INV-20260728-S001-P003,2026-07-28,S001,P003,77,24.0
INV-20260728-S001-P004,2026-07-28,S001,P004,80,20.0
INV-20260728-S001-P005,2026-07-28,S001,P005,122,66.0
INV-20260728-S001-P006,2026-07-28,S001,P006,88,26.0
INV-20260728-S001-P007,2026-07-28,S001,P007,156,97.0
INV-20260728-S001-P008,2026-07-28,S001,P008,127,65.0
INV-20260728-S001-P009,2026-07-28,S001,P009,100,43.0
INV-20260728-S001-P010,2026-07-28,S001,P010,301,66.0
INV-20260728-S001-P011,2026-07-28,S001,P011,199,12.0
INV-20260728-S001-P012,2026-07-28,S001,P012,342,101.0
INV-20260728-S001-P013,2026-07-28,S001,P013,90,56.0
INV-20260728-S001-P014,2026-07-28,S001,P014,89,84.0
INV-20260728-S001-P015,2026-07-28,S001,P015,30,18.0
INV-20260728-S001-P016,2026-07-28,S001,P016,87,56.0
INV-20260728-S001-P017,2026-07-28,S001,P017,248,56.0
INV-20260728-S001-P018,2026-07-28,S001,P018,183,99.0
INV-20260728-S001-P019,2026-07-28,S001,P019,308,64.0
INV-20260728-S001-P020,2026-07-28,S001,P020,114,55.0
INV-20260728-S001-P021,2026-07-28,S001,P021,159,35.0
INV-20260728-S001-P022,2026-07-28,S001,P022,114,41.0
INV-20260728-S001-P023,2026-07-28,S001,P023,229,59.0
INV-20260728-S001-P024,2026-07-28,S001,P024,221,51.0
INV-20260728-S001-P025,2026-07-28,S001,P025,239,12.0
INV-20260728-S001-P026,2026-07-28,S001,P026,439,88.0
INV-20260728-S001-P027,2026-07-28,S001,P027,340,95.0
INV-20260728-S001-P028,2026-07-28,S001,P028,48,23.0
INV-20260728-S001-P029,2026-07-28,S001,P029,224,62.0
INV-20260728-S001-P030,2026-07-28,S001,P030,85,20.0
INV-20260728-S001-P031,2026-07-28,S001,P031,366,74.0
INV-20260728-S001-P032,2026-07-28,S001,P032,90,37.0
INV-20260728-S001-P033,2026-07-28,S001,P033,78,72.0
INV-20260728-S001-P034,2026-07-28,S001,P034,108,79.0
INV-20260728-S001-P035,2026-07-28,S001,P035,393,83.0
INV-20260728-S001-P036,2026-07-28,S001,P036,50,20.0
INV-20260728-S001-P037,2026-07-28,S001,P037,99,97.0
INV-20260728-S001-P038,2026-07-28,S001,P038,110,32.0
INV-20260728-S001-P039,2026-07-28,S001,P039,205,14.0
INV-20260728-S001-P040,2026-07-28,S001,P040,125,62.0
INV-20260728-S001-P041,2026-07-28,S001,P041,159,45.0
INV-20260728-S001-P042,2026-07-28,S001,P042,128,88.0
INV-20260728-S001-P043,2026-07-28,S001,P043,172,86.0
INV-20260728-S001-P044,2026-07-28,S001,P044,132,40.0
INV-20260728-S001-P045,2026-07-28,S001,P045,247,100.0
INV-20260728-S001-P046,2026-07-28,S001,P046,39,37.0
INV-20260728-S001-P047,2026-07-28,S001,P047,71,59.0
INV-20260728-S001-P048,2026-07-28,S001,P048,150,34.0
INV-20260728-S001-P049,2026-07-28,S001,P049,138,98.0
INV-20260728-S001-P050,2026-07-28,S001,P050,67,26.0
INV-20260728-S002-P001,2026-07-28,S002,P001,81,57.0
INV-20260728-S002-P002,2026-07-28,S002,P002,44,41.0
INV-20260728-S002-P003,2026-07-28,S002,P003,27,24.0
INV-20260728-S002-P004,2026-07-28,S002,P004,383,20.0
INV-20260728-S002-P005,2026-07-28,S002,P005,103,66.0
INV-20260728-S002-P006,2026-07-28,S002,P006,85,26.0
INV-20260728-S002-P007,2026-07-28,S002,P007,227,97.0
INV-20260728-S002-P008,2026-07-28,S002,P008,144,65.0
INV-20260728-S002-P009,2026-07-28,S002,P009,89,43.0
INV-20260728-S002-P010,2026-07-28,S002,P010,118,66.0
INV-20260728-S002-P011,2026-07-28,S002,P011,34,12.0
INV-20260728-S002-P012,2026-07-28,S002,P012,318,101.0
INV-20260728-S002-P013,2026-07-28,S002,P013,245,56.0
INV-20260728-S002-P014,2026-07-28,S002,P014,282,84.0
INV-20260728-S002-P015,2026-07-28,S002,P015,50,18.0
INV-20260728-S002-P016,2026-07-28,S002,P016,167,56.0
INV-20260728-S002-P017,2026-07-28,S002,P017,232,56.0
INV-20260728-S002-P018,2026-07-28,S002,P018,243,99.0
INV-20260728-S002-P019,2026-07-28,S002,P019,196,64.0
INV-20260728-S002-P020,2026-07-28,S002,P020,92,55.0
INV-20260728-S002-P021,2026-07-28,S002,P021,167,35.0
INV-20260728-S002-P022,2026-07-28,S002,P022,199,41.0
INV-20260728-S002-P023,2026-07-28,S002,P023,168,59.0
INV-20260728-S002-P024,2026-07-28,S002,P024,109,51.0
INV-20260728-S002-P025,2026-07-28,S002,P025,48,12.0
INV-20260728-S002-P026,2026-07-28,S002,P026,218,88.0
INV-20260728-S002-P027,2026-07-28,S002,P027,115,95.0
INV-20260728-S002-P028,2026-07-28,S002,P028,114,23.0
INV-20260728-S002-P029,2026-07-28,S002,P029,154,62.0
INV-20260728-S002-P030,2026-07-28,S002,P030,32,20.0
INV-20260728-S002-P031,2026-07-28,S002,P031,208,74.0
INV-20260728-S002-P032,2026-07-28,S002,P032,109,37.0
INV-20260728-S002-P033,2026-07-28,S002,P033,143,72.0
INV-20260728-S002-P034,2026-07-28,S002,P034,212,79.0
INV-20260728-S002-P035,2026-07-28,S002,P035,326,83.0
INV-20260728-S002-P036,2026-07-28,S002,P036,46,20.0
INV-20260728-S002-P037,2026-07-28,S002,P037,374,97.0
INV-20260728-S002-P038,2026-07-28,S002,P038,161,32.0
INV-20260728-S002-P039,2026-07-28,S002,P039,61,14.0
INV-20260728-S002-P040,2026-07-28,S002,P040,77,62.0
INV-20260728-S002-P041,2026-07-28,S002,P041,83,45.0
INV-20260728-S002-P042,2026-07-28,S002,P042,300,88.0
INV-20260728-S002-P043,2026-07-28,S002,P043,261,86.0
INV-20260728-S002-P044,2026-07-28,S002,P044,187,40.0
INV-20260728-S002-P045,2026-07-28,S002,P045,291,100.0
INV-20260728-S002-P046,2026-07-28,S002,P046,84,37.0
INV-20260728-S002-P047,2026-07-28,S002,P047,252,59.0
INV-20260728-S002-P048,2026-07-28,S002,P048,157,34.0
INV-20260728-S002-P049,2026-07-28,S002,P049,400,98.0
INV-20260728-S002-P050,2026-07-28,S002,P050,93,26.0
INV-20260728-S003-P001,2026-07-28,S003,P001,283,57.0
INV-20260728-S003-P002,2026-07-28,S003,P002,138,41.0
INV-20260728-S003-P003,2026-07-28,S003,P003,104,24.0
INV-20260728-S003-P004,2026-07-28,S003,P004,32,20.0
INV-20260728-S003-P005,2026-07-28,S003,P005,142,66.0
INV-20260728-S003-P006,2026-07-28,S003,P006,28,26.0
INV-20260728-S003-P007,2026-07-28,S003,P007,330,97.0
INV-20260728-S003-P008,2026-07-28,S003,P008,172,65.0
INV-20260728-S003-P009,2026-07-28,S003,P009,91,43.0
INV-20260728-S003-P010,2026-07-28,S003,P010,229,66.0
INV-20260728-S003-P011,2026-07-28,S003,P011,195,12.0
INV-20260728-S003-P012,2026-07-28,S003,P012,282,101.0
INV-20260728-S003-P013,2026-07-28,S003,P013,182,56.0
INV-20260728-S003-P014,2026-07-28,S003,P014,396,84.0
INV-20260728-S003-P015,2026-07-28,S003,P015,52,18.0
INV-20260728-S003-P016,2026-07-28,S003,P016,72,56.0
INV-20260728-S003-P017,2026-07-28,S003,P017,266,56.0
INV-20260728-S003-P018,2026-07-28,S003,P018,475,99.0
INV-20260728-S003-P019,2026-07-28,S003,P019,239,64.0
INV-20260728-S003-P020,2026-07-28,S003,P020,261,55.0
INV-20260728-S003-P021,2026-07-28,S003,P021,106,35.0
INV-20260728-S003-P022,2026-07-28,S003,P022,133,41.0
INV-20260728-S003-P023,2026-07-28,S003,P023,104,59.0
INV-20260728-S003-P024,2026-07-28,S003,P024,150,51.0
INV-20260728-S003-P025,2026-07-28,S003,P025,175,12.0
INV-20260728-S003-P026,2026-07-28,S003,P026,176,88.0
INV-20260728-S003-P027,2026-07-28,S003,P027,127,95.0
INV-20260728-S003-P028,2026-07-28,S003,P028,65,23.0
INV-20260728-S003-P029,2026-07-28,S003,P029,120,62.0
INV-20260728-S003-P030,2026-07-28,S003,P030,22,20.0
INV-20260728-S003-P031,2026-07-28,S003,P031,316,74.0
INV-20260728-S003-P032,2026-07-28,S003,P032,119,37.0
INV-20260728-S003-P033,2026-07-28,S003,P033,354,72.0
INV-20260728-S003-P034,2026-07-28,S003,P034,218,79.0
INV-20260728-S003-P035,2026-07-28,S003,P035,368,83.0
INV-20260728-S003-P036,2026-07-28,S003,P036,25,20.0
INV-20260728-S003-P037,2026-07-28,S003,P037,412,97.0
INV-20260728-S003-P038,2026-07-28,S003,P038,66,32.0
INV-20260728-S003-P039,2026-07-28,S003,P039,202,14.0
INV-20260728-S003-P040,2026-07-28,S003,P040,111,62.0
INV-20260728-S003-P041,2026-07-28,S003,P041,145,45.0
INV-20260728-S003-P042,2026-07-28,S003,P042,171,88.0
INV-20260728-S003-P043,2026-07-28,S003,P043,162,86.0
INV-20260728-S003-P044,2026-07-28,S003,P044,198,40.0
INV-20260728-S003-P045,2026-07-28,S003,P045,348,100.0
INV-20260728-S003-P046,2026-07-28,S003,P046,144,37.0
INV-20260728-S003-P047,2026-07-28,S003,P047,258,59.0
INV-20260728-S003-P048,2026-07-28,S003,P048,142,34.0
INV-20260728-S003-P049,2026-07-28,S003,P049,238,98.0
INV-20260729-S001-P001,2026-07-29,S001,P001,236,57.0
INV-20260729-S001-P002,2026-07-29,S001,P002,60,41.0
INV-20260729-S001-P003,2026-07-29,S001,P003,74,24.0
INV-20260729-S001-P004,2026-07-29,S001,P004,75,20.0
INV-20260729-S001-P005,2026-07-29,S001,P005,111,66.0
INV-20260729-S001-P006,2026-07-29,S001,P006,86,26.0
INV-20260729-S001-P007,2026-07-29,S001,P007,137,97.0
INV-20260729-S001-P008,2026-07-29,S001,P008,120,65.0
INV-20260729-S001-P009,2026-07-29,S001,P009,92,43.0
INV-20260729-S001-P010,2026-07-29,S001,P010,295,66.0
INV-20260729-S001-P011,2026-07-29,S001,P011,195,12.0
INV-20260729-S001-P012,2026-07-29,S001,P012,334,101.0
INV-20260729-S001-P013,2026-07-29,S001,P013,80,56.0
INV-20260729-S001-P014,2026-07-29,S001,P014,413,84.0
INV-20260729-S001-P015,2026-07-29,S001,P015,29,18.0
INV-20260729-S001-P016,2026-07-29,S001,P016,74,56.0
INV-20260729-S001-P017,2026-07-29,S001,P017,240,56.0
INV-20260729-S001-P018,2026-07-29,S001,P018,164,99.0
INV-20260729-S001-P019,2026-07-29,S001,P019,299,64.0
INV-20260729-S001-P020,2026-07-29,S001,P020,108,55.0
INV-20260729-S001-P021,2026-07-29,S001,P021,150,35.0
INV-20260729-S001-P022,2026-07-29,S001,P022,110,41.0
INV-20260729-S001-P023,2026-07-29,S001,P023,226,59.0
INV-20260729-S001-P024,2026-07-29,S001,P024,211,51.0
INV-20260729-S001-P025,2026-07-29,S001,P025,238,12.0
INV-20260729-S001-P026,2026-07-29,S001,P026,431,88.0
INV-20260729-S001-P027,2026-07-29,S001,P027,329,95.0
INV-20260729-S001-P028,2026-07-29,S001,P028,45,23.0
INV-20260729-S001-P029,2026-07-29,S001,P029,212,62.0
INV-20260729-S001-P030,2026-07-29,S001,P030,82,20.0
INV-20260729-S001-P031,2026-07-29,S001,P031,358,74.0
INV-20260729-S001-P032,2026-07-29,S001,P032,86,37.0
INV-20260729-S001-P033,2026-07-29,S001,P033,359,72.0
INV-20260729-S001-P034,2026-07-29,S001,P034,96,79.0
INV-20260729-S001-P035,2026-07-29,S001,P035,380,83.0
INV-20260729-S001-P036,2026-07-29,S001,P036,46,20.0
INV-20260729-S001-P037,2026-07-29,S001,P037,479,97.0
INV-20260729-S001-P038,2026-07-29,S001,P038,105,32.0
INV-20260729-S001-P039,2026-07-29,S001,P039,205,14.0
INV-20260729-S001-P040,2026-07-29,S001,P040,118,62.0
INV-20260729-S001-P041,2026-07-29,S001,P041,153,45.0
INV-20260729-S001-P042,2026-07-29,S001,P042,119,88.0
INV-20260729-S001-P043,2026-07-29,S001,P043,159,86.0
INV-20260729-S001-P044,2026-07-29,S001,P044,126,40.0
INV-20260729-S001-P045,2026-07-29,S001,P045,237,100.0
INV-20260729-S001-P046,2026-07-29,S001,P046,183,37.0
INV-20260729-S001-P047,2026-07-29,S001,P047,66,59.0
INV-20260729-S001-P048,2026-07-29,S001,P048,145,34.0
INV-20260729-S001-P049,2026-07-29,S001,P049,123,98.0
INV-20260729-S001-P050,2026-07-29,S001,P050,61,26.0
INV-20260729-S002-P001,2026-07-29,S002,P001,73,57.0
INV-20260729-S002-P002,2026-07-29,S002,P002,206,41.0
INV-20260729-S002-P003,2026-07-29,S002,P003,119,24.0
INV-20260729-S002-P004,2026-07-29,S002,P004,383,20.0
INV-20260729-S002-P005,2026-07-29,S002,P005,97,66.0
INV-20260729-S002-P006,2026-07-29,S002,P006,80,26.0
INV-20260729-S002-P007,2026-07-29,S002,P007,227,97.0
INV-20260729-S002-P008,2026-07-29,S002,P008,136,65.0
INV-20260729-S002-P009,2026-07-29,S002,P009,80,43.0
INV-20260729-S002-P010,2026-07-29,S002,P010,111,66.0
INV-20260729-S002-P011,2026-07-29,S002,P011,34,12.0
INV-20260729-S002-P012,2026-07-29,S002,P012,300,101.0
INV-20260729-S002-P013,2026-07-29,S002,P013,234,56.0
INV-20260729-S002-P014,2026-07-29,S002,P014,271,84.0
INV-20260729-S002-P015,2026-07-29,S002,P015,48,18.0
INV-20260729-S002-P016,2026-07-29,S002,P016,160,56.0
INV-20260729-S002-P017,2026-07-29,S002,P017,223,56.0
INV-20260729-S002-P018,2026-07-29,S002,P018,225,99.0
INV-20260729-S002-P019,2026-07-29,S002,P019,189,64.0
INV-20260729-S002-P020,2026-07-29,S002,P020,81,55.0
INV-20260729-S002-P021,2026-07-29,S002,P021,155,35.0
INV-20260729-S002-P022,2026-07-29,S002,P022,193,41.0
INV-20260729-S002-P023,2026-07-29,S002,P023,159,59.0
INV-20260729-S002-P024,2026-07-29,S002,P024,99,51.0
INV-20260729-S002-P025,2026-07-29,S002,P025,46,12.0
INV-20260729-S002-P026,2026-07-29,S002,P026,206,88.0
INV-20260729-S002-P027,2026-07-29,S002,P027,96,95.0
INV-20260729-S002-P028,2026-07-29,S002,P028,110,23.0
INV-20260729-S002-P029,2026-07-29,S002,P029,146,62.0
INV-20260729-S002-P030,2026-07-29,S002,P030,31,20.0
INV-20260729-S002-P031,2026-07-29,S002,P031,191,74.0
INV-20260729-S002-P032,2026-07-29,S002,P032,104,37.0
INV-20260729-S002-P033,2026-07-29,S002,P033,124,72.0
INV-20260729-S002-P034,2026-07-29,S002,P034,194,79.0
INV-20260729-S002-P035,2026-07-29,S002,P035,310,83.0
INV-20260729-S002-P036,2026-07-29,S002,P036,43,20.0
INV-20260729-S002-P037,2026-07-29,S002,P037,360,97.0
INV-20260729-S002-P038,2026-07-29,S002,P038,156,32.0
INV-20260729-S002-P039,2026-07-29,S002,P039,58,14.0
INV-20260729-S002-P040,2026-07-29,S002,P040,66,62.0
INV-20260729-S002-P041,2026-07-29,S002,P041,72,45.0
INV-20260729-S002-P042,2026-07-29,S002,P042,288,88.0
INV-20260729-S002-P043,2026-07-29,S002,P043,244,86.0
INV-20260729-S002-P044,2026-07-29,S002,P044,179,40.0
INV-20260729-S002-P045,2026-07-29,S002,P045,275,100.0
INV-20260729-S002-P046,2026-07-29,S002,P046,78,37.0
INV-20260729-S002-P047,2026-07-29,S002,P047,240,59.0
INV-20260729-S002-P048,2026-07-29,S002,P048,152,34.0
INV-20260729-S002-P049,2026-07-29,S002,P049,383,98.0
INV-20260729-S002-P050,2026-07-29,S002,P050,89,26.0
INV-20260729-S003-P001,2026-07-29,S003,P001,273,57.0
INV-20260729-S003-P002,2026-07-29,S003,P002,135,41.0
INV-20260729-S003-P003,2026-07-29,S003,P003,98,24.0
INV-20260729-S003-P004,2026-07-29,S003,P004,31,20.0
INV-20260729-S003-P005,2026-07-29,S003,P005,136,66.0
INV-20260729-S003-P006,2026-07-29,S003,P006,27,26.0
INV-20260729-S003-P007,2026-07-29,S003,P007,320,97.0
INV-20260729-S003-P008,2026-07-29,S003,P008,167,65.0
INV-20260729-S003-P009,2026-07-29,S003,P009,85,43.0
INV-20260729-S003-P010,2026-07-29,S003,P010,222,66.0
INV-20260729-S003-P011,2026-07-29,S003,P011,194,12.0
INV-20260729-S003-P012,2026-07-29,S003,P012,273,101.0
INV-20260729-S003-P013,2026-07-29,S003,P013,176,56.0
INV-20260729-S003-P014,2026-07-29,S003,P014,382,84.0
INV-20260729-S003-P015,2026-07-29,S003,P015,51,18.0
INV-20260729-S003-P016,2026-07-29,S003,P016,65,56.0
INV-20260729-S003-P017,2026-07-29,S003,P017,257,56.0
INV-20260729-S003-P018,2026-07-29,S003,P018,461,99.0
INV-20260729-S003-P019,2026-07-29,S003,P019,232,64.0
INV-20260729-S003-P020,2026-07-29,S003,P020,254,55.0
INV-20260729-S003-P021,2026-07-29,S003,P021,100,35.0
INV-20260729-S003-P022,2026-07-29,S003,P022,128,41.0
INV-20260729-S003-P023,2026-07-29,S003,P023,95,59.0
INV-20260729-S003-P024,2026-07-29,S003,P024,144,51.0
INV-20260729-S003-P025,2026-07-29,S003,P025,175,12.0
INV-20260729-S003-P026,2026-07-29,S003,P026,167,88.0
INV-20260729-S003-P027,2026-07-29,S003,P027,114,95.0
INV-20260729-S003-P028,2026-07-29,S003,P028,62,23.0
INV-20260729-S003-P029,2026-07-29,S003,P029,114,62.0
INV-20260729-S003-P030,2026-07-29,S003,P030,103,20.0
INV-20260729-S003-P031,2026-07-29,S003,P031,305,74.0
INV-20260729-S003-P032,2026-07-29,S003,P032,116,37.0
INV-20260729-S003-P033,2026-07-29,S003,P033,351,72.0
INV-20260729-S003-P034,2026-07-29,S003,P034,209,79.0
INV-20260729-S003-P035,2026-07-29,S003,P035,363,83.0
INV-20260729-S003-P036,2026-07-29,S003,P036,22,20.0
INV-20260729-S003-P037,2026-07-29,S003,P037,403,97.0
INV-20260729-S003-P038,2026-07-29,S003,P038,63,32.0
INV-20260729-S003-P039,2026-07-29,S003,P039,201,14.0
INV-20260729-S003-P040,2026-07-29,S003,P040,104,62.0
INV-20260729-S003-P041,2026-07-29,S003,P041,139,45.0
INV-20260729-S003-P042,2026-07-29,S003,P042,154,88.0
INV-20260729-S003-P043,2026-07-29,S003,P043,147,86.0
INV-20260729-S003-P044,2026-07-29,S003,P044,191,40.0
INV-20260729-S003-P045,2026-07-29,S003,P045,336,100.0
INV-20260729-S003-P046,2026-07-29,S003,P046,134,37.0
INV-20260729-S003-P047,2026-07-29,S003,P047,253,59.0
INV-20260729-S003-P048,2026-07-29,S003,P048,136,34.0
INV-20260729-S003-P049,2026-07-29,S003,P049,227,98.0
INV-20260730-S001-P001,2026-07-30,S001,P001,233,57.0
INV-20260730-S001-P002,2026-07-30,S001,P002,54,41.0
INV-20260730-S001-P003,2026-07-30,S001,P003,70,24.0
INV-20260730-S001-P004,2026-07-30,S001,P004,75,20.0
INV-20260730-S001-P005,2026-07-30,S001,P005,105,66.0
INV-20260730-S001-P006,2026-07-30,S001,P006,81,26.0
INV-20260730-S001-P007,2026-07-30,S001,P007,121,97.0
INV-20260730-S001-P008,2026-07-30,S001,P008,110,65.0
INV-20260730-S001-P009,2026-07-30,S001,P009,86,43.0
INV-20260730-S001-P010,2026-07-30,S001,P010,287,66.0
INV-20260730-S001-P011,2026-07-30,S001,P011,192,12.0
INV-20260730-S001-P012,2026-07-30,S001,P012,326,101.0
INV-20260730-S001-P013,2026-07-30,S001,P013,66,56.0
INV-20260730-S001-P014,2026-07-30,S001,P014,397,84.0
INV-20260730-S001-P015,2026-07-30,S001,P015,27,18.0
INV-20260730-S001-P016,2026-07-30,S001,P016,70,56.0
INV-20260730-S001-P017,2026-07-30,S001,P017,234,56.0
INV-20260730-S001-P018,2026-07-30,S001,P018,158,99.0
INV-20260730-S001-P019,2026-07-30,S001,P019,288,64.0
INV-20260730-S001-P020,2026-07-30,S001,P020,98,55.0
INV-20260730-S001-P021,2026-07-30,S001,P021,144,35.0
INV-20260730-S001-P022,2026-07-30,S001,P022,107,41.0
INV-20260730-S001-P023,2026-07-30,S001,P023,219,59.0
INV-20260730-S001-P024,2026-07-30,S001,P024,205,51.0
INV-20260730-S001-P025,2026-07-30,S001,P025,238,12.0
INV-20260730-S001-P026,2026-07-30,S001,P026,419,88.0
INV-20260730-S001-P027,2026-07-30,S001,P027,317,95.0
INV-20260730-S001-P028,2026-07-30,S001,P028,41,23.0
INV-20260730-S001-P029,2026-07-30,S001,P029,207,62.0
INV-20260730-S001-P030,2026-07-30,S001,P030,77,20.0
INV-20260730-S001-P031,2026-07-30,S001,P031,349,74.0
INV-20260730-S001-P032,2026-07-30,S001,P032,82,37.0
INV-20260730-S001-P033,2026-07-30,S001,P033,348,72.0
INV-20260730-S001-P034,2026-07-30,S001,P034,84,79.0
INV-20260730-S001-P035,2026-07-30,S001,P035,369,83.0
INV-20260730-S001-P036,2026-07-30,S001,P036,45,20.0
INV-20260730-S001-P037,2026-07-30,S001,P037,467,97.0
INV-20260730-S001-P038,2026-07-30,S001,P038,100,32.0
INV-20260730-S001-P039,2026-07-30,S001,P039,201,14.0
INV-20260730-S001-P040,2026-07-30,S001,P040,102,62.0
INV-20260730-S001-P041,2026-07-30,S001,P041,142,45.0
INV-20260730-S001-P042,2026-07-30,S001,P042,104,88.0
INV-20260730-S001-P043,2026-07-30,S001,P043,144,86.0
INV-20260730-S001-P044,2026-07-30,S001,P044,120,40.0
INV-20260730-S001-P045,2026-07-30,S001,P045,225,100.0
INV-20260730-S001-P046,2026-07-30,S001,P046,178,37.0
INV-20260730-S001-P047,2026-07-30,S001,P047,61,59.0
INV-20260730-S001-P048,2026-07-30,S001,P048,140,34.0
INV-20260730-S001-P049,2026-07-30,S001,P049,109,98.0
INV-20260730-S001-P050,2026-07-30,S001,P050,60,26.0
INV-20260730-S002-P001,2026-07-30,S002,P001,66,57.0
INV-20260730-S002-P002,2026-07-30,S002,P002,199,41.0
INV-20260730-S002-P003,2026-07-30,S002,P003,114,24.0
INV-20260730-S002-P004,2026-07-30,S002,P004,382,20.0
INV-20260730-S002-P005,2026-07-30,S002,P005,86,66.0
INV-20260730-S002-P006,2026-07-30,S002,P006,75,26.0
INV-20260730-S002-P007,2026-07-30,S002,P007,227,97.0
INV-20260730-S002-P008,2026-07-30,S002,P008,126,65.0
INV-20260730-S002-P009,2026-07-30,S002,P009,68,43.0
INV-20260730-S002-P010,2026-07-30,S002,P010,97,66.0
INV-20260730-S002-P011,2026-07-30,S002,P011,34,12.0
INV-20260730-S002-P012,2026-07-30,S002,P012,279,101.0
INV-20260730-S002-P013,2026-07-30,S002,P013,222,56.0
INV-20260730-S002-P014,2026-07-30,S002,P014,252,84.0
INV-20260730-S002-P015,2026-07-30,S002,P015,47,18.0
INV-20260730-S002-P016,2026-07-30,S002,P016,152,56.0
INV-20260730-S002-P017,2026-07-30,S002,P017,209,56.0
INV-20260730-S002-P018,2026-07-30,S002,P018,207,99.0
INV-20260730-S002-P019,2026-07-30,S002,P019,178,64.0
INV-20260730-S002-P020,2026-07-30,S002,P020,73,55.0
INV-20260730-S002-P021,2026-07-30,S002,P021,152,35.0
INV-20260730-S002-P022,2026-07-30,S002,P022,186,41.0
INV-20260730-S002-P023,2026-07-30,S002,P023,145,59.0
INV-20260730-S002-P024,2026-07-30,S002,P024,91,51.0
INV-20260730-S002-P025,2026-07-30,S002,P025,43,12.0
INV-20260730-S002-P026,2026-07-30,S002,P026,189,88.0
INV-20260730-S002-P027,2026-07-30,S002,P027,461,95.0
INV-20260730-S002-P028,2026-07-30,S002,P028,108,23.0
INV-20260730-S002-P029,2026-07-30,S002,P029,134,62.0
INV-20260730-S002-P030,2026-07-30,S002,P030,29,20.0
INV-20260730-S002-P031,2026-07-30,S002,P031,177,74.0
INV-20260730-S002-P032,2026-07-30,S002,P032,98,37.0
INV-20260730-S002-P033,2026-07-30,S002,P033,110,72.0
INV-20260730-S002-P034,2026-07-30,S002,P034,180,79.0
INV-20260730-S002-P035,2026-07-30,S002,P035,300,83.0
INV-20260730-S002-P036,2026-07-30,S002,P036,39,20.0
INV-20260730-S002-P037,2026-07-30,S002,P037,344,97.0
INV-20260730-S002-P038,2026-07-30,S002,P038,149,32.0
INV-20260730-S002-P039,2026-07-30,S002,P039,54,14.0
INV-20260730-S002-P040,2026-07-30,S002,P040,310,62.0
INV-20260730-S002-P041,2026-07-30,S002,P041,65,45.0
INV-20260730-S002-P042,2026-07-30,S002,P042,276,88.0
INV-20260730-S002-P043,2026-07-30,S002,P043,224,86.0
INV-20260730-S002-P044,2026-07-30,S002,P044,175,40.0
INV-20260730-S002-P045,2026-07-30,S002,P045,258,100.0
INV-20260730-S002-P046,2026-07-30,S002,P046,70,37.0
INV-20260730-S002-P047,2026-07-30,S002,P047,235,59.0
INV-20260730-S002-P048,2026-07-30,S002,P048,146,34.0
INV-20260730-S002-P049,2026-07-30,S002,P049,358,98.0
INV-20260730-S002-P050,2026-07-30,S002,P050,86,26.0
INV-20260730-S003-P001,2026-07-30,S003,P001,266,57.0
INV-20260730-S003-P002,2026-07-30,S003,P002,130,41.0
INV-20260730-S003-P003,2026-07-30,S003,P003,97,24.0
INV-20260730-S003-P004,2026-07-30,S003,P004,28,20.0
INV-20260730-S003-P005,2026-07-30,S003,P005,126,66.0
INV-20260730-S003-P006,2026-07-30,S003,P006,27,26.0
INV-20260730-S003-P007,2026-07-30,S003,P007,306,97.0
INV-20260730-S003-P008,2026-07-30,S003,P008,160,65.0
INV-20260730-S003-P009,2026-07-30,S003,P009,83,43.0
INV-20260730-S003-P010,2026-07-30,S003,P010,213,66.0
INV-20260730-S003-P011,2026-07-30,S003,P011,192,12.0
INV-20260730-S003-P012,2026-07-30,S003,P012,258,101.0
INV-20260730-S003-P013,2026-07-30,S003,P013,165,56.0
INV-20260730-S003-P014,2026-07-30,S003,P014,377,84.0
INV-20260730-S003-P015,2026-07-30,S003,P015,50,18.0
INV-20260730-S003-P016,2026-07-30,S003,P016,58,56.0
INV-20260730-S003-P017,2026-07-30,S003,P017,249,56.0
INV-20260730-S003-P018,2026-07-30,S003,P018,449,99.0
INV-20260730-S003-P019,2026-07-30,S003,P019,225,64.0
INV-20260730-S003-P020,2026-07-30,S003,P020,244,55.0
INV-20260730-S003-P021,2026-07-30,S003,P021,95,35.0
INV-20260730-S003-P022,2026-07-30,S003,P022,122,41.0
INV-20260730-S003-P023,2026-07-30,S003,P023,92,59.0
INV-20260730-S003-P024,2026-07-30,S003,P024,137,51.0
INV-20260730-S003-P025,2026-07-30,S003,P025,174,12.0
INV-20260730-S003-P026,2026-07-30,S003,P026,161,88.0
INV-20260730-S003-P027,2026-07-30,S003,P027,106,95.0
INV-20260730-S003-P028,2026-07-30,S003,P028,60,23.0
INV-20260730-S003-P029,2026-07-30,S003,P029,103,62.0
INV-20260730-S003-P030,2026-07-30,S003,P030,99,20.0
INV-20260730-S003-P031,2026-07-30,S003,P031,294,74.0
INV-20260730-S003-P032,2026-07-30,S003,P032,114,37.0
INV-20260730-S003-P033,2026-07-30,S003,P033,339,72.0
INV-20260730-S003-P034,2026-07-30,S003,P034,200,79.0
INV-20260730-S003-P035,2026-07-30,S003,P035,348,83.0
INV-20260730-S003-P036,2026-07-30,S003,P036,22,20.0
INV-20260730-S003-P037,2026-07-30,S003,P037,387,97.0
INV-20260730-S003-P038,2026-07-30,S003,P038,61,32.0
INV-20260730-S003-P039,2026-07-30,S003,P039,200,14.0
INV-20260730-S003-P040,2026-07-30,S003,P040,97,62.0
INV-20260730-S003-P041,2026-07-30,S003,P041,133,45.0
INV-20260730-S003-P042,2026-07-30,S003,P042,141,88.0
INV-20260730-S003-P043,2026-07-30,S003,P043,134,86.0
INV-20260730-S003-P044,2026-07-30,S003,P044,183,40.0
INV-20260730-S003-P045,2026-07-30,S003,P045,325,100.0
INV-20260730-S003-P046,2026-07-30,S003,P046,127,37.0
INV-20260730-S003-P047,2026-07-30,S003,P047,243,59.0
INV-20260730-S003-P048,2026-07-30,S003,P048,134,34.0
INV-20260730-S003-P049,2026-07-30,S003,P049,214,98.0
INV-20260731-S001-P001,2026-07-31,S001,P001,223,57.0
INV-20260731-S001-P002,2026-07-31,S001,P002,47,41.0
INV-20260731-S001-P003,2026-07-31,S001,P003,66,24.0
INV-20260731-S001-P004,2026-07-31,S001,P004,73,20.0
INV-20260731-S001-P005,2026-07-31,S001,P005,93,66.0
INV-20260731-S001-P006,2026-07-31,S001,P006,76,26.0
INV-20260731-S001-P007,2026-07-31,S001,P007,111,97.0
INV-20260731-S001-P008,2026-07-31,S001,P008,103,65.0
INV-20260731-S001-P009,2026-07-31,S001,P009,81,43.0
INV-20260731-S001-P010,2026-07-31,S001,P010,276,66.0
INV-20260731-S001-P011,2026-07-31,S001,P011,191,12.0
INV-20260731-S001-P012,2026-07-31,S001,P012,310,101.0
INV-20260731-S001-P013,2026-07-31,S001,P013,277,56.0
INV-20260731-S001-P014,2026-07-31,S001,P014,384,84.0
INV-20260731-S001-P015,2026-07-31,S001,P015,24,18.0
INV-20260731-S001-P016,2026-07-31,S001,P016,58,56.0
INV-20260731-S001-P017,2026-07-31,S001,P017,225,56.0
INV-20260731-S001-P018,2026-07-31,S001,P018,140,99.0
INV-20260731-S001-P019,2026-07-31,S001,P019,281,64.0
INV-20260731-S001-P020,2026-07-31,S001,P020,91,55.0
INV-20260731-S001-P021,2026-07-31,S001,P021,138,35.0
INV-20260731-S001-P022,2026-07-31,S001,P022,100,41.0
INV-20260731-S001-P023,2026-07-31,S001,P023,209,59.0
INV-20260731-S001-P024,2026-07-31,S001,P024,194,51.0
INV-20260731-S001-P025,2026-07-31,S001,P025,235,12.0
INV-20260731-S001-P026,2026-07-31,S001,P026,405,88.0
INV-20260731-S001-P027,2026-07-31,S001,P027,307,95.0
INV-20260731-S001-P028,2026-07-31,S001,P028,38,23.0
INV-20260731-S001-P029,2026-07-31,S001,P029,198,62.0
INV-20260731-S001-P030,2026-07-31,S001,P030,75,20.0
INV-20260731-S001-P031,2026-07-31,S001,P031,338,74.0
INV-20260731-S001-P032,2026-07-31,S001,P032,79,37.0
INV-20260731-S001-P033,2026-07-31,S001,P033,336,72.0
INV-20260731-S001-P034,2026-07-31,S001,P034,390,79.0
INV-20260731-S001-P035,2026-07-31,S001,P035,351,83.0
INV-20260731-S001-P036,2026-07-31,S001,P036,42,20.0
INV-20260731-S001-P037,2026-07-31,S001,P037,449,97.0
INV-20260731-S001-P038,2026-07-31,S001,P038,97,32.0
INV-20260731-S001-P039,2026-07-31,S001,P039,200,14.0
INV-20260731-S001-P040,2026-07-31,S001,P040,97,62.0
INV-20260731-S001-P041,2026-07-31,S001,P041,135,45.0
INV-20260731-S001-P042,2026-07-31,S001,P042,90,88.0
INV-20260731-S001-P043,2026-07-31,S001,P043,136,86.0
INV-20260731-S001-P044,2026-07-31,S001,P044,116,40.0
INV-20260731-S001-P045,2026-07-31,S001,P045,211,100.0
INV-20260731-S001-P046,2026-07-31,S001,P046,174,37.0
INV-20260731-S001-P047,2026-07-31,S001,P047,284,59.0
INV-20260731-S001-P048,2026-07-31,S001,P048,133,34.0
INV-20260731-S001-P049,2026-07-31,S001,P049,487,98.0
INV-20260731-S001-P050,2026-07-31,S001,P050,59,26.0
INV-20260731-S002-P001,2026-07-31,S002,P001,283,57.0
INV-20260731-S002-P002,2026-07-31,S002,P002,188,41.0
INV-20260731-S002-P003,2026-07-31,S002,P003,111,24.0
INV-20260731-S002-P004,2026-07-31,S002,P004,381,20.0
INV-20260731-S002-P005,2026-07-31,S002,P005,78,66.0
INV-20260731-S002-P006,2026-07-31,S002,P006,71,26.0
INV-20260731-S002-P007,2026-07-31,S002,P007,227,97.0
INV-20260731-S002-P008,2026-07-31,S002,P008,104,65.0
INV-20260731-S002-P009,2026-07-31,S002,P009,61,43.0
INV-20260731-S002-P010,2026-07-31,S002,P010,85,66.0
INV-20260731-S002-P011,2026-07-31,S002,P011,33,12.0
INV-20260731-S002-P012,2026-07-31,S002,P012,263,101.0
INV-20260731-S002-P013,2026-07-31,S002,P013,215,56.0
INV-20260731-S002-P014,2026-07-31,S002,P014,241,84.0
INV-20260731-S002-P015,2026-07-31,S002,P015,45,18.0
INV-20260731-S002-P016,2026-07-31,S002,P016,139,56.0
INV-20260731-S002-P017,2026-07-31,S002,P017,196,56.0
INV-20260731-S002-P018,2026-07-31,S002,P018,191,99.0
INV-20260731-S002-P019,2026-07-31,S002,P019,170,64.0
INV-20260731-S002-P020,2026-07-31,S002,P020,65,55.0
INV-20260731-S002-P021,2026-07-31,S002,P021,147,35.0
INV-20260731-S002-P022,2026-07-31,S002,P022,180,41.0
INV-20260731-S002-P023,2026-07-31,S002,P023,135,59.0
INV-20260731-S002-P024,2026-07-31,S002,P024,76,51.0
INV-20260731-S002-P025,2026-07-31,S002,P025,43,12.0
INV-20260731-S002-P026,2026-07-31,S002,P026,168,88.0
INV-20260731-S002-P027,2026-07-31,S002,P027,447,95.0
INV-20260731-S002-P028,2026-07-31,S002,P028,104,23.0
INV-20260731-S002-P029,2026-07-31,S002,P029,124,62.0
INV-20260731-S002-P030,2026-07-31,S002,P030,27,20.0
INV-20260731-S002-P031,2026-07-31,S002,P031,156,74.0
INV-20260731-S002-P032,2026-07-31,S002,P032,94,37.0
INV-20260731-S002-P033,2026-07-31,S002,P033,94,72.0
INV-20260731-S002-P034,2026-07-31,S002,P034,168,79.0
INV-20260731-S002-P035,2026-07-31,S002,P035,295,83.0
INV-20260731-S002-P036,2026-07-31,S002,P036,38,20.0
INV-20260731-S002-P037,2026-07-31,S002,P037,329,97.0
INV-20260731-S002-P038,2026-07-31,S002,P038,140,32.0
INV-20260731-S002-P039,2026-07-31,S002,P039,52,14.0
INV-20260731-S002-P040,2026-07-31,S002,P040,295,62.0
INV-20260731-S002-P041,2026-07-31,S002,P041,57,45.0
INV-20260731-S002-P042,2026-07-31,S002,P042,260,88.0
INV-20260731-S002-P043,2026-07-31,S002,P043,210,86.0
INV-20260731-S002-P044,2026-07-31,S002,P044,168,40.0
INV-20260731-S002-P045,2026-07-31,S002,P045,240,100.0
INV-20260731-S002-P046,2026-07-31,S002,P046,65,37.0
INV-20260731-S002-P047,2026-07-31,S002,P047,230,59.0
INV-20260731-S002-P048,2026-07-31,S002,P048,142,34.0
INV-20260731-S002-P049,2026-07-31,S002,P049,334,98.0
INV-20260731-S002-P050,2026-07-31,S002,P050,82,26.0
INV-20260731-S003-P001,2026-07-31,S003,P001,260,57.0
INV-20260731-S003-P002,2026-07-31,S003,P002,127,41.0
INV-20260731-S003-P003,2026-07-31,S003,P003,94,24.0
INV-20260731-S003-P004,2026-07-31,S003,P004,26,20.0
INV-20260731-S003-P005,2026-07-31,S003,P005,119,66.0
INV-20260731-S003-P006,2026-07-31,S003,P006,132,26.0
INV-20260731-S003-P007,2026-07-31,S003,P007,294,97.0
INV-20260731-S003-P008,2026-07-31,S003,P008,153,65.0
INV-20260731-S003-P009,2026-07-31,S003,P009,76,43.0
INV-20260731-S003-P010,2026-07-31,S003,P010,204,66.0
INV-20260731-S003-P011,2026-07-31,S003,P011,190,12.0
INV-20260731-S003-P012,2026-07-31,S003,P012,242,101.0
INV-20260731-S003-P013,2026-07-31,S003,P013,161,56.0
INV-20260731-S003-P014,2026-07-31,S003,P014,371,84.0
INV-20260731-S003-P015,2026-07-31,S003,P015,45,18.0
INV-20260731-S003-P016,2026-07-31,S003,P016,278,56.0
INV-20260731-S003-P017,2026-07-31,S003,P017,244,56.0
INV-20260731-S003-P018,2026-07-31,S003,P018,437,99.0
INV-20260731-S003-P019,2026-07-31,S003,P019,219,64.0
INV-20260731-S003-P020,2026-07-31,S003,P020,235,55.0
INV-20260731-S003-P021,2026-07-31,S003,P021,92,35.0
INV-20260731-S003-P022,2026-07-31,S003,P022,118,41.0
INV-20260731-S003-P023,2026-07-31,S003,P023,90,59.0
INV-20260731-S003-P024,2026-07-31,S003,P024,131,51.0
INV-20260731-S003-P025,2026-07-31,S003,P025,174,12.0
INV-20260731-S003-P026,2026-07-31,S003,P026,150,88.0
INV-20260731-S003-P027,2026-07-31,S003,P027,472,95.0
INV-20260731-S003-P028,2026-07-31,S003,P028,55,23.0
INV-20260731-S003-P029,2026-07-31,S003,P029,93,62.0
INV-20260731-S003-P030,2026-07-31,S003,P030,94,20.0
INV-20260731-S003-P031,2026-07-31,S003,P031,285,74.0
INV-20260731-S003-P032,2026-07-31,S003,P032,111,37.0
INV-20260731-S003-P033,2026-07-31,S003,P033,333,72.0
INV-20260731-S003-P034,2026-07-31,S003,P034,195,79.0
INV-20260731-S003-P035,2026-07-31,S003,P035,343,83.0
INV-20260731-S003-P036,2026-07-31,S003,P036,21,20.0
INV-20260731-S003-P037,2026-07-31,S003,P037,376,97.0
INV-20260731-S003-P038,2026-07-31,S003,P038,56,32.0
INV-20260731-S003-P039,2026-07-31,S003,P039,198,14.0
INV-20260731-S003-P040,2026-07-31,S003,P040,87,62.0
INV-20260731-S003-P041,2026-07-31,S003,P041,130,45.0
INV-20260731-S003-P042,2026-07-31,S003,P042,130,88.0
INV-20260731-S003-P043,2026-07-31,S003,P043,122,86.0
INV-20260731-S003-P044,2026-07-31,S003,P044,175,40.0
INV-20260731-S003-P045,2026-07-31,S003,P045,309,100.0
INV-20260731-S003-P046,2026-07-31,S003,P046,122,37.0
INV-20260731-S003-P047,2026-07-31,S003,P047,240,59.0
INV-20260731-S003-P048,2026-07-31,S003,P048,129,34.0
INV-20260731-S003-P049,2026-07-31,S003,P049,196,98.0
INV-20260801-S001-P001,2026-08-01,S001,P001,205,57.0
INV-20260801-S001-P002,2026-08-01,S001,P002,204,41.0
INV-20260801-S001-P003,2026-08-01,S001,P003,65,24.0
INV-20260801-S001-P004,2026-08-01,S001,P004,67,20.0
INV-20260801-S001-P005,2026-08-01,S001,P005,83,66.0
INV-20260801-S001-P006,2026-08-01,S001,P006,70,26.0
INV-20260801-S001-P007,2026-08-01,S001,P007,98,97.0
INV-20260801-S001-P008,2026-08-01,S001,P008,93,65.0
INV-20260801-S001-P009,2026-08-01,S001,P009,77,43.0
INV-20260801-S001-P010,2026-08-01,S001,P010,270,66.0
INV-20260801-S001-P011,2026-08-01,S001,P011,186,12.0
INV-20260801-S001-P012,2026-08-01,S001,P012,290,101.0
INV-20260801-S001-P013,2026-08-01,S001,P013,270,56.0
INV-20260801-S001-P014,2026-08-01,S001,P014,373,84.0
INV-20260801-S001-P015,2026-08-01,S001,P015,23,18.0
INV-20260801-S001-P016,2026-08-01,S001,P016,273,56.0
INV-20260801-S001-P017,2026-08-01,S001,P017,212,56.0
INV-20260801-S001-P018,2026-08-01,S001,P018,130,99.0
INV-20260801-S001-P019,2026-08-01,S001,P019,271,64.0
INV-20260801-S001-P020,2026-08-01,S001,P020,79,55.0
INV-20260801-S001-P021,2026-08-01,S001,P021,132,35.0
INV-20260801-S001-P022,2026-08-01,S001,P022,94,41.0
INV-20260801-S001-P023,2026-08-01,S001,P023,200,59.0
INV-20260801-S001-P024,2026-08-01,S001,P024,190,51.0
INV-20260801-S001-P025,2026-08-01,S001,P025,235,12.0
INV-20260801-S001-P026,2026-08-01,S001,P026,394,88.0
INV-20260801-S001-P027,2026-08-01,S001,P027,296,95.0
INV-20260801-S001-P028,2026-08-01,S001,P028,36,23.0
INV-20260801-S001-P029,2026-08-01,S001,P029,189,62.0
INV-20260801-S001-P030,2026-08-01,S001,P030,70,20.0
INV-20260801-S001-P031,2026-08-01,S001,P031,325,74.0
INV-20260801-S001-P032,2026-08-01,S001,P032,71,37.0
INV-20260801-S001-P033,2026-08-01,S001,P033,325,72.0
INV-20260801-S001-P034,2026-08-01,S001,P034,375,79.0
INV-20260801-S001-P035,2026-08-01,S001,P035,340,83.0
INV-20260801-S001-P036,2026-08-01,S001,P036,38,20.0
INV-20260801-S001-P037,2026-08-01,S001,P037,434,97.0
INV-20260801-S001-P038,2026-08-01,S001,P038,96,32.0
INV-20260801-S001-P039,2026-08-01,S001,P039,199,14.0
INV-20260801-S001-P040,2026-08-01,S001,P040,88,62.0
INV-20260801-S001-P041,2026-08-01,S001,P041,122,45.0
INV-20260801-S001-P042,2026-08-01,S001,P042,430,88.0
INV-20260801-S001-P043,2026-08-01,S001,P043,123,86.0
INV-20260801-S001-P044,2026-08-01,S001,P044,107,40.0
INV-20260801-S001-P045,2026-08-01,S001,P045,201,100.0
INV-20260801-S001-P046,2026-08-01,S001,P046,171,37.0
INV-20260801-S001-P047,2026-08-01,S001,P047,278,59.0
INV-20260801-S001-P048,2026-08-01,S001,P048,121,34.0
INV-20260801-S001-P049,2026-08-01,S001,P049,472,98.0
INV-20260801-S001-P050,2026-08-01,S001,P050,56,26.0
INV-20260801-S002-P001,2026-08-01,S002,P001,276,57.0
INV-20260801-S002-P002,2026-08-01,S002,P002,182,41.0
INV-20260801-S002-P003,2026-08-01,S002,P003,104,24.0
INV-20260801-S002-P004,2026-08-01,S002,P004,379,20.0
INV-20260801-S002-P005,2026-08-01,S002,P005,70,66.0
INV-20260801-S002-P006,2026-08-01,S002,P006,68,26.0
INV-20260801-S002-P007,2026-08-01,S002,P007,227,97.0
INV-20260801-S002-P008,2026-08-01,S002,P008,93,65.0
INV-20260801-S002-P009,2026-08-01,S002,P009,47,43.0
INV-20260801-S002-P010,2026-08-01,S002,P010,71,66.0
INV-20260801-S002-P011,2026-08-01,S002,P011,29,12.0
INV-20260801-S002-P012,2026-08-01,S002,P012,241,101.0
INV-20260801-S002-P013,2026-08-01,S002,P013,199,56.0
INV-20260801-S002-P014,2026-08-01,S002,P014,223,84.0
INV-20260801-S002-P015,2026-08-01,S002,P015,40,18.0
INV-20260801-S002-P016,2026-08-01,S002,P016,132,56.0
INV-20260801-S002-P017,2026-08-01,S002,P017,188,56.0
INV-20260801-S002-P018,2026-08-01,S002,P018,178,99.0
INV-20260801-S002-P019,2026-08-01,S002,P019,152,64.0
INV-20260801-S002-P020,2026-08-01,S002,P020,57,55.0
INV-20260801-S002-P021,2026-08-01,S002,P021,141,35.0
INV-20260801-S002-P022,2026-08-01,S002,P022,169,41.0
INV-20260801-S002-P023,2026-08-01,S002,P023,120,59.0
INV-20260801-S002-P024,2026-08-01,S002,P024,68,51.0
INV-20260801-S002-P025,2026-08-01,S002,P025,41,12.0
INV-20260801-S002-P026,2026-08-01,S002,P026,152,88.0
INV-20260801-S002-P027,2026-08-01,S002,P027,425,95.0
INV-20260801-S002-P028,2026-08-01,S002,P028,100,23.0
INV-20260801-S002-P029,2026-08-01,S002,P029,110,62.0
INV-20260801-S002-P030,2026-08-01,S002,P030,22,20.0
INV-20260801-S002-P031,2026-08-01,S002,P031,142,74.0
INV-20260801-S002-P032,2026-08-01,S002,P032,81,37.0
INV-20260801-S002-P033,2026-08-01,S002,P033,74,72.0
INV-20260801-S002-P034,2026-08-01,S002,P034,159,79.0
INV-20260801-S002-P035,2026-08-01,S002,P035,274,83.0
INV-20260801-S002-P036,2026-08-01,S002,P036,35,20.0
INV-20260801-S002-P037,2026-08-01,S002,P037,316,97.0
INV-20260801-S002-P038,2026-08-01,S002,P038,132,32.0
INV-20260801-S002-P039,2026-08-01,S002,P039,48,14.0
INV-20260801-S002-P040,2026-08-01,S002,P040,287,62.0
INV-20260801-S002-P041,2026-08-01,S002,P041,53,45.0
INV-20260801-S002-P042,2026-08-01,S002,P042,235,88.0
INV-20260801-S002-P043,2026-08-01,S002,P043,198,86.0
INV-20260801-S002-P044,2026-08-01,S002,P044,160,40.0
INV-20260801-S002-P045,2026-08-01,S002,P045,222,100.0
INV-20260801-S002-P046,2026-08-01,S002,P046,56,37.0
INV-20260801-S002-P047,2026-08-01,S002,P047,222,59.0
INV-20260801-S002-P048,2026-08-01,S002,P048,133,34.0
INV-20260801-S002-P049,2026-08-01,S002,P049,316,98.0
INV-20260801-S002-P050,2026-08-01,S002,P050,79,26.0
INV-20260801-S003-P001,2026-08-01,S003,P001,253,57.0
INV-20260801-S003-P002,2026-08-01,S003,P002,122,41.0
INV-20260801-S003-P003,2026-08-01,S003,P003,90,24.0
INV-20260801-S003-P004,2026-08-01,S003,P004,24,20.0
INV-20260801-S003-P005,2026-08-01,S003,P005,113,66.0
INV-20260801-S003-P006,2026-08-01,S003,P006,128,26.0
INV-20260801-S003-P007,2026-08-01,S003,P007,285,97.0
INV-20260801-S003-P008,2026-08-01,S003,P008,145,65.0
INV-20260801-S003-P009,2026-08-01,S003,P009,72,43.0
INV-20260801-S003-P010,2026-08-01,S003,P010,193,66.0
INV-20260801-S003-P011,2026-08-01,S003,P011,188,12.0
INV-20260801-S003-P012,2026-08-01,S003,P012,230,101.0
INV-20260801-S003-P013,2026-08-01,S003,P013,152,56.0
INV-20260801-S003-P014,2026-08-01,S003,P014,361,84.0
INV-20260801-S003-P015,2026-08-01,S003,P015,40,18.0
INV-20260801-S003-P016,2026-08-01,S003,P016,272,56.0
INV-20260801-S003-P017,2026-08-01,S003,P017,240,56.0
INV-20260801-S003-P018,2026-08-01,S003,P018,423,99.0
INV-20260801-S003-P019,2026-08-01,S003,P019,209,64.0
INV-20260801-S003-P020,2026-08-01,S003,P020,221,55.0
INV-20260801-S003-P021,2026-08-01,S003,P021,88,35.0
INV-20260801-S003-P022,2026-08-01,S003,P022,107,41.0
INV-20260801-S003-P023,2026-08-01,S003,P023,81,59.0
INV-20260801-S003-P024,2026-08-01,S003,P024,128,51.0
INV-20260801-S003-P025,2026-08-01,S003,P025,174,12.0
INV-20260801-S003-P026,2026-08-01,S003,P026,132,88.0
INV-20260801-S003-P027,2026-08-01,S003,P027,454,95.0
INV-20260801-S003-P028,2026-08-01,S003,P028,51,23.0
INV-20260801-S003-P029,2026-08-01,S003,P029,88,62.0
INV-20260801-S003-P030,2026-08-01,S003,P030,92,20.0
INV-20260801-S003-P031,2026-08-01,S003,P031,274,74.0
INV-20260801-S003-P032,2026-08-01,S003,P032,107,37.0
INV-20260801-S003-P033,2026-08-01,S003,P033,321,72.0
INV-20260801-S003-P034,2026-08-01,S003,P034,180,79.0
INV-20260801-S003-P035,2026-08-01,S003,P035,326,83.0
INV-20260801-S003-P036,2026-08-01,S003,P036,102,20.0
INV-20260801-S003-P037,2026-08-01,S003,P037,369,97.0
INV-20260801-S003-P038,2026-08-01,S003,P038,55,32.0
INV-20260801-S003-P039,2026-08-01,S003,P039,197,14.0
INV-20260801-S003-P040,2026-08-01,S003,P040,81,62.0
INV-20260801-S003-P041,2026-08-01,S003,P041,125,45.0
INV-20260801-S003-P042,2026-08-01,S003,P042,115,88.0
INV-20260801-S003-P043,2026-08-01,S003,P043,111,86.0
INV-20260801-S003-P044,2026-08-01,S003,P044,168,40.0
INV-20260801-S003-P045,2026-08-01,S003,P045,289,100.0
INV-20260801-S003-P046,2026-08-01,S003,P046,115,37.0
INV-20260801-S003-P047,2026-08-01,S003,P047,235,59.0
INV-20260801-S003-P048,2026-08-01,S003,P048,124,34.0
INV-20260801-S003-P049,2026-08-01,S003,P049,180,98.0
INV-20260802-S001-P001,2026-08-02,S001,P001,191,57.0
INV-20260802-S001-P002,2026-08-02,S001,P002,197,41.0
INV-20260802-S001-P003,2026-08-02,S001,P003,60,24.0
INV-20260802-S001-P004,2026-08-02,S001,P004,66,20.0
INV-20260802-S001-P005,2026-08-02,S001,P005,70,66.0
INV-20260802-S001-P006,2026-08-02,S001,P006,65,26.0
INV-20260802-S001-P007,2026-08-02,S001,P007,468,97.0
INV-20260802-S001-P008,2026-08-02,S001,P008,82,65.0
INV-20260802-S001-P009,2026-08-02,S001,P009,69,43.0
INV-20260802-S001-P010,2026-08-02,S001,P010,262,66.0
INV-20260802-S001-P011,2026-08-02,S001,P011,183,12.0
INV-20260802-S001-P012,2026-08-02,S001,P012,272,101.0
INV-20260802-S001-P013,2026-08-02,S001,P013,257,56.0
INV-20260802-S001-P014,2026-08-02,S001,P014,364,84.0
INV-20260802-S001-P015,2026-08-02,S001,P015,21,18.0
INV-20260802-S001-P016,2026-08-02,S001,P016,266,56.0
INV-20260802-S001-P017,2026-08-02,S001,P017,204,56.0
INV-20260802-S001-P018,2026-08-02,S001,P018,114,99.0
INV-20260802-S001-P019,2026-08-02,S001,P019,258,64.0
INV-20260802-S001-P020,2026-08-02,S001,P020,71,55.0
INV-20260802-S001-P021,2026-08-02,S001,P021,127,35.0
INV-20260802-S001-P022,2026-08-02,S001,P022,88,41.0
INV-20260802-S001-P023,2026-08-02,S001,P023,190,59.0
INV-20260802-S001-P024,2026-08-02,S001,P024,173,51.0
INV-20260802-S001-P025,2026-08-02,S001,P025,232,12.0
INV-20260802-S001-P026,2026-08-02,S001,P026,376,88.0
INV-20260802-S001-P027,2026-08-02,S001,P027,274,95.0
INV-20260802-S001-P028,2026-08-02,S001,P028,34,23.0
INV-20260802-S001-P029,2026-08-02,S001,P029,177,62.0
INV-20260802-S001-P030,2026-08-02,S001,P030,63,20.0
INV-20260802-S001-P031,2026-08-02,S001,P031,310,74.0
INV-20260802-S001-P032,2026-08-02,S001,P032,66,37.0
INV-20260802-S001-P033,2026-08-02,S001,P033,311,72.0
INV-20260802-S001-P034,2026-08-02,S001,P034,361,79.0
INV-20260802-S001-P035,2026-08-02,S001,P035,325,83.0
INV-20260802-S001-P036,2026-08-02,S001,P036,36,20.0
INV-20260802-S001-P037,2026-08-02,S001,P037,417,97.0
INV-20260802-S001-P038,2026-08-02,S001,P038,89,32.0
INV-20260802-S001-P039,2026-08-02,S001,P039,198,14.0
INV-20260802-S001-P040,2026-08-02,S001,P040,77,62.0
INV-20260802-S001-P041,2026-08-02,S001,P041,117,45.0
INV-20260802-S001-P042,2026-08-02,S001,P042,418,88.0
INV-20260802-S001-P043,2026-08-02,S001,P043,106,86.0
INV-20260802-S001-P044,2026-08-02,S001,P044,104,40.0
INV-20260802-S001-P045,2026-08-02,S001,P045,188,100.0
INV-20260802-S001-P046,2026-08-02,S001,P046,162,37.0
INV-20260802-S001-P047,2026-08-02,S001,P047,267,59.0
INV-20260802-S001-P048,2026-08-02,S001,P048,116,34.0
INV-20260802-S001-P049,2026-08-02,S001,P049,456,98.0
INV-20260802-S001-P050,2026-08-02,S001,P050,52,26.0
INV-20260802-S002-P001,2026-08-02,S002,P001,272,57.0
INV-20260802-S002-P002,2026-08-02,S002,P002,173,41.0
INV-20260802-S002-P003,2026-08-02,S002,P003,98,24.0
INV-20260802-S002-P004,2026-08-02,S002,P004,379,20.0
INV-20260802-S002-P005,2026-08-02,S002,P005,317,66.0
INV-20260802-S002-P006,2026-08-02,S002,P006,65,26.0
INV-20260802-S002-P007,2026-08-02,S002,P007,227,97.0
INV-20260802-S002-P008,2026-08-02,S002,P008,84,65.0
INV-20260802-S002-P009,2026-08-02,S002,P009,212,43.0
INV-20260802-S002-P010,2026-08-02,S002,P010,321,66.0
INV-20260802-S002-P011,2026-08-02,S002,P011,28,12.0
INV-20260802-S002-P012,2026-08-02,S002,P012,227,101.0
INV-20260802-S002-P013,2026-08-02,S002,P013,187,56.0
INV-20260802-S002-P014,2026-08-02,S002,P014,201,84.0
INV-20260802-S002-P015,2026-08-02,S002,P015,38,18.0
INV-20260802-S002-P016,2026-08-02,S002,P016,123,56.0
INV-20260802-S002-P017,2026-08-02,S002,P017,181,56.0
INV-20260802-S002-P018,2026-08-02,S002,P018,161,99.0
INV-20260802-S002-P019,2026-08-02,S002,P019,141,64.0
INV-20260802-S002-P020,2026-08-02,S002,P020,271,55.0
INV-20260802-S002-P021,2026-08-02,S002,P021,137,35.0
INV-20260802-S002-P022,2026-08-02,S002,P022,162,41.0
INV-20260802-S002-P023,2026-08-02,S002,P023,109,59.0
INV-20260802-S002-P024,2026-08-02,S002,P024,52,51.0
INV-20260802-S002-P025,2026-08-02,S002,P025,40,12.0
INV-20260802-S002-P026,2026-08-02,S002,P026,129,88.0
INV-20260802-S002-P027,2026-08-02,S002,P027,412,95.0
INV-20260802-S002-P028,2026-08-02,S002,P028,94,23.0
INV-20260802-S002-P029,2026-08-02,S002,P029,98,62.0
INV-20260802-S002-P030,2026-08-02,S002,P030,102,20.0
INV-20260802-S002-P031,2026-08-02,S002,P031,129,74.0
INV-20260802-S002-P032,2026-08-02,S002,P032,72,37.0
INV-20260802-S002-P033,2026-08-02,S002,P033,351,72.0
INV-20260802-S002-P034,2026-08-02,S002,P034,150,79.0
INV-20260802-S002-P035,2026-08-02,S002,P035,259,83.0
INV-20260802-S002-P036,2026-08-02,S002,P036,33,20.0
INV-20260802-S002-P037,2026-08-02,S002,P037,298,97.0
INV-20260802-S002-P038,2026-08-02,S002,P038,125,32.0
INV-20260802-S002-P039,2026-08-02,S002,P039,46,14.0
INV-20260802-S002-P040,2026-08-02,S002,P040,269,62.0
INV-20260802-S002-P041,2026-08-02,S002,P041,227,45.0
INV-20260802-S002-P042,2026-08-02,S002,P042,225,88.0
INV-20260802-S002-P043,2026-08-02,S002,P043,184,86.0
INV-20260802-S002-P044,2026-08-02,S002,P044,155,40.0
INV-20260802-S002-P045,2026-08-02,S002,P045,200,100.0
INV-20260802-S002-P046,2026-08-02,S002,P046,50,37.0
INV-20260802-S002-P047,2026-08-02,S002,P047,210,59.0
INV-20260802-S002-P048,2026-08-02,S002,P048,129,34.0
INV-20260802-S002-P049,2026-08-02,S002,P049,298,98.0
INV-20260802-S002-P050,2026-08-02,S002,P050,72,26.0
INV-20260802-S003-P001,2026-08-02,S003,P001,247,57.0
INV-20260802-S003-P002,2026-08-02,S003,P002,116,41.0
INV-20260802-S003-P003,2026-08-02,S003,P003,90,24.0
INV-20260802-S003-P004,2026-08-02,S003,P004,22,20.0
INV-20260802-S003-P005,2026-08-02,S003,P005,103,66.0
INV-20260802-S003-P006,2026-08-02,S003,P006,124,26.0
INV-20260802-S003-P007,2026-08-02,S003,P007,277,97.0
INV-20260802-S003-P008,2026-08-02,S003,P008,133,65.0
INV-20260802-S003-P009,2026-08-02,S003,P009,66,43.0
INV-20260802-S003-P010,2026-08-02,S003,P010,185,66.0
INV-20260802-S003-P011,2026-08-02,S003,P011,185,12.0
INV-20260802-S003-P012,2026-08-02,S003,P012,224,101.0
INV-20260802-S003-P013,2026-08-02,S003,P013,150,56.0
INV-20260802-S003-P014,2026-08-02,S003,P014,356,84.0
INV-20260802-S003-P015,2026-08-02,S003,P015,38,18.0
INV-20260802-S003-P016,2026-08-02,S003,P016,264,56.0
INV-20260802-S003-P017,2026-08-02,S003,P017,233,56.0
INV-20260802-S003-P018,2026-08-02,S003,P018,408,99.0
INV-20260802-S003-P019,2026-08-02,S003,P019,203,64.0
INV-20260802-S003-P020,2026-08-02,S003,P020,216,55.0
INV-20260802-S003-P021,2026-08-02,S003,P021,83,35.0
INV-20260802-S003-P022,2026-08-02,S003,P022,106,41.0
INV-20260802-S003-P023,2026-08-02,S003,P023,75,59.0
INV-20260802-S003-P024,2026-08-02,S003,P024,119,51.0
INV-20260802-S003-P025,2026-08-02,S003,P025,170,12.0
INV-20260802-S003-P026,2026-08-02,S003,P026,125,88.0
INV-20260802-S003-P027,2026-08-02,S003,P027,444,95.0
INV-20260802-S003-P028,2026-08-02,S003,P028,46,23.0
INV-20260802-S003-P029,2026-08-02,S003,P029,82,62.0
INV-20260802-S003-P030,2026-08-02,S003,P030,85,20.0
INV-20260802-S003-P031,2026-08-02,S003,P031,263,74.0
INV-20260802-S003-P032,2026-08-02,S003,P032,104,37.0
INV-20260802-S003-P033,2026-08-02,S003,P033,318,72.0
INV-20260802-S003-P034,2026-08-02,S003,P034,170,79.0
INV-20260802-S003-P035,2026-08-02,S003,P035,317,83.0
INV-20260802-S003-P036,2026-08-02,S003,P036,101,20.0
INV-20260802-S003-P037,2026-08-02,S003,P037,362,97.0
INV-20260802-S003-P038,2026-08-02,S003,P038,52,32.0
INV-20260802-S003-P039,2026-08-02,S003,P039,195,14.0
INV-20260802-S003-P040,2026-08-02,S003,P040,72,62.0
INV-20260802-S003-P041,2026-08-02,S003,P041,120,45.0
INV-20260802-S003-P042,2026-08-02,S003,P042,108,88.0
INV-20260802-S003-P043,2026-08-02,S003,P043,100,86.0
INV-20260802-S003-P044,2026-08-02,S003,P044,161,40.0
INV-20260802-S003-P045,2026-08-02,S003,P045,279,100.0
INV-20260802-S003-P046,2026-08-02,S003,P046,111,37.0
INV-20260802-S003-P047,2026-08-02,S003,P047,231,59.0
INV-20260802-S003-P048,2026-08-02,S003,P048,120,34.0
INV-20260802-S003-P049,2026-08-02,S003,P049,168,98.0
INV-20260803-S001-P001,2026-08-03,S001,P001,186,57.0
INV-20260803-S001-P002,2026-08-03,S001,P002,191,41.0
INV-20260803-S001-P003,2026-08-03,S001,P003,60,24.0
INV-20260803-S001-P004,2026-08-03,S001,P004,61,20.0
INV-20260803-S001-P005,2026-08-03,S001,P005,324,66.0
INV-20260803-S001-P006,2026-08-03,S001,P006,64,26.0
INV-20260803-S001-P007,2026-08-03,S001,P007,456,97.0
INV-20260803-S001-P008,2026-08-03,S001,P008,67,65.0
INV-20260803-S001-P009,2026-08-03,S001,P009,63,43.0
INV-20260803-S001-P010,2026-08-03,S001,P010,252,66.0
INV-20260803-S001-P011,2026-08-03,S001,P011,182,12.0
INV-20260803-S001-P012,2026-08-03,S001,P012,257,101.0
INV-20260803-S001-P013,2026-08-03,S001,P013,249,56.0
INV-20260803-S001-P014,2026-08-03,S001,P014,352,84.0
INV-20260803-S001-P015,2026-08-03,S001,P015,21,18.0
INV-20260803-S001-P016,2026-08-03,S001,P016,260,56.0
INV-20260803-S001-P017,2026-08-03,S001,P017,190,56.0
INV-20260803-S001-P018,2026-08-03,S001,P018,494,99.0
INV-20260803-S001-P019,2026-08-03,S001,P019,249,64.0
INV-20260803-S001-P020,2026-08-03,S001,P020,64,55.0
INV-20260803-S001-P021,2026-08-03,S001,P021,120,35.0
INV-20260803-S001-P022,2026-08-03,S001,P022,78,41.0
INV-20260803-S001-P023,2026-08-03,S001,P023,176,59.0
INV-20260803-S001-P024,2026-08-03,S001,P024,167,51.0
INV-20260803-S001-P025,2026-08-03,S001,P025,227,12.0
INV-20260803-S001-P026,2026-08-03,S001,P026,361,88.0
INV-20260803-S001-P027,2026-08-03,S001,P027,267,95.0
INV-20260803-S001-P028,2026-08-03,S001,P028,29,23.0
INV-20260803-S001-P029,2026-08-03,S001,P029,173,62.0
INV-20260803-S001-P030,2026-08-03,S001,P030,61,20.0
INV-20260803-S001-P031,2026-08-03,S001,P031,295,74.0
INV-20260803-S001-P032,2026-08-03,S001,P032,62,37.0
INV-20260803-S001-P033,2026-08-03,S001,P033,299,72.0
INV-20260803-S001-P034,2026-08-03,S001,P034,352,79.0
INV-20260803-S001-P035,2026-08-03,S001,P035,311,83.0
INV-20260803-S001-P036,2026-08-03,S001,P036,33,20.0
INV-20260803-S001-P037,2026-08-03,S001,P037,402,97.0
INV-20260803-S001-P038,2026-08-03,S001,P038,83,32.0
INV-20260803-S001-P039,2026-08-03,S001,P039,195,14.0
INV-20260803-S001-P040,2026-08-03,S001,P040,69,62.0
INV-20260803-S001-P041,2026-08-03,S001,P041,110,45.0
INV-20260803-S001-P042,2026-08-03,S001,P042,404,88.0
INV-20260803-S001-P043,2026-08-03,S001,P043,95,86.0
INV-20260803-S001-P044,2026-08-03,S001,P044,96,40.0
INV-20260803-S001-P045,2026-08-03,S001,P045,168,100.0
INV-20260803-S001-P046,2026-08-03,S001,P046,152,37.0
INV-20260803-S001-P047,2026-08-03,S001,P047,258,59.0
INV-20260803-S001-P048,2026-08-03,S001,P048,110,34.0
INV-20260803-S001-P049,2026-08-03,S001,P049,438,98.0
INV-20260803-S001-P050,2026-08-03,S001,P050,46,26.0
INV-20260803-S002-P001,2026-08-03,S002,P001,262,57.0
INV-20260803-S002-P002,2026-08-03,S002,P002,164,41.0
INV-20260803-S002-P003,2026-08-03,S002,P003,98,24.0
INV-20260803-S002-P004,2026-08-03,S002,P004,379,20.0
INV-20260803-S002-P005,2026-08-03,S002,P005,302,66.0
INV-20260803-S002-P006,2026-08-03,S002,P006,62,26.0
INV-20260803-S002-P007,2026-08-03,S002,P007,227,97.0
INV-20260803-S002-P008,2026-08-03,S002,P008,75,65.0
INV-20260803-S002-P009,2026-08-03,S002,P009,206,43.0
INV-20260803-S002-P010,2026-08-03,S002,P010,314,66.0
INV-20260803-S002-P011,2026-08-03,S002,P011,28,12.0
INV-20260803-S002-P012,2026-08-03,S002,P012,204,101.0
INV-20260803-S002-P013,2026-08-03,S002,P013,174,56.0
INV-20260803-S002-P014,2026-08-03,S002,P014,189,84.0
INV-20260803-S002-P015,2026-08-03,S002,P015,35,18.0
INV-20260803-S002-P016,2026-08-03,S002,P016,111,56.0
INV-20260803-S002-P017,2026-08-03,S002,P017,174,56.0
INV-20260803-S002-P018,2026-08-03,S002,P018,142,99.0
INV-20260803-S002-P019,2026-08-03,S002,P019,119,64.0
INV-20260803-S002-P020,2026-08-03,S002,P020,255,55.0
INV-20260803-S002-P021,2026-08-03,S002,P021,128,35.0
INV-20260803-S002-P022,2026-08-03,S002,P022,149,41.0
INV-20260803-S002-P023,2026-08-03,S002,P023,99,59.0
INV-20260803-S002-P024,2026-08-03,S002,P024,249,51.0
INV-20260803-S002-P025,2026-08-03,S002,P025,38,12.0
INV-20260803-S002-P026,2026-08-03,S002,P026,114,88.0
INV-20260803-S002-P027,2026-08-03,S002,P027,385,95.0
INV-20260803-S002-P028,2026-08-03,S002,P028,91,23.0
INV-20260803-S002-P029,2026-08-03,S002,P029,87,62.0
INV-20260803-S002-P030,2026-08-03,S002,P030,100,20.0
INV-20260803-S002-P031,2026-08-03,S002,P031,115,74.0
INV-20260803-S002-P032,2026-08-03,S002,P032,62,37.0
INV-20260803-S002-P033,2026-08-03,S002,P033,334,72.0
INV-20260803-S002-P034,2026-08-03,S002,P034,140,79.0
INV-20260803-S002-P035,2026-08-03,S002,P035,241,83.0
INV-20260803-S002-P036,2026-08-03,S002,P036,26,20.0
INV-20260803-S002-P037,2026-08-03,S002,P037,279,97.0
INV-20260803-S002-P038,2026-08-03,S002,P038,115,32.0
INV-20260803-S002-P039,2026-08-03,S002,P039,46,14.0
INV-20260803-S002-P040,2026-08-03,S002,P040,255,62.0
INV-20260803-S002-P041,2026-08-03,S002,P041,220,45.0
INV-20260803-S002-P042,2026-08-03,S002,P042,205,88.0
INV-20260803-S002-P043,2026-08-03,S002,P043,169,86.0
INV-20260803-S002-P044,2026-08-03,S002,P044,151,40.0
INV-20260803-S002-P045,2026-08-03,S002,P045,178,100.0
INV-20260803-S002-P046,2026-08-03,S002,P046,40,37.0
INV-20260803-S002-P047,2026-08-03,S002,P047,198,59.0
INV-20260803-S002-P048,2026-08-03,S002,P048,126,34.0
INV-20260803-S002-P049,2026-08-03,S002,P049,274,98.0
INV-20260803-S002-P050,2026-08-03,S002,P050,64,26.0
INV-20260803-S003-P001,2026-08-03,S003,P001,240,57.0
INV-20260803-S003-P002,2026-08-03,S003,P002,109,41.0
INV-20260803-S003-P003,2026-08-03,S003,P003,88,24.0
INV-20260803-S003-P004,2026-08-03,S003,P004,98,20.0
INV-20260803-S003-P005,2026-08-03,S003,P005,95,66.0
INV-20260803-S003-P006,2026-08-03,S003,P006,123,26.0
INV-20260803-S003-P007,2026-08-03,S003,P007,269,97.0
INV-20260803-S003-P008,2026-08-03,S003,P008,126,65.0
INV-20260803-S003-P009,2026-08-03,S003,P009,58,43.0
INV-20260803-S003-P010,2026-08-03,S003,P010,184,66.0
INV-20260803-S003-P011,2026-08-03,S003,P011,185,12.0
INV-20260803-S003-P012,2026-08-03,S003,P012,216,101.0
INV-20260803-S003-P013,2026-08-03,S003,P013,141,56.0
INV-20260803-S003-P014,2026-08-03,S003,P014,346,84.0
INV-20260803-S003-P015,2026-08-03,S003,P015,32,18.0
INV-20260803-S003-P016,2026-08-03,S003,P016,258,56.0
INV-20260803-S003-P017,2026-08-03,S003,P017,227,56.0
INV-20260803-S003-P018,2026-08-03,S003,P018,396,99.0
INV-20260803-S003-P019,2026-08-03,S003,P019,195,64.0
INV-20260803-S003-P020,2026-08-03,S003,P020,207,55.0
INV-20260803-S003-P021,2026-08-03,S003,P021,79,35.0
INV-20260803-S003-P022,2026-08-03,S003,P022,103,41.0
INV-20260803-S003-P023,2026-08-03,S003,P023,65,59.0
INV-20260803-S003-P024,2026-08-03,S003,P024,113,51.0
INV-20260803-S003-P025,2026-08-03,S003,P025,169,12.0
INV-20260803-S003-P026,2026-08-03,S003,P026,114,88.0
INV-20260803-S003-P027,2026-08-03,S003,P027,430,95.0
INV-20260803-S003-P028,2026-08-03,S003,P028,44,23.0
INV-20260803-S003-P029,2026-08-03,S003,P029,74,62.0
INV-20260803-S003-P030,2026-08-03,S003,P030,82,20.0
INV-20260803-S003-P031,2026-08-03,S003,P031,256,74.0
INV-20260803-S003-P032,2026-08-03,S003,P032,101,37.0
INV-20260803-S003-P033,2026-08-03,S003,P033,316,72.0
INV-20260803-S003-P034,2026-08-03,S003,P034,160,79.0
INV-20260803-S003-P035,2026-08-03,S003,P035,312,83.0
INV-20260803-S003-P036,2026-08-03,S003,P036,97,20.0
INV-20260803-S003-P037,2026-08-03,S003,P037,354,97.0
INV-20260803-S003-P038,2026-08-03,S003,P038,49,32.0
INV-20260803-S003-P039,2026-08-03,S003,P039,194,14.0
INV-20260803-S003-P040,2026-08-03,S003,P040,70,62.0
INV-20260803-S003-P041,2026-08-03,S003,P041,115,45.0
INV-20260803-S003-P042,2026-08-03,S003,P042,95,88.0
INV-20260803-S003-P043,2026-08-03,S003,P043,88,86.0
INV-20260803-S003-P044,2026-08-03,S003,P044,157,40.0
INV-20260803-S003-P045,2026-08-03,S003,P045,269,100.0
INV-20260803-S003-P046,2026-08-03,S003,P046,106,37.0
INV-20260803-S003-P047,2026-08-03,S003,P047,225,59.0
INV-20260803-S003-P048,2026-08-03,S003,P048,113,34.0
INV-20260803-S003-P049,2026-08-03,S003,P049,158,98.0
INV-20260804-S001-P001,2026-08-04,S001,P001,180,57.0
INV-20260804-S001-P002,2026-08-04,S001,P002,185,41.0
INV-20260804-S001-P003,2026-08-04,S001,P003,56,24.0
INV-20260804-S001-P004,2026-08-04,S001,P004,56,20.0
INV-20260804-S001-P005,2026-08-04,S001,P005,315,66.0
INV-20260804-S001-P006,2026-08-04,S001,P006,63,26.0
INV-20260804-S001-P007,2026-08-04,S001,P007,436,97.0
INV-20260804-S001-P008,2026-08-04,S001,P008,319,65.0
INV-20260804-S001-P009,2026-08-04,S001,P009,56,43.0
INV-20260804-S001-P010,2026-08-04,S001,P010,241,66.0
INV-20260804-S001-P011,2026-08-04,S001,P011,180,12.0
INV-20260804-S001-P012,2026-08-04,S001,P012,241,101.0
INV-20260804-S001-P013,2026-08-04,S001,P013,245,56.0
INV-20260804-S001-P014,2026-08-04,S001,P014,343,84.0
INV-20260804-S001-P015,2026-08-04,S001,P015,91,18.0
INV-20260804-S001-P016,2026-08-04,S001,P016,249,56.0
INV-20260804-S001-P017,2026-08-04,S001,P017,181,56.0
INV-20260804-S001-P018,2026-08-04,S001,P018,480,99.0
INV-20260804-S001-P019,2026-08-04,S001,P019,239,64.0
INV-20260804-S001-P020,2026-08-04,S001,P020,58,55.0
INV-20260804-S001-P021,2026-08-04,S001,P021,115,35.0
INV-20260804-S001-P022,2026-08-04,S001,P022,73,41.0
INV-20260804-S001-P023,2026-08-04,S001,P023,170,59.0
INV-20260804-S001-P024,2026-08-04,S001,P024,158,51.0
INV-20260804-S001-P025,2026-08-04,S001,P025,226,12.0
INV-20260804-S001-P026,2026-08-04,S001,P026,345,88.0
INV-20260804-S001-P027,2026-08-04,S001,P027,251,95.0
INV-20260804-S001-P028,2026-08-04,S001,P028,25,23.0
INV-20260804-S001-P029,2026-08-04,S001,P029,167,62.0
INV-20260804-S001-P030,2026-08-04,S001,P030,60,20.0
INV-20260804-S001-P031,2026-08-04,S001,P031,284,74.0
INV-20260804-S001-P032,2026-08-04,S001,P032,56,37.0
INV-20260804-S001-P033,2026-08-04,S001,P033,293,72.0
INV-20260804-S001-P034,2026-08-04,S001,P034,344,79.0
INV-20260804-S001-P035,2026-08-04,S001,P035,297,83.0
INV-20260804-S001-P036,2026-08-04,S001,P036,32,20.0
INV-20260804-S001-P037,2026-08-04,S001,P037,387,97.0
INV-20260804-S001-P038,2026-08-04,S001,P038,80,32.0
INV-20260804-S001-P039,2026-08-04,S001,P039,194,14.0
INV-20260804-S001-P040,2026-08-04,S001,P040,312,62.0
INV-20260804-S001-P041,2026-08-04,S001,P041,104,45.0
INV-20260804-S001-P042,2026-08-04,S001,P042,393,88.0
INV-20260804-S001-P043,2026-08-04,S001,P043,433,86.0
INV-20260804-S001-P044,2026-08-04,S001,P044,90,40.0
INV-20260804-S001-P045,2026-08-04,S001,P045,149,100.0
INV-20260804-S001-P046,2026-08-04,S001,P046,148,37.0
INV-20260804-S001-P047,2026-08-04,S001,P047,248,59.0
INV-20260804-S001-P048,2026-08-04,S001,P048,108,34.0
INV-20260804-S001-P049,2026-08-04,S001,P049,423,98.0
INV-20260804-S001-P050,2026-08-04,S001,P050,40,26.0
INV-20260804-S002-P001,2026-08-04,S002,P001,254,57.0
INV-20260804-S002-P002,2026-08-04,S002,P002,153,41.0
INV-20260804-S002-P003,2026-08-04,S002,P003,89,24.0
INV-20260804-S002-P004,2026-08-04,S002,P004,379,20.0
INV-20260804-S002-P005,2026-08-04,S002,P005,290,66.0
INV-20260804-S002-P006,2026-08-04,S002,P006,58,26.0
INV-20260804-S002-P007,2026-08-04,S002,P007,227,97.0
INV-20260804-S002-P008,2026-08-04,S002,P008,322,65.0
INV-20260804-S002-P009,2026-08-04,S002,P009,194,43.0
INV-20260804-S002-P010,2026-08-04,S002,P010,298,66.0
INV-20260804-S002-P011,2026-08-04,S002,P011,26,12.0
INV-20260804-S002-P012,2026-08-04,S002,P012,184,101.0
INV-20260804-S002-P013,2026-08-04,S002,P013,157,56.0
INV-20260804-S002-P014,2026-08-04,S002,P014,169,84.0
INV-20260804-S002-P015,2026-08-04,S002,P015,33,18.0
INV-20260804-S002-P016,2026-08-04,S002,P016,102,56.0
INV-20260804-S002-P017,2026-08-04,S002,P017,161,56.0
INV-20260804-S002-P018,2026-08-04,S002,P018,126,99.0
INV-20260804-S002-P019,2026-08-04,S002,P019,110,64.0
INV-20260804-S002-P020,2026-08-04,S002,P020,246,55.0
INV-20260804-S002-P021,2026-08-04,S002,P021,126,35.0
INV-20260804-S002-P022,2026-08-04,S002,P022,138,41.0
INV-20260804-S002-P023,2026-08-04,S002,P023,94,59.0
INV-20260804-S002-P024,2026-08-04,S002,P024,240,51.0
INV-20260804-S002-P025,2026-08-04,S002,P025,37,12.0
INV-20260804-S002-P026,2026-08-04,S002,P026,101,88.0
INV-20260804-S002-P027,2026-08-04,S002,P027,372,95.0
INV-20260804-S002-P028,2026-08-04,S002,P028,86,23.0
INV-20260804-S002-P029,2026-08-04,S002,P029,77,62.0
INV-20260804-S002-P030,2026-08-04,S002,P030,97,20.0
INV-20260804-S002-P031,2026-08-04,S002,P031,104,74.0
INV-20260804-S002-P032,2026-08-04,S002,P032,54,37.0
INV-20260804-S002-P033,2026-08-04,S002,P033,322,72.0
INV-20260804-S002-P034,2026-08-04,S002,P034,124,79.0
INV-20260804-S002-P035,2026-08-04,S002,P035,227,83.0
INV-20260804-S002-P036,2026-08-04,S002,P036,21,20.0
INV-20260804-S002-P037,2026-08-04,S002,P037,270,97.0
INV-20260804-S002-P038,2026-08-04,S002,P038,106,32.0
INV-20260804-S002-P039,2026-08-04,S002,P039,40,14.0
INV-20260804-S002-P040,2026-08-04,S002,P040,242,62.0
INV-20260804-S002-P041,2026-08-04,S002,P041,213,45.0
INV-20260804-S002-P042,2026-08-04,S002,P042,193,88.0
INV-20260804-S002-P043,2026-08-04,S002,P043,155,86.0
INV-20260804-S002-P044,2026-08-04,S002,P044,146,40.0
INV-20260804-S002-P045,2026-08-04,S002,P045,158,100.0
INV-20260804-S002-P046,2026-08-04,S002,P046,184,37.0
INV-20260804-S002-P047,2026-08-04,S002,P047,183,59.0
INV-20260804-S002-P048,2026-08-04,S002,P048,117,34.0
INV-20260804-S002-P049,2026-08-04,S002,P049,267,98.0
INV-20260804-S002-P050,2026-08-04,S002,P050,60,26.0
INV-20260804-S003-P001,2026-08-04,S003,P001,234,57.0
INV-20260804-S003-P002,2026-08-04,S003,P002,104,41.0
INV-20260804-S003-P003,2026-08-04,S003,P003,84,24.0
INV-20260804-S003-P004,2026-08-04,S003,P004,95,20.0
INV-20260804-S003-P005,2026-08-04,S003,P005,85,66.0
INV-20260804-S003-P006,2026-08-04,S003,P006,119,26.0
INV-20260804-S003-P007,2026-08-04,S003,P007,254,97.0
INV-20260804-S003-P008,2026-08-04,S003,P008,117,65.0
INV-20260804-S003-P009,2026-08-04,S003,P009,53,43.0
INV-20260804-S003-P010,2026-08-04,S003,P010,176,66.0
INV-20260804-S003-P011,2026-08-04,S003,P011,184,12.0
INV-20260804-S003-P012,2026-08-04,S003,P012,200,101.0
INV-20260804-S003-P013,2026-08-04,S003,P013,136,56.0
INV-20260804-S003-P014,2026-08-04,S003,P014,335,84.0
INV-20260804-S003-P015,2026-08-04,S003,P015,28,18.0
INV-20260804-S003-P016,2026-08-04,S003,P016,256,56.0
INV-20260804-S003-P017,2026-08-04,S003,P017,217,56.0
INV-20260804-S003-P018,2026-08-04,S003,P018,377,99.0
INV-20260804-S003-P019,2026-08-04,S003,P019,189,64.0
INV-20260804-S003-P020,2026-08-04,S003,P020,199,55.0
INV-20260804-S003-P021,2026-08-04,S003,P021,72,35.0
INV-20260804-S003-P022,2026-08-04,S003,P022,95,41.0
INV-20260804-S003-P023,2026-08-04,S003,P023,296,59.0
INV-20260804-S003-P024,2026-08-04,S003,P024,106,51.0
INV-20260804-S003-P025,2026-08-04,S003,P025,169,12.0
INV-20260804-S003-P026,2026-08-04,S003,P026,104,88.0
INV-20260804-S003-P027,2026-08-04,S003,P027,416,95.0
INV-20260804-S003-P028,2026-08-04,S003,P028,39,23.0
INV-20260804-S003-P029,2026-08-04,S003,P029,67,62.0
INV-20260804-S003-P030,2026-08-04,S003,P030,76,20.0
INV-20260804-S003-P031,2026-08-04,S003,P031,244,74.0
INV-20260804-S003-P032,2026-08-04,S003,P032,100,37.0
INV-20260804-S003-P033,2026-08-04,S003,P033,312,72.0
INV-20260804-S003-P034,2026-08-04,S003,P034,150,79.0
INV-20260804-S003-P035,2026-08-04,S003,P035,300,83.0
INV-20260804-S003-P036,2026-08-04,S003,P036,95,20.0
INV-20260804-S003-P037,2026-08-04,S003,P037,345,97.0
INV-20260804-S003-P038,2026-08-04,S003,P038,47,32.0
INV-20260804-S003-P039,2026-08-04,S003,P039,194,14.0
INV-20260804-S003-P040,2026-08-04,S003,P040,309,62.0
INV-20260804-S003-P041,2026-08-04,S003,P041,112,45.0
INV-20260804-S003-P042,2026-08-04,S003,P042,440,88.0
INV-20260804-S003-P043,2026-08-04,S003,P043,424,86.0
INV-20260804-S003-P044,2026-08-04,S003,P044,152,40.0
INV-20260804-S003-P045,2026-08-04,S003,P045,254,100.0
INV-20260804-S003-P046,2026-08-04,S003,P046,103,37.0
INV-20260804-S003-P047,2026-08-04,S003,P047,212,59.0
INV-20260804-S003-P048,2026-08-04,S003,P048,104,34.0
INV-20260804-S003-P049,2026-08-04,S003,P049,151,98.0
INV-20260805-S001-P001,2026-08-05,S001,P001,173,57.0
INV-20260805-S001-P002,2026-08-05,S001,P002,180,41.0
INV-20260805-S001-P003,2026-08-05,S001,P003,54,24.0
INV-20260805-S001-P004,2026-08-05,S001,P004,53,20.0
INV-20260805-S001-P005,2026-08-05,S001,P005,306,66.0
INV-20260805-S001-P006,2026-08-05,S001,P006,60,26.0
INV-20260805-S001-P007,2026-08-05,S001,P007,423,97.0
INV-20260805-S001-P008,2026-08-05,S001,P008,311,65.0
INV-20260805-S001-P009,2026-08-05,S001,P009,51,43.0
INV-20260805-S001-P010,2026-08-05,S001,P010,232,66.0
INV-20260805-S001-P011,2026-08-05,S001,P011,179,12.0
INV-20260805-S001-P012,2026-08-05,S001,P012,230,101.0
INV-20260805-S001-P013,2026-08-05,S001,P013,239,56.0
INV-20260805-S001-P014,2026-08-05,S001,P014,328,84.0
INV-20260805-S001-P015,2026-08-05,S001,P015,90,18.0
INV-20260805-S001-P016,2026-08-05,S001,P016,243,56.0
INV-20260805-S001-P017,2026-08-05,S001,P017,173,56.0
INV-20260805-S001-P018,2026-08-05,S001,P018,473,99.0
INV-20260805-S001-P019,2026-08-05,S001,P019,227,64.0
INV-20260805-S001-P020,2026-08-05,S001,P020,269,55.0
INV-20260805-S001-P021,2026-08-05,S001,P021,110,35.0
INV-20260805-S001-P022,2026-08-05,S001,P022,72,41.0
INV-20260805-S001-P023,2026-08-05,S001,P023,159,59.0
INV-20260805-S001-P024,2026-08-05,S001,P024,150,51.0
INV-20260805-S001-P025,2026-08-05,S001,P025,224,12.0
INV-20260805-S001-P026,2026-08-05,S001,P026,336,88.0
INV-20260805-S001-P027,2026-08-05,S001,P027,243,95.0
INV-20260805-S001-P028,2026-08-05,S001,P028,24,23.0
INV-20260805-S001-P029,2026-08-05,S001,P029,159,62.0
INV-20260805-S001-P030,2026-08-05,S001,P030,58,20.0
INV-20260805-S001-P031,2026-08-05,S001,P031,276,74.0
INV-20260805-S001-P032,2026-08-05,S001,P032,50,37.0
INV-20260805-S001-P033,2026-08-05,S001,P033,282,72.0
INV-20260805-S001-P034,2026-08-05,S001,P034,332,79.0
INV-20260805-S001-P035,2026-08-05,S001,P035,286,83.0
INV-20260805-S001-P036,2026-08-05,S001,P036,27,20.0
INV-20260805-S001-P037,2026-08-05,S001,P037,377,97.0
INV-20260805-S001-P038,2026-08-05,S001,P038,77,32.0
INV-20260805-S001-P039,2026-08-05,S001,P039,191,14.0
INV-20260805-S001-P040,2026-08-05,S001,P040,306,62.0
INV-20260805-S001-P041,2026-08-05,S001,P041,99,45.0
INV-20260805-S001-P042,2026-08-05,S001,P042,384,88.0
INV-20260805-S001-P043,2026-08-05,S001,P043,420,86.0
INV-20260805-S001-P044,2026-08-05,S001,P044,85,40.0
INV-20260805-S001-P045,2026-08-05,S001,P045,141,100.0
INV-20260805-S001-P046,2026-08-05,S001,P046,146,37.0
INV-20260805-S001-P047,2026-08-05,S001,P047,242,59.0
INV-20260805-S001-P048,2026-08-05,S001,P048,105,34.0
INV-20260805-S001-P049,2026-08-05,S001,P049,417,98.0
INV-20260805-S001-P050,2026-08-05,S001,P050,38,26.0
INV-20260805-S002-P001,2026-08-05,S002,P001,249,57.0
INV-20260805-S002-P002,2026-08-05,S002,P002,146,41.0
INV-20260805-S002-P003,2026-08-05,S002,P003,83,24.0
INV-20260805-S002-P004,2026-08-05,S002,P004,378,20.0
INV-20260805-S002-P005,2026-08-05,S002,P005,280,66.0
INV-20260805-S002-P006,2026-08-05,S002,P006,51,26.0
INV-20260805-S002-P007,2026-08-05,S002,P007,227,97.0
INV-20260805-S002-P008,2026-08-05,S002,P008,313,65.0
INV-20260805-S002-P009,2026-08-05,S002,P009,183,43.0
INV-20260805-S002-P010,2026-08-05,S002,P010,290,66.0
INV-20260805-S002-P011,2026-08-05,S002,P011,23,12.0
INV-20260805-S002-P012,2026-08-05,S002,P012,172,101.0
INV-20260805-S002-P013,2026-08-05,S002,P013,149,56.0
INV-20260805-S002-P014,2026-08-05,S002,P014,151,84.0
INV-20260805-S002-P015,2026-08-05,S002,P015,31,18.0
INV-20260805-S002-P016,2026-08-05,S002,P016,82,56.0
INV-20260805-S002-P017,2026-08-05,S002,P017,149,56.0
INV-20260805-S002-P018,2026-08-05,S002,P018,493,99.0
INV-20260805-S002-P019,2026-08-05,S002,P019,101,64.0
INV-20260805-S002-P020,2026-08-05,S002,P020,234,55.0
INV-20260805-S002-P021,2026-08-05,S002,P021,122,35.0
INV-20260805-S002-P022,2026-08-05,S002,P022,130,41.0
INV-20260805-S002-P023,2026-08-05,S002,P023,85,59.0
INV-20260805-S002-P024,2026-08-05,S002,P024,233,51.0
INV-20260805-S002-P025,2026-08-05,S002,P025,35,12.0
INV-20260805-S002-P026,2026-08-05,S002,P026,438,88.0
INV-20260805-S002-P027,2026-08-05,S002,P027,350,95.0
INV-20260805-S002-P028,2026-08-05,S002,P028,80,23.0
INV-20260805-S002-P029,2026-08-05,S002,P029,67,62.0
INV-20260805-S002-P030,2026-08-05,S002,P030,96,20.0
INV-20260805-S002-P031,2026-08-05,S002,P031,97,74.0
INV-20260805-S002-P032,2026-08-05,S002,P032,45,37.0
INV-20260805-S002-P033,2026-08-05,S002,P033,312,72.0
INV-20260805-S002-P034,2026-08-05,S002,P034,111,79.0
INV-20260805-S002-P035,2026-08-05,S002,P035,214,83.0
INV-20260805-S002-P036,2026-08-05,S002,P036,101,20.0
INV-20260805-S002-P037,2026-08-05,S002,P037,258,97.0
INV-20260805-S002-P038,2026-08-05,S002,P038,101,32.0
INV-20260805-S002-P039,2026-08-05,S002,P039,38,14.0
INV-20260805-S002-P040,2026-08-05,S002,P040,231,62.0
INV-20260805-S002-P041,2026-08-05,S002,P041,202,45.0
INV-20260805-S002-P042,2026-08-05,S002,P042,181,88.0
INV-20260805-S002-P043,2026-08-05,S002,P043,138,86.0
INV-20260805-S002-P044,2026-08-05,S002,P044,141,40.0
INV-20260805-S002-P045,2026-08-05,S002,P045,148,100.0
INV-20260805-S002-P046,2026-08-05,S002,P046,176,37.0
INV-20260805-S002-P047,2026-08-05,S002,P047,171,59.0
INV-20260805-S002-P048,2026-08-05,S002,P048,110,34.0
INV-20260805-S002-P049,2026-08-05,S002,P049,254,98.0
INV-20260805-S002-P050,2026-08-05,S002,P050,52,26.0
INV-20260805-S003-P001,2026-08-05,S003,P001,232,57.0
INV-20260805-S003-P002,2026-08-05,S003,P002,102,41.0
INV-20260805-S003-P003,2026-08-05,S003,P003,80,24.0
INV-20260805-S003-P004,2026-08-05,S003,P004,90,20.0
INV-20260805-S003-P005,2026-08-05,S003,P005,76,66.0
INV-20260805-S003-P006,2026-08-05,S003,P006,116,26.0
INV-20260805-S003-P007,2026-08-05,S003,P007,243,97.0
INV-20260805-S003-P008,2026-08-05,S003,P008,114,65.0
INV-20260805-S003-P009,2026-08-05,S003,P009,48,43.0
INV-20260805-S003-P010,2026-08-05,S003,P010,170,66.0
INV-20260805-S003-P011,2026-08-05,S003,P011,181,12.0
INV-20260805-S003-P012,2026-08-05,S003,P012,181,101.0
INV-20260805-S003-P013,2026-08-05,S003,P013,131,56.0
INV-20260805-S003-P014,2026-08-05,S003,P014,328,84.0
INV-20260805-S003-P015,2026-08-05,S003,P015,27,18.0
INV-20260805-S003-P016,2026-08-05,S003,P016,250,56.0
INV-20260805-S003-P017,2026-08-05,S003,P017,214,56.0
INV-20260805-S003-P018,2026-08-05,S003,P018,365,99.0
INV-20260805-S003-P019,2026-08-05,S003,P019,182,64.0
INV-20260805-S003-P020,2026-08-05,S003,P020,196,55.0
INV-20260805-S003-P021,2026-08-05,S003,P021,71,35.0
INV-20260805-S003-P022,2026-08-05,S003,P022,90,41.0
INV-20260805-S003-P023,2026-08-05,S003,P023,288,59.0
INV-20260805-S003-P024,2026-08-05,S003,P024,101,51.0
INV-20260805-S003-P025,2026-08-05,S003,P025,167,12.0
INV-20260805-S003-P026,2026-08-05,S003,P026,92,88.0
INV-20260805-S003-P027,2026-08-05,S003,P027,408,95.0
INV-20260805-S003-P028,2026-08-05,S003,P028,36,23.0
INV-20260805-S003-P029,2026-08-05,S003,P029,307,62.0
INV-20260805-S003-P030,2026-08-05,S003,P030,72,20.0
INV-20260805-S003-P031,2026-08-05,S003,P031,230,74.0
INV-20260805-S003-P032,2026-08-05,S003,P032,96,37.0
INV-20260805-S003-P033,2026-08-05,S003,P033,302,72.0
INV-20260805-S003-P034,2026-08-05,S003,P034,138,79.0
INV-20260805-S003-P035,2026-08-05,S003,P035,292,83.0
INV-20260805-S003-P036,2026-08-05,S003,P036,92,20.0
INV-20260805-S003-P037,2026-08-05,S003,P037,333,97.0
INV-20260805-S003-P038,2026-08-05,S003,P038,47,32.0
INV-20260805-S003-P039,2026-08-05,S003,P039,192,14.0
INV-20260805-S003-P040,2026-08-05,S003,P040,305,62.0
INV-20260805-S003-P041,2026-08-05,S003,P041,107,45.0
INV-20260805-S003-P042,2026-08-05,S003,P042,433,88.0
INV-20260805-S003-P043,2026-08-05,S003,P043,415,86.0
INV-20260805-S003-P044,2026-08-05,S003,P044,149,40.0
INV-20260805-S003-P045,2026-08-05,S003,P045,244,100.0
INV-20260805-S003-P046,2026-08-05,S003,P046,96,37.0
INV-20260805-S003-P047,2026-08-05,S003,P047,207,59.0
INV-20260805-S003-P048,2026-08-05,S003,P048,103,34.0
INV-20260805-S003-P049,2026-08-05,S003,P049,145,98.0
INV-20260806-S001-P001,2026-08-06,S001,P001,164,57.0
INV-20260806-S001-P002,2026-08-06,S001,P002,174,41.0
INV-20260806-S001-P003,2026-08-06,S001,P003,54,24.0
INV-20260806-S001-P004,2026-08-06,S001,P004,48,20.0
INV-20260806-S001-P005,2026-08-06,S001,P005,297,66.0
INV-20260806-S001-P006,2026-08-06,S001,P006,56,26.0
INV-20260806-S001-P007,2026-08-06,S001,P007,413,97.0
INV-20260806-S001-P008,2026-08-06,S001,P008,309,65.0
INV-20260806-S001-P009,2026-08-06,S001,P009,46,43.0
INV-20260806-S001-P010,2026-08-06,S001,P010,229,66.0
INV-20260806-S001-P011,2026-08-06,S001,P011,177,12.0
INV-20260806-S001-P012,2026-08-06,S001,P012,210,101.0
INV-20260806-S001-P013,2026-08-06,S001,P013,233,56.0
INV-20260806-S001-P014,2026-08-06,S001,P014,322,84.0
INV-20260806-S001-P015,2026-08-06,S001,P015,86,18.0
INV-20260806-S001-P016,2026-08-06,S001,P016,235,56.0
INV-20260806-S001-P017,2026-08-06,S001,P017,160,56.0
INV-20260806-S001-P018,2026-08-06,S001,P018,464,99.0
INV-20260806-S001-P019,2026-08-06,S001,P019,222,64.0
INV-20260806-S001-P020,2026-08-06,S001,P020,261,55.0
INV-20260806-S001-P021,2026-08-06,S001,P021,106,35.0
INV-20260806-S001-P022,2026-08-06,S001,P022,66,41.0
INV-20260806-S001-P023,2026-08-06,S001,P023,152,59.0
INV-20260806-S001-P024,2026-08-06,S001,P024,144,51.0
INV-20260806-S001-P025,2026-08-06,S001,P025,224,12.0
INV-20260806-S001-P026,2026-08-06,S001,P026,323,88.0
INV-20260806-S001-P027,2026-08-06,S001,P027,228,95.0
INV-20260806-S001-P028,2026-08-06,S001,P028,117,23.0
INV-20260806-S001-P029,2026-08-06,S001,P029,149,62.0
INV-20260806-S001-P030,2026-08-06,S001,P030,56,20.0
INV-20260806-S001-P031,2026-08-06,S001,P031,267,74.0
INV-20260806-S001-P032,2026-08-06,S001,P032,45,37.0
INV-20260806-S001-P033,2026-08-06,S001,P033,275,72.0
INV-20260806-S001-P034,2026-08-06,S001,P034,318,79.0
INV-20260806-S001-P035,2026-08-06,S001,P035,277,83.0
INV-20260806-S001-P036,2026-08-06,S001,P036,25,20.0
INV-20260806-S001-P037,2026-08-06,S001,P037,362,97.0
INV-20260806-S001-P038,2026-08-06,S001,P038,72,32.0
INV-20260806-S001-P039,2026-08-06,S001,P039,187,14.0
INV-20260806-S001-P040,2026-08-06,S001,P040,294,62.0
INV-20260806-S001-P041,2026-08-06,S001,P041,97,45.0
INV-20260806-S001-P042,2026-08-06,S001,P042,379,88.0
INV-20260806-S001-P043,2026-08-06,S001,P043,406,86.0
INV-20260806-S001-P044,2026-08-06,S001,P044,80,40.0
INV-20260806-S001-P045,2026-08-06,S001,P045,122,100.0
INV-20260806-S001-P046,2026-08-06,S001,P046,144,37.0
INV-20260806-S001-P047,2026-08-06,S001,P047,235,59.0
INV-20260806-S001-P048,2026-08-06,S001,P048,99,34.0
INV-20260806-S001-P049,2026-08-06,S001,P049,406,98.0
INV-20260806-S001-P050,2026-08-06,S001,P050,32,26.0
INV-20260806-S002-P001,2026-08-06,S002,P001,241,57.0
INV-20260806-S002-P002,2026-08-06,S002,P002,140,41.0
INV-20260806-S002-P003,2026-08-06,S002,P003,76,24.0
INV-20260806-S002-P004,2026-08-06,S002,P004,376,20.0
INV-20260806-S002-P005,2026-08-06,S002,P005,272,66.0
INV-20260806-S002-P006,2026-08-06,S002,P006,48,26.0
INV-20260806-S002-P007,2026-08-06,S002,P007,227,97.0
INV-20260806-S002-P008,2026-08-06,S002,P008,300,65.0
INV-20260806-S002-P009,2026-08-06,S002,P009,178,43.0
INV-20260806-S002-P010,2026-08-06,S002,P010,278,66.0
INV-20260806-S002-P011,2026-08-06,S002,P011,23,12.0
INV-20260806-S002-P012,2026-08-06,S002,P012,156,101.0
INV-20260806-S002-P013,2026-08-06,S002,P013,141,56.0
INV-20260806-S002-P014,2026-08-06,S002,P014,139,84.0
INV-20260806-S002-P015,2026-08-06,S002,P015,28,18.0
INV-20260806-S002-P016,2026-08-06,S002,P016,75,56.0
INV-20260806-S002-P017,2026-08-06,S002,P017,138,56.0
INV-20260806-S002-P018,2026-08-06,S002,P018,475,99.0
INV-20260806-S002-P019,2026-08-06,S002,P019,90,64.0
INV-20260806-S002-P020,2026-08-06,S002,P020,221,55.0
INV-20260806-S002-P021,2026-08-06,S002,P021,119,35.0
INV-20260806-S002-P022,2026-08-06,S002,P022,126,41.0
INV-20260806-S002-P023,2026-08-06,S002,P023,71,59.0
INV-20260806-S002-P024,2026-08-06,S002,P024,223,51.0
INV-20260806-S002-P025,2026-08-06,S002,P025,31,12.0
INV-20260806-S002-P026,2026-08-06,S002,P026,422,88.0
INV-20260806-S002-P027,2026-08-06,S002,P027,334,95.0
INV-20260806-S002-P028,2026-08-06,S002,P028,75,23.0
INV-20260806-S002-P029,2026-08-06,S002,P029,308,62.0
INV-20260806-S002-P030,2026-08-06,S002,P030,91,20.0
INV-20260806-S002-P031,2026-08-06,S002,P031,86,74.0
INV-20260806-S002-P032,2026-08-06,S002,P032,40,37.0
INV-20260806-S002-P033,2026-08-06,S002,P033,301,72.0
INV-20260806-S002-P034,2026-08-06,S002,P034,84,79.0
INV-20260806-S002-P035,2026-08-06,S002,P035,196,83.0
INV-20260806-S002-P036,2026-08-06,S002,P036,98,20.0
INV-20260806-S002-P037,2026-08-06,S002,P037,250,97.0
INV-20260806-S002-P038,2026-08-06,S002,P038,98,32.0
INV-20260806-S002-P039,2026-08-06,S002,P039,37,14.0
INV-20260806-S002-P040,2026-08-06,S002,P040,221,62.0
INV-20260806-S002-P041,2026-08-06,S002,P041,192,45.0
INV-20260806-S002-P042,2026-08-06,S002,P042,165,88.0
INV-20260806-S002-P043,2026-08-06,S002,P043,124,86.0
INV-20260806-S002-P044,2026-08-06,S002,P044,134,40.0
INV-20260806-S002-P045,2026-08-06,S002,P045,125,100.0
INV-20260806-S002-P046,2026-08-06,S002,P046,172,37.0
INV-20260806-S002-P047,2026-08-06,S002,P047,163,59.0
INV-20260806-S002-P048,2026-08-06,S002,P048,108,34.0
INV-20260806-S002-P049,2026-08-06,S002,P049,240,98.0
INV-20260806-S002-P050,2026-08-06,S002,P050,45,26.0
INV-20260806-S003-P001,2026-08-06,S003,P001,227,57.0
INV-20260806-S003-P002,2026-08-06,S003,P002,99,41.0
INV-20260806-S003-P003,2026-08-06,S003,P003,77,24.0
INV-20260806-S003-P004,2026-08-06,S003,P004,85,20.0
INV-20260806-S003-P005,2026-08-06,S003,P005,67,66.0
INV-20260806-S003-P006,2026-08-06,S003,P006,115,26.0
INV-20260806-S003-P007,2026-08-06,S003,P007,234,97.0
INV-20260806-S003-P008,2026-08-06,S003,P008,110,65.0
INV-20260806-S003-P009,2026-08-06,S003,P009,214,43.0
INV-20260806-S003-P010,2026-08-06,S003,P010,166,66.0
INV-20260806-S003-P011,2026-08-06,S003,P011,180,12.0
INV-20260806-S003-P012,2026-08-06,S003,P012,167,101.0
INV-20260806-S003-P013,2026-08-06,S003,P013,119,56.0
INV-20260806-S003-P014,2026-08-06,S003,P014,316,84.0
INV-20260806-S003-P015,2026-08-06,S003,P015,24,18.0
INV-20260806-S003-P016,2026-08-06,S003,P016,242,56.0
INV-20260806-S003-P017,2026-08-06,S003,P017,205,56.0
INV-20260806-S003-P018,2026-08-06,S003,P018,357,99.0
INV-20260806-S003-P019,2026-08-06,S003,P019,178,64.0
INV-20260806-S003-P020,2026-08-06,S003,P020,187,55.0
INV-20260806-S003-P021,2026-08-06,S003,P021,61,35.0
INV-20260806-S003-P022,2026-08-06,S003,P022,86,41.0
INV-20260806-S003-P023,2026-08-06,S003,P023,284,59.0
INV-20260806-S003-P024,2026-08-06,S003,P024,99,51.0
INV-20260806-S003-P025,2026-08-06,S003,P025,166,12.0
INV-20260806-S003-P026,2026-08-06,S003,P026,433,88.0
INV-20260806-S003-P027,2026-08-06,S003,P027,403,95.0
INV-20260806-S003-P028,2026-08-06,S003,P028,33,23.0
INV-20260806-S003-P029,2026-08-06,S003,P029,299,62.0
INV-20260806-S003-P030,2026-08-06,S003,P030,69,20.0
INV-20260806-S003-P031,2026-08-06,S003,P031,226,74.0
INV-20260806-S003-P032,2026-08-06,S003,P032,91,37.0
INV-20260806-S003-P033,2026-08-06,S003,P033,293,72.0
INV-20260806-S003-P034,2026-08-06,S003,P034,130,79.0
INV-20260806-S003-P035,2026-08-06,S003,P035,287,83.0
INV-20260806-S003-P036,2026-08-06,S003,P036,86,20.0
INV-20260806-S003-P037,2026-08-06,S003,P037,325,97.0
INV-20260806-S003-P038,2026-08-06,S003,P038,45,32.0
INV-20260806-S003-P039,2026-08-06,S003,P039,191,14.0
INV-20260806-S003-P040,2026-08-06,S003,P040,302,62.0
INV-20260806-S003-P041,2026-08-06,S003,P041,102,45.0
INV-20260806-S003-P042,2026-08-06,S003,P042,423,88.0
INV-20260806-S003-P043,2026-08-06,S003,P043,406,86.0
INV-20260806-S003-P044,2026-08-06,S003,P044,142,40.0
INV-20260806-S003-P045,2026-08-06,S003,P045,236,100.0
INV-20260806-S003-P046,2026-08-06,S003,P046,91,37.0
INV-20260806-S003-P047,2026-08-06,S003,P047,198,59.0
INV-20260806-S003-P048,2026-08-06,S003,P048,98,34.0
INV-20260806-S003-P049,2026-08-06,S003,P049,135,98.0
INV-20260807-S001-P001,2026-08-07,S001,P001,155,57.0
INV-20260807-S001-P002,2026-08-07,S001,P002,165,41.0
INV-20260807-S001-P003,2026-08-07,S001,P003,50,24.0
INV-20260807-S001-P004,2026-08-07,S001,P004,45,20.0
INV-20260807-S001-P005,2026-08-07,S001,P005,288,66.0
INV-20260807-S001-P006,2026-08-07,S001,P006,55,26.0
INV-20260807-S001-P007,2026-08-07,S001,P007,403,97.0
INV-20260807-S001-P008,2026-08-07,S001,P008,300,65.0
INV-20260807-S001-P009,2026-08-07,S001,P009,214,43.0
INV-20260807-S001-P010,2026-08-07,S001,P010,215,66.0
INV-20260807-S001-P011,2026-08-07,S001,P011,175,12.0
INV-20260807-S001-P012,2026-08-07,S001,P012,196,101.0
INV-20260807-S001-P013,2026-08-07,S001,P013,224,56.0
INV-20260807-S001-P014,2026-08-07,S001,P014,311,84.0
INV-20260807-S001-P015,2026-08-07,S001,P015,79,18.0
INV-20260807-S001-P016,2026-08-07,S001,P016,225,56.0
INV-20260807-S001-P017,2026-08-07,S001,P017,153,56.0
INV-20260807-S001-P018,2026-08-07,S001,P018,442,99.0
INV-20260807-S001-P019,2026-08-07,S001,P019,212,64.0
INV-20260807-S001-P020,2026-08-07,S001,P020,254,55.0
INV-20260807-S001-P021,2026-08-07,S001,P021,95,35.0
INV-20260807-S001-P022,2026-08-07,S001,P022,58,41.0
INV-20260807-S001-P023,2026-08-07,S001,P023,143,59.0
INV-20260807-S001-P024,2026-08-07,S001,P024,134,51.0
INV-20260807-S001-P025,2026-08-07,S001,P025,222,12.0
INV-20260807-S001-P026,2026-08-07,S001,P026,307,88.0
INV-20260807-S001-P027,2026-08-07,S001,P027,213,95.0
INV-20260807-S001-P028,2026-08-07,S001,P028,115,23.0
INV-20260807-S001-P029,2026-08-07,S001,P029,142,62.0
INV-20260807-S001-P030,2026-08-07,S001,P030,50,20.0
INV-20260807-S001-P031,2026-08-07,S001,P031,260,74.0
INV-20260807-S001-P032,2026-08-07,S001,P032,38,37.0
INV-20260807-S001-P033,2026-08-07,S001,P033,262,72.0
INV-20260807-S001-P034,2026-08-07,S001,P034,302,79.0
INV-20260807-S001-P035,2026-08-07,S001,P035,263,83.0
INV-20260807-S001-P036,2026-08-07,S001,P036,21,20.0
INV-20260807-S001-P037,2026-08-07,S001,P037,349,97.0
INV-20260807-S001-P038,2026-08-07,S001,P038,65,32.0
INV-20260807-S001-P039,2026-08-07,S001,P039,186,14.0
INV-20260807-S001-P040,2026-08-07,S001,P040,282,62.0
INV-20260807-S001-P041,2026-08-07,S001,P041,92,45.0
INV-20260807-S001-P042,2026-08-07,S001,P042,367,88.0
INV-20260807-S001-P043,2026-08-07,S001,P043,391,86.0
INV-20260807-S001-P044,2026-08-07,S001,P044,76,40.0
INV-20260807-S001-P045,2026-08-07,S001,P045,109,100.0
INV-20260807-S001-P046,2026-08-07,S001,P046,132,37.0
INV-20260807-S001-P047,2026-08-07,S001,P047,227,59.0
INV-20260807-S001-P048,2026-08-07,S001,P048,94,34.0
INV-20260807-S001-P049,2026-08-07,S001,P049,396,98.0
INV-20260807-S001-P050,2026-08-07,S001,P050,31,26.0
INV-20260807-S002-P001,2026-08-07,S002,P001,228,57.0
INV-20260807-S002-P002,2026-08-07,S002,P002,129,41.0
INV-20260807-S002-P003,2026-08-07,S002,P003,71,24.0
INV-20260807-S002-P004,2026-08-07,S002,P004,376,20.0
INV-20260807-S002-P005,2026-08-07,S002,P005,264,66.0
INV-20260807-S002-P006,2026-08-07,S002,P006,44,26.0
INV-20260807-S002-P007,2026-08-07,S002,P007,227,97.0
INV-20260807-S002-P008,2026-08-07,S002,P008,289,65.0
INV-20260807-S002-P009,2026-08-07,S002,P009,170,43.0
INV-20260807-S002-P010,2026-08-07,S002,P010,257,66.0
INV-20260807-S002-P011,2026-08-07,S002,P011,20,12.0
INV-20260807-S002-P012,2026-08-07,S002,P012,134,101.0
INV-20260807-S002-P013,2026-08-07,S002,P013,131,56.0
INV-20260807-S002-P014,2026-08-07,S002,P014,130,84.0
INV-20260807-S002-P015,2026-08-07,S002,P015,24,18.0
INV-20260807-S002-P016,2026-08-07,S002,P016,61,56.0
INV-20260807-S002-P017,2026-08-07,S002,P017,128,56.0
INV-20260807-S002-P018,2026-08-07,S002,P018,462,99.0
INV-20260807-S002-P019,2026-08-07,S002,P019,76,64.0
INV-20260807-S002-P020,2026-08-07,S002,P020,206,55.0
INV-20260807-S002-P021,2026-08-07,S002,P021,115,35.0
INV-20260807-S002-P022,2026-08-07,S002,P022,116,41.0
INV-20260807-S002-P023,2026-08-07,S002,P023,62,59.0
INV-20260807-S002-P024,2026-08-07,S002,P024,211,51.0
INV-20260807-S002-P025,2026-08-07,S002,P025,26,12.0
INV-20260807-S002-P026,2026-08-07,S002,P026,408,88.0
INV-20260807-S002-P027,2026-08-07,S002,P027,317,95.0
INV-20260807-S002-P028,2026-08-07,S002,P028,72,23.0
INV-20260807-S002-P029,2026-08-07,S002,P029,299,62.0
INV-20260807-S002-P030,2026-08-07,S002,P030,87,20.0
INV-20260807-S002-P031,2026-08-07,S002,P031,368,74.0
INV-20260807-S002-P032,2026-08-07,S002,P032,180,37.0
INV-20260807-S002-P033,2026-08-07,S002,P033,294,72.0
INV-20260807-S002-P034,2026-08-07,S002,P034,383,79.0
INV-20260807-S002-P035,2026-08-07,S002,P035,184,83.0
INV-20260807-S002-P036,2026-08-07,S002,P036,92,20.0
INV-20260807-S002-P037,2026-08-07,S002,P037,232,97.0
INV-20260807-S002-P038,2026-08-07,S002,P038,92,32.0
INV-20260807-S002-P039,2026-08-07,S002,P039,34,14.0
INV-20260807-S002-P040,2026-08-07,S002,P040,211,62.0
INV-20260807-S002-P041,2026-08-07,S002,P041,185,45.0
INV-20260807-S002-P042,2026-08-07,S002,P042,152,88.0
INV-20260807-S002-P043,2026-08-07,S002,P043,112,86.0
INV-20260807-S002-P044,2026-08-07,S002,P044,129,40.0
INV-20260807-S002-P045,2026-08-07,S002,P045,106,100.0
INV-20260807-S002-P046,2026-08-07,S002,P046,167,37.0
INV-20260807-S002-P047,2026-08-07,S002,P047,152,59.0
INV-20260807-S002-P048,2026-08-07,S002,P048,106,34.0
INV-20260807-S002-P049,2026-08-07,S002,P049,224,98.0
INV-20260807-S002-P050,2026-08-07,S002,P050,40,26.0
INV-20260807-S003-P001,2026-08-07,S003,P001,219,57.0
INV-20260807-S003-P002,2026-08-07,S003,P002,97,41.0
INV-20260807-S003-P003,2026-08-07,S003,P003,77,24.0
INV-20260807-S003-P004,2026-08-07,S003,P004,82,20.0
INV-20260807-S003-P005,2026-08-07,S003,P005,324,66.0
INV-20260807-S003-P006,2026-08-07,S003,P006,113,26.0
INV-20260807-S003-P007,2026-08-07,S003,P007,226,97.0
INV-20260807-S003-P008,2026-08-07,S003,P008,103,65.0
INV-20260807-S003-P009,2026-08-07,S003,P009,207,43.0
INV-20260807-S003-P010,2026-08-07,S003,P010,158,66.0
INV-20260807-S003-P011,2026-08-07,S003,P011,178,12.0
INV-20260807-S003-P012,2026-08-07,S003,P012,154,101.0
INV-20260807-S003-P013,2026-08-07,S003,P013,112,56.0
INV-20260807-S003-P014,2026-08-07,S003,P014,307,84.0
INV-20260807-S003-P015,2026-08-07,S003,P015,24,18.0
INV-20260807-S003-P016,2026-08-07,S003,P016,237,56.0
INV-20260807-S003-P017,2026-08-07,S003,P017,197,56.0
INV-20260807-S003-P018,2026-08-07,S003,P018,342,99.0
INV-20260807-S003-P019,2026-08-07,S003,P019,170,64.0
INV-20260807-S003-P020,2026-08-07,S003,P020,181,55.0
INV-20260807-S003-P021,2026-08-07,S003,P021,59,35.0
INV-20260807-S003-P022,2026-08-07,S003,P022,82,41.0
INV-20260807-S003-P023,2026-08-07,S003,P023,279,59.0
INV-20260807-S003-P024,2026-08-07,S003,P024,92,51.0
INV-20260807-S003-P025,2026-08-07,S003,P025,165,12.0
INV-20260807-S003-P026,2026-08-07,S003,P026,417,88.0
INV-20260807-S003-P027,2026-08-07,S003,P027,395,95.0
INV-20260807-S003-P028,2026-08-07,S003,P028,31,23.0
INV-20260807-S003-P029,2026-08-07,S003,P029,294,62.0
INV-20260807-S003-P030,2026-08-07,S003,P030,68,20.0
INV-20260807-S003-P031,2026-08-07,S003,P031,218,74.0
INV-20260807-S003-P032,2026-08-07,S003,P032,86,37.0
INV-20260807-S003-P033,2026-08-07,S003,P033,285,72.0
INV-20260807-S003-P034,2026-08-07,S003,P034,118,79.0
INV-20260807-S003-P035,2026-08-07,S003,P035,275,83.0
INV-20260807-S003-P036,2026-08-07,S003,P036,83,20.0
INV-20260807-S003-P037,2026-08-07,S003,P037,316,97.0
INV-20260807-S003-P038,2026-08-07,S003,P038,40,32.0
INV-20260807-S003-P039,2026-08-07,S003,P039,189,14.0
INV-20260807-S003-P040,2026-08-07,S003,P040,295,62.0
INV-20260807-S003-P041,2026-08-07,S003,P041,96,45.0
INV-20260807-S003-P042,2026-08-07,S003,P042,408,88.0
INV-20260807-S003-P043,2026-08-07,S003,P043,396,86.0
INV-20260807-S003-P044,2026-08-07,S003,P044,137,40.0
INV-20260807-S003-P045,2026-08-07,S003,P045,218,100.0
INV-20260807-S003-P046,2026-08-07,S003,P046,85,37.0
INV-20260807-S003-P047,2026-08-07,S003,P047,190,59.0
INV-20260807-S003-P048,2026-08-07,S003,P048,97,34.0
INV-20260807-S003-P049,2026-08-07,S003,P049,121,98.0
INV-20260808-S001-P001,2026-08-08,S001,P001,140,57.0
INV-20260808-S001-P002,2026-08-08,S001,P002,159,41.0
INV-20260808-S001-P003,2026-08-08,S001,P003,48,24.0
INV-20260808-S001-P004,2026-08-08,S001,P004,41,20.0
INV-20260808-S001-P005,2026-08-08,S001,P005,274,66.0
INV-20260808-S001-P006,2026-08-08,S001,P006,50,26.0
INV-20260808-S001-P007,2026-08-08,S001,P007,390,97.0
INV-20260808-S001-P008,2026-08-08,S001,P008,291,65.0
INV-20260808-S001-P009,2026-08-08,S001,P009,211,43.0
INV-20260808-S001-P010,2026-08-08,S001,P010,199,66.0
INV-20260808-S001-P011,2026-08-08,S001,P011,173,12.0
INV-20260808-S001-P012,2026-08-08,S001,P012,178,101.0
INV-20260808-S001-P013,2026-08-08,S001,P013,214,56.0
INV-20260808-S001-P014,2026-08-08,S001,P014,300,84.0
INV-20260808-S001-P015,2026-08-08,S001,P015,77,18.0
INV-20260808-S001-P016,2026-08-08,S001,P016,216,56.0
INV-20260808-S001-P017,2026-08-08,S001,P017,146,56.0
INV-20260808-S001-P018,2026-08-08,S001,P018,424,99.0
INV-20260808-S001-P019,2026-08-08,S001,P019,198,64.0
INV-20260808-S001-P020,2026-08-08,S001,P020,247,55.0
INV-20260808-S001-P021,2026-08-08,S001,P021,88,35.0
INV-20260808-S001-P022,2026-08-08,S001,P022,52,41.0
INV-20260808-S001-P023,2026-08-08,S001,P023,135,59.0
INV-20260808-S001-P024,2026-08-08,S001,P024,129,51.0
INV-20260808-S001-P025,2026-08-08,S001,P025,220,12.0
INV-20260808-S001-P026,2026-08-08,S001,P026,295,88.0
INV-20260808-S001-P027,2026-08-08,S001,P027,196,95.0
INV-20260808-S001-P028,2026-08-08,S001,P028,112,23.0
INV-20260808-S001-P029,2026-08-08,S001,P029,130,62.0
INV-20260808-S001-P030,2026-08-08,S001,P030,45,20.0
INV-20260808-S001-P031,2026-08-08,S001,P031,244,74.0
INV-20260808-S001-P032,2026-08-08,S001,P032,180,37.0
INV-20260808-S001-P033,2026-08-08,S001,P033,252,72.0
INV-20260808-S001-P034,2026-08-08,S001,P034,293,79.0
INV-20260808-S001-P035,2026-08-08,S001,P035,254,83.0
INV-20260808-S001-P036,2026-08-08,S001,P036,101,20.0
INV-20260808-S001-P037,2026-08-08,S001,P037,333,97.0
INV-20260808-S001-P038,2026-08-08,S001,P038,59,32.0
INV-20260808-S001-P039,2026-08-08,S001,P039,180,14.0
INV-20260808-S001-P040,2026-08-08,S001,P040,269,62.0
INV-20260808-S001-P041,2026-08-08,S001,P041,78,45.0
INV-20260808-S001-P042,2026-08-08,S001,P042,343,88.0
INV-20260808-S001-P043,2026-08-08,S001,P043,376,86.0
INV-20260808-S001-P044,2026-08-08,S001,P044,70,40.0
INV-20260808-S001-P045,2026-08-08,S001,P045,496,100.0
INV-20260808-S001-P046,2026-08-08,S001,P046,129,37.0
INV-20260808-S001-P047,2026-08-08,S001,P047,217,59.0
INV-20260808-S001-P048,2026-08-08,S001,P048,88,34.0
INV-20260808-S001-P049,2026-08-08,S001,P049,378,98.0
INV-20260808-S001-P050,2026-08-08,S001,P050,128,26.0
INV-20260808-S002-P001,2026-08-08,S002,P001,217,57.0
INV-20260808-S002-P002,2026-08-08,S002,P002,115,41.0
INV-20260808-S002-P003,2026-08-08,S002,P003,68,24.0
INV-20260808-S002-P004,2026-08-08,S002,P004,376,20.0
INV-20260808-S002-P005,2026-08-08,S002,P005,248,66.0
INV-20260808-S002-P006,2026-08-08,S002,P006,40,26.0
INV-20260808-S002-P007,2026-08-08,S002,P007,227,97.0
INV-20260808-S002-P008,2026-08-08,S002,P008,278,65.0
INV-20260808-S002-P009,2026-08-08,S002,P009,159,43.0
INV-20260808-S002-P010,2026-08-08,S002,P010,241,66.0
INV-20260808-S002-P011,2026-08-08,S002,P011,15,12.0
INV-20260808-S002-P012,2026-08-08,S002,P012,111,101.0
INV-20260808-S002-P013,2026-08-08,S002,P013,116,56.0
INV-20260808-S002-P014,2026-08-08,S002,P014,116,84.0
INV-20260808-S002-P015,2026-08-08,S002,P015,91,18.0
INV-20260808-S002-P016,2026-08-08,S002,P016,277,56.0
INV-20260808-S002-P017,2026-08-08,S002,P017,120,56.0
INV-20260808-S002-P018,2026-08-08,S002,P018,436,99.0
INV-20260808-S002-P019,2026-08-08,S002,P019,321,64.0
INV-20260808-S002-P020,2026-08-08,S002,P020,196,55.0
INV-20260808-S002-P021,2026-08-08,S002,P021,106,35.0
INV-20260808-S002-P022,2026-08-08,S002,P022,112,41.0
INV-20260808-S002-P023,2026-08-08,S002,P023,289,59.0
INV-20260808-S002-P024,2026-08-08,S002,P024,203,51.0
INV-20260808-S002-P025,2026-08-08,S002,P025,24,12.0
INV-20260808-S002-P026,2026-08-08,S002,P026,390,88.0
INV-20260808-S002-P027,2026-08-08,S002,P027,298,95.0
INV-20260808-S002-P028,2026-08-08,S002,P028,69,23.0
INV-20260808-S002-P029,2026-08-08,S002,P029,292,62.0
INV-20260808-S002-P030,2026-08-08,S002,P030,82,20.0
INV-20260808-S002-P031,2026-08-08,S002,P031,357,74.0
INV-20260808-S002-P032,2026-08-08,S002,P032,177,37.0
INV-20260808-S002-P033,2026-08-08,S002,P033,283,72.0
INV-20260808-S002-P034,2026-08-08,S002,P034,368,79.0
INV-20260808-S002-P035,2026-08-08,S002,P035,171,83.0
INV-20260808-S002-P036,2026-08-08,S002,P036,88,20.0
INV-20260808-S002-P037,2026-08-08,S002,P037,213,97.0
INV-20260808-S002-P038,2026-08-08,S002,P038,86,32.0
INV-20260808-S002-P039,2026-08-08,S002,P039,32,14.0
INV-20260808-S002-P040,2026-08-08,S002,P040,197,62.0
INV-20260808-S002-P041,2026-08-08,S002,P041,173,45.0
INV-20260808-S002-P042,2026-08-08,S002,P042,136,88.0
INV-20260808-S002-P043,2026-08-08,S002,P043,92,86.0
INV-20260808-S002-P044,2026-08-08,S002,P044,123,40.0
INV-20260808-S002-P045,2026-08-08,S002,P045,488,100.0
INV-20260808-S002-P046,2026-08-08,S002,P046,159,37.0
INV-20260808-S002-P047,2026-08-08,S002,P047,141,59.0
INV-20260808-S002-P048,2026-08-08,S002,P048,101,34.0
INV-20260808-S002-P049,2026-08-08,S002,P049,209,98.0
INV-20260808-S002-P050,2026-08-08,S002,P050,37,26.0
INV-20260808-S003-P001,2026-08-08,S003,P001,215,57.0
INV-20260808-S003-P002,2026-08-08,S003,P002,92,41.0
INV-20260808-S003-P003,2026-08-08,S003,P003,73,24.0
INV-20260808-S003-P004,2026-08-08,S003,P004,75,20.0
INV-20260808-S003-P005,2026-08-08,S003,P005,315,66.0
INV-20260808-S003-P006,2026-08-08,S003,P006,109,26.0
INV-20260808-S003-P007,2026-08-08,S003,P007,213,97.0
INV-20260808-S003-P008,2026-08-08,S003,P008,93,65.0
INV-20260808-S003-P009,2026-08-08,S003,P009,204,43.0
INV-20260808-S003-P010,2026-08-08,S003,P010,150,66.0
INV-20260808-S003-P011,2026-08-08,S003,P011,177,12.0
INV-20260808-S003-P012,2026-08-08,S003,P012,137,101.0
INV-20260808-S003-P013,2026-08-08,S003,P013,108,56.0
INV-20260808-S003-P014,2026-08-08,S003,P014,299,84.0
INV-20260808-S003-P015,2026-08-08,S003,P015,20,18.0
INV-20260808-S003-P016,2026-08-08,S003,P016,234,56.0
INV-20260808-S003-P017,2026-08-08,S003,P017,191,56.0
INV-20260808-S003-P018,2026-08-08,S003,P018,327,99.0
INV-20260808-S003-P019,2026-08-08,S003,P019,157,64.0
INV-20260808-S003-P020,2026-08-08,S003,P020,177,55.0
INV-20260808-S003-P021,2026-08-08,S003,P021,53,35.0
INV-20260808-S003-P022,2026-08-08,S003,P022,78,41.0
INV-20260808-S003-P023,2026-08-08,S003,P023,274,59.0
INV-20260808-S003-P024,2026-08-08,S003,P024,87,51.0
INV-20260808-S003-P025,2026-08-08,S003,P025,164,12.0
INV-20260808-S003-P026,2026-08-08,S003,P026,407,88.0
INV-20260808-S003-P027,2026-08-08,S003,P027,385,95.0
INV-20260808-S003-P028,2026-08-08,S003,P028,26,23.0
INV-20260808-S003-P029,2026-08-08,S003,P029,280,62.0
INV-20260808-S003-P030,2026-08-08,S003,P030,66,20.0
INV-20260808-S003-P031,2026-08-08,S003,P031,211,74.0
INV-20260808-S003-P032,2026-08-08,S003,P032,83,37.0
INV-20260808-S003-P033,2026-08-08,S003,P033,276,72.0
INV-20260808-S003-P034,2026-08-08,S003,P034,111,79.0
INV-20260808-S003-P035,2026-08-08,S003,P035,265,83.0
INV-20260808-S003-P036,2026-08-08,S003,P036,82,20.0
INV-20260808-S003-P037,2026-08-08,S003,P037,303,97.0
INV-20260808-S003-P038,2026-08-08,S003,P038,40,32.0
INV-20260808-S003-P039,2026-08-08,S003,P039,188,14.0
INV-20260808-S003-P040,2026-08-08,S003,P040,285,62.0
INV-20260808-S003-P041,2026-08-08,S003,P041,90,45.0
INV-20260808-S003-P042,2026-08-08,S003,P042,394,88.0
INV-20260808-S003-P043,2026-08-08,S003,P043,382,86.0
INV-20260808-S003-P044,2026-08-08,S003,P044,133,40.0
INV-20260808-S003-P045,2026-08-08,S003,P045,196,100.0
INV-20260808-S003-P046,2026-08-08,S003,P046,80,37.0
INV-20260808-S003-P047,2026-08-08,S003,P047,178,59.0
INV-20260808-S003-P048,2026-08-08,S003,P048,93,34.0
INV-20260808-S003-P049,2026-08-08,S003,P049,109,98.0
INV-20260809-S001-P001,2026-08-09,S001,P001,129,57.0
INV-20260809-S001-P002,2026-08-09,S001,P002,153,41.0
INV-20260809-S001-P003,2026-08-09,S001,P003,43,24.0
INV-20260809-S001-P004,2026-08-09,S001,P004,40,20.0
INV-20260809-S001-P005,2026-08-09,S001,P005,261,66.0
INV-20260809-S001-P006,2026-08-09,S001,P006,47,26.0
INV-20260809-S001-P007,2026-08-09,S001,P007,365,97.0
INV-20260809-S001-P008,2026-08-09,S001,P008,276,65.0
INV-20260809-S001-P009,2026-08-09,S001,P009,203,43.0
INV-20260809-S001-P010,2026-08-09,S001,P010,194,66.0
INV-20260809-S001-P011,2026-08-09,S001,P011,172,12.0
INV-20260809-S001-P012,2026-08-09,S001,P012,163,101.0
INV-20260809-S001-P013,2026-08-09,S001,P013,204,56.0
INV-20260809-S001-P014,2026-08-09,S001,P014,287,84.0
INV-20260809-S001-P015,2026-08-09,S001,P015,76,18.0
INV-20260809-S001-P016,2026-08-09,S001,P016,204,56.0
INV-20260809-S001-P017,2026-08-09,S001,P017,139,56.0
INV-20260809-S001-P018,2026-08-09,S001,P018,404,99.0
INV-20260809-S001-P019,2026-08-09,S001,P019,187,64.0
INV-20260809-S001-P020,2026-08-09,S001,P020,240,55.0
INV-20260809-S001-P021,2026-08-09,S001,P021,85,35.0
INV-20260809-S001-P022,2026-08-09,S001,P022,42,41.0
INV-20260809-S001-P023,2026-08-09,S001,P023,123,59.0
INV-20260809-S001-P024,2026-08-09,S001,P024,120,51.0
INV-20260809-S001-P025,2026-08-09,S001,P025,217,12.0
INV-20260809-S001-P026,2026-08-09,S001,P026,272,88.0
INV-20260809-S001-P027,2026-08-09,S001,P027,178,95.0
INV-20260809-S001-P028,2026-08-09,S001,P028,110,23.0
INV-20260809-S001-P029,2026-08-09,S001,P029,120,62.0
INV-20260809-S001-P030,2026-08-09,S001,P030,40,20.0
INV-20260809-S001-P031,2026-08-09,S001,P031,237,74.0
INV-20260809-S001-P032,2026-08-09,S001,P032,170,37.0
INV-20260809-S001-P033,2026-08-09,S001,P033,237,72.0
INV-20260809-S001-P034,2026-08-09,S001,P034,280,79.0
INV-20260809-S001-P035,2026-08-09,S001,P035,238,83.0
INV-20260809-S001-P036,2026-08-09,S001,P036,97,20.0
INV-20260809-S001-P037,2026-08-09,S001,P037,318,97.0
INV-20260809-S001-P038,2026-08-09,S001,P038,57,32.0
INV-20260809-S001-P039,2026-08-09,S001,P039,178,14.0
INV-20260809-S001-P040,2026-08-09,S001,P040,251,62.0
INV-20260809-S001-P041,2026-08-09,S001,P041,71,45.0
INV-20260809-S001-P042,2026-08-09,S001,P042,335,88.0
INV-20260809-S001-P043,2026-08-09,S001,P043,361,86.0
INV-20260809-S001-P044,2026-08-09,S001,P044,63,40.0
INV-20260809-S001-P045,2026-08-09,S001,P045,482,100.0
INV-20260809-S001-P046,2026-08-09,S001,P046,122,37.0
INV-20260809-S001-P047,2026-08-09,S001,P047,210,59.0
INV-20260809-S001-P048,2026-08-09,S001,P048,84,34.0
INV-20260809-S001-P049,2026-08-09,S001,P049,358,98.0
INV-20260809-S001-P050,2026-08-09,S001,P050,126,26.0
INV-20260809-S002-P001,2026-08-09,S002,P001,203,57.0
INV-20260809-S002-P002,2026-08-09,S002,P002,106,41.0
INV-20260809-S002-P003,2026-08-09,S002,P003,62,24.0
INV-20260809-S002-P004,2026-08-09,S002,P004,376,20.0
INV-20260809-S002-P005,2026-08-09,S002,P005,239,66.0
INV-20260809-S002-P006,2026-08-09,S002,P006,34,26.0
INV-20260809-S002-P007,2026-08-09,S002,P007,227,97.0
INV-20260809-S002-P008,2026-08-09,S002,P008,265,65.0
INV-20260809-S002-P009,2026-08-09,S002,P009,147,43.0
INV-20260809-S002-P010,2026-08-09,S002,P010,229,66.0
INV-20260809-S002-P011,2026-08-09,S002,P011,13,12.0
INV-20260809-S002-P012,2026-08-09,S002,P012,497,101.0
INV-20260809-S002-P013,2026-08-09,S002,P013,101,56.0
INV-20260809-S002-P014,2026-08-09,S002,P014,91,84.0
INV-20260809-S002-P015,2026-08-09,S002,P015,82,18.0
INV-20260809-S002-P016,2026-08-09,S002,P016,265,56.0
INV-20260809-S002-P017,2026-08-09,S002,P017,110,56.0
INV-20260809-S002-P018,2026-08-09,S002,P018,416,99.0
INV-20260809-S002-P019,2026-08-09,S002,P019,310,64.0
INV-20260809-S002-P020,2026-08-09,S002,P020,182,55.0
INV-20260809-S002-P021,2026-08-09,S002,P021,97,35.0
INV-20260809-S002-P022,2026-08-09,S002,P022,102,41.0
INV-20260809-S002-P023,2026-08-09,S002,P023,275,59.0
INV-20260809-S002-P024,2026-08-09,S002,P024,197,51.0
INV-20260809-S002-P025,2026-08-09,S002,P025,24,12.0
INV-20260809-S002-P026,2026-08-09,S002,P026,377,88.0
INV-20260809-S002-P027,2026-08-09,S002,P027,279,95.0
INV-20260809-S002-P028,2026-08-09,S002,P028,67,23.0
INV-20260809-S002-P029,2026-08-09,S002,P029,282,62.0
INV-20260809-S002-P030,2026-08-09,S002,P030,80,20.0
INV-20260809-S002-P031,2026-08-09,S002,P031,350,74.0
INV-20260809-S002-P032,2026-08-09,S002,P032,173,37.0
INV-20260809-S002-P033,2026-08-09,S002,P033,267,72.0
INV-20260809-S002-P034,2026-08-09,S002,P034,350,79.0
INV-20260809-S002-P035,2026-08-09,S002,P035,153,83.0
INV-20260809-S002-P036,2026-08-09,S002,P036,82,20.0
INV-20260809-S002-P037,2026-08-09,S002,P037,199,97.0
INV-20260809-S002-P038,2026-08-09,S002,P038,82,32.0
INV-20260809-S002-P039,2026-08-09,S002,P039,30,14.0
INV-20260809-S002-P040,2026-08-09,S002,P040,186,62.0
INV-20260809-S002-P041,2026-08-09,S002,P041,165,45.0
INV-20260809-S002-P042,2026-08-09,S002,P042,119,88.0
INV-20260809-S002-P043,2026-08-09,S002,P043,416,86.0
INV-20260809-S002-P044,2026-08-09,S002,P044,115,40.0
INV-20260809-S002-P045,2026-08-09,S002,P045,467,100.0
INV-20260809-S002-P046,2026-08-09,S002,P046,153,37.0
INV-20260809-S002-P047,2026-08-09,S002,P047,129,59.0
INV-20260809-S002-P048,2026-08-09,S002,P048,93,34.0
INV-20260809-S002-P049,2026-08-09,S002,P049,180,98.0
INV-20260809-S002-P050,2026-08-09,S002,P050,29,26.0
INV-20260809-S003-P001,2026-08-09,S003,P001,206,57.0
INV-20260809-S003-P002,2026-08-09,S003,P002,83,41.0
INV-20260809-S003-P003,2026-08-09,S003,P003,68,24.0
INV-20260809-S003-P004,2026-08-09,S003,P004,72,20.0
INV-20260809-S003-P005,2026-08-09,S003,P005,298,66.0
INV-20260809-S003-P006,2026-08-09,S003,P006,105,26.0
INV-20260809-S003-P007,2026-08-09,S003,P007,203,97.0
INV-20260809-S003-P008,2026-08-09,S003,P008,77,65.0
INV-20260809-S003-P009,2026-08-09,S003,P009,195,43.0
INV-20260809-S003-P010,2026-08-09,S003,P010,135,66.0
INV-20260809-S003-P011,2026-08-09,S003,P011,177,12.0
INV-20260809-S003-P012,2026-08-09,S003,P012,124,101.0
INV-20260809-S003-P013,2026-08-09,S003,P013,101,56.0
INV-20260809-S003-P014,2026-08-09,S003,P014,289,84.0
INV-20260809-S003-P015,2026-08-09,S003,P015,88,18.0
INV-20260809-S003-P016,2026-08-09,S003,P016,222,56.0
INV-20260809-S003-P017,2026-08-09,S003,P017,188,56.0
INV-20260809-S003-P018,2026-08-09,S003,P018,315,99.0
INV-20260809-S003-P019,2026-08-09,S003,P019,153,64.0
INV-20260809-S003-P020,2026-08-09,S003,P020,169,55.0
INV-20260809-S003-P021,2026-08-09,S003,P021,50,35.0
INV-20260809-S003-P022,2026-08-09,S003,P022,68,41.0
INV-20260809-S003-P023,2026-08-09,S003,P023,265,59.0
INV-20260809-S003-P024,2026-08-09,S003,P024,79,51.0
INV-20260809-S003-P025,2026-08-09,S003,P025,163,12.0
INV-20260809-S003-P026,2026-08-09,S003,P026,400,88.0
INV-20260809-S003-P027,2026-08-09,S003,P027,371,95.0
INV-20260809-S003-P028,2026-08-09,S003,P028,118,23.0
INV-20260809-S003-P029,2026-08-09,S003,P029,268,62.0
INV-20260809-S003-P030,2026-08-09,S003,P030,63,20.0
INV-20260809-S003-P031,2026-08-09,S003,P031,202,74.0
INV-20260809-S003-P032,2026-08-09,S003,P032,78,37.0
INV-20260809-S003-P033,2026-08-09,S003,P033,265,72.0
INV-20260809-S003-P034,2026-08-09,S003,P034,100,79.0
INV-20260809-S003-P035,2026-08-09,S003,P035,253,83.0
INV-20260809-S003-P036,2026-08-09,S003,P036,80,20.0
INV-20260809-S003-P037,2026-08-09,S003,P037,287,97.0
INV-20260809-S003-P038,2026-08-09,S003,P038,36,32.0
INV-20260809-S003-P039,2026-08-09,S003,P039,186,14.0
INV-20260809-S003-P040,2026-08-09,S003,P040,280,62.0
INV-20260809-S003-P041,2026-08-09,S003,P041,85,45.0
INV-20260809-S003-P042,2026-08-09,S003,P042,384,88.0
INV-20260809-S003-P043,2026-08-09,S003,P043,372,86.0
INV-20260809-S003-P044,2026-08-09,S003,P044,126,40.0
INV-20260809-S003-P045,2026-08-09,S003,P045,180,100.0
INV-20260809-S003-P046,2026-08-09,S003,P046,73,37.0
INV-20260809-S003-P047,2026-08-09,S003,P047,172,59.0
INV-20260809-S003-P048,2026-08-09,S003,P048,87,34.0
INV-20260809-S003-P049,2026-08-09,S003,P049,99,98.0
INV-20260810-S001-P001,2026-08-10,S001,P001,114,57.0
INV-20260810-S001-P002,2026-08-10,S001,P002,140,41.0
INV-20260810-S001-P003,2026-08-10,S001,P003,40,24.0
INV-20260810-S001-P004,2026-08-10,S001,P004,38,20.0
INV-20260810-S001-P005,2026-08-10,S001,P005,253,66.0
INV-20260810-S001-P006,2026-08-10,S001,P006,45,26.0
INV-20260810-S001-P007,2026-08-10,S001,P007,349,97.0
INV-20260810-S001-P008,2026-08-10,S001,P008,265,65.0
INV-20260810-S001-P009,2026-08-10,S001,P009,193,43.0
INV-20260810-S001-P010,2026-08-10,S001,P010,185,66.0
INV-20260810-S001-P011,2026-08-10,S001,P011,170,12.0
INV-20260810-S001-P012,2026-08-10,S001,P012,148,101.0
INV-20260810-S001-P013,2026-08-10,S001,P013,196,56.0
INV-20260810-S001-P014,2026-08-10,S001,P014,269,84.0
INV-20260810-S001-P015,2026-08-10,S001,P015,75,18.0
INV-20260810-S001-P016,2026-08-10,S001,P016,191,56.0
INV-20260810-S001-P017,2026-08-10,S001,P017,132,56.0
INV-20260810-S001-P018,2026-08-10,S001,P018,387,99.0
INV-20260810-S001-P019,2026-08-10,S001,P019,183,64.0
INV-20260810-S001-P020,2026-08-10,S001,P020,230,55.0
INV-20260810-S001-P021,2026-08-10,S001,P021,81,35.0
INV-20260810-S001-P022,2026-08-10,S001,P022,201,41.0
INV-20260810-S001-P023,2026-08-10,S001,P023,114,59.0
INV-20260810-S001-P024,2026-08-10,S001,P024,106,51.0
INV-20260810-S001-P025,2026-08-10,S001,P025,215,12.0
INV-20260810-S001-P026,2026-08-10,S001,P026,256,88.0
INV-20260810-S001-P027,2026-08-10,S001,P027,156,95.0
INV-20260810-S001-P028,2026-08-10,S001,P028,103,23.0
INV-20260810-S001-P029,2026-08-10,S001,P029,111,62.0
INV-20260810-S001-P030,2026-08-10,S001,P030,36,20.0
INV-20260810-S001-P031,2026-08-10,S001,P031,223,74.0
INV-20260810-S001-P032,2026-08-10,S001,P032,168,37.0
INV-20260810-S001-P033,2026-08-10,S001,P033,224,72.0
INV-20260810-S001-P034,2026-08-10,S001,P034,268,79.0
INV-20260810-S001-P035,2026-08-10,S001,P035,229,83.0
INV-20260810-S001-P036,2026-08-10,S001,P036,95,20.0
INV-20260810-S001-P037,2026-08-10,S001,P037,296,97.0
INV-20260810-S001-P038,2026-08-10,S001,P038,53,32.0
INV-20260810-S001-P039,2026-08-10,S001,P039,177,14.0
INV-20260810-S001-P040,2026-08-10,S001,P040,243,62.0
INV-20260810-S001-P041,2026-08-10,S001,P041,63,45.0
INV-20260810-S001-P042,2026-08-10,S001,P042,326,88.0
INV-20260810-S001-P043,2026-08-10,S001,P043,352,86.0
INV-20260810-S001-P044,2026-08-10,S001,P044,55,40.0
INV-20260810-S001-P045,2026-08-10,S001,P045,465,100.0
INV-20260810-S001-P046,2026-08-10,S001,P046,114,37.0
INV-20260810-S001-P047,2026-08-10,S001,P047,203,59.0
INV-20260810-S001-P048,2026-08-10,S001,P048,78,34.0
INV-20260810-S001-P049,2026-08-10,S001,P049,349,98.0
INV-20260810-S001-P050,2026-08-10,S001,P050,122,26.0
INV-20260810-S002-P001,2026-08-10,S002,P001,197,57.0
INV-20260810-S002-P002,2026-08-10,S002,P002,97,41.0
INV-20260810-S002-P003,2026-08-10,S002,P003,57,24.0
INV-20260810-S002-P004,2026-08-10,S002,P004,375,20.0
INV-20260810-S002-P005,2026-08-10,S002,P005,230,66.0
INV-20260810-S002-P006,2026-08-10,S002,P006,28,26.0
INV-20260810-S002-P007,2026-08-10,S002,P007,227,97.0
INV-20260810-S002-P008,2026-08-10,S002,P008,250,65.0
INV-20260810-S002-P009,2026-08-10,S002,P009,139,43.0
INV-20260810-S002-P010,2026-08-10,S002,P010,217,66.0
INV-20260810-S002-P011,2026-08-10,S002,P011,13,12.0
INV-20260810-S002-P012,2026-08-10,S002,P012,480,101.0
INV-20260810-S002-P013,2026-08-10,S002,P013,90,56.0
INV-20260810-S002-P014,2026-08-10,S002,P014,417,84.0
INV-20260810-S002-P015,2026-08-10,S002,P015,78,18.0
INV-20260810-S002-P016,2026-08-10,S002,P016,255,56.0
INV-20260810-S002-P017,2026-08-10,S002,P017,101,56.0
INV-20260810-S002-P018,2026-08-10,S002,P018,398,99.0
INV-20260810-S002-P019,2026-08-10,S002,P019,297,64.0
INV-20260810-S002-P020,2026-08-10,S002,P020,175,55.0
INV-20260810-S002-P021,2026-08-10,S002,P021,86,35.0
INV-20260810-S002-P022,2026-08-10,S002,P022,89,41.0
INV-20260810-S002-P023,2026-08-10,S002,P023,266,59.0
INV-20260810-S002-P024,2026-08-10,S002,P024,190,51.0
INV-20260810-S002-P025,2026-08-10,S002,P025,19,12.0
INV-20260810-S002-P026,2026-08-10,S002,P026,351,88.0
INV-20260810-S002-P027,2026-08-10,S002,P027,260,95.0
INV-20260810-S002-P028,2026-08-10,S002,P028,65,23.0
INV-20260810-S002-P029,2026-08-10,S002,P029,276,62.0
INV-20260810-S002-P030,2026-08-10,S002,P030,78,20.0
INV-20260810-S002-P031,2026-08-10,S002,P031,334,74.0
INV-20260810-S002-P032,2026-08-10,S002,P032,166,37.0
INV-20260810-S002-P033,2026-08-10,S002,P033,255,72.0
INV-20260810-S002-P034,2026-08-10,S002,P034,338,79.0
INV-20260810-S002-P035,2026-08-10,S002,P035,136,83.0
INV-20260810-S002-P036,2026-08-10,S002,P036,75,20.0
INV-20260810-S002-P037,2026-08-10,S002,P037,188,97.0
INV-20260810-S002-P038,2026-08-10,S002,P038,76,32.0
INV-20260810-S002-P039,2026-08-10,S002,P039,27,14.0
INV-20260810-S002-P040,2026-08-10,S002,P040,173,62.0
INV-20260810-S002-P041,2026-08-10,S002,P041,155,45.0
INV-20260810-S002-P042,2026-08-10,S002,P042,102,88.0
INV-20260810-S002-P043,2026-08-10,S002,P043,398,86.0
INV-20260810-S002-P044,2026-08-10,S002,P044,110,40.0
INV-20260810-S002-P045,2026-08-10,S002,P045,453,100.0
INV-20260810-S002-P046,2026-08-10,S002,P046,148,37.0
INV-20260810-S002-P047,2026-08-10,S002,P047,112,59.0
INV-20260810-S002-P048,2026-08-10,S002,P048,89,34.0
INV-20260810-S002-P049,2026-08-10,S002,P049,158,98.0
INV-20260810-S002-P050,2026-08-10,S002,P050,129,26.0
INV-20260810-S003-P001,2026-08-10,S003,P001,201,57.0
INV-20260810-S003-P002,2026-08-10,S003,P002,77,41.0
INV-20260810-S003-P003,2026-08-10,S003,P003,65,24.0
INV-20260810-S003-P004,2026-08-10,S003,P004,70,20.0
INV-20260810-S003-P005,2026-08-10,S003,P005,287,66.0
INV-20260810-S003-P006,2026-08-10,S003,P006,101,26.0
INV-20260810-S003-P007,2026-08-10,S003,P007,185,97.0
INV-20260810-S003-P008,2026-08-10,S003,P008,70,65.0
INV-20260810-S003-P009,2026-08-10,S003,P009,188,43.0
INV-20260810-S003-P010,2026-08-10,S003,P010,129,66.0
INV-20260810-S003-P011,2026-08-10,S003,P011,175,12.0
INV-20260810-S003-P012,2026-08-10,S003,P012,109,101.0
INV-20260810-S003-P013,2026-08-10,S003,P013,95,56.0
INV-20260810-S003-P014,2026-08-10,S003,P014,286,84.0
INV-20260810-S003-P015,2026-08-10,S003,P015,86,18.0
INV-20260810-S003-P016,2026-08-10,S003,P016,215,56.0
INV-20260810-S003-P017,2026-08-10,S003,P017,179,56.0
INV-20260810-S003-P018,2026-08-10,S003,P018,303,99.0
INV-20260810-S003-P019,2026-08-10,S003,P019,142,64.0
INV-20260810-S003-P020,2026-08-10,S003,P020,164,55.0
INV-20260810-S003-P021,2026-08-10,S003,P021,45,35.0
INV-20260810-S003-P022,2026-08-10,S003,P022,64,41.0
INV-20260810-S003-P023,2026-08-10,S003,P023,260,59.0
INV-20260810-S003-P024,2026-08-10,S003,P024,73,51.0
INV-20260810-S003-P025,2026-08-10,S003,P025,161,12.0
INV-20260810-S003-P026,2026-08-10,S003,P026,392,88.0
INV-20260810-S003-P027,2026-08-10,S003,P027,363,95.0
INV-20260810-S003-P028,2026-08-10,S003,P028,115,23.0
INV-20260810-S003-P029,2026-08-10,S003,P029,258,62.0
INV-20260810-S003-P030,2026-08-10,S003,P030,57,20.0
INV-20260810-S003-P031,2026-08-10,S003,P031,199,74.0
INV-20260810-S003-P032,2026-08-10,S003,P032,70,37.0
INV-20260810-S003-P033,2026-08-10,S003,P033,253,72.0
INV-20260810-S003-P034,2026-08-10,S003,P034,90,79.0
INV-20260810-S003-P035,2026-08-10,S003,P035,239,83.0
INV-20260810-S003-P036,2026-08-10,S003,P036,78,20.0
INV-20260810-S003-P037,2026-08-10,S003,P037,278,97.0
INV-20260810-S003-P038,2026-08-10,S003,P038,158,32.0
INV-20260810-S003-P039,2026-08-10,S003,P039,182,14.0
INV-20260810-S003-P040,2026-08-10,S003,P040,271,62.0
INV-20260810-S003-P041,2026-08-10,S003,P041,75,45.0
INV-20260810-S003-P042,2026-08-10,S003,P042,371,88.0
INV-20260810-S003-P043,2026-08-10,S003,P043,355,86.0
INV-20260810-S003-P044,2026-08-10,S003,P044,120,40.0
INV-20260810-S003-P045,2026-08-10,S003,P045,163,100.0
INV-20260810-S003-P046,2026-08-10,S003,P046,68,37.0
INV-20260810-S003-P047,2026-08-10,S003,P047,165,59.0
INV-20260810-S003-P048,2026-08-10,S003,P048,82,34.0
INV-20260810-S003-P049,2026-08-10,S003,P049,486,98.0
INV-20260811-S001-P001,2026-08-11,S001,P001,102,57.0
INV-20260811-S001-P002,2026-08-11,S001,P002,133,41.0
INV-20260811-S001-P003,2026-08-11,S001,P003,32,24.0
INV-20260811-S001-P004,2026-08-11,S001,P004,36,20.0
INV-20260811-S001-P005,2026-08-11,S001,P005,239,66.0
INV-20260811-S001-P006,2026-08-11,S001,P006,44,26.0
INV-20260811-S001-P007,2026-08-11,S001,P007,334,97.0
INV-20260811-S001-P008,2026-08-11,S001,P008,257,65.0
INV-20260811-S001-P009,2026-08-11,S001,P009,188,43.0
INV-20260811-S001-P010,2026-08-11,S001,P010,176,66.0
INV-20260811-S001-P011,2026-08-11,S001,P011,170,12.0
INV-20260811-S001-P012,2026-08-11,S001,P012,127,101.0
INV-20260811-S001-P013,2026-08-11,S001,P013,192,56.0
INV-20260811-S001-P014,2026-08-11,S001,P014,246,84.0
INV-20260811-S001-P015,2026-08-11,S001,P015,73,18.0
INV-20260811-S001-P016,2026-08-11,S001,P016,180,56.0
INV-20260811-S001-P017,2026-08-11,S001,P017,127,56.0
INV-20260811-S001-P018,2026-08-11,S001,P018,370,99.0
INV-20260811-S001-P019,2026-08-11,S001,P019,172,64.0
INV-20260811-S001-P020,2026-08-11,S001,P020,226,55.0
INV-20260811-S001-P021,2026-08-11,S001,P021,78,35.0
INV-20260811-S001-P022,2026-08-11,S001,P022,196,41.0
INV-20260811-S001-P023,2026-08-11,S001,P023,103,59.0
INV-20260811-S001-P024,2026-08-11,S001,P024,99,51.0
INV-20260811-S001-P025,2026-08-11,S001,P025,214,12.0
INV-20260811-S001-P026,2026-08-11,S001,P026,247,88.0
INV-20260811-S001-P027,2026-08-11,S001,P027,140,95.0
INV-20260811-S001-P028,2026-08-11,S001,P028,101,23.0
INV-20260811-S001-P029,2026-08-11,S001,P029,103,62.0
INV-20260811-S001-P030,2026-08-11,S001,P030,33,20.0
INV-20260811-S001-P031,2026-08-11,S001,P031,210,74.0
INV-20260811-S001-P032,2026-08-11,S001,P032,163,37.0
INV-20260811-S001-P033,2026-08-11,S001,P033,211,72.0
INV-20260811-S001-P034,2026-08-11,S001,P034,256,79.0
INV-20260811-S001-P035,2026-08-11,S001,P035,214,83.0
INV-20260811-S001-P036,2026-08-11,S001,P036,94,20.0
INV-20260811-S001-P037,2026-08-11,S001,P037,286,97.0
INV-20260811-S001-P038,2026-08-11,S001,P038,45,32.0
INV-20260811-S001-P039,2026-08-11,S001,P039,173,14.0
INV-20260811-S001-P040,2026-08-11,S001,P040,235,62.0
INV-20260811-S001-P041,2026-08-11,S001,P041,59,45.0
INV-20260811-S001-P042,2026-08-11,S001,P042,311,88.0
INV-20260811-S001-P043,2026-08-11,S001,P043,342,86.0
INV-20260811-S001-P044,2026-08-11,S001,P044,46,40.0
INV-20260811-S001-P045,2026-08-11,S001,P045,448,100.0
INV-20260811-S001-P046,2026-08-11,S001,P046,110,37.0
INV-20260811-S001-P047,2026-08-11,S001,P047,192,59.0
INV-20260811-S001-P048,2026-08-11,S001,P048,75,34.0
INV-20260811-S001-P049,2026-08-11,S001,P049,334,98.0
INV-20260811-S001-P050,2026-08-11,S001,P050,116,26.0
INV-20260811-S002-P001,2026-08-11,S002,P001,182,57.0
INV-20260811-S002-P002,2026-08-11,S002,P002,89,41.0
INV-20260811-S002-P003,2026-08-11,S002,P003,50,24.0
INV-20260811-S002-P004,2026-08-11,S002,P004,375,20.0
INV-20260811-S002-P005,2026-08-11,S002,P005,216,66.0
INV-20260811-S002-P006,2026-08-11,S002,P006,130,26.0
INV-20260811-S002-P007,2026-08-11,S002,P007,227,97.0
INV-20260811-S002-P008,2026-08-11,S002,P008,240,65.0
INV-20260811-S002-P009,2026-08-11,S002,P009,129,43.0
INV-20260811-S002-P010,2026-08-11,S002,P010,208,66.0
INV-20260811-S002-P011,2026-08-11,S002,P011,60,12.0
INV-20260811-S002-P012,2026-08-11,S002,P012,472,101.0
INV-20260811-S002-P013,2026-08-11,S002,P013,73,56.0
INV-20260811-S002-P014,2026-08-11,S002,P014,404,84.0
INV-20260811-S002-P015,2026-08-11,S002,P015,73,18.0
INV-20260811-S002-P016,2026-08-11,S002,P016,239,56.0
INV-20260811-S002-P017,2026-08-11,S002,P017,91,56.0
INV-20260811-S002-P018,2026-08-11,S002,P018,377,99.0
INV-20260811-S002-P019,2026-08-11,S002,P019,291,64.0
INV-20260811-S002-P020,2026-08-11,S002,P020,167,55.0
INV-20260811-S002-P021,2026-08-11,S002,P021,80,35.0
INV-20260811-S002-P022,2026-08-11,S002,P022,82,41.0
INV-20260811-S002-P023,2026-08-11,S002,P023,254,59.0
INV-20260811-S002-P024,2026-08-11,S002,P024,183,51.0
INV-20260811-S002-P025,2026-08-11,S002,P025,15,12.0
INV-20260811-S002-P026,2026-08-11,S002,P026,338,88.0
INV-20260811-S002-P027,2026-08-11,S002,P027,245,95.0
INV-20260811-S002-P028,2026-08-11,S002,P028,62,23.0
INV-20260811-S002-P029,2026-08-11,S002,P029,271,62.0
INV-20260811-S002-P030,2026-08-11,S002,P030,76,20.0
INV-20260811-S002-P031,2026-08-11,S002,P031,318,74.0
INV-20260811-S002-P032,2026-08-11,S002,P032,156,37.0
INV-20260811-S002-P033,2026-08-11,S002,P033,248,72.0
INV-20260811-S002-P034,2026-08-11,S002,P034,326,79.0
INV-20260811-S002-P035,2026-08-11,S002,P035,123,83.0
INV-20260811-S002-P036,2026-08-11,S002,P036,72,20.0
INV-20260811-S002-P037,2026-08-11,S002,P037,174,97.0
INV-20260811-S002-P038,2026-08-11,S002,P038,67,32.0
INV-20260811-S002-P039,2026-08-11,S002,P039,25,14.0
INV-20260811-S002-P040,2026-08-11,S002,P040,169,62.0
INV-20260811-S002-P041,2026-08-11,S002,P041,148,45.0
INV-20260811-S002-P042,2026-08-11,S002,P042,443,88.0
INV-20260811-S002-P043,2026-08-11,S002,P043,382,86.0
INV-20260811-S002-P044,2026-08-11,S002,P044,100,40.0
INV-20260811-S002-P045,2026-08-11,S002,P045,434,100.0
INV-20260811-S002-P046,2026-08-11,S002,P046,145,37.0
INV-20260811-S002-P047,2026-08-11,S002,P047,105,59.0
INV-20260811-S002-P048,2026-08-11,S002,P048,86,34.0
INV-20260811-S002-P049,2026-08-11,S002,P049,140,98.0
INV-20260811-S002-P050,2026-08-11,S002,P050,124,26.0
INV-20260811-S003-P001,2026-08-11,S003,P001,193,57.0
INV-20260811-S003-P002,2026-08-11,S003,P002,72,41.0
INV-20260811-S003-P003,2026-08-11,S003,P003,62,24.0
INV-20260811-S003-P004,2026-08-11,S003,P004,67,20.0
INV-20260811-S003-P005,2026-08-11,S003,P005,275,66.0
INV-20260811-S003-P006,2026-08-11,S003,P006,100,26.0
INV-20260811-S003-P007,2026-08-11,S003,P007,177,97.0
INV-20260811-S003-P008,2026-08-11,S003,P008,325,65.0
INV-20260811-S003-P009,2026-08-11,S003,P009,180,43.0
INV-20260811-S003-P010,2026-08-11,S003,P010,121,66.0
INV-20260811-S003-P011,2026-08-11,S003,P011,172,12.0
INV-20260811-S003-P012,2026-08-11,S003,P012,500,101.0
INV-20260811-S003-P013,2026-08-11,S003,P013,89,56.0
INV-20260811-S003-P014,2026-08-11,S003,P014,275,84.0
INV-20260811-S003-P015,2026-08-11,S003,P015,85,18.0
INV-20260811-S003-P016,2026-08-11,S003,P016,211,56.0
INV-20260811-S003-P017,2026-08-11,S003,P017,172,56.0
INV-20260811-S003-P018,2026-08-11,S003,P018,289,99.0
INV-20260811-S003-P019,2026-08-11,S003,P019,129,64.0
INV-20260811-S003-P020,2026-08-11,S003,P020,158,55.0
INV-20260811-S003-P021,2026-08-11,S003,P021,38,35.0
INV-20260811-S003-P022,2026-08-11,S003,P022,63,41.0
INV-20260811-S003-P023,2026-08-11,S003,P023,255,59.0
INV-20260811-S003-P024,2026-08-11,S003,P024,68,51.0
INV-20260811-S003-P025,2026-08-11,S003,P025,160,12.0
INV-20260811-S003-P026,2026-08-11,S003,P026,379,88.0
INV-20260811-S003-P027,2026-08-11,S003,P027,357,95.0
INV-20260811-S003-P028,2026-08-11,S003,P028,112,23.0
INV-20260811-S003-P029,2026-08-11,S003,P029,252,62.0
INV-20260811-S003-P030,2026-08-11,S003,P030,53,20.0
INV-20260811-S003-P031,2026-08-11,S003,P031,191,74.0
INV-20260811-S003-P032,2026-08-11,S003,P032,67,37.0
INV-20260811-S003-P033,2026-08-11,S003,P033,249,72.0
INV-20260811-S003-P034,2026-08-11,S003,P034,395,79.0
INV-20260811-S003-P035,2026-08-11,S003,P035,226,83.0
INV-20260811-S003-P036,2026-08-11,S003,P036,75,20.0
INV-20260811-S003-P037,2026-08-11,S003,P037,269,97.0
INV-20260811-S003-P038,2026-08-11,S003,P038,154,32.0
INV-20260811-S003-P039,2026-08-11,S003,P039,177,14.0
INV-20260811-S003-P040,2026-08-11,S003,P040,264,62.0
INV-20260811-S003-P041,2026-08-11,S003,P041,71,45.0
INV-20260811-S003-P042,2026-08-11,S003,P042,360,88.0
INV-20260811-S003-P043,2026-08-11,S003,P043,348,86.0
INV-20260811-S003-P044,2026-08-11,S003,P044,115,40.0
INV-20260811-S003-P045,2026-08-11,S003,P045,149,100.0
INV-20260811-S003-P046,2026-08-11,S003,P046,66,37.0
INV-20260811-S003-P047,2026-08-11,S003,P047,156,59.0
INV-20260811-S003-P048,2026-08-11,S003,P048,80,34.0
INV-20260811-S003-P049,2026-08-11,S003,P049,477,98.0
INV-20260812-S001-P001,2026-08-12,S001,P001,97,57.0
INV-20260812-S001-P002,2026-08-12,S001,P002,129,41.0
INV-20260812-S001-P003,2026-08-12,S001,P003,32,24.0
INV-20260812-S001-P004,2026-08-12,S001,P004,32,20.0
INV-20260812-S001-P005,2026-08-12,S001,P005,232,66.0
INV-20260812-S001-P006,2026-08-12,S001,P006,39,26.0
INV-20260812-S001-P007,2026-08-12,S001,P007,322,97.0
INV-20260812-S001-P008,2026-08-12,S001,P008,247,65.0
INV-20260812-S001-P009,2026-08-12,S001,P009,185,43.0
INV-20260812-S001-P010,2026-08-12,S001,P010,165,66.0
INV-20260812-S001-P011,2026-08-12,S001,P011,170,12.0
INV-20260812-S001-P012,2026-08-12,S001,P012,114,101.0
INV-20260812-S001-P013,2026-08-12,S001,P013,181,56.0
INV-20260812-S001-P014,2026-08-12,S001,P014,237,84.0
INV-20260812-S001-P015,2026-08-12,S001,P015,70,18.0
INV-20260812-S001-P016,2026-08-12,S001,P016,176,56.0
INV-20260812-S001-P017,2026-08-12,S001,P017,123,56.0
INV-20260812-S001-P018,2026-08-12,S001,P018,354,99.0
INV-20260812-S001-P019,2026-08-12,S001,P019,163,64.0
INV-20260812-S001-P020,2026-08-12,S001,P020,220,55.0
INV-20260812-S001-P021,2026-08-12,S001,P021,75,35.0
INV-20260812-S001-P022,2026-08-12,S001,P022,191,41.0
INV-20260812-S001-P023,2026-08-12,S001,P023,94,59.0
INV-20260812-S001-P024,2026-08-12,S001,P024,90,51.0
INV-20260812-S001-P025,2026-08-12,S001,P025,214,12.0
INV-20260812-S001-P026,2026-08-12,S001,P026,233,88.0
INV-20260812-S001-P027,2026-08-12,S001,P027,118,95.0
INV-20260812-S001-P028,2026-08-12,S001,P028,98,23.0
INV-20260812-S001-P029,2026-08-12,S001,P029,95,62.0
INV-20260812-S001-P030,2026-08-12,S001,P030,29,20.0
INV-20260812-S001-P031,2026-08-12,S001,P031,197,74.0
INV-20260812-S001-P032,2026-08-12,S001,P032,156,37.0
INV-20260812-S001-P033,2026-08-12,S001,P033,200,72.0
INV-20260812-S001-P034,2026-08-12,S001,P034,244,79.0
INV-20260812-S001-P035,2026-08-12,S001,P035,208,83.0
INV-20260812-S001-P036,2026-08-12,S001,P036,93,20.0
INV-20260812-S001-P037,2026-08-12,S001,P037,274,97.0
INV-20260812-S001-P038,2026-08-12,S001,P038,41,32.0
INV-20260812-S001-P039,2026-08-12,S001,P039,172,14.0
INV-20260812-S001-P040,2026-08-12,S001,P040,227,62.0
INV-20260812-S001-P041,2026-08-12,S001,P041,55,45.0
INV-20260812-S001-P042,2026-08-12,S001,P042,302,88.0
INV-20260812-S001-P043,2026-08-12,S001,P043,338,86.0
INV-20260812-S001-P044,2026-08-12,S001,P044,41,40.0
INV-20260812-S001-P045,2026-08-12,S001,P045,439,100.0
INV-20260812-S001-P046,2026-08-12,S001,P046,108,37.0
INV-20260812-S001-P047,2026-08-12,S001,P047,184,59.0
INV-20260812-S001-P048,2026-08-12,S001,P048,69,34.0
INV-20260812-S001-P049,2026-08-12,S001,P049,321,98.0
INV-20260812-S001-P050,2026-08-12,S001,P050,112,26.0
INV-20260812-S002-P001,2026-08-12,S002,P001,168,57.0
INV-20260812-S002-P002,2026-08-12,S002,P002,83,41.0
INV-20260812-S002-P003,2026-08-12,S002,P003,43,24.0
INV-20260812-S002-P004,2026-08-12,S002,P004,375,20.0
INV-20260812-S002-P005,2026-08-12,S002,P005,201,66.0
INV-20260812-S002-P006,2026-08-12,S002,P006,127,26.0
INV-20260812-S002-P007,2026-08-12,S002,P007,227,97.0
INV-20260812-S002-P008,2026-08-12,S002,P008,229,65.0
INV-20260812-S002-P009,2026-08-12,S002,P009,123,43.0
INV-20260812-S002-P010,2026-08-12,S002,P010,203,66.0
INV-20260812-S002-P011,2026-08-12,S002,P011,58,12.0
INV-20260812-S002-P012,2026-08-12,S002,P012,454,101.0
INV-20260812-S002-P013,2026-08-12,S002,P013,65,56.0
INV-20260812-S002-P014,2026-08-12,S002,P014,385,84.0
INV-20260812-S002-P015,2026-08-12,S002,P015,73,18.0
INV-20260812-S002-P016,2026-08-12,S002,P016,226,56.0
INV-20260812-S002-P017,2026-08-12,S002,P017,85,56.0
INV-20260812-S002-P018,2026-08-12,S002,P018,361,99.0
INV-20260812-S002-P019,2026-08-12,S002,P019,282,64.0
INV-20260812-S002-P020,2026-08-12,S002,P020,162,55.0
INV-20260812-S002-P021,2026-08-12,S002,P021,76,35.0
INV-20260812-S002-P022,2026-08-12,S002,P022,79,41.0
INV-20260812-S002-P023,2026-08-12,S002,P023,242,59.0
INV-20260812-S002-P024,2026-08-12,S002,P024,170,51.0
INV-20260812-S002-P025,2026-08-12,S002,P025,61,12.0
INV-20260812-S002-P026,2026-08-12,S002,P026,322,88.0
INV-20260812-S002-P027,2026-08-12,S002,P027,223,95.0
INV-20260812-S002-P028,2026-08-12,S002,P028,60,23.0
INV-20260812-S002-P029,2026-08-12,S002,P029,263,62.0
INV-20260812-S002-P030,2026-08-12,S002,P030,73,20.0
INV-20260812-S002-P031,2026-08-12,S002,P031,308,74.0
INV-20260812-S002-P032,2026-08-12,S002,P032,148,37.0
INV-20260812-S002-P033,2026-08-12,S002,P033,234,72.0
INV-20260812-S002-P034,2026-08-12,S002,P034,312,79.0
INV-20260812-S002-P035,2026-08-12,S002,P035,107,83.0
INV-20260812-S002-P036,2026-08-12,S002,P036,70,20.0
INV-20260812-S002-P037,2026-08-12,S002,P037,163,97.0
INV-20260812-S002-P038,2026-08-12,S002,P038,62,32.0
INV-20260812-S002-P039,2026-08-12,S002,P039,23,14.0
INV-20260812-S002-P040,2026-08-12,S002,P040,160,62.0
INV-20260812-S002-P041,2026-08-12,S002,P041,138,45.0
INV-20260812-S002-P042,2026-08-12,S002,P042,430,88.0
INV-20260812-S002-P043,2026-08-12,S002,P043,365,86.0
INV-20260812-S002-P044,2026-08-12,S002,P044,92,40.0
INV-20260812-S002-P045,2026-08-12,S002,P045,417,100.0
INV-20260812-S002-P046,2026-08-12,S002,P046,134,37.0
INV-20260812-S002-P047,2026-08-12,S002,P047,95,59.0
INV-20260812-S002-P048,2026-08-12,S002,P048,78,34.0
INV-20260812-S002-P049,2026-08-12,S002,P049,122,98.0
INV-20260812-S002-P050,2026-08-12,S002,P050,120,26.0
INV-20260812-S003-P001,2026-08-12,S003,P001,190,57.0
INV-20260812-S003-P002,2026-08-12,S003,P002,69,41.0
INV-20260812-S003-P003,2026-08-12,S003,P003,59,24.0
INV-20260812-S003-P004,2026-08-12,S003,P004,64,20.0
INV-20260812-S003-P005,2026-08-12,S003,P005,269,66.0
INV-20260812-S003-P006,2026-08-12,S003,P006,99,26.0
INV-20260812-S003-P007,2026-08-12,S003,P007,169,97.0
INV-20260812-S003-P008,2026-08-12,S003,P008,316,65.0
INV-20260812-S003-P009,2026-08-12,S003,P009,174,43.0
INV-20260812-S003-P010,2026-08-12,S003,P010,115,66.0
INV-20260812-S003-P011,2026-08-12,S003,P011,172,12.0
INV-20260812-S003-P012,2026-08-12,S003,P012,487,101.0
INV-20260812-S003-P013,2026-08-12,S003,P013,80,56.0
INV-20260812-S003-P014,2026-08-12,S003,P014,266,84.0
INV-20260812-S003-P015,2026-08-12,S003,P015,80,18.0
INV-20260812-S003-P016,2026-08-12,S003,P016,208,56.0
INV-20260812-S003-P017,2026-08-12,S003,P017,167,56.0
INV-20260812-S003-P018,2026-08-12,S003,P018,282,99.0
INV-20260812-S003-P019,2026-08-12,S003,P019,121,64.0
INV-20260812-S003-P020,2026-08-12,S003,P020,155,55.0
INV-20260812-S003-P021,2026-08-12,S003,P021,176,35.0
INV-20260812-S003-P022,2026-08-12,S003,P022,60,41.0
INV-20260812-S003-P023,2026-08-12,S003,P023,245,59.0
INV-20260812-S003-P024,2026-08-12,S003,P024,64,51.0
INV-20260812-S003-P025,2026-08-12,S003,P025,160,12.0
INV-20260812-S003-P026,2026-08-12,S003,P026,370,88.0
INV-20260812-S003-P027,2026-08-12,S003,P027,346,95.0
INV-20260812-S003-P028,2026-08-12,S003,P028,110,23.0
INV-20260812-S003-P029,2026-08-12,S003,P029,245,62.0
INV-20260812-S003-P030,2026-08-12,S003,P030,50,20.0
INV-20260812-S003-P031,2026-08-12,S003,P031,186,74.0
INV-20260812-S003-P032,2026-08-12,S003,P032,66,37.0
INV-20260812-S003-P033,2026-08-12,S003,P033,240,72.0
INV-20260812-S003-P034,2026-08-12,S003,P034,380,79.0
INV-20260812-S003-P035,2026-08-12,S003,P035,220,83.0
INV-20260812-S003-P036,2026-08-12,S003,P036,73,20.0
INV-20260812-S003-P037,2026-08-12,S003,P037,258,97.0
INV-20260812-S003-P038,2026-08-12,S003,P038,152,32.0
INV-20260812-S003-P039,2026-08-12,S003,P039,175,14.0
INV-20260812-S003-P040,2026-08-12,S003,P040,254,62.0
INV-20260812-S003-P041,2026-08-12,S003,P041,67,45.0
INV-20260812-S003-P042,2026-08-12,S003,P042,352,88.0
INV-20260812-S003-P043,2026-08-12,S003,P043,341,86.0
INV-20260812-S003-P044,2026-08-12,S003,P044,112,40.0
INV-20260812-S003-P045,2026-08-12,S003,P045,144,100.0
INV-20260812-S003-P046,2026-08-12,S003,P046,60,37.0
INV-20260812-S003-P047,2026-08-12,S003,P047,151,59.0
INV-20260812-S003-P048,2026-08-12,S003,P048,75,34.0
INV-20260812-S003-P049,2026-08-12,S003,P049,466,98.0
INV-20260813-S001-P001,2026-08-13,S001,P001,90,57.0
INV-20260813-S001-P002,2026-08-13,S001,P002,123,41.0
INV-20260813-S001-P003,2026-08-13,S001,P003,27,24.0
INV-20260813-S001-P004,2026-08-13,S001,P004,25,20.0
INV-20260813-S001-P005,2026-08-13,S001,P005,221,66.0
INV-20260813-S001-P006,2026-08-13,S001,P006,38,26.0
INV-20260813-S001-P007,2026-08-13,S001,P007,305,97.0
INV-20260813-S001-P008,2026-08-13,S001,P008,241,65.0
INV-20260813-S001-P009,2026-08-13,S001,P009,177,43.0
INV-20260813-S001-P010,2026-08-13,S001,P010,152,66.0
INV-20260813-S001-P011,2026-08-13,S001,P011,169,12.0
INV-20260813-S001-P012,2026-08-13,S001,P012,502,101.0
INV-20260813-S001-P013,2026-08-13,S001,P013,172,56.0
INV-20260813-S001-P014,2026-08-13,S001,P014,227,84.0
INV-20260813-S001-P015,2026-08-13,S001,P015,67,18.0
INV-20260813-S001-P016,2026-08-13,S001,P016,171,56.0
INV-20260813-S001-P017,2026-08-13,S001,P017,116,56.0
INV-20260813-S001-P018,2026-08-13,S001,P018,340,99.0
INV-20260813-S001-P019,2026-08-13,S001,P019,157,64.0
INV-20260813-S001-P020,2026-08-13,S001,P020,210,55.0
INV-20260813-S001-P021,2026-08-13,S001,P021,72,35.0
INV-20260813-S001-P022,2026-08-13,S001,P022,184,41.0
INV-20260813-S001-P023,2026-08-13,S001,P023,93,59.0
INV-20260813-S001-P024,2026-08-13,S001,P024,79,51.0
INV-20260813-S001-P025,2026-08-13,S001,P025,214,12.0
INV-20260813-S001-P026,2026-08-13,S001,P026,220,88.0
INV-20260813-S001-P027,2026-08-13,S001,P027,104,95.0
INV-20260813-S001-P028,2026-08-13,S001,P028,95,23.0
INV-20260813-S001-P029,2026-08-13,S001,P029,83,62.0
INV-20260813-S001-P030,2026-08-13,S001,P030,22,20.0
INV-20260813-S001-P031,2026-08-13,S001,P031,182,74.0
INV-20260813-S001-P032,2026-08-13,S001,P032,149,37.0
INV-20260813-S001-P033,2026-08-13,S001,P033,191,72.0
INV-20260813-S001-P034,2026-08-13,S001,P034,232,79.0
INV-20260813-S001-P035,2026-08-13,S001,P035,199,83.0
INV-20260813-S001-P036,2026-08-13,S001,P036,89,20.0
INV-20260813-S001-P037,2026-08-13,S001,P037,262,97.0
INV-20260813-S001-P038,2026-08-13,S001,P038,38,32.0
INV-20260813-S001-P039,2026-08-13,S001,P039,170,14.0
INV-20260813-S001-P040,2026-08-13,S001,P040,215,62.0
INV-20260813-S001-P041,2026-08-13,S001,P041,53,45.0
INV-20260813-S001-P042,2026-08-13,S001,P042,292,88.0
INV-20260813-S001-P043,2026-08-13,S001,P043,330,86.0
INV-20260813-S001-P044,2026-08-13,S001,P044,199,40.0
INV-20260813-S001-P045,2026-08-13,S001,P045,416,100.0
INV-20260813-S001-P046,2026-08-13,S001,P046,107,37.0
INV-20260813-S001-P047,2026-08-13,S001,P047,174,59.0
INV-20260813-S001-P048,2026-08-13,S001,P048,62,34.0
INV-20260813-S001-P049,2026-08-13,S001,P049,309,98.0
INV-20260813-S001-P050,2026-08-13,S001,P050,110,26.0
INV-20260813-S002-P001,2026-08-13,S002,P001,159,57.0
INV-20260813-S002-P002,2026-08-13,S002,P002,77,41.0
INV-20260813-S002-P003,2026-08-13,S002,P003,37,24.0
INV-20260813-S002-P004,2026-08-13,S002,P004,373,20.0
INV-20260813-S002-P005,2026-08-13,S002,P005,183,66.0
INV-20260813-S002-P006,2026-08-13,S002,P006,124,26.0
INV-20260813-S002-P007,2026-08-13,S002,P007,227,97.0
INV-20260813-S002-P008,2026-08-13,S002,P008,223,65.0
INV-20260813-S002-P009,2026-08-13,S002,P009,117,43.0
INV-20260813-S002-P010,2026-08-13,S002,P010,191,66.0
INV-20260813-S002-P011,2026-08-13,S002,P011,57,12.0
INV-20260813-S002-P012,2026-08-13,S002,P012,437,101.0
INV-20260813-S002-P013,2026-08-13,S002,P013,279,56.0
INV-20260813-S002-P014,2026-08-13,S002,P014,373,84.0
INV-20260813-S002-P015,2026-08-13,S002,P015,68,18.0
INV-20260813-S002-P016,2026-08-13,S002,P016,217,56.0
INV-20260813-S002-P017,2026-08-13,S002,P017,73,56.0
INV-20260813-S002-P018,2026-08-13,S002,P018,350,99.0
INV-20260813-S002-P019,2026-08-13,S002,P019,276,64.0
INV-20260813-S002-P020,2026-08-13,S002,P020,153,55.0
INV-20260813-S002-P021,2026-08-13,S002,P021,70,35.0
INV-20260813-S002-P022,2026-08-13,S002,P022,73,41.0
INV-20260813-S002-P023,2026-08-13,S002,P023,232,59.0
INV-20260813-S002-P024,2026-08-13,S002,P024,162,51.0
INV-20260813-S002-P025,2026-08-13,S002,P025,56,12.0
INV-20260813-S002-P026,2026-08-13,S002,P026,314,88.0
INV-20260813-S002-P027,2026-08-13,S002,P027,204,95.0
INV-20260813-S002-P028,2026-08-13,S002,P028,56,23.0
INV-20260813-S002-P029,2026-08-13,S002,P029,249,62.0
INV-20260813-S002-P030,2026-08-13,S002,P030,70,20.0
INV-20260813-S002-P031,2026-08-13,S002,P031,295,74.0
INV-20260813-S002-P032,2026-08-13,S002,P032,141,37.0
INV-20260813-S002-P033,2026-08-13,S002,P033,214,72.0
INV-20260813-S002-P034,2026-08-13,S002,P034,293,79.0
INV-20260813-S002-P035,2026-08-13,S002,P035,95,83.0
INV-20260813-S002-P036,2026-08-13,S002,P036,67,20.0
INV-20260813-S002-P037,2026-08-13,S002,P037,149,97.0
INV-20260813-S002-P038,2026-08-13,S002,P038,55,32.0
INV-20260813-S002-P039,2026-08-13,S002,P039,22,14.0
INV-20260813-S002-P040,2026-08-13,S002,P040,151,62.0
INV-20260813-S002-P041,2026-08-13,S002,P041,132,45.0
INV-20260813-S002-P042,2026-08-13,S002,P042,418,88.0
INV-20260813-S002-P043,2026-08-13,S002,P043,352,86.0
INV-20260813-S002-P044,2026-08-13,S002,P044,88,40.0
INV-20260813-S002-P045,2026-08-13,S002,P045,401,100.0
INV-20260813-S002-P046,2026-08-13,S002,P046,127,37.0
INV-20260813-S002-P047,2026-08-13,S002,P047,84,59.0
INV-20260813-S002-P048,2026-08-13,S002,P048,74,34.0
INV-20260813-S002-P049,2026-08-13,S002,P049,101,98.0
INV-20260813-S002-P050,2026-08-13,S002,P050,115,26.0
INV-20260813-S003-P001,2026-08-13,S003,P001,186,57.0
INV-20260813-S003-P002,2026-08-13,S003,P002,63,41.0
INV-20260813-S003-P003,2026-08-13,S003,P003,59,24.0
INV-20260813-S003-P004,2026-08-13,S003,P004,60,20.0
INV-20260813-S003-P005,2026-08-13,S003,P005,260,66.0
INV-20260813-S003-P006,2026-08-13,S003,P006,97,26.0
INV-20260813-S003-P007,2026-08-13,S003,P007,160,97.0
INV-20260813-S003-P008,2026-08-13,S003,P008,308,65.0
INV-20260813-S003-P009,2026-08-13,S003,P009,167,43.0
INV-20260813-S003-P010,2026-08-13,S003,P010,101,66.0
INV-20260813-S003-P011,2026-08-13,S003,P011,172,12.0
INV-20260813-S003-P012,2026-08-13,S003,P012,476,101.0
INV-20260813-S003-P013,2026-08-13,S003,P013,77,56.0
INV-20260813-S003-P014,2026-08-13,S003,P014,252,84.0
INV-20260813-S003-P015,2026-08-13,S003,P015,79,18.0
INV-20260813-S003-P016,2026-08-13,S003,P016,202,56.0
INV-20260813-S003-P017,2026-08-13,S003,P017,162,56.0
INV-20260813-S003-P018,2026-08-13,S003,P018,271,99.0
INV-20260813-S003-P019,2026-08-13,S003,P019,120,64.0
INV-20260813-S003-P020,2026-08-13,S003,P020,151,55.0
INV-20260813-S003-P021,2026-08-13,S003,P021,172,35.0
INV-20260813-S003-P022,2026-08-13,S003,P022,59,41.0
INV-20260813-S003-P023,2026-08-13,S003,P023,238,59.0
INV-20260813-S003-P024,2026-08-13,S003,P024,58,51.0
INV-20260813-S003-P025,2026-08-13,S003,P025,158,12.0
INV-20260813-S003-P026,2026-08-13,S003,P026,362,88.0
INV-20260813-S003-P027,2026-08-13,S003,P027,337,95.0
INV-20260813-S003-P028,2026-08-13,S003,P028,103,23.0
INV-20260813-S003-P029,2026-08-13,S003,P029,238,62.0
INV-20260813-S003-P030,2026-08-13,S003,P030,47,20.0
INV-20260813-S003-P031,2026-08-13,S003,P031,178,74.0
INV-20260813-S003-P032,2026-08-13,S003,P032,64,37.0
INV-20260813-S003-P033,2026-08-13,S003,P033,231,72.0
INV-20260813-S003-P034,2026-08-13,S003,P034,375,79.0
INV-20260813-S003-P035,2026-08-13,S003,P035,207,83.0
INV-20260813-S003-P036,2026-08-13,S003,P036,72,20.0
INV-20260813-S003-P037,2026-08-13,S003,P037,250,97.0
INV-20260813-S003-P038,2026-08-13,S003,P038,148,32.0
INV-20260813-S003-P039,2026-08-13,S003,P039,174,14.0
INV-20260813-S003-P040,2026-08-13,S003,P040,248,62.0
INV-20260813-S003-P041,2026-08-13,S003,P041,63,45.0
INV-20260813-S003-P042,2026-08-13,S003,P042,337,88.0
INV-20260813-S003-P043,2026-08-13,S003,P043,330,86.0
INV-20260813-S003-P044,2026-08-13,S003,P044,106,40.0
INV-20260813-S003-P045,2026-08-13,S003,P045,130,100.0
INV-20260813-S003-P046,2026-08-13,S003,P046,54,37.0
INV-20260813-S003-P047,2026-08-13,S003,P047,146,59.0
INV-20260813-S003-P048,2026-08-13,S003,P048,73,34.0
INV-20260813-S003-P049,2026-08-13,S003,P049,454,98.0
INV-20260814-S001-P001,2026-08-14,S001,P001,83,57.0
INV-20260814-S001-P002,2026-08-14,S001,P002,114,41.0
INV-20260814-S001-P003,2026-08-14,S001,P003,120,24.0
INV-20260814-S001-P004,2026-08-14,S001,P004,21,20.0
INV-20260814-S001-P005,2026-08-14,S001,P005,214,66.0
INV-20260814-S001-P006,2026-08-14,S001,P006,37,26.0
INV-20260814-S001-P007,2026-08-14,S001,P007,297,97.0
INV-20260814-S001-P008,2026-08-14,S001,P008,230,65.0
INV-20260814-S001-P009,2026-08-14,S001,P009,163,43.0
INV-20260814-S001-P010,2026-08-14,S001,P010,135,66.0
INV-20260814-S001-P011,2026-08-14,S001,P011,169,12.0
INV-20260814-S001-P012,2026-08-14,S001,P012,489,101.0
INV-20260814-S001-P013,2026-08-14,S001,P013,159,56.0
INV-20260814-S001-P014,2026-08-14,S001,P014,213,84.0
INV-20260814-S001-P015,2026-08-14,S001,P015,65,18.0
INV-20260814-S001-P016,2026-08-14,S001,P016,165,56.0
INV-20260814-S001-P017,2026-08-14,S001,P017,111,56.0
INV-20260814-S001-P018,2026-08-14,S001,P018,328,99.0
INV-20260814-S001-P019,2026-08-14,S001,P019,146,64.0
INV-20260814-S001-P020,2026-08-14,S001,P020,199,55.0
INV-20260814-S001-P021,2026-08-14,S001,P021,67,35.0
INV-20260814-S001-P022,2026-08-14,S001,P022,179,41.0
INV-20260814-S001-P023,2026-08-14,S001,P023,81,59.0
INV-20260814-S001-P024,2026-08-14,S001,P024,69,51.0
INV-20260814-S001-P025,2026-08-14,S001,P025,210,12.0
INV-20260814-S001-P026,2026-08-14,S001,P026,208,88.0
INV-20260814-S001-P027,2026-08-14,S001,P027,466,95.0
INV-20260814-S001-P028,2026-08-14,S001,P028,90,23.0
INV-20260814-S001-P029,2026-08-14,S001,P029,77,62.0
INV-20260814-S001-P030,2026-08-14,S001,P030,21,20.0
INV-20260814-S001-P031,2026-08-14,S001,P031,171,74.0
INV-20260814-S001-P032,2026-08-14,S001,P032,146,37.0
INV-20260814-S001-P033,2026-08-14,S001,P033,183,72.0
INV-20260814-S001-P034,2026-08-14,S001,P034,223,79.0
INV-20260814-S001-P035,2026-08-14,S001,P035,188,83.0
INV-20260814-S001-P036,2026-08-14,S001,P036,89,20.0
INV-20260814-S001-P037,2026-08-14,S001,P037,244,97.0
INV-20260814-S001-P038,2026-08-14,S001,P038,34,32.0
INV-20260814-S001-P039,2026-08-14,S001,P039,168,14.0
INV-20260814-S001-P040,2026-08-14,S001,P040,209,62.0
INV-20260814-S001-P041,2026-08-14,S001,P041,48,45.0
INV-20260814-S001-P042,2026-08-14,S001,P042,278,88.0
INV-20260814-S001-P043,2026-08-14,S001,P043,315,86.0
INV-20260814-S001-P044,2026-08-14,S001,P044,193,40.0
INV-20260814-S001-P045,2026-08-14,S001,P045,401,100.0
INV-20260814-S001-P046,2026-08-14,S001,P046,105,37.0
INV-20260814-S001-P047,2026-08-14,S001,P047,169,59.0
INV-20260814-S001-P048,2026-08-14,S001,P048,54,34.0
INV-20260814-S001-P049,2026-08-14,S001,P049,289,98.0
INV-20260814-S001-P050,2026-08-14,S001,P050,104,26.0
INV-20260814-S002-P001,2026-08-14,S002,P001,148,57.0
INV-20260814-S002-P002,2026-08-14,S002,P002,70,41.0
INV-20260814-S002-P003,2026-08-14,S002,P003,30,24.0
INV-20260814-S002-P004,2026-08-14,S002,P004,373,20.0
INV-20260814-S002-P005,2026-08-14,S002,P005,169,66.0
INV-20260814-S002-P006,2026-08-14,S002,P006,119,26.0
INV-20260814-S002-P007,2026-08-14,S002,P007,227,97.0
INV-20260814-S002-P008,2026-08-14,S002,P008,217,65.0
INV-20260814-S002-P009,2026-08-14,S002,P009,108,43.0
INV-20260814-S002-P010,2026-08-14,S002,P010,174,66.0
INV-20260814-S002-P011,2026-08-14,S002,P011,53,12.0
INV-20260814-S002-P012,2026-08-14,S002,P012,423,101.0
INV-20260814-S002-P013,2026-08-14,S002,P013,273,56.0
INV-20260814-S002-P014,2026-08-14,S002,P014,358,84.0
INV-20260814-S002-P015,2026-08-14,S002,P015,62,18.0
INV-20260814-S002-P016,2026-08-14,S002,P016,207,56.0
INV-20260814-S002-P017,2026-08-14,S002,P017,66,56.0
INV-20260814-S002-P018,2026-08-14,S002,P018,323,99.0
INV-20260814-S002-P019,2026-08-14,S002,P019,259,64.0
INV-20260814-S002-P020,2026-08-14,S002,P020,141,55.0
INV-20260814-S002-P021,2026-08-14,S002,P021,61,35.0
INV-20260814-S002-P022,2026-08-14,S002,P022,65,41.0
INV-20260814-S002-P023,2026-08-14,S002,P023,227,59.0
INV-20260814-S002-P024,2026-08-14,S002,P024,157,51.0
INV-20260814-S002-P025,2026-08-14,S002,P025,52,12.0
INV-20260814-S002-P026,2026-08-14,S002,P026,297,88.0
INV-20260814-S002-P027,2026-08-14,S002,P027,193,95.0
INV-20260814-S002-P028,2026-08-14,S002,P028,52,23.0
INV-20260814-S002-P029,2026-08-14,S002,P029,232,62.0
INV-20260814-S002-P030,2026-08-14,S002,P030,64,20.0
INV-20260814-S002-P031,2026-08-14,S002,P031,284,74.0
INV-20260814-S002-P032,2026-08-14,S002,P032,137,37.0
INV-20260814-S002-P033,2026-08-14,S002,P033,202,72.0
INV-20260814-S002-P034,2026-08-14,S002,P034,284,79.0
INV-20260814-S002-P035,2026-08-14,S002,P035,84,83.0
INV-20260814-S002-P036,2026-08-14,S002,P036,65,20.0
INV-20260814-S002-P037,2026-08-14,S002,P037,125,97.0
INV-20260814-S002-P038,2026-08-14,S002,P038,47,32.0
INV-20260814-S002-P039,2026-08-14,S002,P039,20,14.0
INV-20260814-S002-P040,2026-08-14,S002,P040,142,62.0
INV-20260814-S002-P041,2026-08-14,S002,P041,122,45.0
INV-20260814-S002-P042,2026-08-14,S002,P042,398,88.0
INV-20260814-S002-P043,2026-08-14,S002,P043,332,86.0
INV-20260814-S002-P044,2026-08-14,S002,P044,80,40.0
INV-20260814-S002-P045,2026-08-14,S002,P045,384,100.0
INV-20260814-S002-P046,2026-08-14,S002,P046,120,37.0
INV-20260814-S002-P047,2026-08-14,S002,P047,74,59.0
INV-20260814-S002-P048,2026-08-14,S002,P048,67,34.0
INV-20260814-S002-P049,2026-08-14,S002,P049,474,98.0
INV-20260814-S002-P050,2026-08-14,S002,P050,109,26.0
INV-20260814-S003-P001,2026-08-14,S003,P001,181,57.0
INV-20260814-S003-P002,2026-08-14,S003,P002,58,41.0
INV-20260814-S003-P003,2026-08-14,S003,P003,57,24.0
INV-20260814-S003-P004,2026-08-14,S003,P004,57,20.0
INV-20260814-S003-P005,2026-08-14,S003,P005,256,66.0
INV-20260814-S003-P006,2026-08-14,S003,P006,93,26.0
INV-20260814-S003-P007,2026-08-14,S003,P007,143,97.0
INV-20260814-S003-P008,2026-08-14,S003,P008,300,65.0
INV-20260814-S003-P009,2026-08-14,S003,P009,163,43.0
INV-20260814-S003-P010,2026-08-14,S003,P010,92,66.0
INV-20260814-S003-P011,2026-08-14,S003,P011,171,12.0
INV-20260814-S003-P012,2026-08-14,S003,P012,463,101.0
INV-20260814-S003-P013,2026-08-14,S003,P013,70,56.0
INV-20260814-S003-P014,2026-08-14,S003,P014,242,84.0
INV-20260814-S003-P015,2026-08-14,S003,P015,77,18.0
INV-20260814-S003-P016,2026-08-14,S003,P016,192,56.0
INV-20260814-S003-P017,2026-08-14,S003,P017,155,56.0
INV-20260814-S003-P018,2026-08-14,S003,P018,257,99.0
INV-20260814-S003-P019,2026-08-14,S003,P019,113,64.0
INV-20260814-S003-P020,2026-08-14,S003,P020,147,55.0
INV-20260814-S003-P021,2026-08-14,S003,P021,167,35.0
INV-20260814-S003-P022,2026-08-14,S003,P022,52,41.0
INV-20260814-S003-P023,2026-08-14,S003,P023,232,59.0
INV-20260814-S003-P024,2026-08-14,S003,P024,55,51.0
INV-20260814-S003-P025,2026-08-14,S003,P025,158,12.0
INV-20260814-S003-P026,2026-08-14,S003,P026,349,88.0
INV-20260814-S003-P027,2026-08-14,S003,P027,326,95.0
INV-20260814-S003-P028,2026-08-14,S003,P028,101,23.0
INV-20260814-S003-P029,2026-08-14,S003,P029,235,62.0
INV-20260814-S003-P030,2026-08-14,S003,P030,46,20.0
INV-20260814-S003-P031,2026-08-14,S003,P031,172,74.0
INV-20260814-S003-P032,2026-08-14,S003,P032,61,37.0
INV-20260814-S003-P033,2026-08-14,S003,P033,226,72.0
INV-20260814-S003-P034,2026-08-14,S003,P034,368,79.0
INV-20260814-S003-P035,2026-08-14,S003,P035,199,83.0
INV-20260814-S003-P036,2026-08-14,S003,P036,71,20.0
INV-20260814-S003-P037,2026-08-14,S003,P037,237,97.0
INV-20260814-S003-P038,2026-08-14,S003,P038,147,32.0
INV-20260814-S003-P039,2026-08-14,S003,P039,172,14.0
INV-20260814-S003-P040,2026-08-14,S003,P040,239,62.0
INV-20260814-S003-P041,2026-08-14,S003,P041,59,45.0
INV-20260814-S003-P042,2026-08-14,S003,P042,326,88.0
INV-20260814-S003-P043,2026-08-14,S003,P043,314,86.0
INV-20260814-S003-P044,2026-08-14,S003,P044,100,40.0
INV-20260814-S003-P045,2026-08-14,S003,P045,119,100.0
INV-20260814-S003-P046,2026-08-14,S003,P046,50,37.0
INV-20260814-S003-P047,2026-08-14,S003,P047,138,59.0
INV-20260814-S003-P048,2026-08-14,S003,P048,67,34.0
INV-20260814-S003-P049,2026-08-14,S003,P049,443,98.0
INV-20260815-S001-P001,2026-08-15,S001,P001,72,57.0
INV-20260815-S001-P002,2026-08-15,S001,P002,107,41.0
INV-20260815-S001-P003,2026-08-15,S001,P003,113,24.0
INV-20260815-S001-P004,2026-08-15,S001,P004,98,20.0
INV-20260815-S001-P005,2026-08-15,S001,P005,202,66.0
INV-20260815-S001-P006,2026-08-15,S001,P006,34,26.0
INV-20260815-S001-P007,2026-08-15,S001,P007,286,97.0
INV-20260815-S001-P008,2026-08-15,S001,P008,224,65.0
INV-20260815-S001-P009,2026-08-15,S001,P009,152,43.0
INV-20260815-S001-P010,2026-08-15,S001,P010,121,66.0
INV-20260815-S001-P011,2026-08-15,S001,P011,169,12.0
INV-20260815-S001-P012,2026-08-15,S001,P012,475,101.0
INV-20260815-S001-P013,2026-08-15,S001,P013,147,56.0
INV-20260815-S001-P014,2026-08-15,S001,P014,199,84.0
INV-20260815-S001-P015,2026-08-15,S001,P015,61,18.0
INV-20260815-S001-P016,2026-08-15,S001,P016,156,56.0
INV-20260815-S001-P017,2026-08-15,S001,P017,103,56.0
INV-20260815-S001-P018,2026-08-15,S001,P018,307,99.0
INV-20260815-S001-P019,2026-08-15,S001,P019,137,64.0
INV-20260815-S001-P020,2026-08-15,S001,P020,195,55.0
INV-20260815-S001-P021,2026-08-15,S001,P021,58,35.0
INV-20260815-S001-P022,2026-08-15,S001,P022,176,41.0
INV-20260815-S001-P023,2026-08-15,S001,P023,75,59.0
INV-20260815-S001-P024,2026-08-15,S001,P024,64,51.0
INV-20260815-S001-P025,2026-08-15,S001,P025,209,12.0
INV-20260815-S001-P026,2026-08-15,S001,P026,192,88.0
INV-20260815-S001-P027,2026-08-15,S001,P027,455,95.0
INV-20260815-S001-P028,2026-08-15,S001,P028,86,23.0
INV-20260815-S001-P029,2026-08-15,S001,P029,66,62.0
INV-20260815-S001-P030,2026-08-15,S001,P030,101,20.0
INV-20260815-S001-P031,2026-08-15,S001,P031,165,74.0
INV-20260815-S001-P032,2026-08-15,S001,P032,138,37.0
INV-20260815-S001-P033,2026-08-15,S001,P033,168,72.0
INV-20260815-S001-P034,2026-08-15,S001,P034,200,79.0
INV-20260815-S001-P035,2026-08-15,S001,P035,171,83.0
INV-20260815-S001-P036,2026-08-15,S001,P036,87,20.0
INV-20260815-S001-P037,2026-08-15,S001,P037,237,97.0
INV-20260815-S001-P038,2026-08-15,S001,P038,156,32.0
INV-20260815-S001-P039,2026-08-15,S001,P039,164,14.0
INV-20260815-S001-P040,2026-08-15,S001,P040,199,62.0
INV-20260815-S001-P041,2026-08-15,S001,P041,220,45.0
INV-20260815-S001-P042,2026-08-15,S001,P042,259,88.0
INV-20260815-S001-P043,2026-08-15,S001,P043,293,86.0
INV-20260815-S001-P044,2026-08-15,S001,P044,192,40.0
INV-20260815-S001-P045,2026-08-15,S001,P045,380,100.0
INV-20260815-S001-P046,2026-08-15,S001,P046,101,37.0
INV-20260815-S001-P047,2026-08-15,S001,P047,155,59.0
INV-20260815-S001-P048,2026-08-15,S001,P048,49,34.0
INV-20260815-S001-P049,2026-08-15,S001,P049,273,98.0
INV-20260815-S001-P050,2026-08-15,S001,P050,97,26.0
INV-20260815-S002-P001,2026-08-15,S002,P001,144,57.0
INV-20260815-S002-P002,2026-08-15,S002,P002,59,41.0
INV-20260815-S002-P003,2026-08-15,S002,P003,25,24.0
INV-20260815-S002-P004,2026-08-15,S002,P004,373,20.0
INV-20260815-S002-P005,2026-08-15,S002,P005,155,66.0
INV-20260815-S002-P006,2026-08-15,S002,P006,118,26.0
INV-20260815-S002-P007,2026-08-15,S002,P007,227,97.0
INV-20260815-S002-P008,2026-08-15,S002,P008,203,65.0
INV-20260815-S002-P009,2026-08-15,S002,P009,99,43.0
INV-20260815-S002-P010,2026-08-15,S002,P010,162,66.0
INV-20260815-S002-P011,2026-08-15,S002,P011,51,12.0
INV-20260815-S002-P012,2026-08-15,S002,P012,403,101.0
INV-20260815-S002-P013,2026-08-15,S002,P013,262,56.0
INV-20260815-S002-P014,2026-08-15,S002,P014,339,84.0
INV-20260815-S002-P015,2026-08-15,S002,P015,57,18.0
INV-20260815-S002-P016,2026-08-15,S002,P016,191,56.0
INV-20260815-S002-P017,2026-08-15,S002,P017,58,56.0
INV-20260815-S002-P018,2026-08-15,S002,P018,304,99.0
INV-20260815-S002-P019,2026-08-15,S002,P019,247,64.0
INV-20260815-S002-P020,2026-08-15,S002,P020,126,55.0
INV-20260815-S002-P021,2026-08-15,S002,P021,57,35.0
INV-20260815-S002-P022,2026-08-15,S002,P022,57,41.0
INV-20260815-S002-P023,2026-08-15,S002,P023,213,59.0
INV-20260815-S002-P024,2026-08-15,S002,P024,147,51.0
INV-20260815-S002-P025,2026-08-15,S002,P025,50,12.0
INV-20260815-S002-P026,2026-08-15,S002,P026,281,88.0
INV-20260815-S002-P027,2026-08-15,S002,P027,172,95.0
INV-20260815-S002-P028,2026-08-15,S002,P028,49,23.0
INV-20260815-S002-P029,2026-08-15,S002,P029,217,62.0
INV-20260815-S002-P030,2026-08-15,S002,P030,59,20.0
INV-20260815-S002-P031,2026-08-15,S002,P031,264,74.0
INV-20260815-S002-P032,2026-08-15,S002,P032,127,37.0
INV-20260815-S002-P033,2026-08-15,S002,P033,187,72.0
INV-20260815-S002-P034,2026-08-15,S002,P034,265,79.0
INV-20260815-S002-P035,2026-08-15,S002,P035,399,83.0
INV-20260815-S002-P036,2026-08-15,S002,P036,59,20.0
INV-20260815-S002-P037,2026-08-15,S002,P037,109,97.0
INV-20260815-S002-P038,2026-08-15,S002,P038,44,32.0
INV-20260815-S002-P039,2026-08-15,S002,P039,18,14.0
INV-20260815-S002-P040,2026-08-15,S002,P040,129,62.0
INV-20260815-S002-P041,2026-08-15,S002,P041,113,45.0
INV-20260815-S002-P042,2026-08-15,S002,P042,370,88.0
INV-20260815-S002-P043,2026-08-15,S002,P043,310,86.0
INV-20260815-S002-P044,2026-08-15,S002,P044,75,40.0
INV-20260815-S002-P045,2026-08-15,S002,P045,364,100.0
INV-20260815-S002-P046,2026-08-15,S002,P046,114,37.0
INV-20260815-S002-P047,2026-08-15,S002,P047,66,59.0
INV-20260815-S002-P048,2026-08-15,S002,P048,60,34.0
INV-20260815-S002-P049,2026-08-15,S002,P049,453,98.0
INV-20260815-S002-P050,2026-08-15,S002,P050,102,26.0
INV-20260815-S003-P001,2026-08-15,S003,P001,170,57.0
INV-20260815-S003-P002,2026-08-15,S003,P002,55,41.0
INV-20260815-S003-P003,2026-08-15,S003,P003,53,24.0
INV-20260815-S003-P004,2026-08-15,S003,P004,55,20.0
INV-20260815-S003-P005,2026-08-15,S003,P005,246,66.0
INV-20260815-S003-P006,2026-08-15,S003,P006,91,26.0
INV-20260815-S003-P007,2026-08-15,S003,P007,129,97.0
INV-20260815-S003-P008,2026-08-15,S003,P008,289,65.0
INV-20260815-S003-P009,2026-08-15,S003,P009,158,43.0
INV-20260815-S003-P010,2026-08-15,S003,P010,89,66.0
INV-20260815-S003-P011,2026-08-15,S003,P011,170,12.0
INV-20260815-S003-P012,2026-08-15,S003,P012,453,101.0
INV-20260815-S003-P013,2026-08-15,S003,P013,60,56.0
INV-20260815-S003-P014,2026-08-15,S003,P014,229,84.0
INV-20260815-S003-P015,2026-08-15,S003,P015,75,18.0
INV-20260815-S003-P016,2026-08-15,S003,P016,181,56.0
INV-20260815-S003-P017,2026-08-15,S003,P017,153,56.0
INV-20260815-S003-P018,2026-08-15,S003,P018,239,99.0
INV-20260815-S003-P019,2026-08-15,S003,P019,104,64.0
INV-20260815-S003-P020,2026-08-15,S003,P020,137,55.0
INV-20260815-S003-P021,2026-08-15,S003,P021,164,35.0
INV-20260815-S003-P022,2026-08-15,S003,P022,47,41.0
INV-20260815-S003-P023,2026-08-15,S003,P023,226,59.0
INV-20260815-S003-P024,2026-08-15,S003,P024,255,51.0
INV-20260815-S003-P025,2026-08-15,S003,P025,158,12.0
INV-20260815-S003-P026,2026-08-15,S003,P026,340,88.0
INV-20260815-S003-P027,2026-08-15,S003,P027,320,95.0
INV-20260815-S003-P028,2026-08-15,S003,P028,100,23.0
INV-20260815-S003-P029,2026-08-15,S003,P029,224,62.0
INV-20260815-S003-P030,2026-08-15,S003,P030,44,20.0
INV-20260815-S003-P031,2026-08-15,S003,P031,160,74.0
INV-20260815-S003-P032,2026-08-15,S003,P032,54,37.0
INV-20260815-S003-P033,2026-08-15,S003,P033,216,72.0
INV-20260815-S003-P034,2026-08-15,S003,P034,365,79.0
INV-20260815-S003-P035,2026-08-15,S003,P035,186,83.0
INV-20260815-S003-P036,2026-08-15,S003,P036,69,20.0
INV-20260815-S003-P037,2026-08-15,S003,P037,218,97.0
INV-20260815-S003-P038,2026-08-15,S003,P038,142,32.0
INV-20260815-S003-P039,2026-08-15,S003,P039,171,14.0
INV-20260815-S003-P040,2026-08-15,S003,P040,226,62.0
INV-20260815-S003-P041,2026-08-15,S003,P041,52,45.0
INV-20260815-S003-P042,2026-08-15,S003,P042,319,88.0
INV-20260815-S003-P043,2026-08-15,S003,P043,306,86.0
INV-20260815-S003-P044,2026-08-15,S003,P044,93,40.0
INV-20260815-S003-P045,2026-08-15,S003,P045,107,100.0
INV-20260815-S003-P046,2026-08-15,S003,P046,46,37.0
INV-20260815-S003-P047,2026-08-15,S003,P047,129,59.0
INV-20260815-S003-P048,2026-08-15,S003,P048,62,34.0
INV-20260815-S003-P049,2026-08-15,S003,P049,426,98.0
INV-20260816-S001-P001,2026-08-16,S001,P001,64,57.0
INV-20260816-S001-P002,2026-08-16,S001,P002,96,41.0
INV-20260816-S001-P003,2026-08-16,S001,P003,113,24.0
INV-20260816-S001-P004,2026-08-16,S001,P004,94,20.0
INV-20260816-S001-P005,2026-08-16,S001,P005,190,66.0
INV-20260816-S001-P006,2026-08-16,S001,P006,30,26.0
INV-20260816-S001-P007,2026-08-16,S001,P007,268,97.0
INV-20260816-S001-P008,2026-08-16,S001,P008,213,65.0
INV-20260816-S001-P009,2026-08-16,S001,P009,146,43.0
INV-20260816-S001-P010,2026-08-16,S001,P010,103,66.0
INV-20260816-S001-P011,2026-08-16,S001,P011,167,12.0
INV-20260816-S001-P012,2026-08-16,S001,P012,453,101.0
INV-20260816-S001-P013,2026-08-16,S001,P013,138,56.0
INV-20260816-S001-P014,2026-08-16,S001,P014,183,84.0
INV-20260816-S001-P015,2026-08-16,S001,P015,59,18.0
INV-20260816-S001-P016,2026-08-16,S001,P016,143,56.0
INV-20260816-S001-P017,2026-08-16,S001,P017,93,56.0
INV-20260816-S001-P018,2026-08-16,S001,P018,285,99.0
INV-20260816-S001-P019,2026-08-16,S001,P019,128,64.0
INV-20260816-S001-P020,2026-08-16,S001,P020,186,55.0
INV-20260816-S001-P021,2026-08-16,S001,P021,46,35.0
INV-20260816-S001-P022,2026-08-16,S001,P022,165,41.0
INV-20260816-S001-P023,2026-08-16,S001,P023,67,59.0
INV-20260816-S001-P024,2026-08-16,S001,P024,257,51.0
INV-20260816-S001-P025,2026-08-16,S001,P025,208,12.0
INV-20260816-S001-P026,2026-08-16,S001,P026,164,88.0
INV-20260816-S001-P027,2026-08-16,S001,P027,441,95.0
INV-20260816-S001-P028,2026-08-16,S001,P028,84,23.0
INV-20260816-S001-P029,2026-08-16,S001,P029,306,62.0
INV-20260816-S001-P030,2026-08-16,S001,P030,98,20.0
INV-20260816-S001-P031,2026-08-16,S001,P031,151,74.0
INV-20260816-S001-P032,2026-08-16,S001,P032,135,37.0
INV-20260816-S001-P033,2026-08-16,S001,P033,158,72.0
INV-20260816-S001-P034,2026-08-16,S001,P034,185,79.0
INV-20260816-S001-P035,2026-08-16,S001,P035,152,83.0
INV-20260816-S001-P036,2026-08-16,S001,P036,83,20.0
INV-20260816-S001-P037,2026-08-16,S001,P037,218,97.0
INV-20260816-S001-P038,2026-08-16,S001,P038,154,32.0
INV-20260816-S001-P039,2026-08-16,S001,P039,161,14.0
INV-20260816-S001-P040,2026-08-16,S001,P040,188,62.0
INV-20260816-S001-P041,2026-08-16,S001,P041,205,45.0
INV-20260816-S001-P042,2026-08-16,S001,P042,242,88.0
INV-20260816-S001-P043,2026-08-16,S001,P043,279,86.0
INV-20260816-S001-P044,2026-08-16,S001,P044,184,40.0
INV-20260816-S001-P045,2026-08-16,S001,P045,367,100.0
INV-20260816-S001-P046,2026-08-16,S001,P046,96,37.0
INV-20260816-S001-P047,2026-08-16,S001,P047,145,59.0
INV-20260816-S001-P048,2026-08-16,S001,P048,45,34.0
INV-20260816-S001-P049,2026-08-16,S001,P049,258,98.0
INV-20260816-S001-P050,2026-08-16,S001,P050,93,26.0
INV-20260816-S002-P001,2026-08-16,S002,P001,133,57.0
INV-20260816-S002-P002,2026-08-16,S002,P002,51,41.0
INV-20260816-S002-P003,2026-08-16,S002,P003,117,24.0
INV-20260816-S002-P004,2026-08-16,S002,P004,373,20.0
INV-20260816-S002-P005,2026-08-16,S002,P005,141,66.0
INV-20260816-S002-P006,2026-08-16,S002,P006,108,26.0
INV-20260816-S002-P007,2026-08-16,S002,P007,227,97.0
INV-20260816-S002-P008,2026-08-16,S002,P008,192,65.0
INV-20260816-S002-P009,2026-08-16,S002,P009,88,43.0
INV-20260816-S002-P010,2026-08-16,S002,P010,147,66.0
INV-20260816-S002-P011,2026-08-16,S002,P011,48,12.0
INV-20260816-S002-P012,2026-08-16,S002,P012,385,101.0
INV-20260816-S002-P013,2026-08-16,S002,P013,256,56.0
INV-20260816-S002-P014,2026-08-16,S002,P014,319,84.0
INV-20260816-S002-P015,2026-08-16,S002,P015,54,18.0
INV-20260816-S002-P016,2026-08-16,S002,P016,179,56.0
INV-20260816-S002-P017,2026-08-16,S002,P017,276,56.0
INV-20260816-S002-P018,2026-08-16,S002,P018,292,99.0
INV-20260816-S002-P019,2026-08-16,S002,P019,236,64.0
INV-20260816-S002-P020,2026-08-16,S002,P020,115,55.0
INV-20260816-S002-P021,2026-08-16,S002,P021,54,35.0
INV-20260816-S002-P022,2026-08-16,S002,P022,48,41.0
INV-20260816-S002-P023,2026-08-16,S002,P023,201,59.0
INV-20260816-S002-P024,2026-08-16,S002,P024,137,51.0
INV-20260816-S002-P025,2026-08-16,S002,P025,49,12.0
INV-20260816-S002-P026,2026-08-16,S002,P026,263,88.0
INV-20260816-S002-P027,2026-08-16,S002,P027,156,95.0
INV-20260816-S002-P028,2026-08-16,S002,P028,46,23.0
INV-20260816-S002-P029,2026-08-16,S002,P029,201,62.0
INV-20260816-S002-P030,2026-08-16,S002,P030,56,20.0
INV-20260816-S002-P031,2026-08-16,S002,P031,249,74.0
INV-20260816-S002-P032,2026-08-16,S002,P032,121,37.0
INV-20260816-S002-P033,2026-08-16,S002,P033,173,72.0
INV-20260816-S002-P034,2026-08-16,S002,P034,248,79.0
INV-20260816-S002-P035,2026-08-16,S002,P035,384,83.0
INV-20260816-S002-P036,2026-08-16,S002,P036,57,20.0
INV-20260816-S002-P037,2026-08-16,S002,P037,482,97.0
INV-20260816-S002-P038,2026-08-16,S002,P038,38,32.0
INV-20260816-S002-P039,2026-08-16,S002,P039,69,14.0
INV-20260816-S002-P040,2026-08-16,S002,P040,111,62.0
INV-20260816-S002-P041,2026-08-16,S002,P041,105,45.0
INV-20260816-S002-P042,2026-08-16,S002,P042,348,88.0
INV-20260816-S002-P043,2026-08-16,S002,P043,287,86.0
INV-20260816-S002-P044,2026-08-16,S002,P044,69,40.0
INV-20260816-S002-P045,2026-08-16,S002,P045,344,100.0
INV-20260816-S002-P046,2026-08-16,S002,P046,106,37.0
INV-20260816-S002-P047,2026-08-16,S002,P047,290,59.0
INV-20260816-S002-P048,2026-08-16,S002,P048,51,34.0
INV-20260816-S002-P049,2026-08-16,S002,P049,420,98.0
INV-20260816-S002-P050,2026-08-16,S002,P050,97,26.0
INV-20260816-S003-P001,2026-08-16,S003,P001,162,57.0
INV-20260816-S003-P002,2026-08-16,S003,P002,50,41.0
INV-20260816-S003-P003,2026-08-16,S003,P003,52,24.0
INV-20260816-S003-P004,2026-08-16,S003,P004,53,20.0
INV-20260816-S003-P005,2026-08-16,S003,P005,234,66.0
INV-20260816-S003-P006,2026-08-16,S003,P006,86,26.0
INV-20260816-S003-P007,2026-08-16,S003,P007,111,97.0
INV-20260816-S003-P008,2026-08-16,S003,P008,286,65.0
INV-20260816-S003-P009,2026-08-16,S003,P009,151,43.0
INV-20260816-S003-P010,2026-08-16,S003,P010,80,66.0
INV-20260816-S003-P011,2026-08-16,S003,P011,168,12.0
INV-20260816-S003-P012,2026-08-16,S003,P012,437,101.0
INV-20260816-S003-P013,2026-08-16,S003,P013,280,56.0
INV-20260816-S003-P014,2026-08-16,S003,P014,221,84.0
INV-20260816-S003-P015,2026-08-16,S003,P015,74,18.0
INV-20260816-S003-P016,2026-08-16,S003,P016,172,56.0
INV-20260816-S003-P017,2026-08-16,S003,P017,144,56.0
INV-20260816-S003-P018,2026-08-16,S003,P018,228,99.0
INV-20260816-S003-P019,2026-08-16,S003,P019,94,64.0
INV-20260816-S003-P020,2026-08-16,S003,P020,129,55.0
INV-20260816-S003-P021,2026-08-16,S003,P021,162,35.0
INV-20260816-S003-P022,2026-08-16,S003,P022,42,41.0
INV-20260816-S003-P023,2026-08-16,S003,P023,219,59.0
INV-20260816-S003-P024,2026-08-16,S003,P024,250,51.0
INV-20260816-S003-P025,2026-08-16,S003,P025,154,12.0
INV-20260816-S003-P026,2026-08-16,S003,P026,325,88.0
INV-20260816-S003-P027,2026-08-16,S003,P027,312,95.0
INV-20260816-S003-P028,2026-08-16,S003,P028,99,23.0
INV-20260816-S003-P029,2026-08-16,S003,P029,214,62.0
INV-20260816-S003-P030,2026-08-16,S003,P030,38,20.0
INV-20260816-S003-P031,2026-08-16,S003,P031,152,74.0
INV-20260816-S003-P032,2026-08-16,S003,P032,48,37.0
INV-20260816-S003-P033,2026-08-16,S003,P033,207,72.0
INV-20260816-S003-P034,2026-08-16,S003,P034,353,79.0
INV-20260816-S003-P035,2026-08-16,S003,P035,170,83.0
INV-20260816-S003-P036,2026-08-16,S003,P036,68,20.0
INV-20260816-S003-P037,2026-08-16,S003,P037,202,97.0
INV-20260816-S003-P038,2026-08-16,S003,P038,137,32.0
INV-20260816-S003-P039,2026-08-16,S003,P039,171,14.0
INV-20260816-S003-P040,2026-08-16,S003,P040,220,62.0
INV-20260816-S003-P041,2026-08-16,S003,P041,49,45.0
INV-20260816-S003-P042,2026-08-16,S003,P042,307,88.0
INV-20260816-S003-P043,2026-08-16,S003,P043,295,86.0
INV-20260816-S003-P044,2026-08-16,S003,P044,87,40.0
INV-20260816-S003-P045,2026-08-16,S003,P045,492,100.0
INV-20260816-S003-P046,2026-08-16,S003,P046,40,37.0
INV-20260816-S003-P047,2026-08-16,S003,P047,118,59.0
INV-20260816-S003-P048,2026-08-16,S003,P048,60,34.0
INV-20260816-S003-P049,2026-08-16,S003,P049,414,98.0
INV-20260817-S001-P001,2026-08-17,S001,P001,280,57.0
INV-20260817-S001-P002,2026-08-17,S001,P002,89,41.0
INV-20260817-S001-P003,2026-08-17,S001,P003,111,24.0
INV-20260817-S001-P004,2026-08-17,S001,P004,91,20.0
INV-20260817-S001-P005,2026-08-17,S001,P005,183,66.0
INV-20260817-S001-P006,2026-08-17,S001,P006,27,26.0
INV-20260817-S001-P007,2026-08-17,S001,P007,255,97.0
INV-20260817-S001-P008,2026-08-17,S001,P008,201,65.0
INV-20260817-S001-P009,2026-08-17,S001,P009,141,43.0
INV-20260817-S001-P010,2026-08-17,S001,P010,93,66.0
INV-20260817-S001-P011,2026-08-17,S001,P011,167,12.0
INV-20260817-S001-P012,2026-08-17,S001,P012,430,101.0
INV-20260817-S001-P013,2026-08-17,S001,P013,132,56.0
INV-20260817-S001-P014,2026-08-17,S001,P014,173,84.0
INV-20260817-S001-P015,2026-08-17,S001,P015,57,18.0
INV-20260817-S001-P016,2026-08-17,S001,P016,135,56.0
INV-20260817-S001-P017,2026-08-17,S001,P017,84,56.0
INV-20260817-S001-P018,2026-08-17,S001,P018,267,99.0
INV-20260817-S001-P019,2026-08-17,S001,P019,117,64.0
INV-20260817-S001-P020,2026-08-17,S001,P020,175,55.0
INV-20260817-S001-P021,2026-08-17,S001,P021,39,35.0
INV-20260817-S001-P022,2026-08-17,S001,P022,159,41.0
INV-20260817-S001-P023,2026-08-17,S001,P023,60,59.0
INV-20260817-S001-P024,2026-08-17,S001,P024,252,51.0
INV-20260817-S001-P025,2026-08-17,S001,P025,207,12.0
INV-20260817-S001-P026,2026-08-17,S001,P026,152,88.0
INV-20260817-S001-P027,2026-08-17,S001,P027,428,95.0
INV-20260817-S001-P028,2026-08-17,S001,P028,78,23.0
INV-20260817-S001-P029,2026-08-17,S001,P029,301,62.0
INV-20260817-S001-P030,2026-08-17,S001,P030,94,20.0
INV-20260817-S001-P031,2026-08-17,S001,P031,132,74.0
INV-20260817-S001-P032,2026-08-17,S001,P032,130,37.0
INV-20260817-S001-P033,2026-08-17,S001,P033,145,72.0
INV-20260817-S001-P034,2026-08-17,S001,P034,176,79.0
INV-20260817-S001-P035,2026-08-17,S001,P035,142,83.0
INV-20260817-S001-P036,2026-08-17,S001,P036,75,20.0
INV-20260817-S001-P037,2026-08-17,S001,P037,202,97.0
INV-20260817-S001-P038,2026-08-17,S001,P038,151,32.0
INV-20260817-S001-P039,2026-08-17,S001,P039,158,14.0
INV-20260817-S001-P040,2026-08-17,S001,P040,178,62.0
INV-20260817-S001-P041,2026-08-17,S001,P041,199,45.0
INV-20260817-S001-P042,2026-08-17,S001,P042,221,88.0
INV-20260817-S001-P043,2026-08-17,S001,P043,264,86.0
INV-20260817-S001-P044,2026-08-17,S001,P044,177,40.0
INV-20260817-S001-P045,2026-08-17,S001,P045,345,100.0
INV-20260817-S001-P046,2026-08-17,S001,P046,93,37.0
INV-20260817-S001-P047,2026-08-17,S001,P047,134,59.0
INV-20260817-S001-P048,2026-08-17,S001,P048,40,34.0
INV-20260817-S001-P049,2026-08-17,S001,P049,237,98.0
INV-20260817-S001-P050,2026-08-17,S001,P050,87,26.0
INV-20260817-S002-P001,2026-08-17,S002,P001,124,57.0
INV-20260817-S002-P002,2026-08-17,S002,P002,42,41.0
INV-20260817-S002-P003,2026-08-17,S002,P003,114,24.0
INV-20260817-S002-P004,2026-08-17,S002,P004,373,20.0
INV-20260817-S002-P005,2026-08-17,S002,P005,130,66.0
INV-20260817-S002-P006,2026-08-17,S002,P006,105,26.0
INV-20260817-S002-P007,2026-08-17,S002,P007,227,97.0
INV-20260817-S002-P008,2026-08-17,S002,P008,179,65.0
INV-20260817-S002-P009,2026-08-17,S002,P009,74,43.0
INV-20260817-S002-P010,2026-08-17,S002,P010,132,66.0
INV-20260817-S002-P011,2026-08-17,S002,P011,46,12.0
INV-20260817-S002-P012,2026-08-17,S002,P012,371,101.0
INV-20260817-S002-P013,2026-08-17,S002,P013,244,56.0
INV-20260817-S002-P014,2026-08-17,S002,P014,307,84.0
INV-20260817-S002-P015,2026-08-17,S002,P015,48,18.0
INV-20260817-S002-P016,2026-08-17,S002,P016,170,56.0
INV-20260817-S002-P017,2026-08-17,S002,P017,267,56.0
INV-20260817-S002-P018,2026-08-17,S002,P018,271,99.0
INV-20260817-S002-P019,2026-08-17,S002,P019,223,64.0
INV-20260817-S002-P020,2026-08-17,S002,P020,104,55.0
INV-20260817-S002-P021,2026-08-17,S002,P021,44,35.0
INV-20260817-S002-P022,2026-08-17,S002,P022,203,41.0
INV-20260817-S002-P023,2026-08-17,S002,P023,191,59.0
INV-20260817-S002-P024,2026-08-17,S002,P024,127,51.0
INV-20260817-S002-P025,2026-08-17,S002,P025,46,12.0
INV-20260817-S002-P026,2026-08-17,S002,P026,244,88.0
INV-20260817-S002-P027,2026-08-17,S002,P027,144,95.0
INV-20260817-S002-P028,2026-08-17,S002,P028,46,23.0
INV-20260817-S002-P029,2026-08-17,S002,P029,195,62.0
INV-20260817-S002-P030,2026-08-17,S002,P030,50,20.0
INV-20260817-S002-P031,2026-08-17,S002,P031,235,74.0
INV-20260817-S002-P032,2026-08-17,S002,P032,111,37.0
INV-20260817-S002-P033,2026-08-17,S002,P033,156,72.0
INV-20260817-S002-P034,2026-08-17,S002,P034,232,79.0
INV-20260817-S002-P035,2026-08-17,S002,P035,369,83.0
INV-20260817-S002-P036,2026-08-17,S002,P036,55,20.0
INV-20260817-S002-P037,2026-08-17,S002,P037,464,97.0
INV-20260817-S002-P038,2026-08-17,S002,P038,154,32.0
INV-20260817-S002-P039,2026-08-17,S002,P039,62,14.0
INV-20260817-S002-P040,2026-08-17,S002,P040,97,62.0
INV-20260817-S002-P041,2026-08-17,S002,P041,92,45.0
INV-20260817-S002-P042,2026-08-17,S002,P042,331,88.0
INV-20260817-S002-P043,2026-08-17,S002,P043,272,86.0
INV-20260817-S002-P044,2026-08-17,S002,P044,59,40.0
INV-20260817-S002-P045,2026-08-17,S002,P045,325,100.0
INV-20260817-S002-P046,2026-08-17,S002,P046,97,37.0
INV-20260817-S002-P047,2026-08-17,S002,P047,280,59.0
INV-20260817-S002-P048,2026-08-17,S002,P048,42,34.0
INV-20260817-S002-P049,2026-08-17,S002,P049,406,98.0
INV-20260817-S002-P050,2026-08-17,S002,P050,93,26.0
INV-20260817-S003-P001,2026-08-17,S003,P001,152,57.0
INV-20260817-S003-P002,2026-08-17,S003,P002,207,41.0
INV-20260817-S003-P003,2026-08-17,S003,P003,47,24.0
INV-20260817-S003-P004,2026-08-17,S003,P004,51,20.0
INV-20260817-S003-P005,2026-08-17,S003,P005,227,66.0
INV-20260817-S003-P006,2026-08-17,S003,P006,81,26.0
INV-20260817-S003-P007,2026-08-17,S003,P007,98,97.0
INV-20260817-S003-P008,2026-08-17,S003,P008,280,65.0
INV-20260817-S003-P009,2026-08-17,S003,P009,147,43.0
INV-20260817-S003-P010,2026-08-17,S003,P010,67,66.0
INV-20260817-S003-P011,2026-08-17,S003,P011,167,12.0
INV-20260817-S003-P012,2026-08-17,S003,P012,426,101.0
INV-20260817-S003-P013,2026-08-17,S003,P013,275,56.0
INV-20260817-S003-P014,2026-08-17,S003,P014,212,84.0
INV-20260817-S003-P015,2026-08-17,S003,P015,72,18.0
INV-20260817-S003-P016,2026-08-17,S003,P016,167,56.0
INV-20260817-S003-P017,2026-08-17,S003,P017,139,56.0
INV-20260817-S003-P018,2026-08-17,S003,P018,220,99.0
INV-20260817-S003-P019,2026-08-17,S003,P019,86,64.0
INV-20260817-S003-P020,2026-08-17,S003,P020,115,55.0
INV-20260817-S003-P021,2026-08-17,S003,P021,159,35.0
INV-20260817-S003-P022,2026-08-17,S003,P022,203,41.0
INV-20260817-S003-P023,2026-08-17,S003,P023,203,59.0
INV-20260817-S003-P024,2026-08-17,S003,P024,239,51.0
INV-20260817-S003-P025,2026-08-17,S003,P025,153,12.0
INV-20260817-S003-P026,2026-08-17,S003,P026,314,88.0
INV-20260817-S003-P027,2026-08-17,S003,P027,297,95.0
INV-20260817-S003-P028,2026-08-17,S003,P028,99,23.0
INV-20260817-S003-P029,2026-08-17,S003,P029,203,62.0
INV-20260817-S003-P030,2026-08-17,S003,P030,38,20.0
INV-20260817-S003-P031,2026-08-17,S003,P031,146,74.0
INV-20260817-S003-P032,2026-08-17,S003,P032,44,37.0
INV-20260817-S003-P033,2026-08-17,S003,P033,197,72.0
INV-20260817-S003-P034,2026-08-17,S003,P034,346,79.0
INV-20260817-S003-P035,2026-08-17,S003,P035,157,83.0
INV-20260817-S003-P036,2026-08-17,S003,P036,68,20.0
INV-20260817-S003-P037,2026-08-17,S003,P037,182,97.0
INV-20260817-S003-P038,2026-08-17,S003,P038,132,32.0
INV-20260817-S003-P039,2026-08-17,S003,P039,170,14.0
INV-20260817-S003-P040,2026-08-17,S003,P040,213,62.0
INV-20260817-S003-P041,2026-08-17,S003,P041,226,45.0
INV-20260817-S003-P042,2026-08-17,S003,P042,299,88.0
INV-20260817-S003-P043,2026-08-17,S003,P043,284,86.0
INV-20260817-S003-P044,2026-08-17,S003,P044,83,40.0
INV-20260817-S003-P045,2026-08-17,S003,P045,484,100.0
INV-20260817-S003-P046,2026-08-17,S003,P046,39,37.0
INV-20260817-S003-P047,2026-08-17,S003,P047,106,59.0
INV-20260817-S003-P048,2026-08-17,S003,P048,53,34.0
INV-20260817-S003-P049,2026-08-17,S003,P049,401,98.0
INV-20260818-S001-P001,2026-08-18,S001,P001,272,57.0
INV-20260818-S001-P002,2026-08-18,S001,P002,83,41.0
INV-20260818-S001-P003,2026-08-18,S001,P003,105,24.0
INV-20260818-S001-P004,2026-08-18,S001,P004,90,20.0
INV-20260818-S001-P005,2026-08-18,S001,P005,170,66.0
INV-20260818-S001-P006,2026-08-18,S001,P006,126,26.0
INV-20260818-S001-P007,2026-08-18,S001,P007,236,97.0
INV-20260818-S001-P008,2026-08-18,S001,P008,196,65.0
INV-20260818-S001-P009,2026-08-18,S001,P009,132,43.0
INV-20260818-S001-P010,2026-08-18,S001,P010,82,66.0
INV-20260818-S001-P011,2026-08-18,S001,P011,164,12.0
INV-20260818-S001-P012,2026-08-18,S001,P012,409,101.0
INV-20260818-S001-P013,2026-08-18,S001,P013,125,56.0
INV-20260818-S001-P014,2026-08-18,S001,P014,163,84.0
INV-20260818-S001-P015,2026-08-18,S001,P015,54,18.0
INV-20260818-S001-P016,2026-08-18,S001,P016,126,56.0
INV-20260818-S001-P017,2026-08-18,S001,P017,72,56.0
INV-20260818-S001-P018,2026-08-18,S001,P018,250,99.0
INV-20260818-S001-P019,2026-08-18,S001,P019,106,64.0
INV-20260818-S001-P020,2026-08-18,S001,P020,164,55.0
INV-20260818-S001-P021,2026-08-18,S001,P021,172,35.0
INV-20260818-S001-P022,2026-08-18,S001,P022,155,41.0
INV-20260818-S001-P023,2026-08-18,S001,P023,287,59.0
INV-20260818-S001-P024,2026-08-18,S001,P024,242,51.0
INV-20260818-S001-P025,2026-08-18,S001,P025,205,12.0
INV-20260818-S001-P026,2026-08-18,S001,P026,144,88.0
INV-20260818-S001-P027,2026-08-18,S001,P027,414,95.0
INV-20260818-S001-P028,2026-08-18,S001,P028,74,23.0
INV-20260818-S001-P029,2026-08-18,S001,P029,291,62.0
INV-20260818-S001-P030,2026-08-18,S001,P030,92,20.0
INV-20260818-S001-P031,2026-08-18,S001,P031,125,74.0
INV-20260818-S001-P032,2026-08-18,S001,P032,126,37.0
INV-20260818-S001-P033,2026-08-18,S001,P033,137,72.0
INV-20260818-S001-P034,2026-08-18,S001,P034,165,79.0
INV-20260818-S001-P035,2026-08-18,S001,P035,132,83.0
INV-20260818-S001-P036,2026-08-18,S001,P036,71,20.0
INV-20260818-S001-P037,2026-08-18,S001,P037,190,97.0
INV-20260818-S001-P038,2026-08-18,S001,P038,149,32.0
INV-20260818-S001-P039,2026-08-18,S001,P039,153,14.0
INV-20260818-S001-P040,2026-08-18,S001,P040,170,62.0
INV-20260818-S001-P041,2026-08-18,S001,P041,195,45.0
INV-20260818-S001-P042,2026-08-18,S001,P042,207,88.0
INV-20260818-S001-P043,2026-08-18,S001,P043,256,86.0
INV-20260818-S001-P044,2026-08-18,S001,P044,171,40.0
INV-20260818-S001-P045,2026-08-18,S001,P045,334,100.0
INV-20260818-S001-P046,2026-08-18,S001,P046,85,37.0
INV-20260818-S001-P047,2026-08-18,S001,P047,122,59.0
INV-20260818-S001-P048,2026-08-18,S001,P048,172,34.0
INV-20260818-S001-P049,2026-08-18,S001,P049,223,98.0
INV-20260818-S001-P050,2026-08-18,S001,P050,82,26.0
INV-20260818-S002-P001,2026-08-18,S002,P001,123,57.0
INV-20260818-S002-P002,2026-08-18,S002,P002,197,41.0
INV-20260818-S002-P003,2026-08-18,S002,P003,112,24.0
INV-20260818-S002-P004,2026-08-18,S002,P004,373,20.0
INV-20260818-S002-P005,2026-08-18,S002,P005,119,66.0
INV-20260818-S002-P006,2026-08-18,S002,P006,100,26.0
INV-20260818-S002-P007,2026-08-18,S002,P007,227,97.0
INV-20260818-S002-P008,2026-08-18,S002,P008,174,65.0
INV-20260818-S002-P009,2026-08-18,S002,P009,70,43.0
INV-20260818-S002-P010,2026-08-18,S002,P010,120,66.0
INV-20260818-S002-P011,2026-08-18,S002,P011,45,12.0
INV-20260818-S002-P012,2026-08-18,S002,P012,356,101.0
INV-20260818-S002-P013,2026-08-18,S002,P013,232,56.0
INV-20260818-S002-P014,2026-08-18,S002,P014,298,84.0
INV-20260818-S002-P015,2026-08-18,S002,P015,44,18.0
INV-20260818-S002-P016,2026-08-18,S002,P016,164,56.0
INV-20260818-S002-P017,2026-08-18,S002,P017,259,56.0
INV-20260818-S002-P018,2026-08-18,S002,P018,258,99.0
INV-20260818-S002-P019,2026-08-18,S002,P019,215,64.0
INV-20260818-S002-P020,2026-08-18,S002,P020,90,55.0
INV-20260818-S002-P021,2026-08-18,S002,P021,40,35.0
INV-20260818-S002-P022,2026-08-18,S002,P022,199,41.0
INV-20260818-S002-P023,2026-08-18,S002,P023,177,59.0
INV-20260818-S002-P024,2026-08-18,S002,P024,118,51.0
INV-20260818-S002-P025,2026-08-18,S002,P025,46,12.0
INV-20260818-S002-P026,2026-08-18,S002,P026,234,88.0
INV-20260818-S002-P027,2026-08-18,S002,P027,127,95.0
INV-20260818-S002-P028,2026-08-18,S002,P028,44,23.0
INV-20260818-S002-P029,2026-08-18,S002,P029,186,62.0
INV-20260818-S002-P030,2026-08-18,S002,P030,40,20.0
INV-20260818-S002-P031,2026-08-18,S002,P031,222,74.0
INV-20260818-S002-P032,2026-08-18,S002,P032,105,37.0
INV-20260818-S002-P033,2026-08-18,S002,P033,143,72.0
INV-20260818-S002-P034,2026-08-18,S002,P034,219,79.0
INV-20260818-S002-P035,2026-08-18,S002,P035,353,83.0
INV-20260818-S002-P036,2026-08-18,S002,P036,51,20.0
INV-20260818-S002-P037,2026-08-18,S002,P037,447,97.0
INV-20260818-S002-P038,2026-08-18,S002,P038,146,32.0
INV-20260818-S002-P039,2026-08-18,S002,P039,62,14.0
INV-20260818-S002-P040,2026-08-18,S002,P040,88,62.0
INV-20260818-S002-P041,2026-08-18,S002,P041,85,45.0
INV-20260818-S002-P042,2026-08-18,S002,P042,311,88.0
INV-20260818-S002-P043,2026-08-18,S002,P043,250,86.0
INV-20260818-S002-P044,2026-08-18,S002,P044,53,40.0
INV-20260818-S002-P045,2026-08-18,S002,P045,311,100.0
INV-20260818-S002-P046,2026-08-18,S002,P046,89,37.0
INV-20260818-S002-P047,2026-08-18,S002,P047,273,59.0
INV-20260818-S002-P048,2026-08-18,S002,P048,39,34.0
INV-20260818-S002-P049,2026-08-18,S002,P049,390,98.0
INV-20260818-S002-P050,2026-08-18,S002,P050,89,26.0
INV-20260818-S003-P001,2026-08-18,S003,P001,145,57.0
INV-20260818-S003-P002,2026-08-18,S003,P002,201,41.0
INV-20260818-S003-P003,2026-08-18,S003,P003,40,24.0
INV-20260818-S003-P004,2026-08-18,S003,P004,45,20.0
INV-20260818-S003-P005,2026-08-18,S003,P005,217,66.0
INV-20260818-S003-P006,2026-08-18,S003,P006,78,26.0
INV-20260818-S003-P007,2026-08-18,S003,P007,481,97.0
INV-20260818-S003-P008,2026-08-18,S003,P008,269,65.0
INV-20260818-S003-P009,2026-08-18,S003,P009,142,43.0
INV-20260818-S003-P010,2026-08-18,S003,P010,325,66.0
INV-20260818-S003-P011,2026-08-18,S003,P011,165,12.0
INV-20260818-S003-P012,2026-08-18,S003,P012,412,101.0
INV-20260818-S003-P013,2026-08-18,S003,P013,268,56.0
INV-20260818-S003-P014,2026-08-18,S003,P014,199,84.0
INV-20260818-S003-P015,2026-08-18,S003,P015,69,18.0
INV-20260818-S003-P016,2026-08-18,S003,P016,161,56.0
INV-20260818-S003-P017,2026-08-18,S003,P017,130,56.0
INV-20260818-S003-P018,2026-08-18,S003,P018,206,99.0
INV-20260818-S003-P019,2026-08-18,S003,P019,81,64.0
INV-20260818-S003-P020,2026-08-18,S003,P020,106,55.0
INV-20260818-S003-P021,2026-08-18,S003,P021,149,35.0
INV-20260818-S003-P022,2026-08-18,S003,P022,200,41.0
INV-20260818-S003-P023,2026-08-18,S003,P023,192,59.0
INV-20260818-S003-P024,2026-08-18,S003,P024,233,51.0
INV-20260818-S003-P025,2026-08-18,S003,P025,152,12.0
INV-20260818-S003-P026,2026-08-18,S003,P026,307,88.0
INV-20260818-S003-P027,2026-08-18,S003,P027,284,95.0
INV-20260818-S003-P028,2026-08-18,S003,P028,98,23.0
INV-20260818-S003-P029,2026-08-18,S003,P029,198,62.0
INV-20260818-S003-P030,2026-08-18,S003,P030,36,20.0
INV-20260818-S003-P031,2026-08-18,S003,P031,141,74.0
INV-20260818-S003-P032,2026-08-18,S003,P032,43,37.0
INV-20260818-S003-P033,2026-08-18,S003,P033,193,72.0
INV-20260818-S003-P034,2026-08-18,S003,P034,338,79.0
INV-20260818-S003-P035,2026-08-18,S003,P035,150,83.0
INV-20260818-S003-P036,2026-08-18,S003,P036,63,20.0
INV-20260818-S003-P037,2026-08-18,S003,P037,164,97.0
INV-20260818-S003-P038,2026-08-18,S003,P038,127,32.0
INV-20260818-S003-P039,2026-08-18,S003,P039,168,14.0
INV-20260818-S003-P040,2026-08-18,S003,P040,204,62.0
INV-20260818-S003-P041,2026-08-18,S003,P041,220,45.0
INV-20260818-S003-P042,2026-08-18,S003,P042,291,88.0
INV-20260818-S003-P043,2026-08-18,S003,P043,275,86.0
INV-20260818-S003-P044,2026-08-18,S003,P044,80,40.0
INV-20260818-S003-P045,2026-08-18,S003,P045,476,100.0
INV-20260818-S003-P046,2026-08-18,S003,P046,187,37.0
INV-20260818-S003-P047,2026-08-18,S003,P047,105,59.0
INV-20260818-S003-P048,2026-08-18,S003,P048,51,34.0
INV-20260818-S003-P049,2026-08-18,S003,P049,390,98.0
INV-20260819-S001-P001,2026-08-19,S001,P001,264,57.0
INV-20260819-S001-P002,2026-08-19,S001,P002,77,41.0
INV-20260819-S001-P003,2026-08-19,S001,P003,101,24.0
INV-20260819-S001-P004,2026-08-19,S001,P004,90,20.0
INV-20260819-S001-P005,2026-08-19,S001,P005,165,66.0
INV-20260819-S001-P006,2026-08-19,S001,P006,123,26.0
INV-20260819-S001-P007,2026-08-19,S001,P007,221,97.0
INV-20260819-S001-P008,2026-08-19,S001,P008,190,65.0
INV-20260819-S001-P009,2026-08-19,S001,P009,124,43.0
INV-20260819-S001-P010,2026-08-19,S001,P010,71,66.0
INV-20260819-S001-P011,2026-08-19,S001,P011,162,12.0
INV-20260819-S001-P012,2026-08-19,S001,P012,398,101.0
INV-20260819-S001-P013,2026-08-19,S001,P013,111,56.0
INV-20260819-S001-P014,2026-08-19,S001,P014,156,84.0
INV-20260819-S001-P015,2026-08-19,S001,P015,53,18.0
INV-20260819-S001-P016,2026-08-19,S001,P016,113,56.0
INV-20260819-S001-P017,2026-08-19,S001,P017,64,56.0
INV-20260819-S001-P018,2026-08-19,S001,P018,238,99.0
INV-20260819-S001-P019,2026-08-19,S001,P019,101,64.0
INV-20260819-S001-P020,2026-08-19,S001,P020,157,55.0
INV-20260819-S001-P021,2026-08-19,S001,P021,166,35.0
INV-20260819-S001-P022,2026-08-19,S001,P022,151,41.0
INV-20260819-S001-P023,2026-08-19,S001,P023,282,59.0
INV-20260819-S001-P024,2026-08-19,S001,P024,234,51.0
INV-20260819-S001-P025,2026-08-19,S001,P025,204,12.0
INV-20260819-S001-P026,2026-08-19,S001,P026,130,88.0
INV-20260819-S001-P027,2026-08-19,S001,P027,402,95.0
INV-20260819-S001-P028,2026-08-19,S001,P028,70,23.0
INV-20260819-S001-P029,2026-08-19,S001,P029,282,62.0
INV-20260819-S001-P030,2026-08-19,S001,P030,90,20.0
INV-20260819-S001-P031,2026-08-19,S001,P031,112,74.0
INV-20260819-S001-P032,2026-08-19,S001,P032,120,37.0
INV-20260819-S001-P033,2026-08-19,S001,P033,127,72.0
INV-20260819-S001-P034,2026-08-19,S001,P034,157,79.0
INV-20260819-S001-P035,2026-08-19,S001,P035,123,83.0
INV-20260819-S001-P036,2026-08-19,S001,P036,68,20.0
INV-20260819-S001-P037,2026-08-19,S001,P037,185,97.0
INV-20260819-S001-P038,2026-08-19,S001,P038,145,32.0
INV-20260819-S001-P039,2026-08-19,S001,P039,151,14.0
INV-20260819-S001-P040,2026-08-19,S001,P040,164,62.0
INV-20260819-S001-P041,2026-08-19,S001,P041,190,45.0
INV-20260819-S001-P042,2026-08-19,S001,P042,193,88.0
INV-20260819-S001-P043,2026-08-19,S001,P043,247,86.0
INV-20260819-S001-P044,2026-08-19,S001,P044,166,40.0
INV-20260819-S001-P045,2026-08-19,S001,P045,322,100.0
INV-20260819-S001-P046,2026-08-19,S001,P046,80,37.0
INV-20260819-S001-P047,2026-08-19,S001,P047,116,59.0
INV-20260819-S001-P048,2026-08-19,S001,P048,166,34.0
INV-20260819-S001-P049,2026-08-19,S001,P049,205,98.0
INV-20260819-S001-P050,2026-08-19,S001,P050,77,26.0
INV-20260819-S002-P001,2026-08-19,S002,P001,116,57.0
INV-20260819-S002-P002,2026-08-19,S002,P002,192,41.0
INV-20260819-S002-P003,2026-08-19,S002,P003,111,24.0
INV-20260819-S002-P004,2026-08-19,S002,P004,372,20.0
INV-20260819-S002-P005,2026-08-19,S002,P005,111,66.0
INV-20260819-S002-P006,2026-08-19,S002,P006,96,26.0
INV-20260819-S002-P007,2026-08-19,S002,P007,227,97.0
INV-20260819-S002-P008,2026-08-19,S002,P008,162,65.0
INV-20260819-S002-P009,2026-08-19,S002,P009,61,43.0
INV-20260819-S002-P010,2026-08-19,S002,P010,109,66.0
INV-20260819-S002-P011,2026-08-19,S002,P011,45,12.0
INV-20260819-S002-P012,2026-08-19,S002,P012,340,101.0
INV-20260819-S002-P013,2026-08-19,S002,P013,223,56.0
INV-20260819-S002-P014,2026-08-19,S002,P014,282,84.0
INV-20260819-S002-P015,2026-08-19,S002,P015,42,18.0
INV-20260819-S002-P016,2026-08-19,S002,P016,156,56.0
INV-20260819-S002-P017,2026-08-19,S002,P017,253,56.0
INV-20260819-S002-P018,2026-08-19,S002,P018,246,99.0
INV-20260819-S002-P019,2026-08-19,S002,P019,203,64.0
INV-20260819-S002-P020,2026-08-19,S002,P020,83,55.0
INV-20260819-S002-P021,2026-08-19,S002,P021,37,35.0
INV-20260819-S002-P022,2026-08-19,S002,P022,193,41.0
INV-20260819-S002-P023,2026-08-19,S002,P023,166,59.0
INV-20260819-S002-P024,2026-08-19,S002,P024,110,51.0
INV-20260819-S002-P025,2026-08-19,S002,P025,46,12.0
INV-20260819-S002-P026,2026-08-19,S002,P026,213,88.0
INV-20260819-S002-P027,2026-08-19,S002,P027,108,95.0
INV-20260819-S002-P028,2026-08-19,S002,P028,39,23.0
INV-20260819-S002-P029,2026-08-19,S002,P029,174,62.0
INV-20260819-S002-P030,2026-08-19,S002,P030,37,20.0
INV-20260819-S002-P031,2026-08-19,S002,P031,207,74.0
INV-20260819-S002-P032,2026-08-19,S002,P032,101,37.0
INV-20260819-S002-P033,2026-08-19,S002,P033,130,72.0
INV-20260819-S002-P034,2026-08-19,S002,P034,207,79.0
INV-20260819-S002-P035,2026-08-19,S002,P035,343,83.0
INV-20260819-S002-P036,2026-08-19,S002,P036,46,20.0
INV-20260819-S002-P037,2026-08-19,S002,P037,436,97.0
INV-20260819-S002-P038,2026-08-19,S002,P038,141,32.0
INV-20260819-S002-P039,2026-08-19,S002,P039,60,14.0
INV-20260819-S002-P040,2026-08-19,S002,P040,81,62.0
INV-20260819-S002-P041,2026-08-19,S002,P041,81,45.0
INV-20260819-S002-P042,2026-08-19,S002,P042,297,88.0
INV-20260819-S002-P043,2026-08-19,S002,P043,240,86.0
INV-20260819-S002-P044,2026-08-19,S002,P044,45,40.0
INV-20260819-S002-P045,2026-08-19,S002,P045,295,100.0
INV-20260819-S002-P046,2026-08-19,S002,P046,80,37.0
INV-20260819-S002-P047,2026-08-19,S002,P047,267,59.0
INV-20260819-S002-P048,2026-08-19,S002,P048,172,34.0
INV-20260819-S002-P049,2026-08-19,S002,P049,370,98.0
INV-20260819-S002-P050,2026-08-19,S002,P050,87,26.0
INV-20260819-S003-P001,2026-08-19,S003,P001,140,57.0
INV-20260819-S003-P002,2026-08-19,S003,P002,194,41.0
INV-20260819-S003-P003,2026-08-19,S003,P003,35,24.0
INV-20260819-S003-P004,2026-08-19,S003,P004,43,20.0
INV-20260819-S003-P005,2026-08-19,S003,P005,208,66.0
INV-20260819-S003-P006,2026-08-19,S003,P006,77,26.0
INV-20260819-S003-P007,2026-08-19,S003,P007,468,97.0
INV-20260819-S003-P008,2026-08-19,S003,P008,262,65.0
INV-20260819-S003-P009,2026-08-19,S003,P009,138,43.0
INV-20260819-S003-P010,2026-08-19,S003,P010,319,66.0
INV-20260819-S003-P011,2026-08-19,S003,P011,165,12.0
INV-20260819-S003-P012,2026-08-19,S003,P012,403,101.0
INV-20260819-S003-P013,2026-08-19,S003,P013,264,56.0
INV-20260819-S003-P014,2026-08-19,S003,P014,187,84.0
INV-20260819-S003-P015,2026-08-19,S003,P015,65,18.0
INV-20260819-S003-P016,2026-08-19,S003,P016,157,56.0
INV-20260819-S003-P017,2026-08-19,S003,P017,126,56.0
INV-20260819-S003-P018,2026-08-19,S003,P018,196,99.0
INV-20260819-S003-P019,2026-08-19,S003,P019,77,64.0
INV-20260819-S003-P020,2026-08-19,S003,P020,98,55.0
INV-20260819-S003-P021,2026-08-19,S003,P021,147,35.0
INV-20260819-S003-P022,2026-08-19,S003,P022,196,41.0
INV-20260819-S003-P023,2026-08-19,S003,P023,186,59.0
INV-20260819-S003-P024,2026-08-19,S003,P024,224,51.0
INV-20260819-S003-P025,2026-08-19,S003,P025,151,12.0
INV-20260819-S003-P026,2026-08-19,S003,P026,298,88.0
INV-20260819-S003-P027,2026-08-19,S003,P027,268,95.0
INV-20260819-S003-P028,2026-08-19,S003,P028,98,23.0
INV-20260819-S003-P029,2026-08-19,S003,P029,187,62.0
INV-20260819-S003-P030,2026-08-19,S003,P030,35,20.0
INV-20260819-S003-P031,2026-08-19,S003,P031,136,74.0
INV-20260819-S003-P032,2026-08-19,S003,P032,41,37.0
INV-20260819-S003-P033,2026-08-19,S003,P033,184,72.0
INV-20260819-S003-P034,2026-08-19,S003,P034,325,79.0
INV-20260819-S003-P035,2026-08-19,S003,P035,141,83.0
INV-20260819-S003-P036,2026-08-19,S003,P036,62,20.0
INV-20260819-S003-P037,2026-08-19,S003,P037,157,97.0
INV-20260819-S003-P038,2026-08-19,S003,P038,121,32.0
INV-20260819-S003-P039,2026-08-19,S003,P039,165,14.0
INV-20260819-S003-P040,2026-08-19,S003,P040,199,62.0
INV-20260819-S003-P041,2026-08-19,S003,P041,214,45.0
INV-20260819-S003-P042,2026-08-19,S003,P042,281,88.0
INV-20260819-S003-P043,2026-08-19,S003,P043,260,86.0
INV-20260819-S003-P044,2026-08-19,S003,P044,75,40.0
INV-20260819-S003-P045,2026-08-19,S003,P045,464,100.0
INV-20260819-S003-P046,2026-08-19,S003,P046,182,37.0
INV-20260819-S003-P047,2026-08-19,S003,P047,103,59.0
INV-20260819-S003-P048,2026-08-19,S003,P048,51,34.0
INV-20260819-S003-P049,2026-08-19,S003,P049,380,98.0
INV-20260820-S001-P001,2026-08-20,S001,P001,256,57.0
INV-20260820-S001-P002,2026-08-20,S001,P002,72,41.0
INV-20260820-S001-P003,2026-08-20,S001,P003,96,24.0
INV-20260820-S001-P004,2026-08-20,S001,P004,89,20.0
INV-20260820-S001-P005,2026-08-20,S001,P005,158,66.0
INV-20260820-S001-P006,2026-08-20,S001,P006,118,26.0
INV-20260820-S001-P007,2026-08-20,S001,P007,208,97.0
INV-20260820-S001-P008,2026-08-20,S001,P008,180,65.0
INV-20260820-S001-P009,2026-08-20,S001,P009,119,43.0
INV-20260820-S001-P010,2026-08-20,S001,P010,327,66.0
INV-20260820-S001-P011,2026-08-20,S001,P011,160,12.0
INV-20260820-S001-P012,2026-08-20,S001,P012,389,101.0
INV-20260820-S001-P013,2026-08-20,S001,P013,102,56.0
INV-20260820-S001-P014,2026-08-20,S001,P014,148,84.0
INV-20260820-S001-P015,2026-08-20,S001,P015,50,18.0
INV-20260820-S001-P016,2026-08-20,S001,P016,104,56.0
INV-20260820-S001-P017,2026-08-20,S001,P017,59,56.0
INV-20260820-S001-P018,2026-08-20,S001,P018,224,99.0
INV-20260820-S001-P019,2026-08-20,S001,P019,88,64.0
INV-20260820-S001-P020,2026-08-20,S001,P020,154,55.0
INV-20260820-S001-P021,2026-08-20,S001,P021,164,35.0
INV-20260820-S001-P022,2026-08-20,S001,P022,144,41.0
INV-20260820-S001-P023,2026-08-20,S001,P023,277,59.0
INV-20260820-S001-P024,2026-08-20,S001,P024,221,51.0
INV-20260820-S001-P025,2026-08-20,S001,P025,204,12.0
INV-20260820-S001-P026,2026-08-20,S001,P026,119,88.0
INV-20260820-S001-P027,2026-08-20,S001,P027,389,95.0
INV-20260820-S001-P028,2026-08-20,S001,P028,70,23.0
INV-20260820-S001-P029,2026-08-20,S001,P029,271,62.0
INV-20260820-S001-P030,2026-08-20,S001,P030,86,20.0
INV-20260820-S001-P031,2026-08-20,S001,P031,102,74.0
INV-20260820-S001-P032,2026-08-20,S001,P032,112,37.0
INV-20260820-S001-P033,2026-08-20,S001,P033,114,72.0
INV-20260820-S001-P034,2026-08-20,S001,P034,148,79.0
INV-20260820-S001-P035,2026-08-20,S001,P035,108,83.0
INV-20260820-S001-P036,2026-08-20,S001,P036,66,20.0
INV-20260820-S001-P037,2026-08-20,S001,P037,176,97.0
INV-20260820-S001-P038,2026-08-20,S001,P038,141,32.0
INV-20260820-S001-P039,2026-08-20,S001,P039,150,14.0
INV-20260820-S001-P040,2026-08-20,S001,P040,157,62.0
INV-20260820-S001-P041,2026-08-20,S001,P041,185,45.0
INV-20260820-S001-P042,2026-08-20,S001,P042,178,88.0
INV-20260820-S001-P043,2026-08-20,S001,P043,239,86.0
INV-20260820-S001-P044,2026-08-20,S001,P044,160,40.0
INV-20260820-S001-P045,2026-08-20,S001,P045,310,100.0
INV-20260820-S001-P046,2026-08-20,S001,P046,78,37.0
INV-20260820-S001-P047,2026-08-20,S001,P047,110,59.0
INV-20260820-S001-P048,2026-08-20,S001,P048,160,34.0
INV-20260820-S001-P049,2026-08-20,S001,P049,187,98.0
INV-20260820-S001-P050,2026-08-20,S001,P050,75,26.0
INV-20260820-S002-P001,2026-08-20,S002,P001,103,57.0
INV-20260820-S002-P002,2026-08-20,S002,P002,190,41.0
INV-20260820-S002-P003,2026-08-20,S002,P003,107,24.0
INV-20260820-S002-P004,2026-08-20,S002,P004,372,20.0
INV-20260820-S002-P005,2026-08-20,S002,P005,95,66.0
INV-20260820-S002-P006,2026-08-20,S002,P006,88,26.0
INV-20260820-S002-P007,2026-08-20,S002,P007,227,97.0
INV-20260820-S002-P008,2026-08-20,S002,P008,152,65.0
INV-20260820-S002-P009,2026-08-20,S002,P009,51,43.0
INV-20260820-S002-P010,2026-08-20,S002,P010,101,66.0
INV-20260820-S002-P011,2026-08-20,S002,P011,43,12.0
INV-20260820-S002-P012,2026-08-20,S002,P012,319,101.0
INV-20260820-S002-P013,2026-08-20,S002,P013,211,56.0
INV-20260820-S002-P014,2026-08-20,S002,P014,272,84.0
INV-20260820-S002-P015,2026-08-20,S002,P015,40,18.0
INV-20260820-S002-P016,2026-08-20,S002,P016,149,56.0
INV-20260820-S002-P017,2026-08-20,S002,P017,245,56.0
INV-20260820-S002-P018,2026-08-20,S002,P018,231,99.0
INV-20260820-S002-P019,2026-08-20,S002,P019,194,64.0
INV-20260820-S002-P020,2026-08-20,S002,P020,70,55.0
INV-20260820-S002-P021,2026-08-20,S002,P021,172,35.0
INV-20260820-S002-P022,2026-08-20,S002,P022,187,41.0
INV-20260820-S002-P023,2026-08-20,S002,P023,161,59.0
INV-20260820-S002-P024,2026-08-20,S002,P024,98,51.0
INV-20260820-S002-P025,2026-08-20,S002,P025,43,12.0
INV-20260820-S002-P026,2026-08-20,S002,P026,194,88.0
INV-20260820-S002-P027,2026-08-20,S002,P027,467,95.0
INV-20260820-S002-P028,2026-08-20,S002,P028,38,23.0
INV-20260820-S002-P029,2026-08-20,S002,P029,158,62.0
INV-20260820-S002-P030,2026-08-20,S002,P030,35,20.0
INV-20260820-S002-P031,2026-08-20,S002,P031,199,74.0
INV-20260820-S002-P032,2026-08-20,S002,P032,93,37.0
INV-20260820-S002-P033,2026-08-20,S002,P033,116,72.0
INV-20260820-S002-P034,2026-08-20,S002,P034,199,79.0
INV-20260820-S002-P035,2026-08-20,S002,P035,334,83.0
INV-20260820-S002-P036,2026-08-20,S002,P036,41,20.0
INV-20260820-S002-P037,2026-08-20,S002,P037,419,97.0
INV-20260820-S002-P038,2026-08-20,S002,P038,133,32.0
INV-20260820-S002-P039,2026-08-20,S002,P039,58,14.0
INV-20260820-S002-P040,2026-08-20,S002,P040,71,62.0
INV-20260820-S002-P041,2026-08-20,S002,P041,78,45.0
INV-20260820-S002-P042,2026-08-20,S002,P042,283,88.0
INV-20260820-S002-P043,2026-08-20,S002,P043,223,86.0
INV-20260820-S002-P044,2026-08-20,S002,P044,201,40.0
INV-20260820-S002-P045,2026-08-20,S002,P045,282,100.0
INV-20260820-S002-P046,2026-08-20,S002,P046,68,37.0
INV-20260820-S002-P047,2026-08-20,S002,P047,255,59.0
INV-20260820-S002-P048,2026-08-20,S002,P048,168,34.0
INV-20260820-S002-P049,2026-08-20,S002,P049,352,98.0
INV-20260820-S002-P050,2026-08-20,S002,P050,85,26.0
INV-20260820-S003-P001,2026-08-20,S003,P001,130,57.0
INV-20260820-S003-P002,2026-08-20,S003,P002,191,41.0
INV-20260820-S003-P003,2026-08-20,S003,P003,31,24.0
INV-20260820-S003-P004,2026-08-20,S003,P004,43,20.0
INV-20260820-S003-P005,2026-08-20,S003,P005,205,66.0
INV-20260820-S003-P006,2026-08-20,S003,P006,73,26.0
INV-20260820-S003-P007,2026-08-20,S003,P007,460,97.0
INV-20260820-S003-P008,2026-08-20,S003,P008,256,65.0
INV-20260820-S003-P009,2026-08-20,S003,P009,134,43.0
INV-20260820-S003-P010,2026-08-20,S003,P010,309,66.0
INV-20260820-S003-P011,2026-08-20,S003,P011,163,12.0
INV-20260820-S003-P012,2026-08-20,S003,P012,388,101.0
INV-20260820-S003-P013,2026-08-20,S003,P013,258,56.0
INV-20260820-S003-P014,2026-08-20,S003,P014,174,84.0
INV-20260820-S003-P015,2026-08-20,S003,P015,60,18.0
INV-20260820-S003-P016,2026-08-20,S003,P016,151,56.0
INV-20260820-S003-P017,2026-08-20,S003,P017,120,56.0
INV-20260820-S003-P018,2026-08-20,S003,P018,183,99.0
INV-20260820-S003-P019,2026-08-20,S003,P019,75,64.0
INV-20260820-S003-P020,2026-08-20,S003,P020,91,55.0
INV-20260820-S003-P021,2026-08-20,S003,P021,144,35.0
INV-20260820-S003-P022,2026-08-20,S003,P022,189,41.0
INV-20260820-S003-P023,2026-08-20,S003,P023,185,59.0
INV-20260820-S003-P024,2026-08-20,S003,P024,214,51.0
INV-20260820-S003-P025,2026-08-20,S003,P025,150,12.0
INV-20260820-S003-P026,2026-08-20,S003,P026,288,88.0
INV-20260820-S003-P027,2026-08-20,S003,P027,260,95.0
INV-20260820-S003-P028,2026-08-20,S003,P028,94,23.0
INV-20260820-S003-P029,2026-08-20,S003,P029,182,62.0
INV-20260820-S003-P030,2026-08-20,S003,P030,33,20.0
INV-20260820-S003-P031,2026-08-20,S003,P031,125,74.0
INV-20260820-S003-P032,2026-08-20,S003,P032,39,37.0
INV-20260820-S003-P033,2026-08-20,S003,P033,174,72.0
INV-20260820-S003-P034,2026-08-20,S003,P034,312,79.0
INV-20260820-S003-P035,2026-08-20,S003,P035,137,83.0
INV-20260820-S003-P036,2026-08-20,S003,P036,60,20.0
INV-20260820-S003-P037,2026-08-20,S003,P037,147,97.0
INV-20260820-S003-P038,2026-08-20,S003,P038,115,32.0
INV-20260820-S003-P039,2026-08-20,S003,P039,163,14.0
INV-20260820-S003-P040,2026-08-20,S003,P040,194,62.0
INV-20260820-S003-P041,2026-08-20,S003,P041,209,45.0
INV-20260820-S003-P042,2026-08-20,S003,P042,275,88.0
INV-20260820-S003-P043,2026-08-20,S003,P043,249,86.0
INV-20260820-S003-P044,2026-08-20,S003,P044,73,40.0
INV-20260820-S003-P045,2026-08-20,S003,P045,453,100.0
INV-20260820-S003-P046,2026-08-20,S003,P046,176,37.0
INV-20260820-S003-P047,2026-08-20,S003,P047,98,59.0
INV-20260820-S003-P048,2026-08-20,S003,P048,49,34.0
INV-20260820-S003-P049,2026-08-20,S003,P049,372,98.0
INV-20260821-S001-P001,2026-08-21,S001,P001,233,57.0
INV-20260821-S001-P002,2026-08-21,S001,P002,71,41.0
INV-20260821-S001-P003,2026-08-21,S001,P003,94,24.0
INV-20260821-S001-P004,2026-08-21,S001,P004,84,20.0
INV-20260821-S001-P005,2026-08-21,S001,P005,149,66.0
INV-20260821-S001-P006,2026-08-21,S001,P006,117,26.0
INV-20260821-S001-P007,2026-08-21,S001,P007,196,97.0
INV-20260821-S001-P008,2026-08-21,S001,P008,173,65.0
INV-20260821-S001-P009,2026-08-21,S001,P009,116,43.0
INV-20260821-S001-P010,2026-08-21,S001,P010,323,66.0
INV-20260821-S001-P011,2026-08-21,S001,P011,157,12.0
INV-20260821-S001-P012,2026-08-21,S001,P012,372,101.0
INV-20260821-S001-P013,2026-08-21,S001,P013,91,56.0
INV-20260821-S001-P014,2026-08-21,S001,P014,136,84.0
INV-20260821-S001-P015,2026-08-21,S001,P015,49,18.0
INV-20260821-S001-P016,2026-08-21,S001,P016,95,56.0
INV-20260821-S001-P017,2026-08-21,S001,P017,275,56.0
INV-20260821-S001-P018,2026-08-21,S001,P018,216,99.0
INV-20260821-S001-P019,2026-08-21,S001,P019,74,64.0
INV-20260821-S001-P020,2026-08-21,S001,P020,141,55.0
INV-20260821-S001-P021,2026-08-21,S001,P021,159,35.0
INV-20260821-S001-P022,2026-08-21,S001,P022,138,41.0
INV-20260821-S001-P023,2026-08-21,S001,P023,270,59.0
INV-20260821-S001-P024,2026-08-21,S001,P024,211,51.0
INV-20260821-S001-P025,2026-08-21,S001,P025,203,12.0
INV-20260821-S001-P026,2026-08-21,S001,P026,105,88.0
INV-20260821-S001-P027,2026-08-21,S001,P027,374,95.0
INV-20260821-S001-P028,2026-08-21,S001,P028,67,23.0
INV-20260821-S001-P029,2026-08-21,S001,P029,262,62.0
INV-20260821-S001-P030,2026-08-21,S001,P030,84,20.0
INV-20260821-S001-P031,2026-08-21,S001,P031,91,74.0
INV-20260821-S001-P032,2026-08-21,S001,P032,110,37.0
INV-20260821-S001-P033,2026-08-21,S001,P033,107,72.0
INV-20260821-S001-P034,2026-08-21,S001,P034,136,79.0
INV-20260821-S001-P035,2026-08-21,S001,P035,90,83.0
INV-20260821-S001-P036,2026-08-21,S001,P036,61,20.0
INV-20260821-S001-P037,2026-08-21,S001,P037,168,97.0
INV-20260821-S001-P038,2026-08-21,S001,P038,136,32.0
INV-20260821-S001-P039,2026-08-21,S001,P039,147,14.0
INV-20260821-S001-P040,2026-08-21,S001,P040,145,62.0
INV-20260821-S001-P041,2026-08-21,S001,P041,173,45.0
INV-20260821-S001-P042,2026-08-21,S001,P042,163,88.0
INV-20260821-S001-P043,2026-08-21,S001,P043,224,86.0
INV-20260821-S001-P044,2026-08-21,S001,P044,154,40.0
INV-20260821-S001-P045,2026-08-21,S001,P045,301,100.0
INV-20260821-S001-P046,2026-08-21,S001,P046,71,37.0
INV-20260821-S001-P047,2026-08-21,S001,P047,98,59.0
INV-20260821-S001-P048,2026-08-21,S001,P048,155,34.0
INV-20260821-S001-P049,2026-08-21,S001,P049,173,98.0
INV-20260821-S001-P050,2026-08-21,S001,P050,71,26.0
INV-20260821-S002-P001,2026-08-21,S002,P001,92,57.0
INV-20260821-S002-P002,2026-08-21,S002,P002,181,41.0
INV-20260821-S002-P003,2026-08-21,S002,P003,104,24.0
INV-20260821-S002-P004,2026-08-21,S002,P004,372,20.0
INV-20260821-S002-P005,2026-08-21,S002,P005,84,66.0
INV-20260821-S002-P006,2026-08-21,S002,P006,83,26.0
INV-20260821-S002-P007,2026-08-21,S002,P007,227,97.0
INV-20260821-S002-P008,2026-08-21,S002,P008,140,65.0
INV-20260821-S002-P009,2026-08-21,S002,P009,213,43.0
INV-20260821-S002-P010,2026-08-21,S002,P010,82,66.0
INV-20260821-S002-P011,2026-08-21,S002,P011,42,12.0
INV-20260821-S002-P012,2026-08-21,S002,P012,298,101.0
INV-20260821-S002-P013,2026-08-21,S002,P013,201,56.0
INV-20260821-S002-P014,2026-08-21,S002,P014,250,84.0
INV-20260821-S002-P015,2026-08-21,S002,P015,36,18.0
INV-20260821-S002-P016,2026-08-21,S002,P016,134,56.0
INV-20260821-S002-P017,2026-08-21,S002,P017,236,56.0
INV-20260821-S002-P018,2026-08-21,S002,P018,212,99.0
INV-20260821-S002-P019,2026-08-21,S002,P019,178,64.0
INV-20260821-S002-P020,2026-08-21,S002,P020,59,55.0
INV-20260821-S002-P021,2026-08-21,S002,P021,164,35.0
INV-20260821-S002-P022,2026-08-21,S002,P022,177,41.0
INV-20260821-S002-P023,2026-08-21,S002,P023,148,59.0
INV-20260821-S002-P024,2026-08-21,S002,P024,85,51.0
INV-20260821-S002-P025,2026-08-21,S002,P025,42,12.0
INV-20260821-S002-P026,2026-08-21,S002,P026,183,88.0
INV-20260821-S002-P027,2026-08-21,S002,P027,447,95.0
INV-20260821-S002-P028,2026-08-21,S002,P028,33,23.0
INV-20260821-S002-P029,2026-08-21,S002,P029,149,62.0
INV-20260821-S002-P030,2026-08-21,S002,P030,31,20.0
INV-20260821-S002-P031,2026-08-21,S002,P031,186,74.0
INV-20260821-S002-P032,2026-08-21,S002,P032,87,37.0
INV-20260821-S002-P033,2026-08-21,S002,P033,102,72.0
INV-20260821-S002-P034,2026-08-21,S002,P034,189,79.0
INV-20260821-S002-P035,2026-08-21,S002,P035,318,83.0
INV-20260821-S002-P036,2026-08-21,S002,P036,37,20.0
INV-20260821-S002-P037,2026-08-21,S002,P037,406,97.0
INV-20260821-S002-P038,2026-08-21,S002,P038,130,32.0
INV-20260821-S002-P039,2026-08-21,S002,P039,56,14.0
INV-20260821-S002-P040,2026-08-21,S002,P040,312,62.0
INV-20260821-S002-P041,2026-08-21,S002,P041,66,45.0
INV-20260821-S002-P042,2026-08-21,S002,P042,268,88.0
INV-20260821-S002-P043,2026-08-21,S002,P043,213,86.0
INV-20260821-S002-P044,2026-08-21,S002,P044,191,40.0
INV-20260821-S002-P045,2026-08-21,S002,P045,266,100.0
INV-20260821-S002-P046,2026-08-21,S002,P046,62,37.0
INV-20260821-S002-P047,2026-08-21,S002,P047,246,59.0
INV-20260821-S002-P048,2026-08-21,S002,P048,165,34.0
INV-20260821-S002-P049,2026-08-21,S002,P049,336,98.0
INV-20260821-S002-P050,2026-08-21,S002,P050,77,26.0
INV-20260821-S003-P001,2026-08-21,S003,P001,122,57.0
INV-20260821-S003-P002,2026-08-21,S003,P002,186,41.0
INV-20260821-S003-P003,2026-08-21,S003,P003,26,24.0
INV-20260821-S003-P004,2026-08-21,S003,P004,42,20.0
INV-20260821-S003-P005,2026-08-21,S003,P005,199,66.0
INV-20260821-S003-P006,2026-08-21,S003,P006,69,26.0
INV-20260821-S003-P007,2026-08-21,S003,P007,448,97.0
INV-20260821-S003-P008,2026-08-21,S003,P008,248,65.0
INV-20260821-S003-P009,2026-08-21,S003,P009,128,43.0
INV-20260821-S003-P010,2026-08-21,S003,P010,299,66.0
INV-20260821-S003-P011,2026-08-21,S003,P011,161,12.0
INV-20260821-S003-P012,2026-08-21,S003,P012,376,101.0
INV-20260821-S003-P013,2026-08-21,S003,P013,252,56.0
INV-20260821-S003-P014,2026-08-21,S003,P014,160,84.0
INV-20260821-S003-P015,2026-08-21,S003,P015,58,18.0
INV-20260821-S003-P016,2026-08-21,S003,P016,145,56.0
INV-20260821-S003-P017,2026-08-21,S003,P017,117,56.0
INV-20260821-S003-P018,2026-08-21,S003,P018,171,99.0
INV-20260821-S003-P019,2026-08-21,S003,P019,65,64.0
INV-20260821-S003-P020,2026-08-21,S003,P020,83,55.0
INV-20260821-S003-P021,2026-08-21,S003,P021,143,35.0
INV-20260821-S003-P022,2026-08-21,S003,P022,185,41.0
INV-20260821-S003-P023,2026-08-21,S003,P023,174,59.0
INV-20260821-S003-P024,2026-08-21,S003,P024,210,51.0
INV-20260821-S003-P025,2026-08-21,S003,P025,150,12.0
INV-20260821-S003-P026,2026-08-21,S003,P026,279,88.0
INV-20260821-S003-P027,2026-08-21,S003,P027,247,95.0
INV-20260821-S003-P028,2026-08-21,S003,P028,90,23.0
INV-20260821-S003-P029,2026-08-21,S003,P029,175,62.0
INV-20260821-S003-P030,2026-08-21,S003,P030,29,20.0
INV-20260821-S003-P031,2026-08-21,S003,P031,118,74.0
INV-20260821-S003-P032,2026-08-21,S003,P032,184,37.0
INV-20260821-S003-P033,2026-08-21,S003,P033,171,72.0
INV-20260821-S003-P034,2026-08-21,S003,P034,302,79.0
INV-20260821-S003-P035,2026-08-21,S003,P035,128,83.0
INV-20260821-S003-P036,2026-08-21,S003,P036,54,20.0
INV-20260821-S003-P037,2026-08-21,S003,P037,136,97.0
INV-20260821-S003-P038,2026-08-21,S003,P038,114,32.0
INV-20260821-S003-P039,2026-08-21,S003,P039,163,14.0
INV-20260821-S003-P040,2026-08-21,S003,P040,188,62.0
INV-20260821-S003-P041,2026-08-21,S003,P041,207,45.0
INV-20260821-S003-P042,2026-08-21,S003,P042,266,88.0
INV-20260821-S003-P043,2026-08-21,S003,P043,238,86.0
INV-20260821-S003-P044,2026-08-21,S003,P044,67,40.0
INV-20260821-S003-P045,2026-08-21,S003,P045,439,100.0
INV-20260821-S003-P046,2026-08-21,S003,P046,169,37.0
INV-20260821-S003-P047,2026-08-21,S003,P047,92,59.0
INV-20260821-S003-P048,2026-08-21,S003,P048,47,34.0
INV-20260821-S003-P049,2026-08-21,S003,P049,360,98.0
INV-20260822-S001-P001,2026-08-22,S001,P001,224,57.0
INV-20260822-S001-P002,2026-08-22,S001,P002,62,41.0
INV-20260822-S001-P003,2026-08-22,S001,P003,91,24.0
INV-20260822-S001-P004,2026-08-22,S001,P004,82,20.0
INV-20260822-S001-P005,2026-08-22,S001,P005,140,66.0
INV-20260822-S001-P006,2026-08-22,S001,P006,112,26.0
INV-20260822-S001-P007,2026-08-22,S001,P007,184,97.0
INV-20260822-S001-P008,2026-08-22,S001,P008,164,65.0
INV-20260822-S001-P009,2026-08-22,S001,P009,111,43.0
INV-20260822-S001-P010,2026-08-22,S001,P010,309,66.0
INV-20260822-S001-P011,2026-08-22,S001,P011,155,12.0
INV-20260822-S001-P012,2026-08-22,S001,P012,352,101.0
INV-20260822-S001-P013,2026-08-22,S001,P013,84,56.0
INV-20260822-S001-P014,2026-08-22,S001,P014,120,84.0
INV-20260822-S001-P015,2026-08-22,S001,P015,46,18.0
INV-20260822-S001-P016,2026-08-22,S001,P016,88,56.0
INV-20260822-S001-P017,2026-08-22,S001,P017,270,56.0
INV-20260822-S001-P018,2026-08-22,S001,P018,202,99.0
INV-20260822-S001-P019,2026-08-22,S001,P019,320,64.0
INV-20260822-S001-P020,2026-08-22,S001,P020,131,55.0
INV-20260822-S001-P021,2026-08-22,S001,P021,155,35.0
INV-20260822-S001-P022,2026-08-22,S001,P022,133,41.0
INV-20260822-S001-P023,2026-08-22,S001,P023,258,59.0
INV-20260822-S001-P024,2026-08-22,S001,P024,208,51.0
INV-20260822-S001-P025,2026-08-22,S001,P025,200,12.0
INV-20260822-S001-P026,2026-08-22,S001,P026,94,88.0
INV-20260822-S001-P027,2026-08-22,S001,P027,358,95.0
INV-20260822-S001-P028,2026-08-22,S001,P028,64,23.0
INV-20260822-S001-P029,2026-08-22,S001,P029,259,62.0
INV-20260822-S001-P030,2026-08-22,S001,P030,80,20.0
INV-20260822-S001-P031,2026-08-22,S001,P031,369,74.0
INV-20260822-S001-P032,2026-08-22,S001,P032,100,37.0
INV-20260822-S001-P033,2026-08-22,S001,P033,97,72.0
INV-20260822-S001-P034,2026-08-22,S001,P034,125,79.0
INV-20260822-S001-P035,2026-08-22,S001,P035,413,83.0
INV-20260822-S001-P036,2026-08-22,S001,P036,60,20.0
INV-20260822-S001-P037,2026-08-22,S001,P037,150,97.0
INV-20260822-S001-P038,2026-08-22,S001,P038,132,32.0
INV-20260822-S001-P039,2026-08-22,S001,P039,143,14.0
INV-20260822-S001-P040,2026-08-22,S001,P040,133,62.0
INV-20260822-S001-P041,2026-08-22,S001,P041,167,45.0
INV-20260822-S001-P042,2026-08-22,S001,P042,157,88.0
INV-20260822-S001-P043,2026-08-22,S001,P043,215,86.0
INV-20260822-S001-P044,2026-08-22,S001,P044,149,40.0
INV-20260822-S001-P045,2026-08-22,S001,P045,274,100.0
INV-20260822-S001-P046,2026-08-22,S001,P046,61,37.0
INV-20260822-S001-P047,2026-08-22,S001,P047,88,59.0
INV-20260822-S001-P048,2026-08-22,S001,P048,147,34.0
INV-20260822-S001-P049,2026-08-22,S001,P049,152,98.0
INV-20260822-S001-P050,2026-08-22,S001,P050,64,26.0
INV-20260822-S002-P001,2026-08-22,S002,P001,78,57.0
INV-20260822-S002-P002,2026-08-22,S002,P002,175,41.0
INV-20260822-S002-P003,2026-08-22,S002,P003,99,24.0
INV-20260822-S002-P004,2026-08-22,S002,P004,372,20.0
INV-20260822-S002-P005,2026-08-22,S002,P005,75,66.0
INV-20260822-S002-P006,2026-08-22,S002,P006,77,26.0
INV-20260822-S002-P007,2026-08-22,S002,P007,227,97.0
INV-20260822-S002-P008,2026-08-22,S002,P008,124,65.0
INV-20260822-S002-P009,2026-08-22,S002,P009,200,43.0
INV-20260822-S002-P010,2026-08-22,S002,P010,330,66.0
INV-20260822-S002-P011,2026-08-22,S002,P011,37,12.0
INV-20260822-S002-P012,2026-08-22,S002,P012,280,101.0
INV-20260822-S002-P013,2026-08-22,S002,P013,189,56.0
INV-20260822-S002-P014,2026-08-22,S002,P014,230,84.0
INV-20260822-S002-P015,2026-08-22,S002,P015,27,18.0
INV-20260822-S002-P016,2026-08-22,S002,P016,126,56.0
INV-20260822-S002-P017,2026-08-22,S002,P017,223,56.0
INV-20260822-S002-P018,2026-08-22,S002,P018,186,99.0
INV-20260822-S002-P019,2026-08-22,S002,P019,166,64.0
INV-20260822-S002-P020,2026-08-22,S002,P020,263,55.0
INV-20260822-S002-P021,2026-08-22,S002,P021,155,35.0
INV-20260822-S002-P022,2026-08-22,S002,P022,171,41.0
INV-20260822-S002-P023,2026-08-22,S002,P023,140,59.0
INV-20260822-S002-P024,2026-08-22,S002,P024,68,51.0
INV-20260822-S002-P025,2026-08-22,S002,P025,39,12.0
INV-20260822-S002-P026,2026-08-22,S002,P026,165,88.0
INV-20260822-S002-P027,2026-08-22,S002,P027,434,95.0
INV-20260822-S002-P028,2026-08-22,S002,P028,27,23.0
INV-20260822-S002-P029,2026-08-22,S002,P029,131,62.0
INV-20260822-S002-P030,2026-08-22,S002,P030,29,20.0
INV-20260822-S002-P031,2026-08-22,S002,P031,171,74.0
INV-20260822-S002-P032,2026-08-22,S002,P032,82,37.0
INV-20260822-S002-P033,2026-08-22,S002,P033,87,72.0
INV-20260822-S002-P034,2026-08-22,S002,P034,167,79.0
INV-20260822-S002-P035,2026-08-22,S002,P035,303,83.0
INV-20260822-S002-P036,2026-08-22,S002,P036,34,20.0
INV-20260822-S002-P037,2026-08-22,S002,P037,392,97.0
INV-20260822-S002-P038,2026-08-22,S002,P038,127,32.0
INV-20260822-S002-P039,2026-08-22,S002,P039,52,14.0
INV-20260822-S002-P040,2026-08-22,S002,P040,302,62.0
INV-20260822-S002-P041,2026-08-22,S002,P041,55,45.0
INV-20260822-S002-P042,2026-08-22,S002,P042,247,88.0
INV-20260822-S002-P043,2026-08-22,S002,P043,195,86.0
INV-20260822-S002-P044,2026-08-22,S002,P044,185,40.0
INV-20260822-S002-P045,2026-08-22,S002,P045,248,100.0
INV-20260822-S002-P046,2026-08-22,S002,P046,51,37.0
INV-20260822-S002-P047,2026-08-22,S002,P047,232,59.0
INV-20260822-S002-P048,2026-08-22,S002,P048,160,34.0
INV-20260822-S002-P049,2026-08-22,S002,P049,320,98.0
INV-20260822-S002-P050,2026-08-22,S002,P050,70,26.0
INV-20260822-S003-P001,2026-08-22,S003,P001,116,57.0
INV-20260822-S003-P002,2026-08-22,S003,P002,181,41.0
INV-20260822-S003-P003,2026-08-22,S003,P003,25,24.0
INV-20260822-S003-P004,2026-08-22,S003,P004,41,20.0
INV-20260822-S003-P005,2026-08-22,S003,P005,190,66.0
INV-20260822-S003-P006,2026-08-22,S003,P006,67,26.0
INV-20260822-S003-P007,2026-08-22,S003,P007,438,97.0
INV-20260822-S003-P008,2026-08-22,S003,P008,236,65.0
INV-20260822-S003-P009,2026-08-22,S003,P009,123,43.0
INV-20260822-S003-P010,2026-08-22,S003,P010,289,66.0
INV-20260822-S003-P011,2026-08-22,S003,P011,161,12.0
INV-20260822-S003-P012,2026-08-22,S003,P012,363,101.0
INV-20260822-S003-P013,2026-08-22,S003,P013,243,56.0
INV-20260822-S003-P014,2026-08-22,S003,P014,146,84.0
INV-20260822-S003-P015,2026-08-22,S003,P015,55,18.0
INV-20260822-S003-P016,2026-08-22,S003,P016,138,56.0
INV-20260822-S003-P017,2026-08-22,S003,P017,102,56.0
INV-20260822-S003-P018,2026-08-22,S003,P018,154,99.0
INV-20260822-S003-P019,2026-08-22,S003,P019,315,64.0
INV-20260822-S003-P020,2026-08-22,S003,P020,75,55.0
INV-20260822-S003-P021,2026-08-22,S003,P021,137,35.0
INV-20260822-S003-P022,2026-08-22,S003,P022,182,41.0
INV-20260822-S003-P023,2026-08-22,S003,P023,167,59.0
INV-20260822-S003-P024,2026-08-22,S003,P024,203,51.0
INV-20260822-S003-P025,2026-08-22,S003,P025,149,12.0
INV-20260822-S003-P026,2026-08-22,S003,P026,268,88.0
INV-20260822-S003-P027,2026-08-22,S003,P027,234,95.0
INV-20260822-S003-P028,2026-08-22,S003,P028,87,23.0
INV-20260822-S003-P029,2026-08-22,S003,P029,162,62.0
INV-20260822-S003-P030,2026-08-22,S003,P030,26,20.0
INV-20260822-S003-P031,2026-08-22,S003,P031,100,74.0
INV-20260822-S003-P032,2026-08-22,S003,P032,182,37.0
INV-20260822-S003-P033,2026-08-22,S003,P033,164,72.0
INV-20260822-S003-P034,2026-08-22,S003,P034,288,79.0
INV-20260822-S003-P035,2026-08-22,S003,P035,113,83.0
INV-20260822-S003-P036,2026-08-22,S003,P036,52,20.0
INV-20260822-S003-P037,2026-08-22,S003,P037,122,97.0
INV-20260822-S003-P038,2026-08-22,S003,P038,110,32.0
INV-20260822-S003-P039,2026-08-22,S003,P039,161,14.0
INV-20260822-S003-P040,2026-08-22,S003,P040,180,62.0
INV-20260822-S003-P041,2026-08-22,S003,P041,201,45.0
INV-20260822-S003-P042,2026-08-22,S003,P042,252,88.0
INV-20260822-S003-P043,2026-08-22,S003,P043,231,86.0
INV-20260822-S003-P044,2026-08-22,S003,P044,62,40.0
INV-20260822-S003-P045,2026-08-22,S003,P045,420,100.0
INV-20260822-S003-P046,2026-08-22,S003,P046,168,37.0
INV-20260822-S003-P047,2026-08-22,S003,P047,85,59.0
INV-20260822-S003-P048,2026-08-22,S003,P048,44,34.0
INV-20260822-S003-P049,2026-08-22,S003,P049,344,98.0
INV-20260823-S001-P001,2026-08-23,S001,P001,214,57.0
INV-20260823-S001-P002,2026-08-23,S001,P002,55,41.0
INV-20260823-S001-P003,2026-08-23,S001,P003,90,24.0
INV-20260823-S001-P004,2026-08-23,S001,P004,74,20.0
INV-20260823-S001-P005,2026-08-23,S001,P005,131,66.0
INV-20260823-S001-P006,2026-08-23,S001,P006,108,26.0
INV-20260823-S001-P007,2026-08-23,S001,P007,163,97.0
INV-20260823-S001-P008,2026-08-23,S001,P008,155,65.0
INV-20260823-S001-P009,2026-08-23,S001,P009,105,43.0
INV-20260823-S001-P010,2026-08-23,S001,P010,298,66.0
INV-20260823-S001-P011,2026-08-23,S001,P011,148,12.0
INV-20260823-S001-P012,2026-08-23,S001,P012,341,101.0
INV-20260823-S001-P013,2026-08-23,S001,P013,75,56.0
INV-20260823-S001-P014,2026-08-23,S001,P014,109,84.0
INV-20260823-S001-P015,2026-08-23,S001,P015,42,18.0
INV-20260823-S001-P016,2026-08-23,S001,P016,81,56.0
INV-20260823-S001-P017,2026-08-23,S001,P017,257,56.0
INV-20260823-S001-P018,2026-08-23,S001,P018,184,99.0
INV-20260823-S001-P019,2026-08-23,S001,P019,315,64.0
INV-20260823-S001-P020,2026-08-23,S001,P020,123,55.0
INV-20260823-S001-P021,2026-08-23,S001,P021,153,35.0
INV-20260823-S001-P022,2026-08-23,S001,P022,125,41.0
INV-20260823-S001-P023,2026-08-23,S001,P023,247,59.0
INV-20260823-S001-P024,2026-08-23,S001,P024,203,51.0
INV-20260823-S001-P025,2026-08-23,S001,P025,198,12.0
INV-20260823-S001-P026,2026-08-23,S001,P026,435,88.0
INV-20260823-S001-P027,2026-08-23,S001,P027,336,95.0
INV-20260823-S001-P028,2026-08-23,S001,P028,59,23.0
INV-20260823-S001-P029,2026-08-23,S001,P029,251,62.0
INV-20260823-S001-P030,2026-08-23,S001,P030,80,20.0
INV-20260823-S001-P031,2026-08-23,S001,P031,359,74.0
INV-20260823-S001-P032,2026-08-23,S001,P032,93,37.0
INV-20260823-S001-P033,2026-08-23,S001,P033,80,72.0
INV-20260823-S001-P034,2026-08-23,S001,P034,110,79.0
INV-20260823-S001-P035,2026-08-23,S001,P035,405,83.0
INV-20260823-S001-P036,2026-08-23,S001,P036,56,20.0
INV-20260823-S001-P037,2026-08-23,S001,P037,134,97.0
INV-20260823-S001-P038,2026-08-23,S001,P038,126,32.0
INV-20260823-S001-P039,2026-08-23,S001,P039,139,14.0
INV-20260823-S001-P040,2026-08-23,S001,P040,120,62.0
INV-20260823-S001-P041,2026-08-23,S001,P041,162,45.0
INV-20260823-S001-P042,2026-08-23,S001,P042,144,88.0
INV-20260823-S001-P043,2026-08-23,S001,P043,201,86.0
INV-20260823-S001-P044,2026-08-23,S001,P044,143,40.0
INV-20260823-S001-P045,2026-08-23,S001,P045,258,100.0
INV-20260823-S001-P046,2026-08-23,S001,P046,52,37.0
INV-20260823-S001-P047,2026-08-23,S001,P047,77,59.0
INV-20260823-S001-P048,2026-08-23,S001,P048,140,34.0
INV-20260823-S001-P049,2026-08-23,S001,P049,127,98.0
INV-20260823-S001-P050,2026-08-23,S001,P050,62,26.0
INV-20260823-S002-P001,2026-08-23,S002,P001,68,57.0
INV-20260823-S002-P002,2026-08-23,S002,P002,163,41.0
INV-20260823-S002-P003,2026-08-23,S002,P003,96,24.0
INV-20260823-S002-P004,2026-08-23,S002,P004,372,20.0
INV-20260823-S002-P005,2026-08-23,S002,P005,68,66.0
INV-20260823-S002-P006,2026-08-23,S002,P006,70,26.0
INV-20260823-S002-P007,2026-08-23,S002,P007,227,97.0
INV-20260823-S002-P008,2026-08-23,S002,P008,113,65.0
INV-20260823-S002-P009,2026-08-23,S002,P009,193,43.0
INV-20260823-S002-P010,2026-08-23,S002,P010,320,66.0
INV-20260823-S002-P011,2026-08-23,S002,P011,34,12.0
INV-20260823-S002-P012,2026-08-23,S002,P012,253,101.0
INV-20260823-S002-P013,2026-08-23,S002,P013,180,56.0
INV-20260823-S002-P014,2026-08-23,S002,P014,215,84.0
INV-20260823-S002-P015,2026-08-23,S002,P015,23,18.0
INV-20260823-S002-P016,2026-08-23,S002,P016,113,56.0
INV-20260823-S002-P017,2026-08-23,S002,P017,213,56.0
INV-20260823-S002-P018,2026-08-23,S002,P018,169,99.0
INV-20260823-S002-P019,2026-08-23,S002,P019,148,64.0
INV-20260823-S002-P020,2026-08-23,S002,P020,249,55.0
INV-20260823-S002-P021,2026-08-23,S002,P021,149,35.0
INV-20260823-S002-P022,2026-08-23,S002,P022,163,41.0
INV-20260823-S002-P023,2026-08-23,S002,P023,131,59.0
INV-20260823-S002-P024,2026-08-23,S002,P024,57,51.0
INV-20260823-S002-P025,2026-08-23,S002,P025,35,12.0
INV-20260823-S002-P026,2026-08-23,S002,P026,144,88.0
INV-20260823-S002-P027,2026-08-23,S002,P027,416,95.0
INV-20260823-S002-P028,2026-08-23,S002,P028,117,23.0
INV-20260823-S002-P029,2026-08-23,S002,P029,114,62.0
INV-20260823-S002-P030,2026-08-23,S002,P030,23,20.0
INV-20260823-S002-P031,2026-08-23,S002,P031,155,74.0
INV-20260823-S002-P032,2026-08-23,S002,P032,66,37.0
INV-20260823-S002-P033,2026-08-23,S002,P033,361,72.0
INV-20260823-S002-P034,2026-08-23,S002,P034,150,79.0
INV-20260823-S002-P035,2026-08-23,S002,P035,287,83.0
INV-20260823-S002-P036,2026-08-23,S002,P036,31,20.0
INV-20260823-S002-P037,2026-08-23,S002,P037,374,97.0
INV-20260823-S002-P038,2026-08-23,S002,P038,120,32.0
INV-20260823-S002-P039,2026-08-23,S002,P039,46,14.0
INV-20260823-S002-P040,2026-08-23,S002,P040,291,62.0
INV-20260823-S002-P041,2026-08-23,S002,P041,47,45.0
INV-20260823-S002-P042,2026-08-23,S002,P042,238,88.0
INV-20260823-S002-P043,2026-08-23,S002,P043,180,86.0
INV-20260823-S002-P044,2026-08-23,S002,P044,176,40.0
INV-20260823-S002-P045,2026-08-23,S002,P045,233,100.0
INV-20260823-S002-P046,2026-08-23,S002,P046,46,37.0
INV-20260823-S002-P047,2026-08-23,S002,P047,224,59.0
INV-20260823-S002-P048,2026-08-23,S002,P048,155,34.0
INV-20260823-S002-P049,2026-08-23,S002,P049,298,98.0
INV-20260823-S002-P050,2026-08-23,S002,P050,66,26.0
INV-20260823-S003-P001,2026-08-23,S003,P001,111,57.0
INV-20260823-S003-P002,2026-08-23,S003,P002,174,41.0
INV-20260823-S003-P003,2026-08-23,S003,P003,120,24.0
INV-20260823-S003-P004,2026-08-23,S003,P004,39,20.0
INV-20260823-S003-P005,2026-08-23,S003,P005,183,66.0
INV-20260823-S003-P006,2026-08-23,S003,P006,63,26.0
INV-20260823-S003-P007,2026-08-23,S003,P007,423,97.0
INV-20260823-S003-P008,2026-08-23,S003,P008,230,65.0
INV-20260823-S003-P009,2026-08-23,S003,P009,116,43.0
INV-20260823-S003-P010,2026-08-23,S003,P010,282,66.0
INV-20260823-S003-P011,2026-08-23,S003,P011,161,12.0
INV-20260823-S003-P012,2026-08-23,S003,P012,348,101.0
INV-20260823-S003-P013,2026-08-23,S003,P013,237,56.0
INV-20260823-S003-P014,2026-08-23,S003,P014,134,84.0
INV-20260823-S003-P015,2026-08-23,S003,P015,52,18.0
INV-20260823-S003-P016,2026-08-23,S003,P016,132,56.0
INV-20260823-S003-P017,2026-08-23,S003,P017,96,56.0
INV-20260823-S003-P018,2026-08-23,S003,P018,131,99.0
INV-20260823-S003-P019,2026-08-23,S003,P019,306,64.0
INV-20260823-S003-P020,2026-08-23,S003,P020,68,55.0
INV-20260823-S003-P021,2026-08-23,S003,P021,135,35.0
INV-20260823-S003-P022,2026-08-23,S003,P022,180,41.0
INV-20260823-S003-P023,2026-08-23,S003,P023,162,59.0
INV-20260823-S003-P024,2026-08-23,S003,P024,191,51.0
INV-20260823-S003-P025,2026-08-23,S003,P025,146,12.0
INV-20260823-S003-P026,2026-08-23,S003,P026,261,88.0
INV-20260823-S003-P027,2026-08-23,S003,P027,224,95.0
INV-20260823-S003-P028,2026-08-23,S003,P028,83,23.0
INV-20260823-S003-P029,2026-08-23,S003,P029,154,62.0
INV-20260823-S003-P030,2026-08-23,S003,P030,23,20.0
INV-20260823-S003-P031,2026-08-23,S003,P031,90,74.0
INV-20260823-S003-P032,2026-08-23,S003,P032,178,37.0
INV-20260823-S003-P033,2026-08-23,S003,P033,153,72.0
INV-20260823-S003-P034,2026-08-23,S003,P034,278,79.0
INV-20260823-S003-P035,2026-08-23,S003,P035,102,83.0
INV-20260823-S003-P036,2026-08-23,S003,P036,50,20.0
INV-20260823-S003-P037,2026-08-23,S003,P037,108,97.0
INV-20260823-S003-P038,2026-08-23,S003,P038,106,32.0
INV-20260823-S003-P039,2026-08-23,S003,P039,157,14.0
INV-20260823-S003-P040,2026-08-23,S003,P040,176,62.0
INV-20260823-S003-P041,2026-08-23,S003,P041,194,45.0
INV-20260823-S003-P042,2026-08-23,S003,P042,236,88.0
INV-20260823-S003-P043,2026-08-23,S003,P043,220,86.0
INV-20260823-S003-P044,2026-08-23,S003,P044,56,40.0
INV-20260823-S003-P045,2026-08-23,S003,P045,404,100.0
INV-20260823-S003-P046,2026-08-23,S003,P046,160,37.0
INV-20260823-S003-P047,2026-08-23,S003,P047,79,59.0
INV-20260823-S003-P048,2026-08-23,S003,P048,43,34.0
INV-20260823-S003-P049,2026-08-23,S003,P049,329,98.0
INV-20260824-S001-P001,2026-08-24,S001,P001,210,57.0
INV-20260824-S001-P002,2026-08-24,S001,P002,53,41.0
INV-20260824-S001-P003,2026-08-24,S001,P003,88,24.0
INV-20260824-S001-P004,2026-08-24,S001,P004,71,20.0
INV-20260824-S001-P005,2026-08-24,S001,P005,122,66.0
INV-20260824-S001-P006,2026-08-24,S001,P006,103,26.0
INV-20260824-S001-P007,2026-08-24,S001,P007,146,97.0
INV-20260824-S001-P008,2026-08-24,S001,P008,144,65.0
INV-20260824-S001-P009,2026-08-24,S001,P009,99,43.0
INV-20260824-S001-P010,2026-08-24,S001,P010,284,66.0
INV-20260824-S001-P011,2026-08-24,S001,P011,143,12.0
INV-20260824-S001-P012,2026-08-24,S001,P012,325,101.0
INV-20260824-S001-P013,2026-08-24,S001,P013,65,56.0
INV-20260824-S001-P014,2026-08-24,S001,P014,99,84.0
INV-20260824-S001-P015,2026-08-24,S001,P015,37,18.0
INV-20260824-S001-P016,2026-08-24,S001,P016,76,56.0
INV-20260824-S001-P017,2026-08-24,S001,P017,241,56.0
INV-20260824-S001-P018,2026-08-24,S001,P018,167,99.0
INV-20260824-S001-P019,2026-08-24,S001,P019,308,64.0
INV-20260824-S001-P020,2026-08-24,S001,P020,118,55.0
INV-20260824-S001-P021,2026-08-24,S001,P021,151,35.0
INV-20260824-S001-P022,2026-08-24,S001,P022,117,41.0
INV-20260824-S001-P023,2026-08-24,S001,P023,233,59.0
INV-20260824-S001-P024,2026-08-24,S001,P024,188,51.0
INV-20260824-S001-P025,2026-08-24,S001,P025,194,12.0
INV-20260824-S001-P026,2026-08-24,S001,P026,425,88.0
INV-20260824-S001-P027,2026-08-24,S001,P027,321,95.0
INV-20260824-S001-P028,2026-08-24,S001,P028,59,23.0
INV-20260824-S001-P029,2026-08-24,S001,P029,242,62.0
INV-20260824-S001-P030,2026-08-24,S001,P030,76,20.0
INV-20260824-S001-P031,2026-08-24,S001,P031,346,74.0
INV-20260824-S001-P032,2026-08-24,S001,P032,84,37.0
INV-20260824-S001-P033,2026-08-24,S001,P033,75,72.0
INV-20260824-S001-P034,2026-08-24,S001,P034,95,79.0
INV-20260824-S001-P035,2026-08-24,S001,P035,395,83.0
INV-20260824-S001-P036,2026-08-24,S001,P036,50,20.0
INV-20260824-S001-P037,2026-08-24,S001,P037,112,97.0
INV-20260824-S001-P038,2026-08-24,S001,P038,120,32.0
INV-20260824-S001-P039,2026-08-24,S001,P039,136,14.0
INV-20260824-S001-P040,2026-08-24,S001,P040,107,62.0
INV-20260824-S001-P041,2026-08-24,S001,P041,156,45.0
INV-20260824-S001-P042,2026-08-24,S001,P042,124,88.0
INV-20260824-S001-P043,2026-08-24,S001,P043,190,86.0
INV-20260824-S001-P044,2026-08-24,S001,P044,140,40.0
INV-20260824-S001-P045,2026-08-24,S001,P045,234,100.0
INV-20260824-S001-P046,2026-08-24,S001,P046,51,37.0
INV-20260824-S001-P047,2026-08-24,S001,P047,64,59.0
INV-20260824-S001-P048,2026-08-24,S001,P048,133,34.0
INV-20260824-S001-P049,2026-08-24,S001,P049,112,98.0
INV-20260824-S001-P050,2026-08-24,S001,P050,54,26.0
INV-20260824-S002-P001,2026-08-24,S002,P001,62,57.0
INV-20260824-S002-P002,2026-08-24,S002,P002,155,41.0
INV-20260824-S002-P003,2026-08-24,S002,P003,89,24.0
INV-20260824-S002-P004,2026-08-24,S002,P004,370,20.0
INV-20260824-S002-P005,2026-08-24,S002,P005,320,66.0
INV-20260824-S002-P006,2026-08-24,S002,P006,65,26.0
INV-20260824-S002-P007,2026-08-24,S002,P007,227,97.0
INV-20260824-S002-P008,2026-08-24,S002,P008,101,65.0
INV-20260824-S002-P009,2026-08-24,S002,P009,189,43.0
INV-20260824-S002-P010,2026-08-24,S002,P010,305,66.0
INV-20260824-S002-P011,2026-08-24,S002,P011,30,12.0
INV-20260824-S002-P012,2026-08-24,S002,P012,226,101.0
INV-20260824-S002-P013,2026-08-24,S002,P013,176,56.0
INV-20260824-S002-P014,2026-08-24,S002,P014,199,84.0
INV-20260824-S002-P015,2026-08-24,S002,P015,19,18.0
INV-20260824-S002-P016,2026-08-24,S002,P016,103,56.0
INV-20260824-S002-P017,2026-08-24,S002,P017,204,56.0
INV-20260824-S002-P018,2026-08-24,S002,P018,141,99.0
INV-20260824-S002-P019,2026-08-24,S002,P019,136,64.0
INV-20260824-S002-P020,2026-08-24,S002,P020,240,55.0
INV-20260824-S002-P021,2026-08-24,S002,P021,133,35.0
INV-20260824-S002-P022,2026-08-24,S002,P022,154,41.0
INV-20260824-S002-P023,2026-08-24,S002,P023,120,59.0
INV-20260824-S002-P024,2026-08-24,S002,P024,256,51.0
INV-20260824-S002-P025,2026-08-24,S002,P025,34,12.0
INV-20260824-S002-P026,2026-08-24,S002,P026,128,88.0
INV-20260824-S002-P027,2026-08-24,S002,P027,393,95.0
INV-20260824-S002-P028,2026-08-24,S002,P028,111,23.0
INV-20260824-S002-P029,2026-08-24,S002,P029,98,62.0
INV-20260824-S002-P030,2026-08-24,S002,P030,103,20.0
INV-20260824-S002-P031,2026-08-24,S002,P031,141,74.0
INV-20260824-S002-P032,2026-08-24,S002,P032,63,37.0
INV-20260824-S002-P033,2026-08-24,S002,P033,346,72.0
INV-20260824-S002-P034,2026-08-24,S002,P034,134,79.0
INV-20260824-S002-P035,2026-08-24,S002,P035,271,83.0
INV-20260824-S002-P036,2026-08-24,S002,P036,29,20.0
INV-20260824-S002-P037,2026-08-24,S002,P037,353,97.0
INV-20260824-S002-P038,2026-08-24,S002,P038,116,32.0
INV-20260824-S002-P039,2026-08-24,S002,P039,44,14.0
INV-20260824-S002-P040,2026-08-24,S002,P040,282,62.0
INV-20260824-S002-P041,2026-08-24,S002,P041,223,45.0
INV-20260824-S002-P042,2026-08-24,S002,P042,225,88.0
INV-20260824-S002-P043,2026-08-24,S002,P043,168,86.0
INV-20260824-S002-P044,2026-08-24,S002,P044,166,40.0
INV-20260824-S002-P045,2026-08-24,S002,P045,223,100.0
INV-20260824-S002-P046,2026-08-24,S002,P046,40,37.0
INV-20260824-S002-P047,2026-08-24,S002,P047,212,59.0
INV-20260824-S002-P048,2026-08-24,S002,P048,152,34.0
INV-20260824-S002-P049,2026-08-24,S002,P049,276,98.0
INV-20260824-S002-P050,2026-08-24,S002,P050,64,26.0
INV-20260824-S003-P001,2026-08-24,S003,P001,105,57.0
INV-20260824-S003-P002,2026-08-24,S003,P002,167,41.0
INV-20260824-S003-P003,2026-08-24,S003,P003,117,24.0
INV-20260824-S003-P004,2026-08-24,S003,P004,37,20.0
INV-20260824-S003-P005,2026-08-24,S003,P005,180,66.0
INV-20260824-S003-P006,2026-08-24,S003,P006,60,26.0
INV-20260824-S003-P007,2026-08-24,S003,P007,406,97.0
INV-20260824-S003-P008,2026-08-24,S003,P008,223,65.0
INV-20260824-S003-P009,2026-08-24,S003,P009,106,43.0
INV-20260824-S003-P010,2026-08-24,S003,P010,271,66.0
INV-20260824-S003-P011,2026-08-24,S003,P011,160,12.0
INV-20260824-S003-P012,2026-08-24,S003,P012,332,101.0
INV-20260824-S003-P013,2026-08-24,S003,P013,230,56.0
INV-20260824-S003-P014,2026-08-24,S003,P014,128,84.0
INV-20260824-S003-P015,2026-08-24,S003,P015,49,18.0
INV-20260824-S003-P016,2026-08-24,S003,P016,125,56.0
INV-20260824-S003-P017,2026-08-24,S003,P017,90,56.0
INV-20260824-S003-P018,2026-08-24,S003,P018,115,99.0
INV-20260824-S003-P019,2026-08-24,S003,P019,295,64.0
INV-20260824-S003-P020,2026-08-24,S003,P020,65,55.0
INV-20260824-S003-P021,2026-08-24,S003,P021,131,35.0
INV-20260824-S003-P022,2026-08-24,S003,P022,173,41.0
INV-20260824-S003-P023,2026-08-24,S003,P023,139,59.0
INV-20260824-S003-P024,2026-08-24,S003,P024,182,51.0
INV-20260824-S003-P025,2026-08-24,S003,P025,145,12.0
INV-20260824-S003-P026,2026-08-24,S003,P026,248,88.0
INV-20260824-S003-P027,2026-08-24,S003,P027,213,95.0
INV-20260824-S003-P028,2026-08-24,S003,P028,78,23.0
INV-20260824-S003-P029,2026-08-24,S003,P029,147,62.0
INV-20260824-S003-P030,2026-08-24,S003,P030,21,20.0
INV-20260824-S003-P031,2026-08-24,S003,P031,78,74.0
INV-20260824-S003-P032,2026-08-24,S003,P032,174,37.0
INV-20260824-S003-P033,2026-08-24,S003,P033,140,72.0
INV-20260824-S003-P034,2026-08-24,S003,P034,267,79.0
INV-20260824-S003-P035,2026-08-24,S003,P035,98,83.0
INV-20260824-S003-P036,2026-08-24,S003,P036,50,20.0
INV-20260824-S003-P037,2026-08-24,S003,P037,482,97.0
INV-20260824-S003-P038,2026-08-24,S003,P038,106,32.0
INV-20260824-S003-P039,2026-08-24,S003,P039,155,14.0
INV-20260824-S003-P040,2026-08-24,S003,P040,174,62.0
INV-20260824-S003-P041,2026-08-24,S003,P041,185,45.0
INV-20260824-S003-P042,2026-08-24,S003,P042,227,88.0
INV-20260824-S003-P043,2026-08-24,S003,P043,212,86.0
INV-20260824-S003-P044,2026-08-24,S003,P044,50,40.0
INV-20260824-S003-P045,2026-08-24,S003,P045,397,100.0
INV-20260824-S003-P046,2026-08-24,S003,P046,156,37.0
INV-20260824-S003-P047,2026-08-24,S003,P047,73,59.0
INV-20260824-S003-P048,2026-08-24,S003,P048,36,34.0
INV-20260824-S003-P049,2026-08-24,S003,P049,313,98.0
INV-20260825-S001-P001,2026-08-25,S001,P001,203,57.0
INV-20260825-S001-P002,2026-08-25,S001,P002,48,41.0
INV-20260825-S001-P003,2026-08-25,S001,P003,85,24.0
INV-20260825-S001-P004,2026-08-25,S001,P004,69,20.0
INV-20260825-S001-P005,2026-08-25,S001,P005,115,66.0
INV-20260825-S001-P006,2026-08-25,S001,P006,101,26.0
INV-20260825-S001-P007,2026-08-25,S001,P007,132,97.0
INV-20260825-S001-P008,2026-08-25,S001,P008,134,65.0
INV-20260825-S001-P009,2026-08-25,S001,P009,94,43.0
INV-20260825-S001-P010,2026-08-25,S001,P010,275,66.0
INV-20260825-S001-P011,2026-08-25,S001,P011,140,12.0
INV-20260825-S001-P012,2026-08-25,S001,P012,306,101.0
INV-20260825-S001-P013,2026-08-25,S001,P013,280,56.0
INV-20260825-S001-P014,2026-08-25,S001,P014,421,84.0
INV-20260825-S001-P015,2026-08-25,S001,P015,35,18.0
INV-20260825-S001-P016,2026-08-25,S001,P016,67,56.0
INV-20260825-S001-P017,2026-08-25,S001,P017,229,56.0
INV-20260825-S001-P018,2026-08-25,S001,P018,156,99.0
INV-20260825-S001-P019,2026-08-25,S001,P019,299,64.0
INV-20260825-S001-P020,2026-08-25,S001,P020,110,55.0
INV-20260825-S001-P021,2026-08-25,S001,P021,145,35.0
INV-20260825-S001-P022,2026-08-25,S001,P022,107,41.0
INV-20260825-S001-P023,2026-08-25,S001,P023,225,59.0
INV-20260825-S001-P024,2026-08-25,S001,P024,181,51.0
INV-20260825-S001-P025,2026-08-25,S001,P025,194,12.0
INV-20260825-S001-P026,2026-08-25,S001,P026,413,88.0
INV-20260825-S001-P027,2026-08-25,S001,P027,313,95.0
INV-20260825-S001-P028,2026-08-25,S001,P028,57,23.0
INV-20260825-S001-P029,2026-08-25,S001,P029,237,62.0
INV-20260825-S001-P030,2026-08-25,S001,P030,75,20.0
INV-20260825-S001-P031,2026-08-25,S001,P031,331,74.0
INV-20260825-S001-P032,2026-08-25,S001,P032,82,37.0
INV-20260825-S001-P033,2026-08-25,S001,P033,357,72.0
INV-20260825-S001-P034,2026-08-25,S001,P034,84,79.0
INV-20260825-S001-P035,2026-08-25,S001,P035,383,83.0
INV-20260825-S001-P036,2026-08-25,S001,P036,49,20.0
INV-20260825-S001-P037,2026-08-25,S001,P037,479,97.0
INV-20260825-S001-P038,2026-08-25,S001,P038,115,32.0
INV-20260825-S001-P039,2026-08-25,S001,P039,136,14.0
INV-20260825-S001-P040,2026-08-25,S001,P040,93,62.0
INV-20260825-S001-P041,2026-08-25,S001,P041,149,45.0
INV-20260825-S001-P042,2026-08-25,S001,P042,111,88.0
INV-20260825-S001-P043,2026-08-25,S001,P043,182,86.0
INV-20260825-S001-P044,2026-08-25,S001,P044,135,40.0
INV-20260825-S001-P045,2026-08-25,S001,P045,216,100.0
INV-20260825-S001-P046,2026-08-25,S001,P046,46,37.0
INV-20260825-S001-P047,2026-08-25,S001,P047,288,59.0
INV-20260825-S001-P048,2026-08-25,S001,P048,132,34.0
INV-20260825-S001-P049,2026-08-25,S001,P049,485,98.0
INV-20260825-S001-P050,2026-08-25,S001,P050,50,26.0
INV-20260825-S002-P001,2026-08-25,S002,P001,278,57.0
INV-20260825-S002-P002,2026-08-25,S002,P002,152,41.0
INV-20260825-S002-P003,2026-08-25,S002,P003,84,24.0
INV-20260825-S002-P004,2026-08-25,S002,P004,370,20.0
INV-20260825-S002-P005,2026-08-25,S002,P005,308,66.0
INV-20260825-S002-P006,2026-08-25,S002,P006,57,26.0
INV-20260825-S002-P007,2026-08-25,S002,P007,227,97.0
INV-20260825-S002-P008,2026-08-25,S002,P008,89,65.0
INV-20260825-S002-P009,2026-08-25,S002,P009,179,43.0
INV-20260825-S002-P010,2026-08-25,S002,P010,295,66.0
INV-20260825-S002-P011,2026-08-25,S002,P011,27,12.0
INV-20260825-S002-P012,2026-08-25,S002,P012,207,101.0
INV-20260825-S002-P013,2026-08-25,S002,P013,169,56.0
INV-20260825-S002-P014,2026-08-25,S002,P014,187,84.0
INV-20260825-S002-P015,2026-08-25,S002,P015,19,18.0
INV-20260825-S002-P016,2026-08-25,S002,P016,93,56.0
INV-20260825-S002-P017,2026-08-25,S002,P017,199,56.0
INV-20260825-S002-P018,2026-08-25,S002,P018,128,99.0
INV-20260825-S002-P019,2026-08-25,S002,P019,127,64.0
INV-20260825-S002-P020,2026-08-25,S002,P020,229,55.0
INV-20260825-S002-P021,2026-08-25,S002,P021,131,35.0
INV-20260825-S002-P022,2026-08-25,S002,P022,145,41.0
INV-20260825-S002-P023,2026-08-25,S002,P023,110,59.0
INV-20260825-S002-P024,2026-08-25,S002,P024,243,51.0
INV-20260825-S002-P025,2026-08-25,S002,P025,32,12.0
INV-20260825-S002-P026,2026-08-25,S002,P026,119,88.0
INV-20260825-S002-P027,2026-08-25,S002,P027,378,95.0
INV-20260825-S002-P028,2026-08-25,S002,P028,106,23.0
INV-20260825-S002-P029,2026-08-25,S002,P029,85,62.0
INV-20260825-S002-P030,2026-08-25,S002,P030,97,20.0
INV-20260825-S002-P031,2026-08-25,S002,P031,128,74.0
INV-20260825-S002-P032,2026-08-25,S002,P032,61,37.0
INV-20260825-S002-P033,2026-08-25,S002,P033,330,72.0
INV-20260825-S002-P034,2026-08-25,S002,P034,125,79.0
INV-20260825-S002-P035,2026-08-25,S002,P035,258,83.0
INV-20260825-S002-P036,2026-08-25,S002,P036,25,20.0
INV-20260825-S002-P037,2026-08-25,S002,P037,334,97.0
INV-20260825-S002-P038,2026-08-25,S002,P038,113,32.0
INV-20260825-S002-P039,2026-08-25,S002,P039,42,14.0
INV-20260825-S002-P040,2026-08-25,S002,P040,265,62.0
INV-20260825-S002-P041,2026-08-25,S002,P041,220,45.0
INV-20260825-S002-P042,2026-08-25,S002,P042,208,88.0
INV-20260825-S002-P043,2026-08-25,S002,P043,148,86.0
INV-20260825-S002-P044,2026-08-25,S002,P044,159,40.0
INV-20260825-S002-P045,2026-08-25,S002,P045,204,100.0
INV-20260825-S002-P046,2026-08-25,S002,P046,185,37.0
INV-20260825-S002-P047,2026-08-25,S002,P047,208,59.0
INV-20260825-S002-P048,2026-08-25,S002,P048,150,34.0
INV-20260825-S002-P049,2026-08-25,S002,P049,262,98.0
INV-20260825-S002-P050,2026-08-25,S002,P050,58,26.0
INV-20260825-S003-P001,2026-08-25,S003,P001,99,57.0
INV-20260825-S003-P002,2026-08-25,S003,P002,164,41.0
INV-20260825-S003-P003,2026-08-25,S003,P003,113,24.0
INV-20260825-S003-P004,2026-08-25,S003,P004,35,20.0
INV-20260825-S003-P005,2026-08-25,S003,P005,171,66.0
INV-20260825-S003-P006,2026-08-25,S003,P006,57,26.0
INV-20260825-S003-P007,2026-08-25,S003,P007,393,97.0
INV-20260825-S003-P008,2026-08-25,S003,P008,212,65.0
INV-20260825-S003-P009,2026-08-25,S003,P009,100,43.0
INV-20260825-S003-P010,2026-08-25,S003,P010,267,66.0
INV-20260825-S003-P011,2026-08-25,S003,P011,160,12.0
INV-20260825-S003-P012,2026-08-25,S003,P012,319,101.0
INV-20260825-S003-P013,2026-08-25,S003,P013,226,56.0
INV-20260825-S003-P014,2026-08-25,S003,P014,120,84.0
INV-20260825-S003-P015,2026-08-25,S003,P015,47,18.0
INV-20260825-S003-P016,2026-08-25,S003,P016,118,56.0
INV-20260825-S003-P017,2026-08-25,S003,P017,85,56.0
INV-20260825-S003-P018,2026-08-25,S003,P018,493,99.0
INV-20260825-S003-P019,2026-08-25,S003,P019,285,64.0
INV-20260825-S003-P020,2026-08-25,S003,P020,60,55.0
INV-20260825-S003-P021,2026-08-25,S003,P021,130,35.0
INV-20260825-S003-P022,2026-08-25,S003,P022,164,41.0
INV-20260825-S003-P023,2026-08-25,S003,P023,139,59.0
INV-20260825-S003-P024,2026-08-25,S003,P024,179,51.0
INV-20260825-S003-P025,2026-08-25,S003,P025,143,12.0
INV-20260825-S003-P026,2026-08-25,S003,P026,241,88.0
INV-20260825-S003-P027,2026-08-25,S003,P027,200,95.0
INV-20260825-S003-P028,2026-08-25,S003,P028,74,23.0
INV-20260825-S003-P029,2026-08-25,S003,P029,140,62.0
INV-20260825-S003-P030,2026-08-25,S003,P030,100,20.0
INV-20260825-S003-P031,2026-08-25,S003,P031,364,74.0
INV-20260825-S003-P032,2026-08-25,S003,P032,168,37.0
INV-20260825-S003-P033,2026-08-25,S003,P033,136,72.0
INV-20260825-S003-P034,2026-08-25,S003,P034,258,79.0
INV-20260825-S003-P035,2026-08-25,S003,P035,87,83.0
INV-20260825-S003-P036,2026-08-25,S003,P036,45,20.0
INV-20260825-S003-P037,2026-08-25,S003,P037,473,97.0
INV-20260825-S003-P038,2026-08-25,S003,P038,100,32.0
INV-20260825-S003-P039,2026-08-25,S003,P039,155,14.0
INV-20260825-S003-P040,2026-08-25,S003,P040,166,62.0
INV-20260825-S003-P041,2026-08-25,S003,P041,179,45.0
INV-20260825-S003-P042,2026-08-25,S003,P042,221,88.0
INV-20260825-S003-P043,2026-08-25,S003,P043,204,86.0
INV-20260825-S003-P044,2026-08-25,S003,P044,43,40.0
INV-20260825-S003-P045,2026-08-25,S003,P045,383,100.0
INV-20260825-S003-P046,2026-08-25,S003,P046,150,37.0
INV-20260825-S003-P047,2026-08-25,S003,P047,63,59.0
INV-20260825-S003-P048,2026-08-25,S003,P048,171,34.0
INV-20260825-S003-P049,2026-08-25,S003,P049,307,98.0
INV-20260826-S001-P001,2026-08-26,S001,P001,193,57.0
INV-20260826-S001-P002,2026-08-26,S001,P002,207,41.0
INV-20260826-S001-P003,2026-08-26,S001,P003,82,24.0
INV-20260826-S001-P004,2026-08-26,S001,P004,66,20.0
INV-20260826-S001-P005,2026-08-26,S001,P005,108,66.0
INV-20260826-S001-P006,2026-08-26,S001,P006,98,26.0
INV-20260826-S001-P007,2026-08-26,S001,P007,118,97.0
INV-20260826-S001-P008,2026-08-26,S001,P008,128,65.0
INV-20260826-S001-P009,2026-08-26,S001,P009,89,43.0
INV-20260826-S001-P010,2026-08-26,S001,P010,264,66.0
INV-20260826-S001-P011,2026-08-26,S001,P011,137,12.0
INV-20260826-S001-P012,2026-08-26,S001,P012,286,101.0
INV-20260826-S001-P013,2026-08-26,S001,P013,277,56.0
INV-20260826-S001-P014,2026-08-26,S001,P014,407,84.0
INV-20260826-S001-P015,2026-08-26,S001,P015,32,18.0
INV-20260826-S001-P016,2026-08-26,S001,P016,59,56.0
INV-20260826-S001-P017,2026-08-26,S001,P017,221,56.0
INV-20260826-S001-P018,2026-08-26,S001,P018,145,99.0
INV-20260826-S001-P019,2026-08-26,S001,P019,291,64.0
INV-20260826-S001-P020,2026-08-26,S001,P020,100,55.0
INV-20260826-S001-P021,2026-08-26,S001,P021,142,35.0
INV-20260826-S001-P022,2026-08-26,S001,P022,102,41.0
INV-20260826-S001-P023,2026-08-26,S001,P023,214,59.0
INV-20260826-S001-P024,2026-08-26,S001,P024,172,51.0
INV-20260826-S001-P025,2026-08-26,S001,P025,192,12.0
INV-20260826-S001-P026,2026-08-26,S001,P026,404,88.0
INV-20260826-S001-P027,2026-08-26,S001,P027,303,95.0
INV-20260826-S001-P028,2026-08-26,S001,P028,57,23.0
INV-20260826-S001-P029,2026-08-26,S001,P029,229,62.0
INV-20260826-S001-P030,2026-08-26,S001,P030,73,20.0
INV-20260826-S001-P031,2026-08-26,S001,P031,324,74.0
INV-20260826-S001-P032,2026-08-26,S001,P032,78,37.0
INV-20260826-S001-P033,2026-08-26,S001,P033,347,72.0
INV-20260826-S001-P034,2026-08-26,S001,P034,389,79.0
INV-20260826-S001-P035,2026-08-26,S001,P035,364,83.0
INV-20260826-S001-P036,2026-08-26,S001,P036,46,20.0
INV-20260826-S001-P037,2026-08-26,S001,P037,464,97.0
INV-20260826-S001-P038,2026-08-26,S001,P038,107,32.0
INV-20260826-S001-P039,2026-08-26,S001,P039,133,14.0
INV-20260826-S001-P040,2026-08-26,S001,P040,83,62.0
INV-20260826-S001-P041,2026-08-26,S001,P041,144,45.0
INV-20260826-S001-P042,2026-08-26,S001,P042,104,88.0
INV-20260826-S001-P043,2026-08-26,S001,P043,167,86.0
INV-20260826-S001-P044,2026-08-26,S001,P044,128,40.0
INV-20260826-S001-P045,2026-08-26,S001,P045,197,100.0
INV-20260826-S001-P046,2026-08-26,S001,P046,43,37.0
INV-20260826-S001-P047,2026-08-26,S001,P047,281,59.0
INV-20260826-S001-P048,2026-08-26,S001,P048,127,34.0
INV-20260826-S001-P049,2026-08-26,S001,P049,474,98.0
INV-20260826-S001-P050,2026-08-26,S001,P050,46,26.0
INV-20260826-S002-P001,2026-08-26,S002,P001,270,57.0
INV-20260826-S002-P002,2026-08-26,S002,P002,140,41.0
INV-20260826-S002-P003,2026-08-26,S002,P003,82,24.0
INV-20260826-S002-P004,2026-08-26,S002,P004,370,20.0
INV-20260826-S002-P005,2026-08-26,S002,P005,295,66.0
INV-20260826-S002-P006,2026-08-26,S002,P006,53,26.0
INV-20260826-S002-P007,2026-08-26,S002,P007,227,97.0
INV-20260826-S002-P008,2026-08-26,S002,P008,76,65.0
INV-20260826-S002-P009,2026-08-26,S002,P009,172,43.0
INV-20260826-S002-P010,2026-08-26,S002,P010,285,66.0
INV-20260826-S002-P011,2026-08-26,S002,P011,26,12.0
INV-20260826-S002-P012,2026-08-26,S002,P012,190,101.0
INV-20260826-S002-P013,2026-08-26,S002,P013,158,56.0
INV-20260826-S002-P014,2026-08-26,S002,P014,173,84.0
INV-20260826-S002-P015,2026-08-26,S002,P015,88,18.0
INV-20260826-S002-P016,2026-08-26,S002,P016,83,56.0
INV-20260826-S002-P017,2026-08-26,S002,P017,195,56.0
INV-20260826-S002-P018,2026-08-26,S002,P018,114,99.0
INV-20260826-S002-P019,2026-08-26,S002,P019,122,64.0
INV-20260826-S002-P020,2026-08-26,S002,P020,224,55.0
INV-20260826-S002-P021,2026-08-26,S002,P021,124,35.0
INV-20260826-S002-P022,2026-08-26,S002,P022,136,41.0
INV-20260826-S002-P023,2026-08-26,S002,P023,94,59.0
INV-20260826-S002-P024,2026-08-26,S002,P024,239,51.0
INV-20260826-S002-P025,2026-08-26,S002,P025,30,12.0
INV-20260826-S002-P026,2026-08-26,S002,P026,107,88.0
INV-20260826-S002-P027,2026-08-26,S002,P027,366,95.0
INV-20260826-S002-P028,2026-08-26,S002,P028,105,23.0
INV-20260826-S002-P029,2026-08-26,S002,P029,73,62.0
INV-20260826-S002-P030,2026-08-26,S002,P030,90,20.0
INV-20260826-S002-P031,2026-08-26,S002,P031,117,74.0
INV-20260826-S002-P032,2026-08-26,S002,P032,58,37.0
INV-20260826-S002-P033,2026-08-26,S002,P033,316,72.0
INV-20260826-S002-P034,2026-08-26,S002,P034,113,79.0
INV-20260826-S002-P035,2026-08-26,S002,P035,243,83.0
INV-20260826-S002-P036,2026-08-26,S002,P036,24,20.0
INV-20260826-S002-P037,2026-08-26,S002,P037,321,97.0
INV-20260826-S002-P038,2026-08-26,S002,P038,112,32.0
INV-20260826-S002-P039,2026-08-26,S002,P039,40,14.0
INV-20260826-S002-P040,2026-08-26,S002,P040,255,62.0
INV-20260826-S002-P041,2026-08-26,S002,P041,207,45.0
INV-20260826-S002-P042,2026-08-26,S002,P042,191,88.0
INV-20260826-S002-P043,2026-08-26,S002,P043,134,86.0
INV-20260826-S002-P044,2026-08-26,S002,P044,147,40.0
INV-20260826-S002-P045,2026-08-26,S002,P045,194,100.0
INV-20260826-S002-P046,2026-08-26,S002,P046,182,37.0
INV-20260826-S002-P047,2026-08-26,S002,P047,199,59.0
INV-20260826-S002-P048,2026-08-26,S002,P048,145,34.0
INV-20260826-S002-P049,2026-08-26,S002,P049,248,98.0
INV-20260826-S002-P050,2026-08-26,S002,P050,52,26.0
INV-20260826-S003-P001,2026-08-26,S003,P001,94,57.0
INV-20260826-S003-P002,2026-08-26,S003,P002,157,41.0
INV-20260826-S003-P003,2026-08-26,S003,P003,112,24.0
INV-20260826-S003-P004,2026-08-26,S003,P004,35,20.0
INV-20260826-S003-P005,2026-08-26,S003,P005,167,66.0
INV-20260826-S003-P006,2026-08-26,S003,P006,56,26.0
INV-20260826-S003-P007,2026-08-26,S003,P007,384,97.0
INV-20260826-S003-P008,2026-08-26,S003,P008,209,65.0
INV-20260826-S003-P009,2026-08-26,S003,P009,93,43.0
INV-20260826-S003-P010,2026-08-26,S003,P010,257,66.0
INV-20260826-S003-P011,2026-08-26,S003,P011,160,12.0
INV-20260826-S003-P012,2026-08-26,S003,P012,310,101.0
INV-20260826-S003-P013,2026-08-26,S003,P013,221,56.0
INV-20260826-S003-P014,2026-08-26,S003,P014,112,84.0
INV-20260826-S003-P015,2026-08-26,S003,P015,44,18.0
INV-20260826-S003-P016,2026-08-26,S003,P016,110,56.0
INV-20260826-S003-P017,2026-08-26,S003,P017,74,56.0
INV-20260826-S003-P018,2026-08-26,S003,P018,480,99.0
INV-20260826-S003-P019,2026-08-26,S003,P019,279,64.0
INV-20260826-S003-P020,2026-08-26,S003,P020,59,55.0
INV-20260826-S003-P021,2026-08-26,S003,P021,126,35.0
INV-20260826-S003-P022,2026-08-26,S003,P022,162,41.0
INV-20260826-S003-P023,2026-08-26,S003,P023,127,59.0
INV-20260826-S003-P024,2026-08-26,S003,P024,173,51.0
INV-20260826-S003-P025,2026-08-26,S003,P025,142,12.0
INV-20260826-S003-P026,2026-08-26,S003,P026,233,88.0
INV-20260826-S003-P027,2026-08-26,S003,P027,185,95.0
INV-20260826-S003-P028,2026-08-26,S003,P028,73,23.0
INV-20260826-S003-P029,2026-08-26,S003,P029,134,62.0
INV-20260826-S003-P030,2026-08-26,S003,P030,97,20.0
INV-20260826-S003-P031,2026-08-26,S003,P031,355,74.0
INV-20260826-S003-P032,2026-08-26,S003,P032,167,37.0
INV-20260826-S003-P033,2026-08-26,S003,P033,126,72.0
INV-20260826-S003-P034,2026-08-26,S003,P034,255,79.0
INV-20260826-S003-P035,2026-08-26,S003,P035,412,83.0
INV-20260826-S003-P036,2026-08-26,S003,P036,44,20.0
INV-20260826-S003-P037,2026-08-26,S003,P037,459,97.0
INV-20260826-S003-P038,2026-08-26,S003,P038,96,32.0
INV-20260826-S003-P039,2026-08-26,S003,P039,155,14.0
INV-20260826-S003-P040,2026-08-26,S003,P040,161,62.0
INV-20260826-S003-P041,2026-08-26,S003,P041,176,45.0
INV-20260826-S003-P042,2026-08-26,S003,P042,213,88.0
INV-20260826-S003-P043,2026-08-26,S003,P043,196,86.0
INV-20260826-S003-P044,2026-08-26,S003,P044,198,40.0
INV-20260826-S003-P045,2026-08-26,S003,P045,372,100.0
INV-20260826-S003-P046,2026-08-26,S003,P046,147,37.0
INV-20260826-S003-P047,2026-08-26,S003,P047,290,59.0
INV-20260826-S003-P048,2026-08-26,S003,P048,166,34.0
INV-20260826-S003-P049,2026-08-26,S003,P049,302,98.0
INV-20260827-S001-P001,2026-08-27,S001,P001,183,57.0
INV-20260827-S001-P002,2026-08-27,S001,P002,205,41.0
INV-20260827-S001-P003,2026-08-27,S001,P003,77,24.0
INV-20260827-S001-P004,2026-08-27,S001,P004,64,20.0
INV-20260827-S001-P005,2026-08-27,S001,P005,100,66.0
INV-20260827-S001-P006,2026-08-27,S001,P006,95,26.0
INV-20260827-S001-P007,2026-08-27,S001,P007,107,97.0
INV-20260827-S001-P008,2026-08-27,S001,P008,121,65.0
INV-20260827-S001-P009,2026-08-27,S001,P009,83,43.0
INV-20260827-S001-P010,2026-08-27,S001,P010,257,66.0
INV-20260827-S001-P011,2026-08-27,S001,P011,136,12.0
INV-20260827-S001-P012,2026-08-27,S001,P012,277,101.0
INV-20260827-S001-P013,2026-08-27,S001,P013,270,56.0
INV-20260827-S001-P014,2026-08-27,S001,P014,393,84.0
INV-20260827-S001-P015,2026-08-27,S001,P015,28,18.0
INV-20260827-S001-P016,2026-08-27,S001,P016,272,56.0
INV-20260827-S001-P017,2026-08-27,S001,P017,215,56.0
INV-20260827-S001-P018,2026-08-27,S001,P018,131,99.0
INV-20260827-S001-P019,2026-08-27,S001,P019,282,64.0
INV-20260827-S001-P020,2026-08-27,S001,P020,91,55.0
INV-20260827-S001-P021,2026-08-27,S001,P021,140,35.0
INV-20260827-S001-P022,2026-08-27,S001,P022,97,41.0
INV-20260827-S001-P023,2026-08-27,S001,P023,210,59.0
INV-20260827-S001-P024,2026-08-27,S001,P024,166,51.0
INV-20260827-S001-P025,2026-08-27,S001,P025,191,12.0
INV-20260827-S001-P026,2026-08-27,S001,P026,387,88.0
INV-20260827-S001-P027,2026-08-27,S001,P027,289,95.0
INV-20260827-S001-P028,2026-08-27,S001,P028,52,23.0
INV-20260827-S001-P029,2026-08-27,S001,P029,225,62.0
INV-20260827-S001-P030,2026-08-27,S001,P030,70,20.0
INV-20260827-S001-P031,2026-08-27,S001,P031,307,74.0
INV-20260827-S001-P032,2026-08-27,S001,P032,73,37.0
INV-20260827-S001-P033,2026-08-27,S001,P033,337,72.0
INV-20260827-S001-P034,2026-08-27,S001,P034,377,79.0
INV-20260827-S001-P035,2026-08-27,S001,P035,352,83.0
INV-20260827-S001-P036,2026-08-27,S001,P036,37,20.0
INV-20260827-S001-P037,2026-08-27,S001,P037,451,97.0
INV-20260827-S001-P038,2026-08-27,S001,P038,99,32.0
INV-20260827-S001-P039,2026-08-27,S001,P039,133,14.0
INV-20260827-S001-P040,2026-08-27,S001,P040,75,62.0
INV-20260827-S001-P041,2026-08-27,S001,P041,139,45.0
INV-20260827-S001-P042,2026-08-27,S001,P042,95,88.0
INV-20260827-S001-P043,2026-08-27,S001,P043,157,86.0
INV-20260827-S001-P044,2026-08-27,S001,P044,116,40.0
INV-20260827-S001-P045,2026-08-27,S001,P045,185,100.0
INV-20260827-S001-P046,2026-08-27,S001,P046,38,37.0
INV-20260827-S001-P047,2026-08-27,S001,P047,278,59.0
INV-20260827-S001-P048,2026-08-27,S001,P048,125,34.0
INV-20260827-S001-P049,2026-08-27,S001,P049,457,98.0
INV-20260827-S001-P050,2026-08-27,S001,P050,45,26.0
INV-20260827-S002-P001,2026-08-27,S002,P001,265,57.0
INV-20260827-S002-P002,2026-08-27,S002,P002,134,41.0
INV-20260827-S002-P003,2026-08-27,S002,P003,78,24.0
INV-20260827-S002-P004,2026-08-27,S002,P004,369,20.0
INV-20260827-S002-P005,2026-08-27,S002,P005,279,66.0
INV-20260827-S002-P006,2026-08-27,S002,P006,48,26.0
INV-20260827-S002-P007,2026-08-27,S002,P007,227,97.0
INV-20260827-S002-P008,2026-08-27,S002,P008,68,65.0
INV-20260827-S002-P009,2026-08-27,S002,P009,162,43.0
INV-20260827-S002-P010,2026-08-27,S002,P010,272,66.0
INV-20260827-S002-P011,2026-08-27,S002,P011,26,12.0
INV-20260827-S002-P012,2026-08-27,S002,P012,168,101.0
INV-20260827-S002-P013,2026-08-27,S002,P013,145,56.0
INV-20260827-S002-P014,2026-08-27,S002,P014,150,84.0
INV-20260827-S002-P015,2026-08-27,S002,P015,88,18.0
INV-20260827-S002-P016,2026-08-27,S002,P016,67,56.0
INV-20260827-S002-P017,2026-08-27,S002,P017,184,56.0
INV-20260827-S002-P018,2026-08-27,S002,P018,491,99.0
INV-20260827-S002-P019,2026-08-27,S002,P019,114,64.0
INV-20260827-S002-P020,2026-08-27,S002,P020,217,55.0
INV-20260827-S002-P021,2026-08-27,S002,P021,117,35.0
INV-20260827-S002-P022,2026-08-27,S002,P022,135,41.0
INV-20260827-S002-P023,2026-08-27,S002,P023,81,59.0
INV-20260827-S002-P024,2026-08-27,S002,P024,235,51.0
INV-20260827-S002-P025,2026-08-27,S002,P025,29,12.0
INV-20260827-S002-P026,2026-08-27,S002,P026,93,88.0
INV-20260827-S002-P027,2026-08-27,S002,P027,356,95.0
INV-20260827-S002-P028,2026-08-27,S002,P028,102,23.0
INV-20260827-S002-P029,2026-08-27,S002,P029,69,62.0
INV-20260827-S002-P030,2026-08-27,S002,P030,86,20.0
INV-20260827-S002-P031,2026-08-27,S002,P031,106,74.0
INV-20260827-S002-P032,2026-08-27,S002,P032,54,37.0
INV-20260827-S002-P033,2026-08-27,S002,P033,309,72.0
INV-20260827-S002-P034,2026-08-27,S002,P034,95,79.0
INV-20260827-S002-P035,2026-08-27,S002,P035,228,83.0
INV-20260827-S002-P036,2026-08-27,S002,P036,22,20.0
INV-20260827-S002-P037,2026-08-27,S002,P037,299,97.0
INV-20260827-S002-P038,2026-08-27,S002,P038,108,32.0
INV-20260827-S002-P039,2026-08-27,S002,P039,37,14.0
INV-20260827-S002-P040,2026-08-27,S002,P040,247,62.0
INV-20260827-S002-P041,2026-08-27,S002,P041,194,45.0
INV-20260827-S002-P042,2026-08-27,S002,P042,181,88.0
INV-20260827-S002-P043,2026-08-27,S002,P043,122,86.0
INV-20260827-S002-P044,2026-08-27,S002,P044,140,40.0
INV-20260827-S002-P045,2026-08-27,S002,P045,172,100.0
INV-20260827-S002-P046,2026-08-27,S002,P046,176,37.0
INV-20260827-S002-P047,2026-08-27,S002,P047,186,59.0
INV-20260827-S002-P048,2026-08-27,S002,P048,140,34.0
INV-20260827-S002-P049,2026-08-27,S002,P049,234,98.0
INV-20260827-S002-P050,2026-08-27,S002,P050,50,26.0
INV-20260827-S003-P001,2026-08-27,S003,P001,91,57.0
INV-20260827-S003-P002,2026-08-27,S003,P002,153,41.0
INV-20260827-S003-P003,2026-08-27,S003,P003,110,24.0
INV-20260827-S003-P004,2026-08-27,S003,P004,33,20.0
INV-20260827-S003-P005,2026-08-27,S003,P005,159,66.0
INV-20260827-S003-P006,2026-08-27,S003,P006,55,26.0
INV-20260827-S003-P007,2026-08-27,S003,P007,372,97.0
INV-20260827-S003-P008,2026-08-27,S003,P008,202,65.0
INV-20260827-S003-P009,2026-08-27,S003,P009,92,43.0
INV-20260827-S003-P010,2026-08-27,S003,P010,250,66.0
INV-20260827-S003-P011,2026-08-27,S003,P011,160,12.0
INV-20260827-S003-P012,2026-08-27,S003,P012,297,101.0
INV-20260827-S003-P013,2026-08-27,S003,P013,217,56.0
INV-20260827-S003-P014,2026-08-27,S003,P014,103,84.0
INV-20260827-S003-P015,2026-08-27,S003,P015,44,18.0
INV-20260827-S003-P016,2026-08-27,S003,P016,102,56.0
INV-20260827-S003-P017,2026-08-27,S003,P017,66,56.0
INV-20260827-S003-P018,2026-08-27,S003,P018,466,99.0
INV-20260827-S003-P019,2026-08-27,S003,P019,271,64.0
INV-20260827-S003-P020,2026-08-27,S003,P020,274,55.0
INV-20260827-S003-P021,2026-08-27,S003,P021,122,35.0
INV-20260827-S003-P022,2026-08-27,S003,P022,156,41.0
INV-20260827-S003-P023,2026-08-27,S003,P023,118,59.0
INV-20260827-S003-P024,2026-08-27,S003,P024,167,51.0
INV-20260827-S003-P025,2026-08-27,S003,P025,141,12.0
INV-20260827-S003-P026,2026-08-27,S003,P026,228,88.0
INV-20260827-S003-P027,2026-08-27,S003,P027,170,95.0
INV-20260827-S003-P028,2026-08-27,S003,P028,70,23.0
INV-20260827-S003-P029,2026-08-27,S003,P029,129,62.0
INV-20260827-S003-P030,2026-08-27,S003,P030,96,20.0
INV-20260827-S003-P031,2026-08-27,S003,P031,345,74.0
INV-20260827-S003-P032,2026-08-27,S003,P032,159,37.0
INV-20260827-S003-P033,2026-08-27,S003,P033,115,72.0
INV-20260827-S003-P034,2026-08-27,S003,P034,245,79.0
INV-20260827-S003-P035,2026-08-27,S003,P035,403,83.0
INV-20260827-S003-P036,2026-08-27,S003,P036,42,20.0
INV-20260827-S003-P037,2026-08-27,S003,P037,447,97.0
INV-20260827-S003-P038,2026-08-27,S003,P038,92,32.0
INV-20260827-S003-P039,2026-08-27,S003,P039,154,14.0
INV-20260827-S003-P040,2026-08-27,S003,P040,152,62.0
INV-20260827-S003-P041,2026-08-27,S003,P041,173,45.0
INV-20260827-S003-P042,2026-08-27,S003,P042,208,88.0
INV-20260827-S003-P043,2026-08-27,S003,P043,185,86.0
INV-20260827-S003-P044,2026-08-27,S003,P044,197,40.0
INV-20260827-S003-P045,2026-08-27,S003,P045,361,100.0
INV-20260827-S003-P046,2026-08-27,S003,P046,142,37.0
INV-20260827-S003-P047,2026-08-27,S003,P047,284,59.0
INV-20260827-S003-P048,2026-08-27,S003,P048,159,34.0
INV-20260827-S003-P049,2026-08-27,S003,P049,295,98.0
INV-20260828-S001-P001,2026-08-28,S001,P001,174,57.0
INV-20260828-S001-P002,2026-08-28,S001,P002,200,41.0
INV-20260828-S001-P003,2026-08-28,S001,P003,70,24.0
INV-20260828-S001-P004,2026-08-28,S001,P004,63,20.0
INV-20260828-S001-P005,2026-08-28,S001,P005,91,66.0
INV-20260828-S001-P006,2026-08-28,S001,P006,91,26.0
INV-20260828-S001-P007,2026-08-28,S001,P007,487,97.0
INV-20260828-S001-P008,2026-08-28,S001,P008,109,65.0
INV-20260828-S001-P009,2026-08-28,S001,P009,75,43.0
INV-20260828-S001-P010,2026-08-28,S001,P010,249,66.0
INV-20260828-S001-P011,2026-08-28,S001,P011,136,12.0
INV-20260828-S001-P012,2026-08-28,S001,P012,254,101.0
INV-20260828-S001-P013,2026-08-28,S001,P013,264,56.0
INV-20260828-S001-P014,2026-08-28,S001,P014,380,84.0
INV-20260828-S001-P015,2026-08-28,S001,P015,24,18.0
INV-20260828-S001-P016,2026-08-28,S001,P016,265,56.0
INV-20260828-S001-P017,2026-08-28,S001,P017,204,56.0
INV-20260828-S001-P018,2026-08-28,S001,P018,117,99.0
INV-20260828-S001-P019,2026-08-28,S001,P019,273,64.0
INV-20260828-S001-P020,2026-08-28,S001,P020,82,55.0
INV-20260828-S001-P021,2026-08-28,S001,P021,134,35.0
INV-20260828-S001-P022,2026-08-28,S001,P022,91,41.0
INV-20260828-S001-P023,2026-08-28,S001,P023,203,59.0
INV-20260828-S001-P024,2026-08-28,S001,P024,156,51.0
INV-20260828-S001-P025,2026-08-28,S001,P025,190,12.0
INV-20260828-S001-P026,2026-08-28,S001,P026,373,88.0
INV-20260828-S001-P027,2026-08-28,S001,P027,274,95.0
INV-20260828-S001-P028,2026-08-28,S001,P028,51,23.0
INV-20260828-S001-P029,2026-08-28,S001,P029,220,62.0
INV-20260828-S001-P030,2026-08-28,S001,P030,66,20.0
INV-20260828-S001-P031,2026-08-28,S001,P031,291,74.0
INV-20260828-S001-P032,2026-08-28,S001,P032,69,37.0
INV-20260828-S001-P033,2026-08-28,S001,P033,324,72.0
INV-20260828-S001-P034,2026-08-28,S001,P034,366,79.0
INV-20260828-S001-P035,2026-08-28,S001,P035,331,83.0
INV-20260828-S001-P036,2026-08-28,S001,P036,34,20.0
INV-20260828-S001-P037,2026-08-28,S001,P037,434,97.0
INV-20260828-S001-P038,2026-08-28,S001,P038,94,32.0
INV-20260828-S001-P039,2026-08-28,S001,P039,131,14.0
INV-20260828-S001-P040,2026-08-28,S001,P040,66,62.0
INV-20260828-S001-P041,2026-08-28,S001,P041,136,45.0
INV-20260828-S001-P042,2026-08-28,S001,P042,440,88.0
INV-20260828-S001-P043,2026-08-28,S001,P043,144,86.0
INV-20260828-S001-P044,2026-08-28,S001,P044,112,40.0
INV-20260828-S001-P045,2026-08-28,S001,P045,177,100.0
INV-20260828-S001-P046,2026-08-28,S001,P046,186,37.0
INV-20260828-S001-P047,2026-08-28,S001,P047,267,59.0
INV-20260828-S001-P048,2026-08-28,S001,P048,118,34.0
INV-20260828-S001-P049,2026-08-28,S001,P049,443,98.0
INV-20260828-S001-P050,2026-08-28,S001,P050,38,26.0
INV-20260828-S002-P001,2026-08-28,S002,P001,259,57.0
INV-20260828-S002-P002,2026-08-28,S002,P002,124,41.0
INV-20260828-S002-P003,2026-08-28,S002,P003,74,24.0
INV-20260828-S002-P004,2026-08-28,S002,P004,368,20.0
INV-20260828-S002-P005,2026-08-28,S002,P005,269,66.0
INV-20260828-S002-P006,2026-08-28,S002,P006,45,26.0
INV-20260828-S002-P007,2026-08-28,S002,P007,227,97.0
INV-20260828-S002-P008,2026-08-28,S002,P008,317,65.0
INV-20260828-S002-P009,2026-08-28,S002,P009,152,43.0
INV-20260828-S002-P010,2026-08-28,S002,P010,266,66.0
INV-20260828-S002-P011,2026-08-28,S002,P011,23,12.0
INV-20260828-S002-P012,2026-08-28,S002,P012,146,101.0
INV-20260828-S002-P013,2026-08-28,S002,P013,137,56.0
INV-20260828-S002-P014,2026-08-28,S002,P014,137,84.0
INV-20260828-S002-P015,2026-08-28,S002,P015,85,18.0
INV-20260828-S002-P016,2026-08-28,S002,P016,58,56.0
INV-20260828-S002-P017,2026-08-28,S002,P017,168,56.0
INV-20260828-S002-P018,2026-08-28,S002,P018,467,99.0
INV-20260828-S002-P019,2026-08-28,S002,P019,101,64.0
INV-20260828-S002-P020,2026-08-28,S002,P020,208,55.0
INV-20260828-S002-P021,2026-08-28,S002,P021,113,35.0
INV-20260828-S002-P022,2026-08-28,S002,P022,129,41.0
INV-20260828-S002-P023,2026-08-28,S002,P023,75,59.0
INV-20260828-S002-P024,2026-08-28,S002,P024,226,51.0
INV-20260828-S002-P025,2026-08-28,S002,P025,27,12.0
INV-20260828-S002-P026,2026-08-28,S002,P026,426,88.0
INV-20260828-S002-P027,2026-08-28,S002,P027,338,95.0
INV-20260828-S002-P028,2026-08-28,S002,P028,98,23.0
INV-20260828-S002-P029,2026-08-28,S002,P029,63,62.0
INV-20260828-S002-P030,2026-08-28,S002,P030,82,20.0
INV-20260828-S002-P031,2026-08-28,S002,P031,95,74.0
INV-20260828-S002-P032,2026-08-28,S002,P032,48,37.0
INV-20260828-S002-P033,2026-08-28,S002,P033,294,72.0
INV-20260828-S002-P034,2026-08-28,S002,P034,82,79.0
INV-20260828-S002-P035,2026-08-28,S002,P035,216,83.0
INV-20260828-S002-P036,2026-08-28,S002,P036,98,20.0
INV-20260828-S002-P037,2026-08-28,S002,P037,287,97.0
INV-20260828-S002-P038,2026-08-28,S002,P038,104,32.0
INV-20260828-S002-P039,2026-08-28,S002,P039,34,14.0
INV-20260828-S002-P040,2026-08-28,S002,P040,234,62.0
INV-20260828-S002-P041,2026-08-28,S002,P041,190,45.0
INV-20260828-S002-P042,2026-08-28,S002,P042,158,88.0
INV-20260828-S002-P043,2026-08-28,S002,P043,111,86.0
INV-20260828-S002-P044,2026-08-28,S002,P044,131,40.0
INV-20260828-S002-P045,2026-08-28,S002,P045,160,100.0
INV-20260828-S002-P046,2026-08-28,S002,P046,174,37.0
INV-20260828-S002-P047,2026-08-28,S002,P047,176,59.0
INV-20260828-S002-P048,2026-08-28,S002,P048,134,34.0
INV-20260828-S002-P049,2026-08-28,S002,P049,220,98.0
INV-20260828-S002-P050,2026-08-28,S002,P050,48,26.0
INV-20260828-S003-P001,2026-08-28,S003,P001,88,57.0
INV-20260828-S003-P002,2026-08-28,S003,P002,149,41.0
INV-20260828-S003-P003,2026-08-28,S003,P003,108,24.0
INV-20260828-S003-P004,2026-08-28,S003,P004,32,20.0
INV-20260828-S003-P005,2026-08-28,S003,P005,155,66.0
INV-20260828-S003-P006,2026-08-28,S003,P006,50,26.0
INV-20260828-S003-P007,2026-08-28,S003,P007,361,97.0
INV-20260828-S003-P008,2026-08-28,S003,P008,189,65.0
INV-20260828-S003-P009,2026-08-28,S003,P009,87,43.0
INV-20260828-S003-P010,2026-08-28,S003,P010,242,66.0
INV-20260828-S003-P011,2026-08-28,S003,P011,155,12.0
INV-20260828-S003-P012,2026-08-28,S003,P012,288,101.0
INV-20260828-S003-P013,2026-08-28,S003,P013,212,56.0
INV-20260828-S003-P014,2026-08-28,S003,P014,94,84.0
INV-20260828-S003-P015,2026-08-28,S003,P015,42,18.0
INV-20260828-S003-P016,2026-08-28,S003,P016,94,56.0
INV-20260828-S003-P017,2026-08-28,S003,P017,63,56.0
INV-20260828-S003-P018,2026-08-28,S003,P018,454,99.0
INV-20260828-S003-P019,2026-08-28,S003,P019,266,64.0
INV-20260828-S003-P020,2026-08-28,S003,P020,268,55.0
INV-20260828-S003-P021,2026-08-28,S003,P021,120,35.0
INV-20260828-S003-P022,2026-08-28,S003,P022,154,41.0
INV-20260828-S003-P023,2026-08-28,S003,P023,112,59.0
INV-20260828-S003-P024,2026-08-28,S003,P024,157,51.0
INV-20260828-S003-P025,2026-08-28,S003,P025,137,12.0
INV-20260828-S003-P026,2026-08-28,S003,P026,216,88.0
INV-20260828-S003-P027,2026-08-28,S003,P027,149,95.0
INV-20260828-S003-P028,2026-08-28,S003,P028,67,23.0
INV-20260828-S003-P029,2026-08-28,S003,P029,118,62.0
INV-20260828-S003-P030,2026-08-28,S003,P030,94,20.0
INV-20260828-S003-P031,2026-08-28,S003,P031,337,74.0
INV-20260828-S003-P032,2026-08-28,S003,P032,157,37.0
INV-20260828-S003-P033,2026-08-28,S003,P033,107,72.0
INV-20260828-S003-P034,2026-08-28,S003,P034,235,79.0
INV-20260828-S003-P035,2026-08-28,S003,P035,394,83.0
INV-20260828-S003-P036,2026-08-28,S003,P036,40,20.0
INV-20260828-S003-P037,2026-08-28,S003,P037,427,97.0
INV-20260828-S003-P038,2026-08-28,S003,P038,88,32.0
INV-20260828-S003-P039,2026-08-28,S003,P039,153,14.0
INV-20260828-S003-P040,2026-08-28,S003,P040,148,62.0
INV-20260828-S003-P041,2026-08-28,S003,P041,163,45.0
INV-20260828-S003-P042,2026-08-28,S003,P042,197,88.0
INV-20260828-S003-P043,2026-08-28,S003,P043,173,86.0
INV-20260828-S003-P044,2026-08-28,S003,P044,195,40.0
INV-20260828-S003-P045,2026-08-28,S003,P045,357,100.0
INV-20260828-S003-P046,2026-08-28,S003,P046,139,37.0
INV-20260828-S003-P047,2026-08-28,S003,P047,276,59.0
INV-20260828-S003-P048,2026-08-28,S003,P048,154,34.0
INV-20260828-S003-P049,2026-08-28,S003,P049,279,98.0
INV-20260829-S001-P001,2026-08-29,S001,P001,164,57.0
INV-20260829-S001-P002,2026-08-29,S001,P002,192,41.0
INV-20260829-S001-P003,2026-08-29,S001,P003,66,24.0
INV-20260829-S001-P004,2026-08-29,S001,P004,59,20.0
INV-20260829-S001-P005,2026-08-29,S001,P005,81,66.0
INV-20260829-S001-P006,2026-08-29,S001,P006,91,26.0
INV-20260829-S001-P007,2026-08-29,S001,P007,471,97.0
INV-20260829-S001-P008,2026-08-29,S001,P008,101,65.0
INV-20260829-S001-P009,2026-08-29,S001,P009,69,43.0
INV-20260829-S001-P010,2026-08-29,S001,P010,242,66.0
INV-20260829-S001-P011,2026-08-29,S001,P011,136,12.0
INV-20260829-S001-P012,2026-08-29,S001,P012,243,101.0
INV-20260829-S001-P013,2026-08-29,S001,P013,258,56.0
INV-20260829-S001-P014,2026-08-29,S001,P014,361,84.0
INV-20260829-S001-P015,2026-08-29,S001,P015,23,18.0
INV-20260829-S001-P016,2026-08-29,S001,P016,254,56.0
INV-20260829-S001-P017,2026-08-29,S001,P017,194,56.0
INV-20260829-S001-P018,2026-08-29,S001,P018,492,99.0
INV-20260829-S001-P019,2026-08-29,S001,P019,259,64.0
INV-20260829-S001-P020,2026-08-29,S001,P020,75,55.0
INV-20260829-S001-P021,2026-08-29,S001,P021,129,35.0
INV-20260829-S001-P022,2026-08-29,S001,P022,82,41.0
INV-20260829-S001-P023,2026-08-29,S001,P023,185,59.0
INV-20260829-S001-P024,2026-08-29,S001,P024,151,51.0
INV-20260829-S001-P025,2026-08-29,S001,P025,188,12.0
INV-20260829-S001-P026,2026-08-29,S001,P026,362,88.0
INV-20260829-S001-P027,2026-08-29,S001,P027,258,95.0
INV-20260829-S001-P028,2026-08-29,S001,P028,49,23.0
INV-20260829-S001-P029,2026-08-29,S001,P029,205,62.0
INV-20260829-S001-P030,2026-08-29,S001,P030,64,20.0
INV-20260829-S001-P031,2026-08-29,S001,P031,278,74.0
INV-20260829-S001-P032,2026-08-29,S001,P032,62,37.0
INV-20260829-S001-P033,2026-08-29,S001,P033,305,72.0
INV-20260829-S001-P034,2026-08-29,S001,P034,355,79.0
INV-20260829-S001-P035,2026-08-29,S001,P035,319,83.0
INV-20260829-S001-P036,2026-08-29,S001,P036,31,20.0
INV-20260829-S001-P037,2026-08-29,S001,P037,413,97.0
INV-20260829-S001-P038,2026-08-29,S001,P038,88,32.0
INV-20260829-S001-P039,2026-08-29,S001,P039,128,14.0
INV-20260829-S001-P040,2026-08-29,S001,P040,306,62.0
INV-20260829-S001-P041,2026-08-29,S001,P041,131,45.0
INV-20260829-S001-P042,2026-08-29,S001,P042,423,88.0
INV-20260829-S001-P043,2026-08-29,S001,P043,136,86.0
INV-20260829-S001-P044,2026-08-29,S001,P044,104,40.0
INV-20260829-S001-P045,2026-08-29,S001,P045,170,100.0
INV-20260829-S001-P046,2026-08-29,S001,P046,178,37.0
INV-20260829-S001-P047,2026-08-29,S001,P047,257,59.0
INV-20260829-S001-P048,2026-08-29,S001,P048,111,34.0
INV-20260829-S001-P049,2026-08-29,S001,P049,423,98.0
INV-20260829-S001-P050,2026-08-29,S001,P050,37,26.0
INV-20260829-S002-P001,2026-08-29,S002,P001,248,57.0
INV-20260829-S002-P002,2026-08-29,S002,P002,116,41.0
INV-20260829-S002-P003,2026-08-29,S002,P003,71,24.0
INV-20260829-S002-P004,2026-08-29,S002,P004,367,20.0
INV-20260829-S002-P005,2026-08-29,S002,P005,260,66.0
INV-20260829-S002-P006,2026-08-29,S002,P006,40,26.0
INV-20260829-S002-P007,2026-08-29,S002,P007,227,97.0
INV-20260829-S002-P008,2026-08-29,S002,P008,303,65.0
INV-20260829-S002-P009,2026-08-29,S002,P009,146,43.0
INV-20260829-S002-P010,2026-08-29,S002,P010,254,66.0
INV-20260829-S002-P011,2026-08-29,S002,P011,20,12.0
INV-20260829-S002-P012,2026-08-29,S002,P012,127,101.0
INV-20260829-S002-P013,2026-08-29,S002,P013,122,56.0
INV-20260829-S002-P014,2026-08-29,S002,P014,120,84.0
INV-20260829-S002-P015,2026-08-29,S002,P015,79,18.0
INV-20260829-S002-P016,2026-08-29,S002,P016,272,56.0
INV-20260829-S002-P017,2026-08-29,S002,P017,157,56.0
INV-20260829-S002-P018,2026-08-29,S002,P018,449,99.0
INV-20260829-S002-P019,2026-08-29,S002,P019,89,64.0
INV-20260829-S002-P020,2026-08-29,S002,P020,196,55.0
INV-20260829-S002-P021,2026-08-29,S002,P021,107,35.0
INV-20260829-S002-P022,2026-08-29,S002,P022,123,41.0
INV-20260829-S002-P023,2026-08-29,S002,P023,60,59.0
INV-20260829-S002-P024,2026-08-29,S002,P024,210,51.0
INV-20260829-S002-P025,2026-08-29,S002,P025,25,12.0
INV-20260829-S002-P026,2026-08-29,S002,P026,405,88.0
INV-20260829-S002-P027,2026-08-29,S002,P027,318,95.0
INV-20260829-S002-P028,2026-08-29,S002,P028,96,23.0
INV-20260829-S002-P029,2026-08-29,S002,P029,305,62.0
INV-20260829-S002-P030,2026-08-29,S002,P030,76,20.0
INV-20260829-S002-P031,2026-08-29,S002,P031,81,74.0
INV-20260829-S002-P032,2026-08-29,S002,P032,40,37.0
INV-20260829-S002-P033,2026-08-29,S002,P033,283,72.0
INV-20260829-S002-P034,2026-08-29,S002,P034,381,79.0
INV-20260829-S002-P035,2026-08-29,S002,P035,201,83.0
INV-20260829-S002-P036,2026-08-29,S002,P036,96,20.0
INV-20260829-S002-P037,2026-08-29,S002,P037,268,97.0
INV-20260829-S002-P038,2026-08-29,S002,P038,101,32.0
INV-20260829-S002-P039,2026-08-29,S002,P039,32,14.0
INV-20260829-S002-P040,2026-08-29,S002,P040,224,62.0
INV-20260829-S002-P041,2026-08-29,S002,P041,185,45.0
INV-20260829-S002-P042,2026-08-29,S002,P042,134,88.0
INV-20260829-S002-P043,2026-08-29,S002,P043,96,86.0
INV-20260829-S002-P044,2026-08-29,S002,P044,126,40.0
INV-20260829-S002-P045,2026-08-29,S002,P045,139,100.0
INV-20260829-S002-P046,2026-08-29,S002,P046,162,37.0
INV-20260829-S002-P047,2026-08-29,S002,P047,166,59.0
INV-20260829-S002-P048,2026-08-29,S002,P048,131,34.0
INV-20260829-S002-P049,2026-08-29,S002,P049,202,98.0
INV-20260829-S002-P050,2026-08-29,S002,P050,42,26.0
INV-20260829-S003-P001,2026-08-29,S003,P001,81,57.0
INV-20260829-S003-P002,2026-08-29,S003,P002,144,41.0
INV-20260829-S003-P003,2026-08-29,S003,P003,104,24.0
INV-20260829-S003-P004,2026-08-29,S003,P004,27,20.0
INV-20260829-S003-P005,2026-08-29,S003,P005,135,66.0
INV-20260829-S003-P006,2026-08-29,S003,P006,47,26.0
INV-20260829-S003-P007,2026-08-29,S003,P007,351,97.0
INV-20260829-S003-P008,2026-08-29,S003,P008,179,65.0
INV-20260829-S003-P009,2026-08-29,S003,P009,85,43.0
INV-20260829-S003-P010,2026-08-29,S003,P010,232,66.0
INV-20260829-S003-P011,2026-08-29,S003,P011,153,12.0
INV-20260829-S003-P012,2026-08-29,S003,P012,279,101.0
INV-20260829-S003-P013,2026-08-29,S003,P013,206,56.0
INV-20260829-S003-P014,2026-08-29,S003,P014,88,84.0
INV-20260829-S003-P015,2026-08-29,S003,P015,40,18.0
INV-20260829-S003-P016,2026-08-29,S003,P016,84,56.0
INV-20260829-S003-P017,2026-08-29,S003,P017,283,56.0
INV-20260829-S003-P018,2026-08-29,S003,P018,436,99.0
INV-20260829-S003-P019,2026-08-29,S003,P019,261,64.0
INV-20260829-S003-P020,2026-08-29,S003,P020,261,55.0
INV-20260829-S003-P021,2026-08-29,S003,P021,115,35.0
INV-20260829-S003-P022,2026-08-29,S003,P022,150,41.0
INV-20260829-S003-P023,2026-08-29,S003,P023,108,59.0
INV-20260829-S003-P024,2026-08-29,S003,P024,146,51.0
INV-20260829-S003-P025,2026-08-29,S003,P025,136,12.0
INV-20260829-S003-P026,2026-08-29,S003,P026,207,88.0
INV-20260829-S003-P027,2026-08-29,S003,P027,133,95.0
INV-20260829-S003-P028,2026-08-29,S003,P028,64,23.0
INV-20260829-S003-P029,2026-08-29,S003,P029,110,62.0
INV-20260829-S003-P030,2026-08-29,S003,P030,91,20.0
INV-20260829-S003-P031,2026-08-29,S003,P031,329,74.0
INV-20260829-S003-P032,2026-08-29,S003,P032,148,37.0
INV-20260829-S003-P033,2026-08-29,S003,P033,98,72.0
INV-20260829-S003-P034,2026-08-29,S003,P034,226,79.0
INV-20260829-S003-P035,2026-08-29,S003,P035,382,83.0
INV-20260829-S003-P036,2026-08-29,S003,P036,36,20.0
INV-20260829-S003-P037,2026-08-29,S003,P037,419,97.0
INV-20260829-S003-P038,2026-08-29,S003,P038,85,32.0
INV-20260829-S003-P039,2026-08-29,S003,P039,151,14.0
INV-20260829-S003-P040,2026-08-29,S003,P040,140,62.0
INV-20260829-S003-P041,2026-08-29,S003,P041,155,45.0
INV-20260829-S003-P042,2026-08-29,S003,P042,185,88.0
INV-20260829-S003-P043,2026-08-29,S003,P043,160,86.0
INV-20260829-S003-P044,2026-08-29,S003,P044,192,40.0
INV-20260829-S003-P045,2026-08-29,S003,P045,344,100.0
INV-20260829-S003-P046,2026-08-29,S003,P046,135,37.0
INV-20260829-S003-P047,2026-08-29,S003,P047,269,59.0
INV-20260829-S003-P048,2026-08-29,S003,P048,148,34.0
INV-20260829-S003-P049,2026-08-29,S003,P049,266,98.0
INV-20260830-S001-P001,2026-08-30,S001,P001,156,57.0
INV-20260830-S001-P002,2026-08-30,S001,P002,182,41.0
INV-20260830-S001-P003,2026-08-30,S001,P003,60,24.0
INV-20260830-S001-P004,2026-08-30,S001,P004,55,20.0
INV-20260830-S001-P005,2026-08-30,S001,P005,72,66.0
INV-20260830-S001-P006,2026-08-30,S001,P006,91,26.0
INV-20260830-S001-P007,2026-08-30,S001,P007,452,97.0
INV-20260830-S001-P008,2026-08-30,S001,P008,89,65.0
INV-20260830-S001-P009,2026-08-30,S001,P009,64,43.0
INV-20260830-S001-P010,2026-08-30,S001,P010,232,66.0
INV-20260830-S001-P011,2026-08-30,S001,P011,135,12.0
INV-20260830-S001-P012,2026-08-30,S001,P012,232,101.0
INV-20260830-S001-P013,2026-08-30,S001,P013,244,56.0
INV-20260830-S001-P014,2026-08-30,S001,P014,345,84.0
INV-20260830-S001-P015,2026-08-30,S001,P015,22,18.0
INV-20260830-S001-P016,2026-08-30,S001,P016,246,56.0
INV-20260830-S001-P017,2026-08-30,S001,P017,188,56.0
INV-20260830-S001-P018,2026-08-30,S001,P018,477,99.0
INV-20260830-S001-P019,2026-08-30,S001,P019,255,64.0
INV-20260830-S001-P020,2026-08-30,S001,P020,66,55.0
INV-20260830-S001-P021,2026-08-30,S001,P021,121,35.0
INV-20260830-S001-P022,2026-08-30,S001,P022,74,41.0
INV-20260830-S001-P023,2026-08-30,S001,P023,176,59.0
INV-20260830-S001-P024,2026-08-30,S001,P024,145,51.0
INV-20260830-S001-P025,2026-08-30,S001,P025,187,12.0
INV-20260830-S001-P026,2026-08-30,S001,P026,347,88.0
INV-20260830-S001-P027,2026-08-30,S001,P027,242,95.0
INV-20260830-S001-P028,2026-08-30,S001,P028,48,23.0
INV-20260830-S001-P029,2026-08-30,S001,P029,189,62.0
INV-20260830-S001-P030,2026-08-30,S001,P030,64,20.0
INV-20260830-S001-P031,2026-08-30,S001,P031,265,74.0
INV-20260830-S001-P032,2026-08-30,S001,P032,58,37.0
INV-20260830-S001-P033,2026-08-30,S001,P033,289,72.0
INV-20260830-S001-P034,2026-08-30,S001,P034,339,79.0
INV-20260830-S001-P035,2026-08-30,S001,P035,305,83.0
INV-20260830-S001-P036,2026-08-30,S001,P036,24,20.0
INV-20260830-S001-P037,2026-08-30,S001,P037,396,97.0
INV-20260830-S001-P038,2026-08-30,S001,P038,87,32.0
INV-20260830-S001-P039,2026-08-30,S001,P039,126,14.0
INV-20260830-S001-P040,2026-08-30,S001,P040,294,62.0
INV-20260830-S001-P041,2026-08-30,S001,P041,123,45.0
INV-20260830-S001-P042,2026-08-30,S001,P042,410,88.0
INV-20260830-S001-P043,2026-08-30,S001,P043,115,86.0
INV-20260830-S001-P044,2026-08-30,S001,P044,95,40.0
INV-20260830-S001-P045,2026-08-30,S001,P045,153,100.0
INV-20260830-S001-P046,2026-08-30,S001,P046,171,37.0
INV-20260830-S001-P047,2026-08-30,S001,P047,244,59.0
INV-20260830-S001-P048,2026-08-30,S001,P048,103,34.0
INV-20260830-S001-P049,2026-08-30,S001,P049,406,98.0
INV-20260830-S001-P050,2026-08-30,S001,P050,32,26.0
INV-20260830-S002-P001,2026-08-30,S002,P001,235,57.0
INV-20260830-S002-P002,2026-08-30,S002,P002,111,41.0
INV-20260830-S002-P003,2026-08-30,S002,P003,66,24.0
INV-20260830-S002-P004,2026-08-30,S002,P004,366,20.0
INV-20260830-S002-P005,2026-08-30,S002,P005,252,66.0
INV-20260830-S002-P006,2026-08-30,S002,P006,35,26.0
INV-20260830-S002-P007,2026-08-30,S002,P007,227,97.0
INV-20260830-S002-P008,2026-08-30,S002,P008,291,65.0
INV-20260830-S002-P009,2026-08-30,S002,P009,137,43.0
INV-20260830-S002-P010,2026-08-30,S002,P010,244,66.0
INV-20260830-S002-P011,2026-08-30,S002,P011,18,12.0
INV-20260830-S002-P012,2026-08-30,S002,P012,112,101.0
INV-20260830-S002-P013,2026-08-30,S002,P013,111,56.0
INV-20260830-S002-P014,2026-08-30,S002,P014,98,84.0
INV-20260830-S002-P015,2026-08-30,S002,P015,74,18.0
INV-20260830-S002-P016,2026-08-30,S002,P016,266,56.0
INV-20260830-S002-P017,2026-08-30,S002,P017,141,56.0
INV-20260830-S002-P018,2026-08-30,S002,P018,434,99.0
INV-20260830-S002-P019,2026-08-30,S002,P019,81,64.0
INV-20260830-S002-P020,2026-08-30,S002,P020,190,55.0
INV-20260830-S002-P021,2026-08-30,S002,P021,103,35.0
INV-20260830-S002-P022,2026-08-30,S002,P022,115,41.0
INV-20260830-S002-P023,2026-08-30,S002,P023,288,59.0
INV-20260830-S002-P024,2026-08-30,S002,P024,197,51.0
INV-20260830-S002-P025,2026-08-30,S002,P025,21,12.0
INV-20260830-S002-P026,2026-08-30,S002,P026,385,88.0
INV-20260830-S002-P027,2026-08-30,S002,P027,299,95.0
INV-20260830-S002-P028,2026-08-30,S002,P028,89,23.0
INV-20260830-S002-P029,2026-08-30,S002,P029,289,62.0
INV-20260830-S002-P030,2026-08-30,S002,P030,75,20.0
INV-20260830-S002-P031,2026-08-30,S002,P031,368,74.0
INV-20260830-S002-P032,2026-08-30,S002,P032,182,37.0
INV-20260830-S002-P033,2026-08-30,S002,P033,269,72.0
INV-20260830-S002-P034,2026-08-30,S002,P034,371,79.0
INV-20260830-S002-P035,2026-08-30,S002,P035,183,83.0
INV-20260830-S002-P036,2026-08-30,S002,P036,88,20.0
INV-20260830-S002-P037,2026-08-30,S002,P037,244,97.0
INV-20260830-S002-P038,2026-08-30,S002,P038,96,32.0
INV-20260830-S002-P039,2026-08-30,S002,P039,27,14.0
INV-20260830-S002-P040,2026-08-30,S002,P040,208,62.0
INV-20260830-S002-P041,2026-08-30,S002,P041,173,45.0
INV-20260830-S002-P042,2026-08-30,S002,P042,120,88.0
INV-20260830-S002-P043,2026-08-30,S002,P043,425,86.0
INV-20260830-S002-P044,2026-08-30,S002,P044,121,40.0
INV-20260830-S002-P045,2026-08-30,S002,P045,119,100.0
INV-20260830-S002-P046,2026-08-30,S002,P046,156,37.0
INV-20260830-S002-P047,2026-08-30,S002,P047,149,59.0
INV-20260830-S002-P048,2026-08-30,S002,P048,128,34.0
INV-20260830-S002-P049,2026-08-30,S002,P049,183,98.0
INV-20260830-S002-P050,2026-08-30,S002,P050,32,26.0
INV-20260830-S003-P001,2026-08-30,S003,P001,68,57.0
INV-20260830-S003-P002,2026-08-30,S003,P002,138,41.0
INV-20260830-S003-P003,2026-08-30,S003,P003,102,24.0
INV-20260830-S003-P004,2026-08-30,S003,P004,24,20.0
INV-20260830-S003-P005,2026-08-30,S003,P005,115,66.0
INV-20260830-S003-P006,2026-08-30,S003,P006,41,26.0
INV-20260830-S003-P007,2026-08-30,S003,P007,340,97.0
INV-20260830-S003-P008,2026-08-30,S003,P008,171,65.0
INV-20260830-S003-P009,2026-08-30,S003,P009,79,43.0
INV-20260830-S003-P010,2026-08-30,S003,P010,224,66.0
INV-20260830-S003-P011,2026-08-30,S003,P011,150,12.0
INV-20260830-S003-P012,2026-08-30,S003,P012,263,101.0
INV-20260830-S003-P013,2026-08-30,S003,P013,194,56.0
INV-20260830-S003-P014,2026-08-30,S003,P014,415,84.0
INV-20260830-S003-P015,2026-08-30,S003,P015,40,18.0
INV-20260830-S003-P016,2026-08-30,S003,P016,75,56.0
INV-20260830-S003-P017,2026-08-30,S003,P017,274,56.0
INV-20260830-S003-P018,2026-08-30,S003,P018,420,99.0
INV-20260830-S003-P019,2026-08-30,S003,P019,252,64.0
INV-20260830-S003-P020,2026-08-30,S003,P020,252,55.0
INV-20260830-S003-P021,2026-08-30,S003,P021,113,35.0
INV-20260830-S003-P022,2026-08-30,S003,P022,144,41.0
INV-20260830-S003-P023,2026-08-30,S003,P023,99,59.0
INV-20260830-S003-P024,2026-08-30,S003,P024,140,51.0
INV-20260830-S003-P025,2026-08-30,S003,P025,136,12.0
INV-20260830-S003-P026,2026-08-30,S003,P026,189,88.0
INV-20260830-S003-P027,2026-08-30,S003,P027,119,95.0
INV-20260830-S003-P028,2026-08-30,S003,P028,62,23.0
INV-20260830-S003-P029,2026-08-30,S003,P029,107,62.0
INV-20260830-S003-P030,2026-08-30,S003,P030,86,20.0
INV-20260830-S003-P031,2026-08-30,S003,P031,311,74.0
INV-20260830-S003-P032,2026-08-30,S003,P032,143,37.0
INV-20260830-S003-P033,2026-08-30,S003,P033,91,72.0
INV-20260830-S003-P034,2026-08-30,S003,P034,217,79.0
INV-20260830-S003-P035,2026-08-30,S003,P035,374,83.0
INV-20260830-S003-P036,2026-08-30,S003,P036,35,20.0
INV-20260830-S003-P037,2026-08-30,S003,P037,410,97.0
INV-20260830-S003-P038,2026-08-30,S003,P038,83,32.0
INV-20260830-S003-P039,2026-08-30,S003,P039,148,14.0
INV-20260830-S003-P040,2026-08-30,S003,P040,135,62.0
INV-20260830-S003-P041,2026-08-30,S003,P041,152,45.0
INV-20260830-S003-P042,2026-08-30,S003,P042,172,88.0
INV-20260830-S003-P043,2026-08-30,S003,P043,139,86.0
INV-20260830-S003-P044,2026-08-30,S003,P044,189,40.0
INV-20260830-S003-P045,2026-08-30,S003,P045,334,100.0
INV-20260830-S003-P046,2026-08-30,S003,P046,128,37.0
INV-20260830-S003-P047,2026-08-30,S003,P047,263,59.0
INV-20260830-S003-P048,2026-08-30,S003,P048,145,34.0
INV-20260830-S003-P049,2026-08-30,S003,P049,256,98.0
INV-20260831-S001-P001,2026-08-31,S001,P001,149,57.0
INV-20260831-S001-P002,2026-08-31,S001,P002,175,41.0
INV-20260831-S001-P003,2026-08-31,S001,P003,53,24.0
INV-20260831-S001-P004,2026-08-31,S001,P004,50,20.0
INV-20260831-S001-P005,2026-08-31,S001,P005,329,66.0
INV-20260831-S001-P006,2026-08-31,S001,P006,90,26.0
INV-20260831-S001-P007,2026-08-31,S001,P007,434,97.0
INV-20260831-S001-P008,2026-08-31,S001,P008,78,65.0
INV-20260831-S001-P009,2026-08-31,S001,P009,55,43.0
INV-20260831-S001-P010,2026-08-31,S001,P010,218,66.0
INV-20260831-S001-P011,2026-08-31,S001,P011,134,12.0
INV-20260831-S001-P012,2026-08-31,S001,P012,221,101.0
INV-20260831-S001-P013,2026-08-31,S001,P013,238,56.0
INV-20260831-S001-P014,2026-08-31,S001,P014,330,84.0
INV-20260831-S001-P015,2026-08-31,S001,P015,21,18.0
INV-20260831-S001-P016,2026-08-31,S001,P016,239,56.0
INV-20260831-S001-P017,2026-08-31,S001,P017,180,56.0
INV-20260831-S001-P018,2026-08-31,S001,P018,466,99.0
INV-20260831-S001-P019,2026-08-31,S001,P019,245,64.0
INV-20260831-S001-P020,2026-08-31,S001,P020,57,55.0
INV-20260831-S001-P021,2026-08-31,S001,P021,116,35.0
INV-20260831-S001-P022,2026-08-31,S001,P022,63,41.0
INV-20260831-S001-P023,2026-08-31,S001,P023,172,59.0
INV-20260831-S001-P024,2026-08-31,S001,P024,137,51.0
INV-20260831-S001-P025,2026-08-31,S001,P025,184,12.0
INV-20260831-S001-P026,2026-08-31,S001,P026,326,88.0
INV-20260831-S001-P027,2026-08-31,S001,P027,230,95.0
INV-20260831-S001-P028,2026-08-31,S001,P028,46,23.0
INV-20260831-S001-P029,2026-08-31,S001,P029,181,62.0
INV-20260831-S001-P030,2026-08-31,S001,P030,61,20.0
INV-20260831-S001-P031,2026-08-31,S001,P031,256,74.0
INV-20260831-S001-P032,2026-08-31,S001,P032,52,37.0
INV-20260831-S001-P033,2026-08-31,S001,P033,270,72.0
INV-20260831-S001-P034,2026-08-31,S001,P034,327,79.0
INV-20260831-S001-P035,2026-08-31,S001,P035,290,83.0
INV-20260831-S001-P036,2026-08-31,S001,P036,23,20.0
INV-20260831-S001-P037,2026-08-31,S001,P037,378,97.0
INV-20260831-S001-P038,2026-08-31,S001,P038,83,32.0
INV-20260831-S001-P039,2026-08-31,S001,P039,125,14.0
INV-20260831-S001-P040,2026-08-31,S001,P040,284,62.0
INV-20260831-S001-P041,2026-08-31,S001,P041,117,45.0
INV-20260831-S001-P042,2026-08-31,S001,P042,401,88.0
INV-20260831-S001-P043,2026-08-31,S001,P043,98,86.0
INV-20260831-S001-P044,2026-08-31,S001,P044,90,40.0
INV-20260831-S001-P045,2026-08-31,S001,P045,134,100.0
INV-20260831-S001-P046,2026-08-31,S001,P046,163,37.0
INV-20260831-S001-P047,2026-08-31,S001,P047,234,59.0
INV-20260831-S001-P048,2026-08-31,S001,P048,98,34.0
INV-20260831-S001-P049,2026-08-31,S001,P049,388,98.0
INV-20260831-S001-P050,2026-08-31,S001,P050,28,26.0
INV-20260831-S002-P001,2026-08-31,S002,P001,231,57.0
INV-20260831-S002-P002,2026-08-31,S002,P002,103,41.0
INV-20260831-S002-P003,2026-08-31,S002,P003,64,24.0
INV-20260831-S002-P004,2026-08-31,S002,P004,366,20.0
INV-20260831-S002-P005,2026-08-31,S002,P005,245,66.0
INV-20260831-S002-P006,2026-08-31,S002,P006,29,26.0
INV-20260831-S002-P007,2026-08-31,S002,P007,227,97.0
INV-20260831-S002-P008,2026-08-31,S002,P008,278,65.0
INV-20260831-S002-P009,2026-08-31,S002,P009,131,43.0
INV-20260831-S002-P010,2026-08-31,S002,P010,235,66.0
INV-20260831-S002-P011,2026-08-31,S002,P011,16,12.0
INV-20260831-S002-P012,2026-08-31,S002,P012,495,101.0
INV-20260831-S002-P013,2026-08-31,S002,P013,101,56.0
INV-20260831-S002-P014,2026-08-31,S002,P014,85,84.0
INV-20260831-S002-P015,2026-08-31,S002,P015,67,18.0
INV-20260831-S002-P016,2026-08-31,S002,P016,253,56.0
INV-20260831-S002-P017,2026-08-31,S002,P017,133,56.0
INV-20260831-S002-P018,2026-08-31,S002,P018,415,99.0
INV-20260831-S002-P019,2026-08-31,S002,P019,73,64.0
INV-20260831-S002-P020,2026-08-31,S002,P020,182,55.0
INV-20260831-S002-P021,2026-08-31,S002,P021,98,35.0
INV-20260831-S002-P022,2026-08-31,S002,P022,104,41.0
INV-20260831-S002-P023,2026-08-31,S002,P023,279,59.0
INV-20260831-S002-P024,2026-08-31,S002,P024,185,51.0
INV-20260831-S002-P025,2026-08-31,S002,P025,20,12.0
INV-20260831-S002-P026,2026-08-31,S002,P026,364,88.0
INV-20260831-S002-P027,2026-08-31,S002,P027,289,95.0
INV-20260831-S002-P028,2026-08-31,S002,P028,86,23.0
INV-20260831-S002-P029,2026-08-31,S002,P029,276,62.0
INV-20260831-S002-P030,2026-08-31,S002,P030,72,20.0
INV-20260831-S002-P031,2026-08-31,S002,P031,352,74.0
INV-20260831-S002-P032,2026-08-31,S002,P032,172,37.0
INV-20260831-S002-P033,2026-08-31,S002,P033,263,72.0
INV-20260831-S002-P034,2026-08-31,S002,P034,355,79.0
INV-20260831-S002-P035,2026-08-31,S002,P035,171,83.0
INV-20260831-S002-P036,2026-08-31,S002,P036,84,20.0
INV-20260831-S002-P037,2026-08-31,S002,P037,225,97.0
INV-20260831-S002-P038,2026-08-31,S002,P038,85,32.0
INV-20260831-S002-P039,2026-08-31,S002,P039,26,14.0
INV-20260831-S002-P040,2026-08-31,S002,P040,188,62.0
INV-20260831-S002-P041,2026-08-31,S002,P041,166,45.0
INV-20260831-S002-P042,2026-08-31,S002,P042,106,88.0
INV-20260831-S002-P043,2026-08-31,S002,P043,410,86.0
INV-20260831-S002-P044,2026-08-31,S002,P044,116,40.0
INV-20260831-S002-P045,2026-08-31,S002,P045,499,100.0
INV-20260831-S002-P046,2026-08-31,S002,P046,148,37.0
INV-20260831-S002-P047,2026-08-31,S002,P047,139,59.0
INV-20260831-S002-P048,2026-08-31,S002,P048,123,34.0
INV-20260831-S002-P049,2026-08-31,S002,P049,167,98.0
INV-20260831-S002-P050,2026-08-31,S002,P050,27,26.0
INV-20260831-S003-P001,2026-08-31,S003,P001,59,57.0
INV-20260831-S003-P002,2026-08-31,S003,P002,134,41.0
INV-20260831-S003-P003,2026-08-31,S003,P003,99,24.0
INV-20260831-S003-P004,2026-08-31,S003,P004,101,20.0
INV-20260831-S003-P005,2026-08-31,S003,P005,87,66.0
INV-20260831-S003-P006,2026-08-31,S003,P006,38,26.0
INV-20260831-S003-P007,2026-08-31,S003,P007,325,97.0
INV-20260831-S003-P008,2026-08-31,S003,P008,164,65.0
INV-20260831-S003-P009,2026-08-31,S003,P009,75,43.0
INV-20260831-S003-P010,2026-08-31,S003,P010,216,66.0
INV-20260831-S003-P011,2026-08-31,S003,P011,149,12.0
INV-20260831-S003-P012,2026-08-31,S003,P012,244,101.0
INV-20260831-S003-P013,2026-08-31,S003,P013,189,56.0
INV-20260831-S003-P014,2026-08-31,S003,P014,404,84.0
INV-20260831-S003-P015,2026-08-31,S003,P015,38,18.0
INV-20260831-S003-P016,2026-08-31,S003,P016,69,56.0
INV-20260831-S003-P017,2026-08-31,S003,P017,273,56.0
INV-20260831-S003-P018,2026-08-31,S003,P018,410,99.0
INV-20260831-S003-P019,2026-08-31,S003,P019,251,64.0
INV-20260831-S003-P020,2026-08-31,S003,P020,245,55.0
INV-20260831-S003-P021,2026-08-31,S003,P021,108,35.0
INV-20260831-S003-P022,2026-08-31,S003,P022,138,41.0
INV-20260831-S003-P023,2026-08-31,S003,P023,91,59.0
INV-20260831-S003-P024,2026-08-31,S003,P024,129,51.0
INV-20260831-S003-P025,2026-08-31,S003,P025,133,12.0
INV-20260831-S003-P026,2026-08-31,S003,P026,176,88.0
INV-20260831-S003-P027,2026-08-31,S003,P027,109,95.0
INV-20260831-S003-P028,2026-08-31,S003,P028,59,23.0
INV-20260831-S003-P029,2026-08-31,S003,P029,100,62.0
INV-20260831-S003-P030,2026-08-31,S003,P030,85,20.0
INV-20260831-S003-P031,2026-08-31,S003,P031,302,74.0
INV-20260831-S003-P032,2026-08-31,S003,P032,137,37.0
INV-20260831-S003-P033,2026-08-31,S003,P033,84,72.0
INV-20260831-S003-P034,2026-08-31,S003,P034,202,79.0
INV-20260831-S003-P035,2026-08-31,S003,P035,360,83.0
INV-20260831-S003-P036,2026-08-31,S003,P036,28,20.0
INV-20260831-S003-P037,2026-08-31,S003,P037,404,97.0
INV-20260831-S003-P038,2026-08-31,S003,P038,78,32.0
INV-20260831-S003-P039,2026-08-31,S003,P039,142,14.0
INV-20260831-S003-P040,2026-08-31,S003,P040,129,62.0
INV-20260831-S003-P041,2026-08-31,S003,P041,147,45.0
INV-20260831-S003-P042,2026-08-31,S003,P042,161,88.0
INV-20260831-S003-P043,2026-08-31,S003,P043,128,86.0
INV-20260831-S003-P044,2026-08-31,S003,P044,185,40.0
INV-20260831-S003-P045,2026-08-31,S003,P045,318,100.0
INV-20260831-S003-P046,2026-08-31,S003,P046,123,37.0
INV-20260831-S003-P047,2026-08-31,S003,P047,253,59.0
INV-20260831-S003-P048,2026-08-31,S003,P048,141,34.0
INV-20260831-S003-P049,2026-08-31,S003,P049,244,98.0
INV-20260831-S003-P050,2026-08-31,S003,P050,219,26.0
INV-20260901-S001-P001,2026-09-01,S001,P001,143,57.0
INV-20260901-S001-P002,2026-09-01,S001,P002,168,41.0
INV-20260901-S001-P003,2026-09-01,S001,P003,49,24.0
INV-20260901-S001-P004,2026-09-01,S001,P004,46,20.0
INV-20260901-S001-P005,2026-09-01,S001,P005,314,66.0
INV-20260901-S001-P006,2026-09-01,S001,P006,87,26.0
INV-20260901-S001-P007,2026-09-01,S001,P007,418,97.0
INV-20260901-S001-P008,2026-09-01,S001,P008,69,65.0
INV-20260901-S001-P009,2026-09-01,S001,P009,50,43.0
INV-20260901-S001-P010,2026-09-01,S001,P010,206,66.0
INV-20260901-S001-P011,2026-09-01,S001,P011,134,12.0
INV-20260901-S001-P012,2026-09-01,S001,P012,210,101.0
INV-20260901-S001-P013,2026-09-01,S001,P013,225,56.0
INV-20260901-S001-P014,2026-09-01,S001,P014,309,84.0
INV-20260901-S001-P015,2026-09-01,S001,P015,88,18.0
INV-20260901-S001-P016,2026-09-01,S001,P016,228,56.0
INV-20260901-S001-P017,2026-09-01,S001,P017,170,56.0
INV-20260901-S001-P018,2026-09-01,S001,P018,448,99.0
INV-20260901-S001-P019,2026-09-01,S001,P019,239,64.0
INV-20260901-S001-P020,2026-09-01,S001,P020,270,55.0
INV-20260901-S001-P021,2026-09-01,S001,P021,111,35.0
INV-20260901-S001-P022,2026-09-01,S001,P022,55,41.0
INV-20260901-S001-P023,2026-09-01,S001,P023,162,59.0
INV-20260901-S001-P024,2026-09-01,S001,P024,129,51.0
INV-20260901-S001-P025,2026-09-01,S001,P025,183,12.0
INV-20260901-S001-P026,2026-09-01,S001,P026,315,88.0
INV-20260901-S001-P027,2026-09-01,S001,P027,221,95.0
INV-20260901-S001-P028,2026-09-01,S001,P028,42,23.0
INV-20260901-S001-P029,2026-09-01,S001,P029,175,62.0
INV-20260901-S001-P030,2026-09-01,S001,P030,59,20.0
INV-20260901-S001-P031,2026-09-01,S001,P031,247,74.0
INV-20260901-S001-P032,2026-09-01,S001,P032,48,37.0
INV-20260901-S001-P033,2026-09-01,S001,P033,258,72.0
INV-20260901-S001-P034,2026-09-01,S001,P034,316,79.0
INV-20260901-S001-P035,2026-09-01,S001,P035,284,83.0
INV-20260901-S001-P036,2026-09-01,S001,P036,22,20.0
INV-20260901-S001-P037,2026-09-01,S001,P037,363,97.0
INV-20260901-S001-P038,2026-09-01,S001,P038,81,32.0
INV-20260901-S001-P039,2026-09-01,S001,P039,122,14.0
INV-20260901-S001-P040,2026-09-01,S001,P040,276,62.0
INV-20260901-S001-P041,2026-09-01,S001,P041,111,45.0
INV-20260901-S001-P042,2026-09-01,S001,P042,383,88.0
INV-20260901-S001-P043,2026-09-01,S001,P043,429,86.0
INV-20260901-S001-P044,2026-09-01,S001,P044,87,40.0
INV-20260901-S001-P045,2026-09-01,S001,P045,126,100.0
INV-20260901-S001-P046,2026-09-01,S001,P046,158,37.0
INV-20260901-S001-P047,2026-09-01,S001,P047,228,59.0
INV-20260901-S001-P048,2026-09-01,S001,P048,91,34.0
INV-20260901-S001-P049,2026-09-01,S001,P049,379,98.0
INV-20260901-S001-P050,2026-09-01,S001,P050,27,26.0
INV-20260901-S002-P001,2026-09-01,S002,P001,226,57.0
INV-20260901-S002-P002,2026-09-01,S002,P002,97,41.0
INV-20260901-S002-P003,2026-09-01,S002,P003,60,24.0
INV-20260901-S002-P004,2026-09-01,S002,P004,366,20.0
INV-20260901-S002-P005,2026-09-01,S002,P005,227,66.0
INV-20260901-S002-P006,2026-09-01,S002,P006,28,26.0
INV-20260901-S002-P007,2026-09-01,S002,P007,227,97.0
INV-20260901-S002-P008,2026-09-01,S002,P008,267,65.0
INV-20260901-S002-P009,2026-09-01,S002,P009,127,43.0
INV-20260901-S002-P010,2026-09-01,S002,P010,224,66.0
INV-20260901-S002-P011,2026-09-01,S002,P011,13,12.0
INV-20260901-S002-P012,2026-09-01,S002,P012,475,101.0
INV-20260901-S002-P013,2026-09-01,S002,P013,90,56.0
INV-20260901-S002-P014,2026-09-01,S002,P014,396,84.0
INV-20260901-S002-P015,2026-09-01,S002,P015,62,18.0
INV-20260901-S002-P016,2026-09-01,S002,P016,238,56.0
INV-20260901-S002-P017,2026-09-01,S002,P017,123,56.0
INV-20260901-S002-P018,2026-09-01,S002,P018,399,99.0
INV-20260901-S002-P019,2026-09-01,S002,P019,318,64.0
INV-20260901-S002-P020,2026-09-01,S002,P020,167,55.0
INV-20260901-S002-P021,2026-09-01,S002,P021,87,35.0
INV-20260901-S002-P022,2026-09-01,S002,P022,95,41.0
INV-20260901-S002-P023,2026-09-01,S002,P023,263,59.0
INV-20260901-S002-P024,2026-09-01,S002,P024,177,51.0
INV-20260901-S002-P025,2026-09-01,S002,P025,20,12.0
INV-20260901-S002-P026,2026-09-01,S002,P026,350,88.0
INV-20260901-S002-P027,2026-09-01,S002,P027,271,95.0
INV-20260901-S002-P028,2026-09-01,S002,P028,79,23.0
INV-20260901-S002-P029,2026-09-01,S002,P029,266,62.0
INV-20260901-S002-P030,2026-09-01,S002,P030,71,20.0
INV-20260901-S002-P031,2026-09-01,S002,P031,343,74.0
INV-20260901-S002-P032,2026-09-01,S002,P032,167,37.0
INV-20260901-S002-P033,2026-09-01,S002,P033,254,72.0
INV-20260901-S002-P034,2026-09-01,S002,P034,350,79.0
INV-20260901-S002-P035,2026-09-01,S002,P035,162,83.0
INV-20260901-S002-P036,2026-09-01,S002,P036,82,20.0
INV-20260901-S002-P037,2026-09-01,S002,P037,208,97.0
INV-20260901-S002-P038,2026-09-01,S002,P038,82,32.0
INV-20260901-S002-P039,2026-09-01,S002,P039,22,14.0
INV-20260901-S002-P040,2026-09-01,S002,P040,174,62.0
INV-20260901-S002-P041,2026-09-01,S002,P041,166,45.0
INV-20260901-S002-P042,2026-09-01,S002,P042,93,88.0
INV-20260901-S002-P043,2026-09-01,S002,P043,402,86.0
INV-20260901-S002-P044,2026-09-01,S002,P044,101,40.0
INV-20260901-S002-P045,2026-09-01,S002,P045,483,100.0
INV-20260901-S002-P046,2026-09-01,S002,P046,143,37.0
INV-20260901-S002-P047,2026-09-01,S002,P047,133,59.0
INV-20260901-S002-P048,2026-09-01,S002,P048,118,34.0
INV-20260901-S002-P049,2026-09-01,S002,P049,154,98.0
INV-20260901-S002-P050,2026-09-01,S002,P050,127,26.0
INV-20260901-S003-P001,2026-09-01,S003,P001,278,57.0
INV-20260901-S003-P002,2026-09-01,S003,P002,127,41.0
INV-20260901-S003-P003,2026-09-01,S003,P003,96,24.0
INV-20260901-S003-P004,2026-09-01,S003,P004,101,20.0
INV-20260901-S003-P005,2026-09-01,S003,P005,70,66.0
INV-20260901-S003-P006,2026-09-01,S003,P006,34,26.0
INV-20260901-S003-P007,2026-09-01,S003,P007,308,97.0
INV-20260901-S003-P008,2026-09-01,S003,P008,155,65.0
INV-20260901-S003-P009,2026-09-01,S003,P009,71,43.0
INV-20260901-S003-P010,2026-09-01,S003,P010,208,66.0
INV-20260901-S003-P011,2026-09-01,S003,P011,148,12.0
INV-20260901-S003-P012,2026-09-01,S003,P012,230,101.0
INV-20260901-S003-P013,2026-09-01,S003,P013,182,56.0
INV-20260901-S003-P014,2026-09-01,S003,P014,393,84.0
INV-20260901-S003-P015,2026-09-01,S003,P015,36,18.0
INV-20260901-S003-P016,2026-09-01,S003,P016,64,56.0
INV-20260901-S003-P017,2026-09-01,S003,P017,267,56.0
INV-20260901-S003-P018,2026-09-01,S003,P018,400,99.0
INV-20260901-S003-P019,2026-09-01,S003,P019,241,64.0
INV-20260901-S003-P020,2026-09-01,S003,P020,237,55.0
INV-20260901-S003-P021,2026-09-01,S003,P021,101,35.0
INV-20260901-S003-P022,2026-09-01,S003,P022,131,41.0
INV-20260901-S003-P023,2026-09-01,S003,P023,82,59.0
INV-20260901-S003-P024,2026-09-01,S003,P024,123,51.0
INV-20260901-S003-P025,2026-09-01,S003,P025,131,12.0
INV-20260901-S003-P026,2026-09-01,S003,P026,160,88.0
INV-20260901-S003-P027,2026-09-01,S003,P027,99,95.0
INV-20260901-S003-P028,2026-09-01,S003,P028,55,23.0
INV-20260901-S003-P029,2026-09-01,S003,P029,93,62.0
INV-20260901-S003-P030,2026-09-01,S003,P030,83,20.0
INV-20260901-S003-P031,2026-09-01,S003,P031,294,74.0
INV-20260901-S003-P032,2026-09-01,S003,P032,132,37.0
INV-20260901-S003-P033,2026-09-01,S003,P033,78,72.0
INV-20260901-S003-P034,2026-09-01,S003,P034,192,79.0
INV-20260901-S003-P035,2026-09-01,S003,P035,353,83.0
INV-20260901-S003-P036,2026-09-01,S003,P036,25,20.0
INV-20260901-S003-P037,2026-09-01,S003,P037,394,97.0
INV-20260901-S003-P038,2026-09-01,S003,P038,76,32.0
INV-20260901-S003-P039,2026-09-01,S003,P039,139,14.0
INV-20260901-S003-P040,2026-09-01,S003,P040,121,62.0
INV-20260901-S003-P041,2026-09-01,S003,P041,144,45.0
INV-20260901-S003-P042,2026-09-01,S003,P042,152,88.0
INV-20260901-S003-P043,2026-09-01,S003,P043,114,86.0
INV-20260901-S003-P044,2026-09-01,S003,P044,181,40.0
INV-20260901-S003-P045,2026-09-01,S003,P045,307,100.0
INV-20260901-S003-P046,2026-09-01,S003,P046,120,37.0
INV-20260901-S003-P047,2026-09-01,S003,P047,245,59.0
INV-20260901-S003-P048,2026-09-01,S003,P048,139,34.0
INV-20260901-S003-P049,2026-09-01,S003,P049,228,98.0
INV-20260901-S003-P050,2026-09-01,S003,P050,213,26.0
INV-20260902-S001-P001,2026-09-02,S001,P001,139,57.0
INV-20260902-S001-P002,2026-09-02,S001,P002,162,41.0
INV-20260902-S001-P003,2026-09-02,S001,P003,43,24.0
INV-20260902-S001-P004,2026-09-02,S001,P004,45,20.0
INV-20260902-S001-P005,2026-09-02,S001,P005,305,66.0
INV-20260902-S001-P006,2026-09-02,S001,P006,87,26.0
INV-20260902-S001-P007,2026-09-02,S001,P007,404,97.0
INV-20260902-S001-P008,2026-09-02,S001,P008,320,65.0
INV-20260902-S001-P009,2026-09-02,S001,P009,44,43.0
INV-20260902-S001-P010,2026-09-02,S001,P010,199,66.0
INV-20260902-S001-P011,2026-09-02,S001,P011,133,12.0
INV-20260902-S001-P012,2026-09-02,S001,P012,205,101.0
INV-20260902-S001-P013,2026-09-02,S001,P013,219,56.0
INV-20260902-S001-P014,2026-09-02,S001,P014,293,84.0
INV-20260902-S001-P015,2026-09-02,S001,P015,87,18.0
INV-20260902-S001-P016,2026-09-02,S001,P016,216,56.0
INV-20260902-S001-P017,2026-09-02,S001,P017,160,56.0
INV-20260902-S001-P018,2026-09-02,S001,P018,435,99.0
INV-20260902-S001-P019,2026-09-02,S001,P019,228,64.0
INV-20260902-S001-P020,2026-09-02,S001,P020,263,55.0
INV-20260902-S001-P021,2026-09-02,S001,P021,107,35.0
INV-20260902-S001-P022,2026-09-02,S001,P022,47,41.0
INV-20260902-S001-P023,2026-09-02,S001,P023,156,59.0
INV-20260902-S001-P024,2026-09-02,S001,P024,121,51.0
INV-20260902-S001-P025,2026-09-02,S001,P025,183,12.0
INV-20260902-S001-P026,2026-09-02,S001,P026,302,88.0
INV-20260902-S001-P027,2026-09-02,S001,P027,206,95.0
INV-20260902-S001-P028,2026-09-02,S001,P028,38,23.0
INV-20260902-S001-P029,2026-09-02,S001,P029,173,62.0
INV-20260902-S001-P030,2026-09-02,S001,P030,56,20.0
INV-20260902-S001-P031,2026-09-02,S001,P031,239,74.0
INV-20260902-S001-P032,2026-09-02,S001,P032,42,37.0
INV-20260902-S001-P033,2026-09-02,S001,P033,251,72.0
INV-20260902-S001-P034,2026-09-02,S001,P034,309,79.0
INV-20260902-S001-P035,2026-09-02,S001,P035,274,83.0
INV-20260902-S001-P036,2026-09-02,S001,P036,100,20.0
INV-20260902-S001-P037,2026-09-02,S001,P037,356,97.0
INV-20260902-S001-P038,2026-09-02,S001,P038,78,32.0
INV-20260902-S001-P039,2026-09-02,S001,P039,121,14.0
INV-20260902-S001-P040,2026-09-02,S001,P040,269,62.0
INV-20260902-S001-P041,2026-09-02,S001,P041,109,45.0
INV-20260902-S001-P042,2026-09-02,S001,P042,372,88.0
INV-20260902-S001-P043,2026-09-02,S001,P043,414,86.0
INV-20260902-S001-P044,2026-09-02,S001,P044,79,40.0
INV-20260902-S001-P045,2026-09-02,S001,P045,110,100.0
INV-20260902-S001-P046,2026-09-02,S001,P046,151,37.0
INV-20260902-S001-P047,2026-09-02,S001,P047,224,59.0
INV-20260902-S001-P048,2026-09-02,S001,P048,83,34.0
INV-20260902-S001-P049,2026-09-02,S001,P049,367,98.0
INV-20260902-S001-P050,2026-09-02,S001,P050,126,26.0
INV-20260902-S002-P001,2026-09-02,S002,P001,215,57.0
INV-20260902-S002-P002,2026-09-02,S002,P002,92,41.0
INV-20260902-S002-P003,2026-09-02,S002,P003,58,24.0
INV-20260902-S002-P004,2026-09-02,S002,P004,365,20.0
INV-20260902-S002-P005,2026-09-02,S002,P005,219,66.0
INV-20260902-S002-P006,2026-09-02,S002,P006,127,26.0
INV-20260902-S002-P007,2026-09-02,S002,P007,227,97.0
INV-20260902-S002-P008,2026-09-02,S002,P008,259,65.0
INV-20260902-S002-P009,2026-09-02,S002,P009,120,43.0
INV-20260902-S002-P010,2026-09-02,S002,P010,211,66.0
INV-20260902-S002-P011,2026-09-02,S002,P011,13,12.0
INV-20260902-S002-P012,2026-09-02,S002,P012,468,101.0
INV-20260902-S002-P013,2026-09-02,S002,P013,81,56.0
INV-20260902-S002-P014,2026-09-02,S002,P014,385,84.0
INV-20260902-S002-P015,2026-09-02,S002,P015,60,18.0
INV-20260902-S002-P016,2026-09-02,S002,P016,233,56.0
INV-20260902-S002-P017,2026-09-02,S002,P017,113,56.0
INV-20260902-S002-P018,2026-09-02,S002,P018,382,99.0
INV-20260902-S002-P019,2026-09-02,S002,P019,302,64.0
INV-20260902-S002-P020,2026-09-02,S002,P020,161,55.0
INV-20260902-S002-P021,2026-09-02,S002,P021,83,35.0
INV-20260902-S002-P022,2026-09-02,S002,P022,91,41.0
INV-20260902-S002-P023,2026-09-02,S002,P023,251,59.0
INV-20260902-S002-P024,2026-09-02,S002,P024,173,51.0
INV-20260902-S002-P025,2026-09-02,S002,P025,16,12.0
INV-20260902-S002-P026,2026-09-02,S002,P026,334,88.0
INV-20260902-S002-P027,2026-09-02,S002,P027,251,95.0
INV-20260902-S002-P028,2026-09-02,S002,P028,74,23.0
INV-20260902-S002-P029,2026-09-02,S002,P029,257,62.0
INV-20260902-S002-P030,2026-09-02,S002,P030,68,20.0
INV-20260902-S002-P031,2026-09-02,S002,P031,334,74.0
INV-20260902-S002-P032,2026-09-02,S002,P032,164,37.0
INV-20260902-S002-P033,2026-09-02,S002,P033,241,72.0
INV-20260902-S002-P034,2026-09-02,S002,P034,339,79.0
INV-20260902-S002-P035,2026-09-02,S002,P035,150,83.0
INV-20260902-S002-P036,2026-09-02,S002,P036,79,20.0
INV-20260902-S002-P037,2026-09-02,S002,P037,195,97.0
INV-20260902-S002-P038,2026-09-02,S002,P038,74,32.0
INV-20260902-S002-P039,2026-09-02,S002,P039,21,14.0
INV-20260902-S002-P040,2026-09-02,S002,P040,168,62.0
INV-20260902-S002-P041,2026-09-02,S002,P041,153,45.0
INV-20260902-S002-P042,2026-09-02,S002,P042,428,88.0
INV-20260902-S002-P043,2026-09-02,S002,P043,386,86.0
INV-20260902-S002-P044,2026-09-02,S002,P044,90,40.0
INV-20260902-S002-P045,2026-09-02,S002,P045,461,100.0
INV-20260902-S002-P046,2026-09-02,S002,P046,137,37.0
INV-20260902-S002-P047,2026-09-02,S002,P047,127,59.0
INV-20260902-S002-P048,2026-09-02,S002,P048,114,34.0
INV-20260902-S002-P049,2026-09-02,S002,P049,134,98.0
INV-20260902-S002-P050,2026-09-02,S002,P050,127,26.0
INV-20260902-S003-P001,2026-09-02,S003,P001,271,57.0
INV-20260902-S003-P002,2026-09-02,S003,P002,123,41.0
INV-20260902-S003-P003,2026-09-02,S003,P003,95,24.0
INV-20260902-S003-P004,2026-09-02,S003,P004,96,20.0
INV-20260902-S003-P005,2026-09-02,S003,P005,316,66.0
INV-20260902-S003-P006,2026-09-02,S003,P006,32,26.0
INV-20260902-S003-P007,2026-09-02,S003,P007,290,97.0
INV-20260902-S003-P008,2026-09-02,S003,P008,151,65.0
INV-20260902-S003-P009,2026-09-02,S003,P009,70,43.0
INV-20260902-S003-P010,2026-09-02,S003,P010,200,66.0
INV-20260902-S003-P011,2026-09-02,S003,P011,148,12.0
INV-20260902-S003-P012,2026-09-02,S003,P012,222,101.0
INV-20260902-S003-P013,2026-09-02,S003,P013,178,56.0
INV-20260902-S003-P014,2026-09-02,S003,P014,384,84.0
INV-20260902-S003-P015,2026-09-02,S003,P015,35,18.0
INV-20260902-S003-P016,2026-09-02,S003,P016,59,56.0
INV-20260902-S003-P017,2026-09-02,S003,P017,259,56.0
INV-20260902-S003-P018,2026-09-02,S003,P018,388,99.0
INV-20260902-S003-P019,2026-09-02,S003,P019,232,64.0
INV-20260902-S003-P020,2026-09-02,S003,P020,233,55.0
INV-20260902-S003-P021,2026-09-02,S003,P021,97,35.0
INV-20260902-S003-P022,2026-09-02,S003,P022,125,41.0
INV-20260902-S003-P023,2026-09-02,S003,P023,73,59.0
INV-20260902-S003-P024,2026-09-02,S003,P024,120,51.0
INV-20260902-S003-P025,2026-09-02,S003,P025,129,12.0
INV-20260902-S003-P026,2026-09-02,S003,P026,156,88.0
INV-20260902-S003-P027,2026-09-02,S003,P027,469,95.0
INV-20260902-S003-P028,2026-09-02,S003,P028,55,23.0
INV-20260902-S003-P029,2026-09-02,S003,P029,87,62.0
INV-20260902-S003-P030,2026-09-02,S003,P030,82,20.0
INV-20260902-S003-P031,2026-09-02,S003,P031,284,74.0
INV-20260902-S003-P032,2026-09-02,S003,P032,128,37.0
INV-20260902-S003-P033,2026-09-02,S003,P033,359,72.0
INV-20260902-S003-P034,2026-09-02,S003,P034,185,79.0
INV-20260902-S003-P035,2026-09-02,S003,P035,346,83.0
INV-20260902-S003-P036,2026-09-02,S003,P036,21,20.0
INV-20260902-S003-P037,2026-09-02,S003,P037,384,97.0
INV-20260902-S003-P038,2026-09-02,S003,P038,73,32.0
INV-20260902-S003-P039,2026-09-02,S003,P039,136,14.0
INV-20260902-S003-P040,2026-09-02,S003,P040,110,62.0
INV-20260902-S003-P041,2026-09-02,S003,P041,141,45.0
INV-20260902-S003-P042,2026-09-02,S003,P042,143,88.0
INV-20260902-S003-P043,2026-09-02,S003,P043,102,86.0
INV-20260902-S003-P044,2026-09-02,S003,P044,179,40.0
INV-20260902-S003-P045,2026-09-02,S003,P045,287,100.0
INV-20260902-S003-P046,2026-09-02,S003,P046,114,37.0
INV-20260902-S003-P047,2026-09-02,S003,P047,237,59.0
INV-20260902-S003-P048,2026-09-02,S003,P048,137,34.0
INV-20260902-S003-P049,2026-09-02,S003,P049,221,98.0
INV-20260902-S003-P050,2026-09-02,S003,P050,209,26.0
INV-20260903-S001-P001,2026-09-03,S001,P001,134,57.0
INV-20260903-S001-P002,2026-09-03,S001,P002,153,41.0
INV-20260903-S001-P003,2026-09-03,S001,P003,39,24.0
INV-20260903-S001-P004,2026-09-03,S001,P004,43,20.0
INV-20260903-S001-P005,2026-09-03,S001,P005,297,66.0
INV-20260903-S001-P006,2026-09-03,S001,P006,87,26.0
INV-20260903-S001-P007,2026-09-03,S001,P007,396,97.0
INV-20260903-S001-P008,2026-09-03,S001,P008,312,65.0
INV-20260903-S001-P009,2026-09-03,S001,P009,34,43.0
INV-20260903-S001-P010,2026-09-03,S001,P010,189,66.0
INV-20260903-S001-P011,2026-09-03,S001,P011,131,12.0
INV-20260903-S001-P012,2026-09-03,S001,P012,188,101.0
INV-20260903-S001-P013,2026-09-03,S001,P013,214,56.0
INV-20260903-S001-P014,2026-09-03,S001,P014,281,84.0
INV-20260903-S001-P015,2026-09-03,S001,P015,81,18.0
INV-20260903-S001-P016,2026-09-03,S001,P016,208,56.0
INV-20260903-S001-P017,2026-09-03,S001,P017,151,56.0
INV-20260903-S001-P018,2026-09-03,S001,P018,419,99.0
INV-20260903-S001-P019,2026-09-03,S001,P019,219,64.0
INV-20260903-S001-P020,2026-09-03,S001,P020,252,55.0
INV-20260903-S001-P021,2026-09-03,S001,P021,98,35.0
INV-20260903-S001-P022,2026-09-03,S001,P022,36,41.0
INV-20260903-S001-P023,2026-09-03,S001,P023,147,59.0
INV-20260903-S001-P024,2026-09-03,S001,P024,113,51.0
INV-20260903-S001-P025,2026-09-03,S001,P025,180,12.0
INV-20260903-S001-P026,2026-09-03,S001,P026,293,88.0
INV-20260903-S001-P027,2026-09-03,S001,P027,190,95.0
INV-20260903-S001-P028,2026-09-03,S001,P028,36,23.0
INV-20260903-S001-P029,2026-09-03,S001,P029,168,62.0
INV-20260903-S001-P030,2026-09-03,S001,P030,53,20.0
INV-20260903-S001-P031,2026-09-03,S001,P031,232,74.0
INV-20260903-S001-P032,2026-09-03,S001,P032,39,37.0
INV-20260903-S001-P033,2026-09-03,S001,P033,242,72.0
INV-20260903-S001-P034,2026-09-03,S001,P034,300,79.0
INV-20260903-S001-P035,2026-09-03,S001,P035,265,83.0
INV-20260903-S001-P036,2026-09-03,S001,P036,97,20.0
INV-20260903-S001-P037,2026-09-03,S001,P037,343,97.0
INV-20260903-S001-P038,2026-09-03,S001,P038,72,32.0
INV-20260903-S001-P039,2026-09-03,S001,P039,118,14.0
INV-20260903-S001-P040,2026-09-03,S001,P040,259,62.0
INV-20260903-S001-P041,2026-09-03,S001,P041,101,45.0
INV-20260903-S001-P042,2026-09-03,S001,P042,362,88.0
INV-20260903-S001-P043,2026-09-03,S001,P043,397,86.0
INV-20260903-S001-P044,2026-09-03,S001,P044,76,40.0
INV-20260903-S001-P045,2026-09-03,S001,P045,94,100.0
INV-20260903-S001-P046,2026-09-03,S001,P046,147,37.0
INV-20260903-S001-P047,2026-09-03,S001,P047,216,59.0
INV-20260903-S001-P048,2026-09-03,S001,P048,79,34.0
INV-20260903-S001-P049,2026-09-03,S001,P049,350,98.0
INV-20260903-S001-P050,2026-09-03,S001,P050,123,26.0
INV-20260903-S002-P001,2026-09-03,S002,P001,209,57.0
INV-20260903-S002-P002,2026-09-03,S002,P002,88,41.0
INV-20260903-S002-P003,2026-09-03,S002,P003,57,24.0
INV-20260903-S002-P004,2026-09-03,S002,P004,363,20.0
INV-20260903-S002-P005,2026-09-03,S002,P005,213,66.0
INV-20260903-S002-P006,2026-09-03,S002,P006,117,26.0
INV-20260903-S002-P007,2026-09-03,S002,P007,227,97.0
INV-20260903-S002-P008,2026-09-03,S002,P008,246,65.0
INV-20260903-S002-P009,2026-09-03,S002,P009,110,43.0
INV-20260903-S002-P010,2026-09-03,S002,P010,196,66.0
INV-20260903-S002-P011,2026-09-03,S002,P011,11,12.0
INV-20260903-S002-P012,2026-09-03,S002,P012,453,101.0
INV-20260903-S002-P013,2026-09-03,S002,P013,73,56.0
INV-20260903-S002-P014,2026-09-03,S002,P014,373,84.0
INV-20260903-S002-P015,2026-09-03,S002,P015,56,18.0
INV-20260903-S002-P016,2026-09-03,S002,P016,220,56.0
INV-20260903-S002-P017,2026-09-03,S002,P017,100,56.0
INV-20260903-S002-P018,2026-09-03,S002,P018,372,99.0
INV-20260903-S002-P019,2026-09-03,S002,P019,291,64.0
INV-20260903-S002-P020,2026-09-03,S002,P020,150,55.0
INV-20260903-S002-P021,2026-09-03,S002,P021,78,35.0
INV-20260903-S002-P022,2026-09-03,S002,P022,85,41.0
INV-20260903-S002-P023,2026-09-03,S002,P023,247,59.0
INV-20260903-S002-P024,2026-09-03,S002,P024,162,51.0
INV-20260903-S002-P025,2026-09-03,S002,P025,14,12.0
INV-20260903-S002-P026,2026-09-03,S002,P026,320,88.0
INV-20260903-S002-P027,2026-09-03,S002,P027,233,95.0
INV-20260903-S002-P028,2026-09-03,S002,P028,73,23.0
INV-20260903-S002-P029,2026-09-03,S002,P029,250,62.0
INV-20260903-S002-P030,2026-09-03,S002,P030,66,20.0
INV-20260903-S002-P031,2026-09-03,S002,P031,326,74.0
INV-20260903-S002-P032,2026-09-03,S002,P032,157,37.0
INV-20260903-S002-P033,2026-09-03,S002,P033,231,72.0
INV-20260903-S002-P034,2026-09-03,S002,P034,326,79.0
INV-20260903-S002-P035,2026-09-03,S002,P035,140,83.0
INV-20260903-S002-P036,2026-09-03,S002,P036,77,20.0
INV-20260903-S002-P037,2026-09-03,S002,P037,180,97.0
INV-20260903-S002-P038,2026-09-03,S002,P038,71,32.0
INV-20260903-S002-P039,2026-09-03,S002,P039,17,14.0
INV-20260903-S002-P040,2026-09-03,S002,P040,160,62.0
INV-20260903-S002-P041,2026-09-03,S002,P041,143,45.0
INV-20260903-S002-P042,2026-09-03,S002,P042,414,88.0
INV-20260903-S002-P043,2026-09-03,S002,P043,375,86.0
INV-20260903-S002-P044,2026-09-03,S002,P044,83,40.0
INV-20260903-S002-P045,2026-09-03,S002,P045,448,100.0
INV-20260903-S002-P046,2026-09-03,S002,P046,131,37.0
INV-20260903-S002-P047,2026-09-03,S002,P047,112,59.0
INV-20260903-S002-P048,2026-09-03,S002,P048,110,34.0
INV-20260903-S002-P049,2026-09-03,S002,P049,117,98.0
INV-20260903-S002-P050,2026-09-03,S002,P050,121,26.0
INV-20260903-S003-P001,2026-09-03,S003,P001,268,57.0
INV-20260903-S003-P002,2026-09-03,S003,P002,116,41.0
INV-20260903-S003-P003,2026-09-03,S003,P003,94,24.0
INV-20260903-S003-P004,2026-09-03,S003,P004,95,20.0
INV-20260903-S003-P005,2026-09-03,S003,P005,296,66.0
INV-20260903-S003-P006,2026-09-03,S003,P006,29,26.0
INV-20260903-S003-P007,2026-09-03,S003,P007,281,97.0
INV-20260903-S003-P008,2026-09-03,S003,P008,143,65.0
INV-20260903-S003-P009,2026-09-03,S003,P009,65,43.0
INV-20260903-S003-P010,2026-09-03,S003,P010,197,66.0
INV-20260903-S003-P011,2026-09-03,S003,P011,148,12.0
INV-20260903-S003-P012,2026-09-03,S003,P012,212,101.0
INV-20260903-S003-P013,2026-09-03,S003,P013,173,56.0
INV-20260903-S003-P014,2026-09-03,S003,P014,373,84.0
INV-20260903-S003-P015,2026-09-03,S003,P015,33,18.0
INV-20260903-S003-P016,2026-09-03,S003,P016,50,56.0
INV-20260903-S003-P017,2026-09-03,S003,P017,251,56.0
INV-20260903-S003-P018,2026-09-03,S003,P018,376,99.0
INV-20260903-S003-P019,2026-09-03,S003,P019,227,64.0
INV-20260903-S003-P020,2026-09-03,S003,P020,228,55.0
INV-20260903-S003-P021,2026-09-03,S003,P021,95,35.0
INV-20260903-S003-P022,2026-09-03,S003,P022,120,41.0
INV-20260903-S003-P023,2026-09-03,S003,P023,67,59.0
INV-20260903-S003-P024,2026-09-03,S003,P024,115,51.0
INV-20260903-S003-P025,2026-09-03,S003,P025,128,12.0
INV-20260903-S003-P026,2026-09-03,S003,P026,147,88.0
INV-20260903-S003-P027,2026-09-03,S003,P027,459,95.0
INV-20260903-S003-P028,2026-09-03,S003,P028,53,23.0
INV-20260903-S003-P029,2026-09-03,S003,P029,78,62.0
INV-20260903-S003-P030,2026-09-03,S003,P030,81,20.0
INV-20260903-S003-P031,2026-09-03,S003,P031,276,74.0
INV-20260903-S003-P032,2026-09-03,S003,P032,125,37.0
INV-20260903-S003-P033,2026-09-03,S003,P033,346,72.0
INV-20260903-S003-P034,2026-09-03,S003,P034,180,79.0
INV-20260903-S003-P035,2026-09-03,S003,P035,329,83.0
INV-20260903-S003-P036,2026-09-03,S003,P036,19,20.0
INV-20260903-S003-P037,2026-09-03,S003,P037,376,97.0
INV-20260903-S003-P038,2026-09-03,S003,P038,69,32.0
INV-20260903-S003-P039,2026-09-03,S003,P039,136,14.0
INV-20260903-S003-P040,2026-09-03,S003,P040,105,62.0
INV-20260903-S003-P041,2026-09-03,S003,P041,137,45.0
INV-20260903-S003-P042,2026-09-03,S003,P042,131,88.0
INV-20260903-S003-P043,2026-09-03,S003,P043,95,86.0
INV-20260903-S003-P044,2026-09-03,S003,P044,176,40.0
INV-20260903-S003-P045,2026-09-03,S003,P045,278,100.0
INV-20260903-S003-P046,2026-09-03,S003,P046,107,37.0
INV-20260903-S003-P047,2026-09-03,S003,P047,230,59.0
INV-20260903-S003-P048,2026-09-03,S003,P048,135,34.0
INV-20260903-S003-P049,2026-09-03,S003,P049,210,98.0
INV-20260903-S003-P050,2026-09-03,S003,P050,208,26.0
INV-20260904-S001-P001,2026-09-04,S001,P001,18,57.0
INV-20260904-S001-P002,2026-09-04,S001,P002,145,41.0
INV-20260904-S001-P003,2026-09-04,S001,P003,850,24.0
INV-20260904-S001-P004,2026-09-04,S001,P004,42,20.0
INV-20260904-S001-P005,2026-09-04,S001,P005,285,66.0
INV-20260904-S001-P006,2026-09-04,S001,P006,85,26.0
INV-20260904-S001-P007,2026-09-04,S001,P007,380,97.0
INV-20260904-S001-P008,2026-09-04,S001,P008,306,65.0
INV-20260904-S001-P009,2026-09-04,S001,P009,23,43.0
INV-20260904-S001-P010,2026-09-04,S001,P010,169,66.0
INV-20260904-S001-P011,2026-09-04,S001,P011,131,12.0
INV-20260904-S001-P012,2026-09-04,S001,P012,172,101.0
INV-20260904-S001-P013,2026-09-04,S001,P013,209,56.0
INV-20260904-S001-P014,2026-09-04,S001,P014,267,84.0
INV-20260904-S001-P015,2026-09-04,S001,P015,76,18.0
INV-20260904-S001-P016,2026-09-04,S001,P016,197,56.0
INV-20260904-S001-P017,2026-09-04,S001,P017,146,56.0
INV-20260904-S001-P018,2026-09-04,S001,P018,404,99.0
INV-20260904-S001-P019,2026-09-04,S001,P019,209,64.0
INV-20260904-S001-P020,2026-09-04,S001,P020,240,55.0
INV-20260904-S001-P021,2026-09-04,S001,P021,92,35.0
INV-20260904-S001-P022,2026-09-04,S001,P022,31,41.0
INV-20260904-S001-P023,2026-09-04,S001,P023,137,59.0
INV-20260904-S001-P024,2026-09-04,S001,P024,105,51.0
INV-20260904-S001-P025,2026-09-04,S001,P025,178,12.0
INV-20260904-S001-P026,2026-09-04,S001,P026,279,88.0
INV-20260904-S001-P027,2026-09-04,S001,P027,182,95.0
INV-20260904-S001-P028,2026-09-04,S001,P028,32,23.0
INV-20260904-S001-P029,2026-09-04,S001,P029,157,62.0
INV-20260904-S001-P030,2026-09-04,S001,P030,50,20.0
INV-20260904-S001-P031,2026-09-04,S001,P031,221,74.0
INV-20260904-S001-P032,2026-09-04,S001,P032,35,37.0
INV-20260904-S001-P033,2026-09-04,S001,P033,225,72.0
INV-20260904-S001-P034,2026-09-04,S001,P034,281,79.0
INV-20260904-S001-P035,2026-09-04,S001,P035,252,83.0
INV-20260904-S001-P036,2026-09-04,S001,P036,93,20.0
INV-20260904-S001-P037,2026-09-04,S001,P037,325,97.0
INV-20260904-S001-P038,2026-09-04,S001,P038,68,32.0
INV-20260904-S001-P039,2026-09-04,S001,P039,117,14.0
INV-20260904-S001-P040,2026-09-04,S001,P040,250,62.0
INV-20260904-S001-P041,2026-09-04,S001,P041,99,45.0
INV-20260904-S001-P042,2026-09-04,S001,P042,347,88.0
INV-20260904-S001-P043,2026-09-04,S001,P043,385,86.0
INV-20260904-S001-P044,2026-09-04,S001,P044,69,40.0
INV-20260904-S001-P045,2026-09-04,S001,P045,75,100.0
INV-20260904-S001-P046,2026-09-04,S001,P046,145,37.0
INV-20260904-S001-P047,2026-09-04,S001,P047,211,59.0
INV-20260904-S001-P048,2026-09-04,S001,P048,77,34.0
INV-20260904-S001-P049,2026-09-04,S001,P049,335,
INV-20260904-S001-P050,2026-09-04,S001,P050,118,26.0
INV-20260904-S002-P001,2026-09-04,S002,P001,420,57.0
INV-20260904-S002-P002,2026-09-04,S002,P002,78,41.0
INV-20260904-S002-P003,2026-09-04,S002,P003,54,24.0
INV-20260904-S002-P004,2026-09-04,S002,P004,600,20.0
INV-20260904-S002-P005,2026-09-04,S002,P005,192,66.0
INV-20260904-S002-P006,2026-09-04,S002,P006,114,26.0
INV-20260904-S002-P007,2026-09-04,S002,P007,227,97.0
INV-20260904-S002-P008,2026-09-04,S002,P008,238,65.0
INV-20260904-S002-P009,2026-09-04,S002,P009,100,43.0
INV-20260904-S002-P010,2026-09-04,S002,P010,187,66.0
INV-20260904-S002-P011,2026-09-04,S002,P011,8,12.0
INV-20260904-S002-P012,2026-09-04,S002,P012,435,101.0
INV-20260904-S002-P013,2026-09-04,S002,P013,66,56.0
INV-20260904-S002-P014,2026-09-04,S002,P014,355,84.0
INV-20260904-S002-P015,2026-09-04,S002,P015,50,18.0
INV-20260904-S002-P016,2026-09-04,S002,P016,202,56.0
INV-20260904-S002-P017,2026-09-04,S002,P017,91,56.0
INV-20260904-S002-P018,2026-09-04,S002,P018,353,99.0
INV-20260904-S002-P019,2026-09-04,S002,P019,275,64.0
INV-20260904-S002-P020,2026-09-04,S002,P020,143,55.0
INV-20260904-S002-P021,2026-09-04,S002,P021,66,35.0
INV-20260904-S002-P022,2026-09-04,S002,P022,79,41.0
INV-20260904-S002-P023,2026-09-04,S002,P023,234,59.0
INV-20260904-S002-P024,2026-09-04,S002,P024,155,51.0
INV-20260904-S002-P025,2026-09-04,S002,P025,13,12.0
INV-20260904-S002-P026,2026-09-04,S002,P026,306,88.0
INV-20260904-S002-P027,2026-09-04,S002,P027,216,95.0
INV-20260904-S002-P028,2026-09-04,S002,P028,68,23.0
INV-20260904-S002-P029,2026-09-04,S002,P029,239,62.0
INV-20260904-S002-P030,2026-09-04,S002,P030,59,20.0
INV-20260904-S002-P031,2026-09-04,S002,P031,308,74.0
INV-20260904-S002-P032,2026-09-04,S002,P032,150,37.0
INV-20260904-S002-P033,2026-09-04,S002,P033,215,72.0
INV-20260904-S002-P034,2026-09-04,S002,P034,311,79.0
INV-20260904-S002-P035,2026-09-04,S002,P035,122,83.0
INV-20260904-S002-P036,2026-09-04,S002,P036,73,20.0
INV-20260904-S002-P037,2026-09-04,S002,P037,168,97.0
INV-20260904-S002-P038,2026-09-04,S002,P038,68,32.0
INV-20260904-S002-P039,2026-09-04,S002,P039,13,14.0
INV-20260904-S002-P040,2026-09-04,S002,P040,146,62.0
INV-20260904-S002-P041,2026-09-04,S002,P041,134,45.0
INV-20260904-S002-P042,2026-09-04,S002,P042,401,88.0
INV-20260904-S002-P043,2026-09-04,S002,P043,359,86.0
INV-20260904-S002-P044,2026-09-04,S002,P044,72,40.0
INV-20260904-S002-P045,2026-09-04,S002,P045,422,100.0
INV-20260904-S002-P046,2026-09-04,S002,P046,127,37.0
INV-20260904-S002-P047,2026-09-04,S002,P047,98,59.0
INV-20260904-S002-P048,2026-09-04,S002,P048,101,34.0
INV-20260904-S002-P049,2026-09-04,S002,P049,97,98.0
INV-20260904-S002-P050,2026-09-04,S002,P050,118,26.0
INV-20260904-S003-P001,2026-09-04,S003,P001,260,57.0
INV-20260904-S003-P002,2026-09-04,S003,P002,55,41.0
INV-20260904-S003-P003,2026-09-04,S003,P003,88,24.0
INV-20260904-S003-P004,2026-09-04,S003,P004,92,20.0
INV-20260904-S003-P005,2026-09-04,S003,P005,274,66.0
INV-20260904-S003-P006,2026-09-04,S003,P006,26,26.0
INV-20260904-S003-P007,2026-09-04,S003,P007,271,97.0
INV-20260904-S003-P008,2026-09-04,S003,P008,137,65.0
INV-20260904-S003-P009,2026-09-04,S003,P009,56,43.0
INV-20260904-S003-P010,2026-09-04,S003,P010,194,66.0
INV-20260904-S003-P011,2026-09-04,S003,P011,147,12.0
INV-20260904-S003-P012,2026-09-04,S003,P012,203,101.0
INV-20260904-S003-P013,2026-09-04,S003,P013,169,56.0
INV-20260904-S003-P014,2026-09-04,S003,P014,363,84.0
INV-20260904-S003-P015,2026-09-04,S003,P015,31,18.0
INV-20260904-S003-P016,2026-09-04,S003,P016,45,56.0
INV-20260904-S003-P017,2026-09-04,S003,P017,243,56.0
INV-20260904-S003-P018,2026-09-04,S003,P018,361,99.0
INV-20260904-S003-P019,2026-09-04,S003,P019,222,64.0
INV-20260904-S003-P020,2026-09-04,S003,P020,219,55.0
INV-20260904-S003-P021,2026-09-04,S003,P021,92,35.0
INV-20260904-S003-P022,2026-09-04,S003,P022,114,41.0
INV-20260904-S003-P023,2026-09-04,S003,P023,58,59.0
INV-20260904-S003-P024,2026-09-04,S003,P024,106,51.0
INV-20260904-S003-P025,2026-09-04,S003,P025,126,12.0
INV-20260904-S003-P026,2026-09-04,S003,P026,135,88.0
INV-20260904-S003-P027,2026-09-04,S003,P027,445,95.0
INV-20260904-S003-P028,2026-09-04,S003,P028,49,23.0
INV-20260904-S003-P029,2026-09-04,S003,P029,72,62.0
INV-20260904-S003-P030,2026-09-04,S003,P030,80,20.0
INV-20260904-S003-P031,2026-09-04,S003,P031,267,74.0
INV-20260904-S003-P032,2026-09-04,S003,P032,123,37.0
INV-20260904-S003-P033,2026-09-04,S003,P033,331,72.0
INV-20260904-S003-P034,2026-09-04,S003,P034,169,79.0
INV-20260904-S003-P035,2026-09-04,S003,P035,319,83.0
INV-20260904-S003-P036,2026-09-04,S003,P036,16,20.0
INV-20260904-S003-P037,2026-09-04,S003,P037,365,97.0
INV-20260904-S003-P038,2026-09-04,S003,P038,65,32.0
INV-20260904-S003-P039,2026-09-04,S003,P039,133,14.0
INV-20260904-S003-P040,2026-09-04,S003,P040,98,62.0
INV-20260904-S003-P041,2026-09-04,S003,P041,136,45.0
INV-20260904-S003-P042,2026-09-04,S003,P042,121,88.0
INV-20260904-S003-P043,2026-09-04,S003,P043,86,86.0
INV-20260904-S003-P044,2026-09-04,S003,P044,169,40.0
INV-20260904-S003-P045,2026-09-04,S003,P045,274,100.0
INV-20260904-S003-P046,2026-09-04,S003,P046,100,37.0
INV-20260904-S003-P047,2026-09-04,S003,P047,222,59.0
INV-20260904-S003-P048,2026-09-04,S003,P048,130,34.0
INV-20260904-S003-P049,2026-09-04,S003,P049,195,98.0
INV-20260904-S003-P050,2026-09-04,S003,P050,204,26.0
