sale_id,date,store_id,product_id,units_sold,revenue
SALE-20260508-S001-P001,2026-05-08,S001,P001,8,6310.88
SALE-20260508-S001-P002,2026-05-08,S001,P002,6,3894.9
SALE-20260508-S001-P003,2026-05-08,S001,P003,2,2141.74
SALE-20260508-S001-P004,2026-05-08,S001,P004,0,0.0
SALE-20260508-S001-P005,2026-05-08,S001,P005,6,2645.4
SALE-20260508-S001-P006,2026-05-08,S001,P006,3,2513.97
SALE-20260508-S001-P007,2026-05-08,S001,P007,11,2827.22
SALE-20260508-S001-P008,2026-05-08,S001,P008,7,6189.05
SALE-20260508-S001-P009,2026-05-08,S001,P009,8,6049.52
SALE-20260508-S001-P010,2026-05-08,S001,P010,11,10853.7
SALE-20260508-S001-P011,2026-05-08,S001,P011,1,218.9
SALE-20260508-S001-P012,2026-05-08,S001,P012,13,2454.79
SALE-20260508-S001-P013,2026-05-08,S001,P013,14,12108.32
SALE-20260508-S001-P014,2026-05-08,S001,P014,9,3545.19
SALE-20260508-S001-P015,2026-05-08,S001,P015,3,585.36
SALE-20260508-S001-P016,2026-05-08,S001,P016,12,3170.04
SALE-20260508-S001-P017,2026-05-08,S001,P017,11,5538.39
SALE-20260508-S001-P018,2026-05-08,S001,P018,9,3309.3
SALE-20260508-S001-P019,2026-05-08,S001,P019,11,8890.97
SALE-20260508-S001-P020,2026-05-08,S001,P020,15,9661.65
SALE-20260508-S001-P021,2026-05-08,S001,P021,3,592.41
SALE-20260508-S001-P022,2026-05-08,S001,P022,7,5099.78
SALE-20260508-S001-P023,2026-05-08,S001,P023,10,7997.0
SALE-20260508-S001-P024,2026-05-08,S001,P024,6,896.4
SALE-20260508-S001-P025,2026-05-08,S001,P025,0,0.0
SALE-20260508-S001-P026,2026-05-08,S001,P026,17,13937.96
SALE-20260508-S001-P027,2026-05-08,S001,P027,19,11198.22
SALE-20260508-S001-P028,2026-05-08,S001,P028,5,278.35
SALE-20260508-S001-P029,2026-05-08,S001,P029,9,2116.17
SALE-20260508-S001-P030,2026-05-08,S001,P030,3,691.98
SALE-20260508-S001-P031,2026-05-08,S001,P031,12,3497.04
SALE-20260508-S001-P032,2026-05-08,S001,P032,4,2506.4
SALE-20260508-S001-P033,2026-05-08,S001,P033,14,9448.74
SALE-20260508-S001-P034,2026-05-08,S001,P034,13,2202.07
SALE-20260508-S001-P035,2026-05-08,S001,P035,20,2451.6
SALE-20260508-S001-P036,2026-05-08,S001,P036,4,749.56
SALE-20260508-S001-P037,2026-05-08,S001,P037,15,2810.25
SALE-20260508-S001-P038,2026-05-08,S001,P038,2,773.66
SALE-20260508-S001-P039,2026-05-08,S001,P039,1,634.1
SALE-20260508-S001-P040,2026-05-08,S001,P040,8,1288.4
SALE-20260508-S001-P041,2026-05-08,S001,P041,9,8859.51
SALE-20260508-S001-P042,2026-05-08,S001,P042,14,14958.86
SALE-20260508-S001-P043,2026-05-08,S001,P043,14,10283.84
SALE-20260508-S001-P044,2026-05-08,S001,P044,10,1349.5
SALE-20260508-S001-P045,2026-05-08,S001,P045,7,3119.55
SALE-20260508-S001-P046,2026-05-08,S001,P046,4,2223.72
SALE-20260508-S001-P047,2026-05-08,S001,P047,12,11315.88
SALE-20260508-S001-P048,2026-05-08,S001,P048,2,947.56
SALE-20260508-S001-P049,2026-05-08,S001,P049,11,6981.26
SALE-20260508-S001-P050,2026-05-08,S001,P050,4,1561.52
SALE-20260508-S002-P001,2026-05-08,S002,P001,6,4733.16
SALE-20260508-S002-P002,2026-05-08,S002,P002,6,3894.9
SALE-20260508-S002-P003,2026-05-08,S002,P003,2,2141.74
SALE-20260508-S002-P004,2026-05-08,S002,P004,0,0.0
SALE-20260508-S002-P005,2026-05-08,S002,P005,12,5290.8
SALE-20260508-S002-P006,2026-05-08,S002,P006,3,2513.97
SALE-20260508-S002-P007,2026-05-08,S002,P007,0,0.0
SALE-20260508-S002-P008,2026-05-08,S002,P008,13,11493.95
SALE-20260508-S002-P009,2026-05-08,S002,P009,10,7561.9
SALE-20260508-S002-P010,2026-05-08,S002,P010,17,16773.9
SALE-20260508-S002-P011,2026-05-08,S002,P011,3,656.7
SALE-20260508-S002-P012,2026-05-08,S002,P012,12,2265.96
SALE-20260508-S002-P013,2026-05-08,S002,P013,15,12973.2
SALE-20260508-S002-P014,2026-05-08,S002,P014,11,4333.01
SALE-20260508-S002-P015,2026-05-08,S002,P015,1,195.12
SALE-20260508-S002-P016,2026-05-08,S002,P016,16,4226.72
SALE-20260508-S002-P017,2026-05-08,S002,P017,8,4027.92
SALE-20260508-S002-P018,2026-05-08,S002,P018,20,7354.0
SALE-20260508-S002-P019,2026-05-08,S002,P019,11,8890.97
SALE-20260508-S002-P020,2026-05-08,S002,P020,16,10305.76
SALE-20260508-S002-P021,2026-05-08,S002,P021,8,1579.76
SALE-20260508-S002-P022,2026-05-08,S002,P022,6,4371.24
SALE-20260508-S002-P023,2026-05-08,S002,P023,6,4798.2
SALE-20260508-S002-P024,2026-05-08,S002,P024,9,1344.6
SALE-20260508-S002-P025,2026-05-08,S002,P025,2,1380.94
SALE-20260508-S002-P026,2026-05-08,S002,P026,15,12298.2
SALE-20260508-S002-P027,2026-05-08,S002,P027,19,11198.22
SALE-20260508-S002-P028,2026-05-08,S002,P028,6,334.02
SALE-20260508-S002-P029,2026-05-08,S002,P029,16,3762.08
SALE-20260508-S002-P030,2026-05-08,S002,P030,2,461.32
SALE-20260508-S002-P031,2026-05-08,S002,P031,11,3205.62
SALE-20260508-S002-P032,2026-05-08,S002,P032,8,5012.8
SALE-20260508-S002-P033,2026-05-08,S002,P033,11,7424.01
SALE-20260508-S002-P034,2026-05-08,S002,P034,10,1693.9
SALE-20260508-S002-P035,2026-05-08,S002,P035,14,1716.12
SALE-20260508-S002-P036,2026-05-08,S002,P036,5,936.95
SALE-20260508-S002-P037,2026-05-08,S002,P037,24,4496.4
SALE-20260508-S002-P038,2026-05-08,S002,P038,8,3094.64
SALE-20260508-S002-P039,2026-05-08,S002,P039,2,1268.2
SALE-20260508-S002-P040,2026-05-08,S002,P040,12,1932.6
SALE-20260508-S002-P041,2026-05-08,S002,P041,13,12797.07
SALE-20260508-S002-P042,2026-05-08,S002,P042,15,16027.35
SALE-20260508-S002-P043,2026-05-08,S002,P043,25,18364.0
SALE-20260508-S002-P044,2026-05-08,S002,P044,2,269.9
SALE-20260508-S002-P045,2026-05-08,S002,P045,17,7576.05
SALE-20260508-S002-P046,2026-05-08,S002,P046,3,1667.79
SALE-20260508-S002-P047,2026-05-08,S002,P047,7,6600.93
SALE-20260508-S002-P048,2026-05-08,S002,P048,2,947.56
SALE-20260508-S002-P049,2026-05-08,S002,P049,12,7615.92
SALE-20260508-S002-P050,2026-05-08,S002,P050,0,0.0
SALE-20260508-S003-P001,2026-05-08,S003,P001,8,6310.88
SALE-20260508-S003-P002,2026-05-08,S003,P002,5,3245.75
SALE-20260508-S003-P003,2026-05-08,S003,P003,2,2141.74
SALE-20260508-S003-P004,2026-05-08,S003,P004,0,0.0
SALE-20260508-S003-P005,2026-05-08,S003,P005,3,1322.7
SALE-20260508-S003-P006,2026-05-08,S003,P006,0,0.0
SALE-20260508-S003-P007,2026-05-08,S003,P007,7,1799.14
SALE-20260508-S003-P008,2026-05-08,S003,P008,4,3536.6
SALE-20260508-S003-P009,2026-05-08,S003,P009,8,6049.52
SALE-20260508-S003-P010,2026-05-08,S003,P010,9,8880.3
SALE-20260508-S003-P011,2026-05-08,S003,P011,0,0.0
SALE-20260508-S003-P012,2026-05-08,S003,P012,11,2077.13
SALE-20260508-S003-P013,2026-05-08,S003,P013,8,6919.04
SALE-20260508-S003-P014,2026-05-08,S003,P014,12,4726.92
SALE-20260508-S003-P015,2026-05-08,S003,P015,2,390.24
SALE-20260508-S003-P016,2026-05-08,S003,P016,5,1320.85
SALE-20260508-S003-P017,2026-05-08,S003,P017,5,2517.45
SALE-20260508-S003-P018,2026-05-08,S003,P018,9,3309.3
SALE-20260508-S003-P019,2026-05-08,S003,P019,9,7274.43
SALE-20260508-S003-P020,2026-05-08,S003,P020,7,4508.77
SALE-20260508-S003-P021,2026-05-08,S003,P021,5,987.35
SALE-20260508-S003-P022,2026-05-08,S003,P022,9,6556.86
SALE-20260508-S003-P023,2026-05-08,S003,P023,6,4798.2
SALE-20260508-S003-P024,2026-05-08,S003,P024,11,1643.4
SALE-20260508-S003-P025,2026-05-08,S003,P025,0,0.0
SALE-20260508-S003-P026,2026-05-08,S003,P026,9,7378.92
SALE-20260508-S003-P027,2026-05-08,S003,P027,7,4125.66
SALE-20260508-S003-P028,2026-05-08,S003,P028,3,167.01
SALE-20260508-S003-P029,2026-05-08,S003,P029,6,1410.78
SALE-20260508-S003-P030,2026-05-08,S003,P030,2,461.32
SALE-20260508-S003-P031,2026-05-08,S003,P031,13,3788.46
SALE-20260508-S003-P032,2026-05-08,S003,P032,3,1879.8
SALE-20260508-S003-P033,2026-05-08,S003,P033,10,6749.1
SALE-20260508-S003-P034,2026-05-08,S003,P034,10,1693.9
SALE-20260508-S003-P035,2026-05-08,S003,P035,9,1103.22
SALE-20260508-S003-P036,2026-05-08,S003,P036,4,749.56
SALE-20260508-S003-P037,2026-05-08,S003,P037,12,2248.2
SALE-20260508-S003-P038,2026-05-08,S003,P038,5,1934.15
SALE-20260508-S003-P039,2026-05-08,S003,P039,2,1268.2
SALE-20260508-S003-P040,2026-05-08,S003,P040,7,1127.35
SALE-20260508-S003-P041,2026-05-08,S003,P041,2,1968.78
SALE-20260508-S003-P042,2026-05-08,S003,P042,9,9616.41
SALE-20260508-S003-P043,2026-05-08,S003,P043,10,7345.6
SALE-20260508-S003-P044,2026-05-08,S003,P044,6,809.7
SALE-20260508-S003-P045,2026-05-08,S003,P045,18,8021.7
SALE-20260508-S003-P046,2026-05-08,S003,P046,3,1667.79
SALE-20260508-S003-P047,2026-05-08,S003,P047,6,5657.94
SALE-20260508-S003-P048,2026-05-08,S003,P048,3,1421.34
SALE-20260508-S003-P049,2026-05-08,S003,P049,7,4442.62
SALE-20260509-S001-P001,2026-05-09,S001,P001,14,11044.04
SALE-20260509-S001-P002,2026-05-09,S001,P002,13,8438.95
SALE-20260509-S001-P003,2026-05-09,S001,P003,5,5354.35
SALE-20260509-S001-P004,2026-05-09,S001,P004,1,152.15
SALE-20260509-S001-P005,2026-05-09,S001,P005,12,5290.8
SALE-20260509-S001-P006,2026-05-09,S001,P006,2,1675.98
SALE-20260509-S001-P007,2026-05-09,S001,P007,12,3084.24
SALE-20260509-S001-P008,2026-05-09,S001,P008,15,13262.25
SALE-20260509-S001-P009,2026-05-09,S001,P009,5,3780.95
SALE-20260509-S001-P010,2026-05-09,S001,P010,16,15787.2
SALE-20260509-S001-P011,2026-05-09,S001,P011,4,875.6
SALE-20260509-S001-P012,2026-05-09,S001,P012,18,3398.94
SALE-20260509-S001-P013,2026-05-09,S001,P013,11,9513.68
SALE-20260509-S001-P014,2026-05-09,S001,P014,14,5514.74
SALE-20260509-S001-P015,2026-05-09,S001,P015,6,1170.72
SALE-20260509-S001-P016,2026-05-09,S001,P016,10,2641.7
SALE-20260509-S001-P017,2026-05-09,S001,P017,7,3524.43
SALE-20260509-S001-P018,2026-05-09,S001,P018,20,7354.0
SALE-20260509-S001-P019,2026-05-09,S001,P019,7,5657.89
SALE-20260509-S001-P020,2026-05-09,S001,P020,10,6441.1
SALE-20260509-S001-P021,2026-05-09,S001,P021,10,1974.7
SALE-20260509-S001-P022,2026-05-09,S001,P022,7,5099.78
SALE-20260509-S001-P023,2026-05-09,S001,P023,12,9596.4
SALE-20260509-S001-P024,2026-05-09,S001,P024,3,448.2
SALE-20260509-S001-P025,2026-05-09,S001,P025,2,1380.94
SALE-20260509-S001-P026,2026-05-09,S001,P026,16,13118.08
SALE-20260509-S001-P027,2026-05-09,S001,P027,11,6483.18
SALE-20260509-S001-P028,2026-05-09,S001,P028,5,278.35
SALE-20260509-S001-P029,2026-05-09,S001,P029,13,3056.69
SALE-20260509-S001-P030,2026-05-09,S001,P030,5,1153.3
SALE-20260509-S001-P031,2026-05-09,S001,P031,9,2622.78
SALE-20260509-S001-P032,2026-05-09,S001,P032,2,1253.2
SALE-20260509-S001-P033,2026-05-09,S001,P033,7,4724.37
SALE-20260509-S001-P034,2026-05-09,S001,P034,12,2032.68
SALE-20260509-S001-P035,2026-05-09,S001,P035,19,2329.02
SALE-20260509-S001-P036,2026-05-09,S001,P036,3,562.17
SALE-20260509-S001-P037,2026-05-09,S001,P037,17,3184.95
SALE-20260509-S001-P038,2026-05-09,S001,P038,3,1160.49
SALE-20260509-S001-P039,2026-05-09,S001,P039,2,1268.2
SALE-20260509-S001-P040,2026-05-09,S001,P040,9,1449.45
SALE-20260509-S001-P041,2026-05-09,S001,P041,8,7875.12
SALE-20260509-S001-P042,2026-05-09,S001,P042,20,21369.8
SALE-20260509-S001-P043,2026-05-09,S001,P043,14,10283.84
SALE-20260509-S001-P044,2026-05-09,S001,P044,5,674.75
SALE-20260509-S001-P045,2026-05-09,S001,P045,13,5793.45
SALE-20260509-S001-P046,2026-05-09,S001,P046,4,2223.72
SALE-20260509-S001-P047,2026-05-09,S001,P047,9,8486.91
SALE-20260509-S001-P048,2026-05-09,S001,P048,3,1421.34
SALE-20260509-S001-P049,2026-05-09,S001,P049,21,13327.86
SALE-20260509-S001-P050,2026-05-09,S001,P050,4,1561.52
SALE-20260509-S002-P001,2026-05-09,S002,P001,12,9466.32
SALE-20260509-S002-P002,2026-05-09,S002,P002,9,5842.35
SALE-20260509-S002-P003,2026-05-09,S002,P003,4,4283.48
SALE-20260509-S002-P004,2026-05-09,S002,P004,0,0.0
SALE-20260509-S002-P005,2026-05-09,S002,P005,12,5290.8
SALE-20260509-S002-P006,2026-05-09,S002,P006,8,6703.92
SALE-20260509-S002-P007,2026-05-09,S002,P007,0,0.0
SALE-20260509-S002-P008,2026-05-09,S002,P008,11,9725.65
SALE-20260509-S002-P009,2026-05-09,S002,P009,6,4537.14
SALE-20260509-S002-P010,2026-05-09,S002,P010,16,15787.2
SALE-20260509-S002-P011,2026-05-09,S002,P011,4,875.6
SALE-20260509-S002-P012,2026-05-09,S002,P012,29,5476.07
SALE-20260509-S002-P013,2026-05-09,S002,P013,17,14702.96
SALE-20260509-S002-P014,2026-05-09,S002,P014,19,7484.29
SALE-20260509-S002-P015,2026-05-09,S002,P015,0,0.0
SALE-20260509-S002-P016,2026-05-09,S002,P016,11,2905.87
SALE-20260509-S002-P017,2026-05-09,S002,P017,9,4531.41
SALE-20260509-S002-P018,2026-05-09,S002,P018,18,6618.6
SALE-20260509-S002-P019,2026-05-09,S002,P019,10,8082.7
SALE-20260509-S002-P020,2026-05-09,S002,P020,14,9017.54
SALE-20260509-S002-P021,2026-05-09,S002,P021,10,1974.7
SALE-20260509-S002-P022,2026-05-09,S002,P022,10,7285.4
SALE-20260509-S002-P023,2026-05-09,S002,P023,16,12795.2
SALE-20260509-S002-P024,2026-05-09,S002,P024,10,1494.0
SALE-20260509-S002-P025,2026-05-09,S002,P025,2,1380.94
SALE-20260509-S002-P026,2026-05-09,S002,P026,16,13118.08
SALE-20260509-S002-P027,2026-05-09,S002,P027,19,11198.22
SALE-20260509-S002-P028,2026-05-09,S002,P028,2,111.34
SALE-20260509-S002-P029,2026-05-09,S002,P029,11,2586.43
SALE-20260509-S002-P030,2026-05-09,S002,P030,5,1153.3
SALE-20260509-S002-P031,2026-05-09,S002,P031,14,4079.88
SALE-20260509-S002-P032,2026-05-09,S002,P032,7,4386.2
SALE-20260509-S002-P033,2026-05-09,S002,P033,21,14173.11
SALE-20260509-S002-P034,2026-05-09,S002,P034,10,1693.9
SALE-20260509-S002-P035,2026-05-09,S002,P035,21,2574.18
SALE-20260509-S002-P036,2026-05-09,S002,P036,5,936.95
SALE-20260509-S002-P037,2026-05-09,S002,P037,32,5995.2
SALE-20260509-S002-P038,2026-05-09,S002,P038,10,3868.3
SALE-20260509-S002-P039,2026-05-09,S002,P039,7,4438.7
SALE-20260509-S002-P040,2026-05-09,S002,P040,11,1771.55
SALE-20260509-S002-P041,2026-05-09,S002,P041,7,6890.73
SALE-20260509-S002-P042,2026-05-09,S002,P042,12,12821.88
SALE-20260509-S002-P043,2026-05-09,S002,P043,8,5876.48
SALE-20260509-S002-P044,2026-05-09,S002,P044,7,944.65
SALE-20260509-S002-P045,2026-05-09,S002,P045,21,9358.65
SALE-20260509-S002-P046,2026-05-09,S002,P046,8,4447.44
SALE-20260509-S002-P047,2026-05-09,S002,P047,8,7543.92
SALE-20260509-S002-P048,2026-05-09,S002,P048,7,3316.46
SALE-20260509-S002-P049,2026-05-09,S002,P049,13,8250.58
SALE-20260509-S002-P050,2026-05-09,S002,P050,7,2732.66
SALE-20260509-S003-P001,2026-05-09,S003,P001,8,6310.88
SALE-20260509-S003-P002,2026-05-09,S003,P002,11,7140.65
SALE-20260509-S003-P003,2026-05-09,S003,P003,5,5354.35
SALE-20260509-S003-P004,2026-05-09,S003,P004,2,304.3
SALE-20260509-S003-P005,2026-05-09,S003,P005,8,3527.2
SALE-20260509-S003-P006,2026-05-09,S003,P006,5,4189.95
SALE-20260509-S003-P007,2026-05-09,S003,P007,13,3341.26
SALE-20260509-S003-P008,2026-05-09,S003,P008,6,5304.9
SALE-20260509-S003-P009,2026-05-09,S003,P009,7,5293.33
SALE-20260509-S003-P010,2026-05-09,S003,P010,8,7893.6
SALE-20260509-S003-P011,2026-05-09,S003,P011,1,218.9
SALE-20260509-S003-P012,2026-05-09,S003,P012,13,2454.79
SALE-20260509-S003-P013,2026-05-09,S003,P013,8,6919.04
SALE-20260509-S003-P014,2026-05-09,S003,P014,11,4333.01
SALE-20260509-S003-P015,2026-05-09,S003,P015,4,780.48
SALE-20260509-S003-P016,2026-05-09,S003,P016,12,3170.04
SALE-20260509-S003-P017,2026-05-09,S003,P017,5,2517.45
SALE-20260509-S003-P018,2026-05-09,S003,P018,17,6250.9
SALE-20260509-S003-P019,2026-05-09,S003,P019,8,6466.16
SALE-20260509-S003-P020,2026-05-09,S003,P020,9,5796.99
SALE-20260509-S003-P021,2026-05-09,S003,P021,1,197.47
SALE-20260509-S003-P022,2026-05-09,S003,P022,4,2914.16
SALE-20260509-S003-P023,2026-05-09,S003,P023,6,4798.2
SALE-20260509-S003-P024,2026-05-09,S003,P024,12,1792.8
SALE-20260509-S003-P025,2026-05-09,S003,P025,1,690.47
SALE-20260509-S003-P026,2026-05-09,S003,P026,8,6559.04
SALE-20260509-S003-P027,2026-05-09,S003,P027,10,5893.8
SALE-20260509-S003-P028,2026-05-09,S003,P028,4,222.68
SALE-20260509-S003-P029,2026-05-09,S003,P029,6,1410.78
SALE-20260509-S003-P030,2026-05-09,S003,P030,3,691.98
SALE-20260509-S003-P031,2026-05-09,S003,P031,13,3788.46
SALE-20260509-S003-P032,2026-05-09,S003,P032,6,3759.6
SALE-20260509-S003-P033,2026-05-09,S003,P033,15,10123.65
SALE-20260509-S003-P034,2026-05-09,S003,P034,12,2032.68
SALE-20260509-S003-P035,2026-05-09,S003,P035,10,1225.8
SALE-20260509-S003-P036,2026-05-09,S003,P036,5,936.95
SALE-20260509-S003-P037,2026-05-09,S003,P037,16,2997.6
SALE-20260509-S003-P038,2026-05-09,S003,P038,3,1160.49
SALE-20260509-S003-P039,2026-05-09,S003,P039,2,1268.2
SALE-20260509-S003-P040,2026-05-09,S003,P040,5,805.25
SALE-20260509-S003-P041,2026-05-09,S003,P041,7,6890.73
SALE-20260509-S003-P042,2026-05-09,S003,P042,12,12821.88
SALE-20260509-S003-P043,2026-05-09,S003,P043,9,6611.04
SALE-20260509-S003-P044,2026-05-09,S003,P044,6,809.7
SALE-20260509-S003-P045,2026-05-09,S003,P045,13,5793.45
SALE-20260509-S003-P046,2026-05-09,S003,P046,5,2779.65
SALE-20260509-S003-P047,2026-05-09,S003,P047,7,6600.93
SALE-20260509-S003-P048,2026-05-09,S003,P048,2,947.56
SALE-20260509-S003-P049,2026-05-09,S003,P049,14,8885.24
SALE-20260510-S001-P001,2026-05-10,S001,P001,11,8677.46
SALE-20260510-S001-P002,2026-05-10,S001,P002,7,4544.05
SALE-20260510-S001-P003,2026-05-10,S001,P003,5,5354.35
SALE-20260510-S001-P004,2026-05-10,S001,P004,4,608.6
SALE-20260510-S001-P005,2026-05-10,S001,P005,13,5731.7
SALE-20260510-S001-P006,2026-05-10,S001,P006,3,2513.97
SALE-20260510-S001-P007,2026-05-10,S001,P007,10,2570.2
SALE-20260510-S001-P008,2026-05-10,S001,P008,10,8841.5
SALE-20260510-S001-P009,2026-05-10,S001,P009,12,9074.28
SALE-20260510-S001-P010,2026-05-10,S001,P010,11,10853.7
SALE-20260510-S001-P011,2026-05-10,S001,P011,4,875.6
SALE-20260510-S001-P012,2026-05-10,S001,P012,12,2265.96
SALE-20260510-S001-P013,2026-05-10,S001,P013,1,864.88
SALE-20260510-S001-P014,2026-05-10,S001,P014,13,5120.83
SALE-20260510-S001-P015,2026-05-10,S001,P015,1,195.12
SALE-20260510-S001-P016,2026-05-10,S001,P016,11,2905.87
SALE-20260510-S001-P017,2026-05-10,S001,P017,15,7552.35
SALE-20260510-S001-P018,2026-05-10,S001,P018,21,7721.7
SALE-20260510-S001-P019,2026-05-10,S001,P019,14,11315.78
SALE-20260510-S001-P020,2026-05-10,S001,P020,10,6441.1
SALE-20260510-S001-P021,2026-05-10,S001,P021,5,987.35
SALE-20260510-S001-P022,2026-05-10,S001,P022,4,2914.16
SALE-20260510-S001-P023,2026-05-10,S001,P023,6,4798.2
SALE-20260510-S001-P024,2026-05-10,S001,P024,5,747.0
SALE-20260510-S001-P025,2026-05-10,S001,P025,2,1380.94
SALE-20260510-S001-P026,2026-05-10,S001,P026,10,8198.8
SALE-20260510-S001-P027,2026-05-10,S001,P027,18,10608.84
SALE-20260510-S001-P028,2026-05-10,S001,P028,5,278.35
SALE-20260510-S001-P029,2026-05-10,S001,P029,8,1881.04
SALE-20260510-S001-P030,2026-05-10,S001,P030,2,461.32
SALE-20260510-S001-P031,2026-05-10,S001,P031,12,3497.04
SALE-20260510-S001-P032,2026-05-10,S001,P032,7,4386.2
SALE-20260510-S001-P033,2026-05-10,S001,P033,4,2699.64
SALE-20260510-S001-P034,2026-05-10,S001,P034,13,2202.07
SALE-20260510-S001-P035,2026-05-10,S001,P035,10,1225.8
SALE-20260510-S001-P036,2026-05-10,S001,P036,3,562.17
SALE-20260510-S001-P037,2026-05-10,S001,P037,18,3372.3
SALE-20260510-S001-P038,2026-05-10,S001,P038,4,1547.32
SALE-20260510-S001-P039,2026-05-10,S001,P039,4,2536.4
SALE-20260510-S001-P040,2026-05-10,S001,P040,9,1449.45
SALE-20260510-S001-P041,2026-05-10,S001,P041,11,10828.29
SALE-20260510-S001-P042,2026-05-10,S001,P042,10,10684.9
SALE-20260510-S001-P043,2026-05-10,S001,P043,17,12487.52
SALE-20260510-S001-P044,2026-05-10,S001,P044,6,809.7
SALE-20260510-S001-P045,2026-05-10,S001,P045,22,9804.3
SALE-20260510-S001-P046,2026-05-10,S001,P046,6,3335.58
SALE-20260510-S001-P047,2026-05-10,S001,P047,7,6600.93
SALE-20260510-S001-P048,2026-05-10,S001,P048,4,1895.12
SALE-20260510-S001-P049,2026-05-10,S001,P049,16,10154.56
SALE-20260510-S001-P050,2026-05-10,S001,P050,4,1561.52
SALE-20260510-S002-P001,2026-05-10,S002,P001,11,8677.46
SALE-20260510-S002-P002,2026-05-10,S002,P002,7,4544.05
SALE-20260510-S002-P003,2026-05-10,S002,P003,6,6425.22
SALE-20260510-S002-P004,2026-05-10,S002,P004,0,0.0
SALE-20260510-S002-P005,2026-05-10,S002,P005,17,7495.3
SALE-20260510-S002-P006,2026-05-10,S002,P006,4,3351.96
SALE-20260510-S002-P007,2026-05-10,S002,P007,0,0.0
SALE-20260510-S002-P008,2026-05-10,S002,P008,21,18567.15
SALE-20260510-S002-P009,2026-05-10,S002,P009,10,7561.9
SALE-20260510-S002-P010,2026-05-10,S002,P010,18,17760.6
SALE-20260510-S002-P011,2026-05-10,S002,P011,3,656.7
SALE-20260510-S002-P012,2026-05-10,S002,P012,16,3021.28
SALE-20260510-S002-P013,2026-05-10,S002,P013,8,6919.04
SALE-20260510-S002-P014,2026-05-10,S002,P014,14,5514.74
SALE-20260510-S002-P015,2026-05-10,S002,P015,5,975.6
SALE-20260510-S002-P016,2026-05-10,S002,P016,10,2641.7
SALE-20260510-S002-P017,2026-05-10,S002,P017,11,5538.39
SALE-20260510-S002-P018,2026-05-10,S002,P018,16,5883.2
SALE-20260510-S002-P019,2026-05-10,S002,P019,20,16165.4
SALE-20260510-S002-P020,2026-05-10,S002,P020,13,8373.43
SALE-20260510-S002-P021,2026-05-10,S002,P021,7,1382.29
SALE-20260510-S002-P022,2026-05-10,S002,P022,5,3642.7
SALE-20260510-S002-P023,2026-05-10,S002,P023,8,6397.6
SALE-20260510-S002-P024,2026-05-10,S002,P024,9,1344.6
SALE-20260510-S002-P025,2026-05-10,S002,P025,1,690.47
SALE-20260510-S002-P026,2026-05-10,S002,P026,25,20497.0
SALE-20260510-S002-P027,2026-05-10,S002,P027,19,11198.22
SALE-20260510-S002-P028,2026-05-10,S002,P028,9,501.03
SALE-20260510-S002-P029,2026-05-10,S002,P029,7,1645.91
SALE-20260510-S002-P030,2026-05-10,S002,P030,3,691.98
SALE-20260510-S002-P031,2026-05-10,S002,P031,20,5828.4
SALE-20260510-S002-P032,2026-05-10,S002,P032,4,2506.4
SALE-20260510-S002-P033,2026-05-10,S002,P033,13,8773.83
SALE-20260510-S002-P034,2026-05-10,S002,P034,21,3557.19
SALE-20260510-S002-P035,2026-05-10,S002,P035,23,2819.34
SALE-20260510-S002-P036,2026-05-10,S002,P036,4,749.56
SALE-20260510-S002-P037,2026-05-10,S002,P037,14,2622.9
SALE-20260510-S002-P038,2026-05-10,S002,P038,10,3868.3
SALE-20260510-S002-P039,2026-05-10,S002,P039,4,2536.4
SALE-20260510-S002-P040,2026-05-10,S002,P040,13,2093.65
SALE-20260510-S002-P041,2026-05-10,S002,P041,7,6890.73
SALE-20260510-S002-P042,2026-05-10,S002,P042,13,13890.37
SALE-20260510-S002-P043,2026-05-10,S002,P043,18,13222.08
SALE-20260510-S002-P044,2026-05-10,S002,P044,8,1079.6
SALE-20260510-S002-P045,2026-05-10,S002,P045,14,6239.1
SALE-20260510-S002-P046,2026-05-10,S002,P046,9,5003.37
SALE-20260510-S002-P047,2026-05-10,S002,P047,10,9429.9
SALE-20260510-S002-P048,2026-05-10,S002,P048,6,2842.68
SALE-20260510-S002-P049,2026-05-10,S002,P049,20,12693.2
SALE-20260510-S002-P050,2026-05-10,S002,P050,3,1171.14
SALE-20260510-S003-P001,2026-05-10,S003,P001,8,6310.88
SALE-20260510-S003-P002,2026-05-10,S003,P002,8,5193.2
SALE-20260510-S003-P003,2026-05-10,S003,P003,2,2141.74
SALE-20260510-S003-P004,2026-05-10,S003,P004,7,1065.05
SALE-20260510-S003-P005,2026-05-10,S003,P005,8,3527.2
SALE-20260510-S003-P006,2026-05-10,S003,P006,2,1675.98
SALE-20260510-S003-P007,2026-05-10,S003,P007,18,4626.36
SALE-20260510-S003-P008,2026-05-10,S003,P008,7,6189.05
SALE-20260510-S003-P009,2026-05-10,S003,P009,2,1512.38
SALE-20260510-S003-P010,2026-05-10,S003,P010,13,12827.1
SALE-20260510-S003-P011,2026-05-10,S003,P011,1,218.9
SALE-20260510-S003-P012,2026-05-10,S003,P012,11,2077.13
SALE-20260510-S003-P013,2026-05-10,S003,P013,5,4324.4
SALE-20260510-S003-P014,2026-05-10,S003,P014,6,2363.46
SALE-20260510-S003-P015,2026-05-10,S003,P015,2,390.24
SALE-20260510-S003-P016,2026-05-10,S003,P016,10,2641.7
SALE-20260510-S003-P017,2026-05-10,S003,P017,4,2013.96
SALE-20260510-S003-P018,2026-05-10,S003,P018,16,5883.2
SALE-20260510-S003-P019,2026-05-10,S003,P019,4,3233.08
SALE-20260510-S003-P020,2026-05-10,S003,P020,10,6441.1
SALE-20260510-S003-P021,2026-05-10,S003,P021,6,1184.82
SALE-20260510-S003-P022,2026-05-10,S003,P022,5,3642.7
SALE-20260510-S003-P023,2026-05-10,S003,P023,7,5597.9
SALE-20260510-S003-P024,2026-05-10,S003,P024,1,149.4
SALE-20260510-S003-P025,2026-05-10,S003,P025,2,1380.94
SALE-20260510-S003-P026,2026-05-10,S003,P026,15,12298.2
SALE-20260510-S003-P027,2026-05-10,S003,P027,14,8251.32
SALE-20260510-S003-P028,2026-05-10,S003,P028,1,55.67
SALE-20260510-S003-P029,2026-05-10,S003,P029,11,2586.43
SALE-20260510-S003-P030,2026-05-10,S003,P030,2,461.32
SALE-20260510-S003-P031,2026-05-10,S003,P031,16,4662.72
SALE-20260510-S003-P032,2026-05-10,S003,P032,5,3133.0
SALE-20260510-S003-P033,2026-05-10,S003,P033,8,5399.28
SALE-20260510-S003-P034,2026-05-10,S003,P034,5,846.95
SALE-20260510-S003-P035,2026-05-10,S003,P035,13,1593.54
SALE-20260510-S003-P036,2026-05-10,S003,P036,6,1124.34
SALE-20260510-S003-P037,2026-05-10,S003,P037,15,2810.25
SALE-20260510-S003-P038,2026-05-10,S003,P038,5,1934.15
SALE-20260510-S003-P039,2026-05-10,S003,P039,1,634.1
SALE-20260510-S003-P040,2026-05-10,S003,P040,11,1771.55
SALE-20260510-S003-P041,2026-05-10,S003,P041,8,7875.12
SALE-20260510-S003-P042,2026-05-10,S003,P042,13,13890.37
SALE-20260510-S003-P043,2026-05-10,S003,P043,11,8080.16
SALE-20260510-S003-P044,2026-05-10,S003,P044,4,539.8
SALE-20260510-S003-P045,2026-05-10,S003,P045,10,4456.5
SALE-20260510-S003-P046,2026-05-10,S003,P046,4,2223.72
SALE-20260510-S003-P047,2026-05-10,S003,P047,8,7543.92
SALE-20260510-S003-P048,2026-05-10,S003,P048,7,3316.46
SALE-20260510-S003-P049,2026-05-10,S003,P049,17,10789.22
SALE-20260511-S001-P001,2026-05-11,S001,P001,8,6310.88
SALE-20260511-S001-P002,2026-05-11,S001,P002,5,3245.75
SALE-20260511-S001-P003,2026-05-11,S001,P003,3,3212.61
SALE-20260511-S001-P004,2026-05-11,S001,P004,6,912.9
SALE-20260511-S001-P005,2026-05-11,S001,P005,12,5290.8
SALE-20260511-S001-P006,2026-05-11,S001,P006,2,1675.98
SALE-20260511-S001-P007,2026-05-11,S001,P007,19,4883.38
SALE-20260511-S001-P008,2026-05-11,S001,P008,10,8841.5
SALE-20260511-S001-P009,2026-05-11,S001,P009,6,4537.14
SALE-20260511-S001-P010,2026-05-11,S001,P010,8,7893.6
SALE-20260511-S001-P011,2026-05-11,S001,P011,3,656.7
SALE-20260511-S001-P012,2026-05-11,S001,P012,18,3398.94
SALE-20260511-S001-P013,2026-05-11,S001,P013,9,7783.92
SALE-20260511-S001-P014,2026-05-11,S001,P014,8,3151.28
SALE-20260511-S001-P015,2026-05-11,S001,P015,1,195.12
SALE-20260511-S001-P016,2026-05-11,S001,P016,11,2905.87
SALE-20260511-S001-P017,2026-05-11,S001,P017,3,1510.47
SALE-20260511-S001-P018,2026-05-11,S001,P018,11,4044.7
SALE-20260511-S001-P019,2026-05-11,S001,P019,9,7274.43
SALE-20260511-S001-P020,2026-05-11,S001,P020,11,7085.21
SALE-20260511-S001-P021,2026-05-11,S001,P021,2,394.94
SALE-20260511-S001-P022,2026-05-11,S001,P022,9,6556.86
SALE-20260511-S001-P023,2026-05-11,S001,P023,13,10396.1
SALE-20260511-S001-P024,2026-05-11,S001,P024,9,1344.6
SALE-20260511-S001-P025,2026-05-11,S001,P025,4,2761.88
SALE-20260511-S001-P026,2026-05-11,S001,P026,19,15577.72
SALE-20260511-S001-P027,2026-05-11,S001,P027,19,11198.22
SALE-20260511-S001-P028,2026-05-11,S001,P028,8,445.36
SALE-20260511-S001-P029,2026-05-11,S001,P029,9,2116.17
SALE-20260511-S001-P030,2026-05-11,S001,P030,4,922.64
SALE-20260511-S001-P031,2026-05-11,S001,P031,11,3205.62
SALE-20260511-S001-P032,2026-05-11,S001,P032,9,5639.4
SALE-20260511-S001-P033,2026-05-11,S001,P033,14,9448.74
SALE-20260511-S001-P034,2026-05-11,S001,P034,14,2371.46
SALE-20260511-S001-P035,2026-05-11,S001,P035,12,1470.96
SALE-20260511-S001-P036,2026-05-11,S001,P036,4,749.56
SALE-20260511-S001-P037,2026-05-11,S001,P037,14,2622.9
SALE-20260511-S001-P038,2026-05-11,S001,P038,8,3094.64
SALE-20260511-S001-P039,2026-05-11,S001,P039,3,1902.3
SALE-20260511-S001-P040,2026-05-11,S001,P040,7,1127.35
SALE-20260511-S001-P041,2026-05-11,S001,P041,7,6890.73
SALE-20260511-S001-P042,2026-05-11,S001,P042,20,21369.8
SALE-20260511-S001-P043,2026-05-11,S001,P043,11,8080.16
SALE-20260511-S001-P044,2026-05-11,S001,P044,6,809.7
SALE-20260511-S001-P045,2026-05-11,S001,P045,14,6239.1
SALE-20260511-S001-P046,2026-05-11,S001,P046,3,1667.79
SALE-20260511-S001-P047,2026-05-11,S001,P047,13,12258.87
SALE-20260511-S001-P048,2026-05-11,S001,P048,6,2842.68
SALE-20260511-S001-P049,2026-05-11,S001,P049,14,8885.24
SALE-20260511-S001-P050,2026-05-11,S001,P050,3,1171.14
SALE-20260511-S002-P001,2026-05-11,S002,P001,6,4733.16
SALE-20260511-S002-P002,2026-05-11,S002,P002,9,5842.35
SALE-20260511-S002-P003,2026-05-11,S002,P003,9,9637.83
SALE-20260511-S002-P004,2026-05-11,S002,P004,0,0.0
SALE-20260511-S002-P005,2026-05-11,S002,P005,7,3086.3
SALE-20260511-S002-P006,2026-05-11,S002,P006,4,3351.96
SALE-20260511-S002-P007,2026-05-11,S002,P007,0,0.0
SALE-20260511-S002-P008,2026-05-11,S002,P008,17,15030.55
SALE-20260511-S002-P009,2026-05-11,S002,P009,3,2268.57
SALE-20260511-S002-P010,2026-05-11,S002,P010,13,12827.1
SALE-20260511-S002-P011,2026-05-11,S002,P011,3,656.7
SALE-20260511-S002-P012,2026-05-11,S002,P012,22,4154.26
SALE-20260511-S002-P013,2026-05-11,S002,P013,13,11243.44
SALE-20260511-S002-P014,2026-05-11,S002,P014,15,5908.65
SALE-20260511-S002-P015,2026-05-11,S002,P015,5,975.6
SALE-20260511-S002-P016,2026-05-11,S002,P016,10,2641.7
SALE-20260511-S002-P017,2026-05-11,S002,P017,8,4027.92
SALE-20260511-S002-P018,2026-05-11,S002,P018,20,7354.0
SALE-20260511-S002-P019,2026-05-11,S002,P019,11,8890.97
SALE-20260511-S002-P020,2026-05-11,S002,P020,10,6441.1
SALE-20260511-S002-P021,2026-05-11,S002,P021,10,1974.7
SALE-20260511-S002-P022,2026-05-11,S002,P022,6,4371.24
SALE-20260511-S002-P023,2026-05-11,S002,P023,11,8796.7
SALE-20260511-S002-P024,2026-05-11,S002,P024,6,896.4
SALE-20260511-S002-P025,2026-05-11,S002,P025,1,690.47
SALE-20260511-S002-P026,2026-05-11,S002,P026,17,13937.96
SALE-20260511-S002-P027,2026-05-11,S002,P027,18,10608.84
SALE-20260511-S002-P028,2026-05-11,S002,P028,2,111.34
SALE-20260511-S002-P029,2026-05-11,S002,P029,7,1645.91
SALE-20260511-S002-P030,2026-05-11,S002,P030,6,1383.96
SALE-20260511-S002-P031,2026-05-11,S002,P031,15,4371.3
SALE-20260511-S002-P032,2026-05-11,S002,P032,7,4386.2
SALE-20260511-S002-P033,2026-05-11,S002,P033,20,13498.2
SALE-20260511-S002-P034,2026-05-11,S002,P034,17,2879.63
SALE-20260511-S002-P035,2026-05-11,S002,P035,16,1961.28
SALE-20260511-S002-P036,2026-05-11,S002,P036,2,374.78
SALE-20260511-S002-P037,2026-05-11,S002,P037,23,4309.05
SALE-20260511-S002-P038,2026-05-11,S002,P038,3,1160.49
SALE-20260511-S002-P039,2026-05-11,S002,P039,1,634.1
SALE-20260511-S002-P040,2026-05-11,S002,P040,13,2093.65
SALE-20260511-S002-P041,2026-05-11,S002,P041,10,9843.9
SALE-20260511-S002-P042,2026-05-11,S002,P042,13,13890.37
SALE-20260511-S002-P043,2026-05-11,S002,P043,21,15425.76
SALE-20260511-S002-P044,2026-05-11,S002,P044,8,1079.6
SALE-20260511-S002-P045,2026-05-11,S002,P045,26,11586.9
SALE-20260511-S002-P046,2026-05-11,S002,P046,2,1111.86
SALE-20260511-S002-P047,2026-05-11,S002,P047,6,5657.94
SALE-20260511-S002-P048,2026-05-11,S002,P048,5,2368.9
SALE-20260511-S002-P049,2026-05-11,S002,P049,18,11423.88
SALE-20260511-S002-P050,2026-05-11,S002,P050,9,3513.42
SALE-20260511-S003-P001,2026-05-11,S003,P001,4,3155.44
SALE-20260511-S003-P002,2026-05-11,S003,P002,7,4544.05
SALE-20260511-S003-P003,2026-05-11,S003,P003,4,4283.48
SALE-20260511-S003-P004,2026-05-11,S003,P004,4,608.6
SALE-20260511-S003-P005,2026-05-11,S003,P005,9,3968.1
SALE-20260511-S003-P006,2026-05-11,S003,P006,3,2513.97
SALE-20260511-S003-P007,2026-05-11,S003,P007,9,2313.18
SALE-20260511-S003-P008,2026-05-11,S003,P008,10,8841.5
SALE-20260511-S003-P009,2026-05-11,S003,P009,5,3780.95
SALE-20260511-S003-P010,2026-05-11,S003,P010,13,12827.1
SALE-20260511-S003-P011,2026-05-11,S003,P011,3,656.7
SALE-20260511-S003-P012,2026-05-11,S003,P012,14,2643.62
SALE-20260511-S003-P013,2026-05-11,S003,P013,7,6054.16
SALE-20260511-S003-P014,2026-05-11,S003,P014,10,3939.1
SALE-20260511-S003-P015,2026-05-11,S003,P015,2,390.24
SALE-20260511-S003-P016,2026-05-11,S003,P016,10,2641.7
SALE-20260511-S003-P017,2026-05-11,S003,P017,13,6545.37
SALE-20260511-S003-P018,2026-05-11,S003,P018,7,2573.9
SALE-20260511-S003-P019,2026-05-11,S003,P019,10,8082.7
SALE-20260511-S003-P020,2026-05-11,S003,P020,9,5796.99
SALE-20260511-S003-P021,2026-05-11,S003,P021,3,592.41
SALE-20260511-S003-P022,2026-05-11,S003,P022,4,2914.16
SALE-20260511-S003-P023,2026-05-11,S003,P023,9,7197.3
SALE-20260511-S003-P024,2026-05-11,S003,P024,5,747.0
SALE-20260511-S003-P025,2026-05-11,S003,P025,5,3452.35
SALE-20260511-S003-P026,2026-05-11,S003,P026,10,8198.8
SALE-20260511-S003-P027,2026-05-11,S003,P027,8,4715.04
SALE-20260511-S003-P028,2026-05-11,S003,P028,1,55.67
SALE-20260511-S003-P029,2026-05-11,S003,P029,9,2116.17
SALE-20260511-S003-P030,2026-05-11,S003,P030,1,230.66
SALE-20260511-S003-P031,2026-05-11,S003,P031,8,2331.36
SALE-20260511-S003-P032,2026-05-11,S003,P032,5,3133.0
SALE-20260511-S003-P033,2026-05-11,S003,P033,6,4049.46
SALE-20260511-S003-P034,2026-05-11,S003,P034,11,1863.29
SALE-20260511-S003-P035,2026-05-11,S003,P035,12,1470.96
SALE-20260511-S003-P036,2026-05-11,S003,P036,1,187.39
SALE-20260511-S003-P037,2026-05-11,S003,P037,18,3372.3
SALE-20260511-S003-P038,2026-05-11,S003,P038,2,773.66
SALE-20260511-S003-P039,2026-05-11,S003,P039,0,0.0
SALE-20260511-S003-P040,2026-05-11,S003,P040,6,966.3
SALE-20260511-S003-P041,2026-05-11,S003,P041,3,2953.17
SALE-20260511-S003-P042,2026-05-11,S003,P042,10,10684.9
SALE-20260511-S003-P043,2026-05-11,S003,P043,13,9549.28
SALE-20260511-S003-P044,2026-05-11,S003,P044,6,809.7
SALE-20260511-S003-P045,2026-05-11,S003,P045,13,5793.45
SALE-20260511-S003-P046,2026-05-11,S003,P046,3,1667.79
SALE-20260511-S003-P047,2026-05-11,S003,P047,8,7543.92
SALE-20260511-S003-P048,2026-05-11,S003,P048,7,3316.46
SALE-20260511-S003-P049,2026-05-11,S003,P049,16,10154.56
SALE-20260512-S001-P001,2026-05-12,S001,P001,5,3944.3
SALE-20260512-S001-P002,2026-05-12,S001,P002,6,3894.9
SALE-20260512-S001-P003,2026-05-12,S001,P003,8,8566.96
SALE-20260512-S001-P004,2026-05-12,S001,P004,2,304.3
SALE-20260512-S001-P005,2026-05-12,S001,P005,6,2645.4
SALE-20260512-S001-P006,2026-05-12,S001,P006,5,4189.95
SALE-20260512-S001-P007,2026-05-12,S001,P007,14,3598.28
SALE-20260512-S001-P008,2026-05-12,S001,P008,6,5304.9
SALE-20260512-S001-P009,2026-05-12,S001,P009,1,756.19
SALE-20260512-S001-P010,2026-05-12,S001,P010,9,8880.3
SALE-20260512-S001-P011,2026-05-12,S001,P011,0,0.0
SALE-20260512-S001-P012,2026-05-12,S001,P012,12,2265.96
SALE-20260512-S001-P013,2026-05-12,S001,P013,11,9513.68
SALE-20260512-S001-P014,2026-05-12,S001,P014,9,3545.19
SALE-20260512-S001-P015,2026-05-12,S001,P015,3,585.36
SALE-20260512-S001-P016,2026-05-12,S001,P016,9,2377.53
SALE-20260512-S001-P017,2026-05-12,S001,P017,3,1510.47
SALE-20260512-S001-P018,2026-05-12,S001,P018,12,4412.4
SALE-20260512-S001-P019,2026-05-12,S001,P019,12,9699.24
SALE-20260512-S001-P020,2026-05-12,S001,P020,5,3220.55
SALE-20260512-S001-P021,2026-05-12,S001,P021,2,394.94
SALE-20260512-S001-P022,2026-05-12,S001,P022,11,8013.94
SALE-20260512-S001-P023,2026-05-12,S001,P023,7,5597.9
SALE-20260512-S001-P024,2026-05-12,S001,P024,9,1344.6
SALE-20260512-S001-P025,2026-05-12,S001,P025,1,690.47
SALE-20260512-S001-P026,2026-05-12,S001,P026,7,5739.16
SALE-20260512-S001-P027,2026-05-12,S001,P027,9,5304.42
SALE-20260512-S001-P028,2026-05-12,S001,P028,1,55.67
SALE-20260512-S001-P029,2026-05-12,S001,P029,9,2116.17
SALE-20260512-S001-P030,2026-05-12,S001,P030,1,230.66
SALE-20260512-S001-P031,2026-05-12,S001,P031,14,4079.88
SALE-20260512-S001-P032,2026-05-12,S001,P032,5,3133.0
SALE-20260512-S001-P033,2026-05-12,S001,P033,8,5399.28
SALE-20260512-S001-P034,2026-05-12,S001,P034,12,2032.68
SALE-20260512-S001-P035,2026-05-12,S001,P035,8,980.64
SALE-20260512-S001-P036,2026-05-12,S001,P036,5,936.95
SALE-20260512-S001-P037,2026-05-12,S001,P037,14,2622.9
SALE-20260512-S001-P038,2026-05-12,S001,P038,5,1934.15
SALE-20260512-S001-P039,2026-05-12,S001,P039,3,1902.3
SALE-20260512-S001-P040,2026-05-12,S001,P040,12,1932.6
SALE-20260512-S001-P041,2026-05-12,S001,P041,14,13781.46
SALE-20260512-S001-P042,2026-05-12,S001,P042,14,14958.86
SALE-20260512-S001-P043,2026-05-12,S001,P043,15,11018.4
SALE-20260512-S001-P044,2026-05-12,S001,P044,3,404.85
SALE-20260512-S001-P045,2026-05-12,S001,P045,16,7130.4
SALE-20260512-S001-P046,2026-05-12,S001,P046,12,6671.16
SALE-20260512-S001-P047,2026-05-12,S001,P047,8,7543.92
SALE-20260512-S001-P048,2026-05-12,S001,P048,3,1421.34
SALE-20260512-S001-P049,2026-05-12,S001,P049,10,6346.6
SALE-20260512-S001-P050,2026-05-12,S001,P050,3,1171.14
SALE-20260512-S002-P001,2026-05-12,S002,P001,13,10255.18
SALE-20260512-S002-P002,2026-05-12,S002,P002,12,7789.8
SALE-20260512-S002-P003,2026-05-12,S002,P003,5,5354.35
SALE-20260512-S002-P004,2026-05-12,S002,P004,0,0.0
SALE-20260512-S002-P005,2026-05-12,S002,P005,11,4849.9
SALE-20260512-S002-P006,2026-05-12,S002,P006,4,3351.96
SALE-20260512-S002-P007,2026-05-12,S002,P007,0,0.0
SALE-20260512-S002-P008,2026-05-12,S002,P008,10,8841.5
SALE-20260512-S002-P009,2026-05-12,S002,P009,9,6805.71
SALE-20260512-S002-P010,2026-05-12,S002,P010,19,18747.3
SALE-20260512-S002-P011,2026-05-12,S002,P011,1,218.9
SALE-20260512-S002-P012,2026-05-12,S002,P012,17,3210.11
SALE-20260512-S002-P013,2026-05-12,S002,P013,4,3459.52
SALE-20260512-S002-P014,2026-05-12,S002,P014,11,4333.01
SALE-20260512-S002-P015,2026-05-12,S002,P015,5,975.6
SALE-20260512-S002-P016,2026-05-12,S002,P016,13,3434.21
SALE-20260512-S002-P017,2026-05-12,S002,P017,10,5034.9
SALE-20260512-S002-P018,2026-05-12,S002,P018,21,7721.7
SALE-20260512-S002-P019,2026-05-12,S002,P019,9,7274.43
SALE-20260512-S002-P020,2026-05-12,S002,P020,7,4508.77
SALE-20260512-S002-P021,2026-05-12,S002,P021,4,789.88
SALE-20260512-S002-P022,2026-05-12,S002,P022,7,5099.78
SALE-20260512-S002-P023,2026-05-12,S002,P023,11,8796.7
SALE-20260512-S002-P024,2026-05-12,S002,P024,8,1195.2
SALE-20260512-S002-P025,2026-05-12,S002,P025,2,1380.94
SALE-20260512-S002-P026,2026-05-12,S002,P026,15,12298.2
SALE-20260512-S002-P027,2026-05-12,S002,P027,10,5893.8
SALE-20260512-S002-P028,2026-05-12,S002,P028,3,167.01
SALE-20260512-S002-P029,2026-05-12,S002,P029,12,2821.56
SALE-20260512-S002-P030,2026-05-12,S002,P030,4,922.64
SALE-20260512-S002-P031,2026-05-12,S002,P031,17,4954.14
SALE-20260512-S002-P032,2026-05-12,S002,P032,4,2506.4
SALE-20260512-S002-P033,2026-05-12,S002,P033,14,9448.74
SALE-20260512-S002-P034,2026-05-12,S002,P034,17,2879.63
SALE-20260512-S002-P035,2026-05-12,S002,P035,14,1716.12
SALE-20260512-S002-P036,2026-05-12,S002,P036,6,1124.34
SALE-20260512-S002-P037,2026-05-12,S002,P037,19,3559.65
SALE-20260512-S002-P038,2026-05-12,S002,P038,9,3481.47
SALE-20260512-S002-P039,2026-05-12,S002,P039,1,634.1
SALE-20260512-S002-P040,2026-05-12,S002,P040,15,2415.75
SALE-20260512-S002-P041,2026-05-12,S002,P041,6,5906.34
SALE-20260512-S002-P042,2026-05-12,S002,P042,15,16027.35
SALE-20260512-S002-P043,2026-05-12,S002,P043,18,13222.08
SALE-20260512-S002-P044,2026-05-12,S002,P044,7,944.65
SALE-20260512-S002-P045,2026-05-12,S002,P045,14,6239.1
SALE-20260512-S002-P046,2026-05-12,S002,P046,12,6671.16
SALE-20260512-S002-P047,2026-05-12,S002,P047,5,4714.95
SALE-20260512-S002-P048,2026-05-12,S002,P048,8,3790.24
SALE-20260512-S002-P049,2026-05-12,S002,P049,14,8885.24
SALE-20260512-S002-P050,2026-05-12,S002,P050,5,1951.9
SALE-20260512-S003-P001,2026-05-12,S003,P001,2,1577.72
SALE-20260512-S003-P002,2026-05-12,S003,P002,2,1298.3
SALE-20260512-S003-P003,2026-05-12,S003,P003,3,3212.61
SALE-20260512-S003-P004,2026-05-12,S003,P004,2,304.3
SALE-20260512-S003-P005,2026-05-12,S003,P005,6,2645.4
SALE-20260512-S003-P006,2026-05-12,S003,P006,4,3351.96
SALE-20260512-S003-P007,2026-05-12,S003,P007,14,3598.28
SALE-20260512-S003-P008,2026-05-12,S003,P008,9,7957.35
SALE-20260512-S003-P009,2026-05-12,S003,P009,3,2268.57
SALE-20260512-S003-P010,2026-05-12,S003,P010,11,10853.7
SALE-20260512-S003-P011,2026-05-12,S003,P011,1,218.9
SALE-20260512-S003-P012,2026-05-12,S003,P012,13,2454.79
SALE-20260512-S003-P013,2026-05-12,S003,P013,5,4324.4
SALE-20260512-S003-P014,2026-05-12,S003,P014,10,3939.1
SALE-20260512-S003-P015,2026-05-12,S003,P015,0,0.0
SALE-20260512-S003-P016,2026-05-12,S003,P016,2,528.34
SALE-20260512-S003-P017,2026-05-12,S003,P017,8,4027.92
SALE-20260512-S003-P018,2026-05-12,S003,P018,18,6618.6
SALE-20260512-S003-P019,2026-05-12,S003,P019,8,6466.16
SALE-20260512-S003-P020,2026-05-12,S003,P020,7,4508.77
SALE-20260512-S003-P021,2026-05-12,S003,P021,7,1382.29
SALE-20260512-S003-P022,2026-05-12,S003,P022,5,3642.7
SALE-20260512-S003-P023,2026-05-12,S003,P023,9,7197.3
SALE-20260512-S003-P024,2026-05-12,S003,P024,4,597.6
SALE-20260512-S003-P025,2026-05-12,S003,P025,1,690.47
SALE-20260512-S003-P026,2026-05-12,S003,P026,10,8198.8
SALE-20260512-S003-P027,2026-05-12,S003,P027,5,2946.9
SALE-20260512-S003-P028,2026-05-12,S003,P028,2,111.34
SALE-20260512-S003-P029,2026-05-12,S003,P029,9,2116.17
SALE-20260512-S003-P030,2026-05-12,S003,P030,3,691.98
SALE-20260512-S003-P031,2026-05-12,S003,P031,6,1748.52
SALE-20260512-S003-P032,2026-05-12,S003,P032,3,1879.8
SALE-20260512-S003-P033,2026-05-12,S003,P033,5,3374.55
SALE-20260512-S003-P034,2026-05-12,S003,P034,5,846.95
SALE-20260512-S003-P035,2026-05-12,S003,P035,10,1225.8
SALE-20260512-S003-P036,2026-05-12,S003,P036,1,187.39
SALE-20260512-S003-P037,2026-05-12,S003,P037,11,2060.85
SALE-20260512-S003-P038,2026-05-12,S003,P038,4,1547.32
SALE-20260512-S003-P039,2026-05-12,S003,P039,1,634.1
SALE-20260512-S003-P040,2026-05-12,S003,P040,5,805.25
SALE-20260512-S003-P041,2026-05-12,S003,P041,4,3937.56
SALE-20260512-S003-P042,2026-05-12,S003,P042,10,10684.9
SALE-20260512-S003-P043,2026-05-12,S003,P043,12,8814.72
SALE-20260512-S003-P044,2026-05-12,S003,P044,7,944.65
SALE-20260512-S003-P045,2026-05-12,S003,P045,17,7576.05
SALE-20260512-S003-P046,2026-05-12,S003,P046,4,2223.72
SALE-20260512-S003-P047,2026-05-12,S003,P047,9,8486.91
SALE-20260512-S003-P048,2026-05-12,S003,P048,3,1421.34
SALE-20260512-S003-P049,2026-05-12,S003,P049,12,7615.92
SALE-20260513-S001-P001,2026-05-13,S001,P001,10,7888.6
SALE-20260513-S001-P002,2026-05-13,S001,P002,7,4544.05
SALE-20260513-S001-P003,2026-05-13,S001,P003,1,1070.87
SALE-20260513-S001-P004,2026-05-13,S001,P004,3,456.45
SALE-20260513-S001-P005,2026-05-13,S001,P005,9,3968.1
SALE-20260513-S001-P006,2026-05-13,S001,P006,1,837.99
SALE-20260513-S001-P007,2026-05-13,S001,P007,9,2313.18
SALE-20260513-S001-P008,2026-05-13,S001,P008,11,9725.65
SALE-20260513-S001-P009,2026-05-13,S001,P009,11,8318.09
SALE-20260513-S001-P010,2026-05-13,S001,P010,16,15787.2
SALE-20260513-S001-P011,2026-05-13,S001,P011,4,875.6
SALE-20260513-S001-P012,2026-05-13,S001,P012,14,2643.62
SALE-20260513-S001-P013,2026-05-13,S001,P013,5,4324.4
SALE-20260513-S001-P014,2026-05-13,S001,P014,10,3939.1
SALE-20260513-S001-P015,2026-05-13,S001,P015,3,585.36
SALE-20260513-S001-P016,2026-05-13,S001,P016,2,528.34
SALE-20260513-S001-P017,2026-05-13,S001,P017,8,4027.92
SALE-20260513-S001-P018,2026-05-13,S001,P018,12,4412.4
SALE-20260513-S001-P019,2026-05-13,S001,P019,17,13740.59
SALE-20260513-S001-P020,2026-05-13,S001,P020,3,1932.33
SALE-20260513-S001-P021,2026-05-13,S001,P021,5,987.35
SALE-20260513-S001-P022,2026-05-13,S001,P022,3,2185.62
SALE-20260513-S001-P023,2026-05-13,S001,P023,6,4798.2
SALE-20260513-S001-P024,2026-05-13,S001,P024,6,896.4
SALE-20260513-S001-P025,2026-05-13,S001,P025,0,0.0
SALE-20260513-S001-P026,2026-05-13,S001,P026,14,11478.32
SALE-20260513-S001-P027,2026-05-13,S001,P027,9,5304.42
SALE-20260513-S001-P028,2026-05-13,S001,P028,2,111.34
SALE-20260513-S001-P029,2026-05-13,S001,P029,8,1881.04
SALE-20260513-S001-P030,2026-05-13,S001,P030,1,230.66
SALE-20260513-S001-P031,2026-05-13,S001,P031,12,3497.04
SALE-20260513-S001-P032,2026-05-13,S001,P032,4,2506.4
SALE-20260513-S001-P033,2026-05-13,S001,P033,8,5399.28
SALE-20260513-S001-P034,2026-05-13,S001,P034,11,1863.29
SALE-20260513-S001-P035,2026-05-13,S001,P035,14,1716.12
SALE-20260513-S001-P036,2026-05-13,S001,P036,5,936.95
SALE-20260513-S001-P037,2026-05-13,S001,P037,17,3184.95
SALE-20260513-S001-P038,2026-05-13,S001,P038,1,386.83
SALE-20260513-S001-P039,2026-05-13,S001,P039,2,1268.2
SALE-20260513-S001-P040,2026-05-13,S001,P040,7,1127.35
SALE-20260513-S001-P041,2026-05-13,S001,P041,6,5906.34
SALE-20260513-S001-P042,2026-05-13,S001,P042,14,14958.86
SALE-20260513-S001-P043,2026-05-13,S001,P043,10,7345.6
SALE-20260513-S001-P044,2026-05-13,S001,P044,7,944.65
SALE-20260513-S001-P045,2026-05-13,S001,P045,17,7576.05
SALE-20260513-S001-P046,2026-05-13,S001,P046,8,4447.44
SALE-20260513-S001-P047,2026-05-13,S001,P047,6,5657.94
SALE-20260513-S001-P048,2026-05-13,S001,P048,4,1895.12
SALE-20260513-S001-P049,2026-05-13,S001,P049,13,8250.58
SALE-20260513-S001-P050,2026-05-13,S001,P050,1,390.38
SALE-20260513-S002-P001,2026-05-13,S002,P001,11,8677.46
SALE-20260513-S002-P002,2026-05-13,S002,P002,11,7140.65
SALE-20260513-S002-P003,2026-05-13,S002,P003,3,3212.61
SALE-20260513-S002-P004,2026-05-13,S002,P004,0,0.0
SALE-20260513-S002-P005,2026-05-13,S002,P005,6,2645.4
SALE-20260513-S002-P006,2026-05-13,S002,P006,3,2513.97
SALE-20260513-S002-P007,2026-05-13,S002,P007,0,0.0
SALE-20260513-S002-P008,2026-05-13,S002,P008,8,7073.2
SALE-20260513-S002-P009,2026-05-13,S002,P009,9,6805.71
SALE-20260513-S002-P010,2026-05-13,S002,P010,12,11840.4
SALE-20260513-S002-P011,2026-05-13,S002,P011,1,218.9
SALE-20260513-S002-P012,2026-05-13,S002,P012,19,3587.77
SALE-20260513-S002-P013,2026-05-13,S002,P013,10,8648.8
SALE-20260513-S002-P014,2026-05-13,S002,P014,12,4726.92
SALE-20260513-S002-P015,2026-05-13,S002,P015,2,390.24
SALE-20260513-S002-P016,2026-05-13,S002,P016,3,792.51
SALE-20260513-S002-P017,2026-05-13,S002,P017,8,4027.92
SALE-20260513-S002-P018,2026-05-13,S002,P018,12,4412.4
SALE-20260513-S002-P019,2026-05-13,S002,P019,14,11315.78
SALE-20260513-S002-P020,2026-05-13,S002,P020,7,4508.77
SALE-20260513-S002-P021,2026-05-13,S002,P021,7,1382.29
SALE-20260513-S002-P022,2026-05-13,S002,P022,8,5828.32
SALE-20260513-S002-P023,2026-05-13,S002,P023,10,7997.0
SALE-20260513-S002-P024,2026-05-13,S002,P024,7,1045.8
SALE-20260513-S002-P025,2026-05-13,S002,P025,5,3452.35
SALE-20260513-S002-P026,2026-05-13,S002,P026,19,15577.72
SALE-20260513-S002-P027,2026-05-13,S002,P027,18,10608.84
SALE-20260513-S002-P028,2026-05-13,S002,P028,5,278.35
SALE-20260513-S002-P029,2026-05-13,S002,P029,9,2116.17
SALE-20260513-S002-P030,2026-05-13,S002,P030,2,461.32
SALE-20260513-S002-P031,2026-05-13,S002,P031,8,2331.36
SALE-20260513-S002-P032,2026-05-13,S002,P032,5,3133.0
SALE-20260513-S002-P033,2026-05-13,S002,P033,9,6074.19
SALE-20260513-S002-P034,2026-05-13,S002,P034,10,1693.9
SALE-20260513-S002-P035,2026-05-13,S002,P035,10,1225.8
SALE-20260513-S002-P036,2026-05-13,S002,P036,7,1311.73
SALE-20260513-S002-P037,2026-05-13,S002,P037,16,2997.6
SALE-20260513-S002-P038,2026-05-13,S002,P038,4,1547.32
SALE-20260513-S002-P039,2026-05-13,S002,P039,2,1268.2
SALE-20260513-S002-P040,2026-05-13,S002,P040,6,966.3
SALE-20260513-S002-P041,2026-05-13,S002,P041,6,5906.34
SALE-20260513-S002-P042,2026-05-13,S002,P042,16,17095.84
SALE-20260513-S002-P043,2026-05-13,S002,P043,16,11752.96
SALE-20260513-S002-P044,2026-05-13,S002,P044,8,1079.6
SALE-20260513-S002-P045,2026-05-13,S002,P045,16,7130.4
SALE-20260513-S002-P046,2026-05-13,S002,P046,6,3335.58
SALE-20260513-S002-P047,2026-05-13,S002,P047,13,12258.87
SALE-20260513-S002-P048,2026-05-13,S002,P048,6,2842.68
SALE-20260513-S002-P049,2026-05-13,S002,P049,13,8250.58
SALE-20260513-S002-P050,2026-05-13,S002,P050,7,2732.66
SALE-20260513-S003-P001,2026-05-13,S003,P001,7,5522.02
SALE-20260513-S003-P002,2026-05-13,S003,P002,4,2596.6
SALE-20260513-S003-P003,2026-05-13,S003,P003,3,3212.61
SALE-20260513-S003-P004,2026-05-13,S003,P004,3,456.45
SALE-20260513-S003-P005,2026-05-13,S003,P005,6,2645.4
SALE-20260513-S003-P006,2026-05-13,S003,P006,2,1675.98
SALE-20260513-S003-P007,2026-05-13,S003,P007,7,1799.14
SALE-20260513-S003-P008,2026-05-13,S003,P008,1,884.15
SALE-20260513-S003-P009,2026-05-13,S003,P009,4,3024.76
SALE-20260513-S003-P010,2026-05-13,S003,P010,6,5920.2
SALE-20260513-S003-P011,2026-05-13,S003,P011,2,437.8
SALE-20260513-S003-P012,2026-05-13,S003,P012,12,2265.96
SALE-20260513-S003-P013,2026-05-13,S003,P013,7,6054.16
SALE-20260513-S003-P014,2026-05-13,S003,P014,5,1969.55
SALE-20260513-S003-P015,2026-05-13,S003,P015,1,195.12
SALE-20260513-S003-P016,2026-05-13,S003,P016,2,528.34
SALE-20260513-S003-P017,2026-05-13,S003,P017,7,3524.43
SALE-20260513-S003-P018,2026-05-13,S003,P018,10,3677.0
SALE-20260513-S003-P019,2026-05-13,S003,P019,12,9699.24
SALE-20260513-S003-P020,2026-05-13,S003,P020,4,2576.44
SALE-20260513-S003-P021,2026-05-13,S003,P021,3,592.41
SALE-20260513-S003-P022,2026-05-13,S003,P022,5,3642.7
SALE-20260513-S003-P023,2026-05-13,S003,P023,7,5597.9
SALE-20260513-S003-P024,2026-05-13,S003,P024,7,1045.8
SALE-20260513-S003-P025,2026-05-13,S003,P025,0,0.0
SALE-20260513-S003-P026,2026-05-13,S003,P026,8,6559.04
SALE-20260513-S003-P027,2026-05-13,S003,P027,8,4715.04
SALE-20260513-S003-P028,2026-05-13,S003,P028,0,0.0
SALE-20260513-S003-P029,2026-05-13,S003,P029,6,1410.78
SALE-20260513-S003-P030,2026-05-13,S003,P030,3,691.98
SALE-20260513-S003-P031,2026-05-13,S003,P031,10,2914.2
SALE-20260513-S003-P032,2026-05-13,S003,P032,4,2506.4
SALE-20260513-S003-P033,2026-05-13,S003,P033,2,1349.82
SALE-20260513-S003-P034,2026-05-13,S003,P034,12,2032.68
SALE-20260513-S003-P035,2026-05-13,S003,P035,6,735.48
SALE-20260513-S003-P036,2026-05-13,S003,P036,1,187.39
SALE-20260513-S003-P037,2026-05-13,S003,P037,10,1873.5
SALE-20260513-S003-P038,2026-05-13,S003,P038,1,386.83
SALE-20260513-S003-P039,2026-05-13,S003,P039,3,1902.3
SALE-20260513-S003-P040,2026-05-13,S003,P040,7,1127.35
SALE-20260513-S003-P041,2026-05-13,S003,P041,5,4921.95
SALE-20260513-S003-P042,2026-05-13,S003,P042,14,14958.86
SALE-20260513-S003-P043,2026-05-13,S003,P043,4,2938.24
SALE-20260513-S003-P044,2026-05-13,S003,P044,4,539.8
SALE-20260513-S003-P045,2026-05-13,S003,P045,12,5347.8
SALE-20260513-S003-P046,2026-05-13,S003,P046,4,2223.72
SALE-20260513-S003-P047,2026-05-13,S003,P047,4,3771.96
SALE-20260513-S003-P048,2026-05-13,S003,P048,5,2368.9
SALE-20260513-S003-P049,2026-05-13,S003,P049,6,3807.96
SALE-20260514-S001-P001,2026-05-14,S001,P001,9,7099.74
SALE-20260514-S001-P002,2026-05-14,S001,P002,6,3894.9
SALE-20260514-S001-P003,2026-05-14,S001,P003,4,4283.48
SALE-20260514-S001-P004,2026-05-14,S001,P004,2,304.3
SALE-20260514-S001-P005,2026-05-14,S001,P005,10,4409.0
SALE-20260514-S001-P006,2026-05-14,S001,P006,5,4189.95
SALE-20260514-S001-P007,2026-05-14,S001,P007,10,2570.2
SALE-20260514-S001-P008,2026-05-14,S001,P008,12,10609.8
SALE-20260514-S001-P009,2026-05-14,S001,P009,6,4537.14
SALE-20260514-S001-P010,2026-05-14,S001,P010,10,9867.0
SALE-20260514-S001-P011,2026-05-14,S001,P011,4,875.6
SALE-20260514-S001-P012,2026-05-14,S001,P012,17,3210.11
SALE-20260514-S001-P013,2026-05-14,S001,P013,8,6919.04
SALE-20260514-S001-P014,2026-05-14,S001,P014,10,3939.1
SALE-20260514-S001-P015,2026-05-14,S001,P015,1,195.12
SALE-20260514-S001-P016,2026-05-14,S001,P016,3,792.51
SALE-20260514-S001-P017,2026-05-14,S001,P017,5,2517.45
SALE-20260514-S001-P018,2026-05-14,S001,P018,11,4044.7
SALE-20260514-S001-P019,2026-05-14,S001,P019,10,8082.7
SALE-20260514-S001-P020,2026-05-14,S001,P020,5,3220.55
SALE-20260514-S001-P021,2026-05-14,S001,P021,5,987.35
SALE-20260514-S001-P022,2026-05-14,S001,P022,6,4371.24
SALE-20260514-S001-P023,2026-05-14,S001,P023,8,6397.6
SALE-20260514-S001-P024,2026-05-14,S001,P024,11,1643.4
SALE-20260514-S001-P025,2026-05-14,S001,P025,2,1380.94
SALE-20260514-S001-P026,2026-05-14,S001,P026,13,10658.44
SALE-20260514-S001-P027,2026-05-14,S001,P027,5,2946.9
SALE-20260514-S001-P028,2026-05-14,S001,P028,3,167.01
SALE-20260514-S001-P029,2026-05-14,S001,P029,8,1881.04
SALE-20260514-S001-P030,2026-05-14,S001,P030,3,691.98
SALE-20260514-S001-P031,2026-05-14,S001,P031,9,2622.78
SALE-20260514-S001-P032,2026-05-14,S001,P032,5,3133.0
SALE-20260514-S001-P033,2026-05-14,S001,P033,6,4049.46
SALE-20260514-S001-P034,2026-05-14,S001,P034,12,2032.68
SALE-20260514-S001-P035,2026-05-14,S001,P035,9,1103.22
SALE-20260514-S001-P036,2026-05-14,S001,P036,2,374.78
SALE-20260514-S001-P037,2026-05-14,S001,P037,10,1873.5
SALE-20260514-S001-P038,2026-05-14,S001,P038,3,1160.49
SALE-20260514-S001-P039,2026-05-14,S001,P039,2,1268.2
SALE-20260514-S001-P040,2026-05-14,S001,P040,16,2576.8
SALE-20260514-S001-P041,2026-05-14,S001,P041,4,3937.56
SALE-20260514-S001-P042,2026-05-14,S001,P042,8,8547.92
SALE-20260514-S001-P043,2026-05-14,S001,P043,12,8814.72
SALE-20260514-S001-P044,2026-05-14,S001,P044,7,944.65
SALE-20260514-S001-P045,2026-05-14,S001,P045,6,2673.9
SALE-20260514-S001-P046,2026-05-14,S001,P046,5,2779.65
SALE-20260514-S001-P047,2026-05-14,S001,P047,9,8486.91
SALE-20260514-S001-P048,2026-05-14,S001,P048,1,473.78
SALE-20260514-S001-P049,2026-05-14,S001,P049,15,9519.9
SALE-20260514-S001-P050,2026-05-14,S001,P050,7,2732.66
SALE-20260514-S002-P001,2026-05-14,S002,P001,5,3944.3
SALE-20260514-S002-P002,2026-05-14,S002,P002,8,5193.2
SALE-20260514-S002-P003,2026-05-14,S002,P003,4,4283.48
SALE-20260514-S002-P004,2026-05-14,S002,P004,1,152.15
SALE-20260514-S002-P005,2026-05-14,S002,P005,14,6172.6
SALE-20260514-S002-P006,2026-05-14,S002,P006,1,837.99
SALE-20260514-S002-P007,2026-05-14,S002,P007,0,0.0
SALE-20260514-S002-P008,2026-05-14,S002,P008,7,6189.05
SALE-20260514-S002-P009,2026-05-14,S002,P009,4,3024.76
SALE-20260514-S002-P010,2026-05-14,S002,P010,12,11840.4
SALE-20260514-S002-P011,2026-05-14,S002,P011,1,218.9
SALE-20260514-S002-P012,2026-05-14,S002,P012,17,3210.11
SALE-20260514-S002-P013,2026-05-14,S002,P013,12,10378.56
SALE-20260514-S002-P014,2026-05-14,S002,P014,9,3545.19
SALE-20260514-S002-P015,2026-05-14,S002,P015,1,195.12
SALE-20260514-S002-P016,2026-05-14,S002,P016,5,1320.85
SALE-20260514-S002-P017,2026-05-14,S002,P017,7,3524.43
SALE-20260514-S002-P018,2026-05-14,S002,P018,10,3677.0
SALE-20260514-S002-P019,2026-05-14,S002,P019,5,4041.35
SALE-20260514-S002-P020,2026-05-14,S002,P020,3,1932.33
SALE-20260514-S002-P021,2026-05-14,S002,P021,7,1382.29
SALE-20260514-S002-P022,2026-05-14,S002,P022,4,2914.16
SALE-20260514-S002-P023,2026-05-14,S002,P023,8,6397.6
SALE-20260514-S002-P024,2026-05-14,S002,P024,9,1344.6
SALE-20260514-S002-P025,2026-05-14,S002,P025,2,1380.94
SALE-20260514-S002-P026,2026-05-14,S002,P026,20,16397.6
SALE-20260514-S002-P027,2026-05-14,S002,P027,7,4125.66
SALE-20260514-S002-P028,2026-05-14,S002,P028,11,612.37
SALE-20260514-S002-P029,2026-05-14,S002,P029,9,2116.17
SALE-20260514-S002-P030,2026-05-14,S002,P030,3,691.98
SALE-20260514-S002-P031,2026-05-14,S002,P031,13,3788.46
SALE-20260514-S002-P032,2026-05-14,S002,P032,8,5012.8
SALE-20260514-S002-P033,2026-05-14,S002,P033,12,8098.92
SALE-20260514-S002-P034,2026-05-14,S002,P034,15,2540.85
SALE-20260514-S002-P035,2026-05-14,S002,P035,9,1103.22
SALE-20260514-S002-P036,2026-05-14,S002,P036,3,562.17
SALE-20260514-S002-P037,2026-05-14,S002,P037,14,2622.9
SALE-20260514-S002-P038,2026-05-14,S002,P038,3,1160.49
SALE-20260514-S002-P039,2026-05-14,S002,P039,0,0.0
SALE-20260514-S002-P040,2026-05-14,S002,P040,11,1771.55
SALE-20260514-S002-P041,2026-05-14,S002,P041,3,2953.17
SALE-20260514-S002-P042,2026-05-14,S002,P042,21,22438.29
SALE-20260514-S002-P043,2026-05-14,S002,P043,12,8814.72
SALE-20260514-S002-P044,2026-05-14,S002,P044,8,1079.6
SALE-20260514-S002-P045,2026-05-14,S002,P045,14,6239.1
SALE-20260514-S002-P046,2026-05-14,S002,P046,7,3891.51
SALE-20260514-S002-P047,2026-05-14,S002,P047,16,15087.84
SALE-20260514-S002-P048,2026-05-14,S002,P048,5,2368.9
SALE-20260514-S002-P049,2026-05-14,S002,P049,17,10789.22
SALE-20260514-S002-P050,2026-05-14,S002,P050,5,1951.9
SALE-20260514-S003-P001,2026-05-14,S003,P001,5,3944.3
SALE-20260514-S003-P002,2026-05-14,S003,P002,6,3894.9
SALE-20260514-S003-P003,2026-05-14,S003,P003,2,2141.74
SALE-20260514-S003-P004,2026-05-14,S003,P004,2,304.3
SALE-20260514-S003-P005,2026-05-14,S003,P005,7,3086.3
SALE-20260514-S003-P006,2026-05-14,S003,P006,2,1675.98
SALE-20260514-S003-P007,2026-05-14,S003,P007,14,3598.28
SALE-20260514-S003-P008,2026-05-14,S003,P008,5,4420.75
SALE-20260514-S003-P009,2026-05-14,S003,P009,4,3024.76
SALE-20260514-S003-P010,2026-05-14,S003,P010,12,11840.4
SALE-20260514-S003-P011,2026-05-14,S003,P011,0,0.0
SALE-20260514-S003-P012,2026-05-14,S003,P012,18,3398.94
SALE-20260514-S003-P013,2026-05-14,S003,P013,9,7783.92
SALE-20260514-S003-P014,2026-05-14,S003,P014,6,2363.46
SALE-20260514-S003-P015,2026-05-14,S003,P015,1,195.12
SALE-20260514-S003-P016,2026-05-14,S003,P016,3,792.51
SALE-20260514-S003-P017,2026-05-14,S003,P017,6,3020.94
SALE-20260514-S003-P018,2026-05-14,S003,P018,12,4412.4
SALE-20260514-S003-P019,2026-05-14,S003,P019,8,6466.16
SALE-20260514-S003-P020,2026-05-14,S003,P020,0,0.0
SALE-20260514-S003-P021,2026-05-14,S003,P021,5,987.35
SALE-20260514-S003-P022,2026-05-14,S003,P022,5,3642.7
SALE-20260514-S003-P023,2026-05-14,S003,P023,5,3998.5
SALE-20260514-S003-P024,2026-05-14,S003,P024,5,747.0
SALE-20260514-S003-P025,2026-05-14,S003,P025,0,0.0
SALE-20260514-S003-P026,2026-05-14,S003,P026,9,7378.92
SALE-20260514-S003-P027,2026-05-14,S003,P027,7,4125.66
SALE-20260514-S003-P028,2026-05-14,S003,P028,2,111.34
SALE-20260514-S003-P029,2026-05-14,S003,P029,10,2351.3
SALE-20260514-S003-P030,2026-05-14,S003,P030,3,691.98
SALE-20260514-S003-P031,2026-05-14,S003,P031,2,582.84
SALE-20260514-S003-P032,2026-05-14,S003,P032,8,5012.8
SALE-20260514-S003-P033,2026-05-14,S003,P033,6,4049.46
SALE-20260514-S003-P034,2026-05-14,S003,P034,7,1185.73
SALE-20260514-S003-P035,2026-05-14,S003,P035,7,858.06
SALE-20260514-S003-P036,2026-05-14,S003,P036,3,562.17
SALE-20260514-S003-P037,2026-05-14,S003,P037,13,2435.55
SALE-20260514-S003-P038,2026-05-14,S003,P038,5,1934.15
SALE-20260514-S003-P039,2026-05-14,S003,P039,2,1268.2
SALE-20260514-S003-P040,2026-05-14,S003,P040,6,966.3
SALE-20260514-S003-P041,2026-05-14,S003,P041,6,5906.34
SALE-20260514-S003-P042,2026-05-14,S003,P042,7,7479.43
SALE-20260514-S003-P043,2026-05-14,S003,P043,11,8080.16
SALE-20260514-S003-P044,2026-05-14,S003,P044,4,539.8
SALE-20260514-S003-P045,2026-05-14,S003,P045,10,4456.5
SALE-20260514-S003-P046,2026-05-14,S003,P046,2,1111.86
SALE-20260514-S003-P047,2026-05-14,S003,P047,5,4714.95
SALE-20260514-S003-P048,2026-05-14,S003,P048,5,2368.9
SALE-20260514-S003-P049,2026-05-14,S003,P049,5,3173.3
SALE-20260515-S001-P001,2026-05-15,S001,P001,9,7099.74
SALE-20260515-S001-P002,2026-05-15,S001,P002,4,2596.6
SALE-20260515-S001-P003,2026-05-15,S001,P003,4,4283.48
SALE-20260515-S001-P004,2026-05-15,S001,P004,5,760.75
SALE-20260515-S001-P005,2026-05-15,S001,P005,10,4409.0
SALE-20260515-S001-P006,2026-05-15,S001,P006,1,837.99
SALE-20260515-S001-P007,2026-05-15,S001,P007,15,3855.3
SALE-20260515-S001-P008,2026-05-15,S001,P008,9,7957.35
SALE-20260515-S001-P009,2026-05-15,S001,P009,6,4537.14
SALE-20260515-S001-P010,2026-05-15,S001,P010,10,9867.0
SALE-20260515-S001-P011,2026-05-15,S001,P011,1,218.9
SALE-20260515-S001-P012,2026-05-15,S001,P012,17,3210.11
SALE-20260515-S001-P013,2026-05-15,S001,P013,16,13838.08
SALE-20260515-S001-P014,2026-05-15,S001,P014,6,2363.46
SALE-20260515-S001-P015,2026-05-15,S001,P015,3,585.36
SALE-20260515-S001-P016,2026-05-15,S001,P016,7,1849.19
SALE-20260515-S001-P017,2026-05-15,S001,P017,7,3524.43
SALE-20260515-S001-P018,2026-05-15,S001,P018,16,5883.2
SALE-20260515-S001-P019,2026-05-15,S001,P019,10,8082.7
SALE-20260515-S001-P020,2026-05-15,S001,P020,13,8373.43
SALE-20260515-S001-P021,2026-05-15,S001,P021,10,1974.7
SALE-20260515-S001-P022,2026-05-15,S001,P022,6,4371.24
SALE-20260515-S001-P023,2026-05-15,S001,P023,12,9596.4
SALE-20260515-S001-P024,2026-05-15,S001,P024,9,1344.6
SALE-20260515-S001-P025,2026-05-15,S001,P025,0,0.0
SALE-20260515-S001-P026,2026-05-15,S001,P026,18,14757.84
SALE-20260515-S001-P027,2026-05-15,S001,P027,14,8251.32
SALE-20260515-S001-P028,2026-05-15,S001,P028,3,167.01
SALE-20260515-S001-P029,2026-05-15,S001,P029,9,2116.17
SALE-20260515-S001-P030,2026-05-15,S001,P030,0,0.0
SALE-20260515-S001-P031,2026-05-15,S001,P031,15,4371.3
SALE-20260515-S001-P032,2026-05-15,S001,P032,4,2506.4
SALE-20260515-S001-P033,2026-05-15,S001,P033,12,8098.92
SALE-20260515-S001-P034,2026-05-15,S001,P034,14,2371.46
SALE-20260515-S001-P035,2026-05-15,S001,P035,16,1961.28
SALE-20260515-S001-P036,2026-05-15,S001,P036,1,187.39
SALE-20260515-S001-P037,2026-05-15,S001,P037,16,2997.6
SALE-20260515-S001-P038,2026-05-15,S001,P038,2,773.66
SALE-20260515-S001-P039,2026-05-15,S001,P039,2,1268.2
SALE-20260515-S001-P040,2026-05-15,S001,P040,8,1288.4
SALE-20260515-S001-P041,2026-05-15,S001,P041,7,6890.73
SALE-20260515-S001-P042,2026-05-15,S001,P042,17,18164.33
SALE-20260515-S001-P043,2026-05-15,S001,P043,17,12487.52
SALE-20260515-S001-P044,2026-05-15,S001,P044,2,269.9
SALE-20260515-S001-P045,2026-05-15,S001,P045,10,4456.5
SALE-20260515-S001-P046,2026-05-15,S001,P046,7,3891.51
SALE-20260515-S001-P047,2026-05-15,S001,P047,9,8486.91
SALE-20260515-S001-P048,2026-05-15,S001,P048,7,3316.46
SALE-20260515-S001-P049,2026-05-15,S001,P049,12,7615.92
SALE-20260515-S001-P050,2026-05-15,S001,P050,3,1171.14
SALE-20260515-S002-P001,2026-05-15,S002,P001,12,9466.32
SALE-20260515-S002-P002,2026-05-15,S002,P002,4,2596.6
SALE-20260515-S002-P003,2026-05-15,S002,P003,5,5354.35
SALE-20260515-S002-P004,2026-05-15,S002,P004,0,0.0
SALE-20260515-S002-P005,2026-05-15,S002,P005,11,4849.9
SALE-20260515-S002-P006,2026-05-15,S002,P006,3,2513.97
SALE-20260515-S002-P007,2026-05-15,S002,P007,0,0.0
SALE-20260515-S002-P008,2026-05-15,S002,P008,12,10609.8
SALE-20260515-S002-P009,2026-05-15,S002,P009,7,5293.33
SALE-20260515-S002-P010,2026-05-15,S002,P010,22,21707.4
SALE-20260515-S002-P011,2026-05-15,S002,P011,2,437.8
SALE-20260515-S002-P012,2026-05-15,S002,P012,20,3776.6
SALE-20260515-S002-P013,2026-05-15,S002,P013,10,8648.8
SALE-20260515-S002-P014,2026-05-15,S002,P014,13,5120.83
SALE-20260515-S002-P015,2026-05-15,S002,P015,1,195.12
SALE-20260515-S002-P016,2026-05-15,S002,P016,10,2641.7
SALE-20260515-S002-P017,2026-05-15,S002,P017,15,7552.35
SALE-20260515-S002-P018,2026-05-15,S002,P018,16,5883.2
SALE-20260515-S002-P019,2026-05-15,S002,P019,15,12124.05
SALE-20260515-S002-P020,2026-05-15,S002,P020,11,7085.21
SALE-20260515-S002-P021,2026-05-15,S002,P021,3,592.41
SALE-20260515-S002-P022,2026-05-15,S002,P022,12,8742.48
SALE-20260515-S002-P023,2026-05-15,S002,P023,9,7197.3
SALE-20260515-S002-P024,2026-05-15,S002,P024,7,1045.8
SALE-20260515-S002-P025,2026-05-15,S002,P025,1,690.47
SALE-20260515-S002-P026,2026-05-15,S002,P026,16,13118.08
SALE-20260515-S002-P027,2026-05-15,S002,P027,16,9430.08
SALE-20260515-S002-P028,2026-05-15,S002,P028,5,278.35
SALE-20260515-S002-P029,2026-05-15,S002,P029,7,1645.91
SALE-20260515-S002-P030,2026-05-15,S002,P030,5,1153.3
SALE-20260515-S002-P031,2026-05-15,S002,P031,11,3205.62
SALE-20260515-S002-P032,2026-05-15,S002,P032,5,3133.0
SALE-20260515-S002-P033,2026-05-15,S002,P033,17,11473.47
SALE-20260515-S002-P034,2026-05-15,S002,P034,16,2710.24
SALE-20260515-S002-P035,2026-05-15,S002,P035,8,980.64
SALE-20260515-S002-P036,2026-05-15,S002,P036,1,187.39
SALE-20260515-S002-P037,2026-05-15,S002,P037,18,3372.3
SALE-20260515-S002-P038,2026-05-15,S002,P038,5,1934.15
SALE-20260515-S002-P039,2026-05-15,S002,P039,0,0.0
SALE-20260515-S002-P040,2026-05-15,S002,P040,6,966.3
SALE-20260515-S002-P041,2026-05-15,S002,P041,8,7875.12
SALE-20260515-S002-P042,2026-05-15,S002,P042,14,14958.86
SALE-20260515-S002-P043,2026-05-15,S002,P043,9,6611.04
SALE-20260515-S002-P044,2026-05-15,S002,P044,7,944.65
SALE-20260515-S002-P045,2026-05-15,S002,P045,9,4010.85
SALE-20260515-S002-P046,2026-05-15,S002,P046,5,2779.65
SALE-20260515-S002-P047,2026-05-15,S002,P047,11,10372.89
SALE-20260515-S002-P048,2026-05-15,S002,P048,7,3316.46
SALE-20260515-S002-P049,2026-05-15,S002,P049,13,8250.58
SALE-20260515-S002-P050,2026-05-15,S002,P050,2,780.76
SALE-20260515-S003-P001,2026-05-15,S003,P001,12,9466.32
SALE-20260515-S003-P002,2026-05-15,S003,P002,2,1298.3
SALE-20260515-S003-P003,2026-05-15,S003,P003,6,6425.22
SALE-20260515-S003-P004,2026-05-15,S003,P004,3,456.45
SALE-20260515-S003-P005,2026-05-15,S003,P005,10,4409.0
SALE-20260515-S003-P006,2026-05-15,S003,P006,5,4189.95
SALE-20260515-S003-P007,2026-05-15,S003,P007,9,2313.18
SALE-20260515-S003-P008,2026-05-15,S003,P008,5,4420.75
SALE-20260515-S003-P009,2026-05-15,S003,P009,7,5293.33
SALE-20260515-S003-P010,2026-05-15,S003,P010,5,4933.5
SALE-20260515-S003-P011,2026-05-15,S003,P011,1,218.9
SALE-20260515-S003-P012,2026-05-15,S003,P012,15,2832.45
SALE-20260515-S003-P013,2026-05-15,S003,P013,6,5189.28
SALE-20260515-S003-P014,2026-05-15,S003,P014,10,3939.1
SALE-20260515-S003-P015,2026-05-15,S003,P015,1,195.12
SALE-20260515-S003-P016,2026-05-15,S003,P016,7,1849.19
SALE-20260515-S003-P017,2026-05-15,S003,P017,7,3524.43
SALE-20260515-S003-P018,2026-05-15,S003,P018,13,4780.1
SALE-20260515-S003-P019,2026-05-15,S003,P019,6,4849.62
SALE-20260515-S003-P020,2026-05-15,S003,P020,8,5152.88
SALE-20260515-S003-P021,2026-05-15,S003,P021,4,789.88
SALE-20260515-S003-P022,2026-05-15,S003,P022,5,3642.7
SALE-20260515-S003-P023,2026-05-15,S003,P023,4,3198.8
SALE-20260515-S003-P024,2026-05-15,S003,P024,5,747.0
SALE-20260515-S003-P025,2026-05-15,S003,P025,1,690.47
SALE-20260515-S003-P026,2026-05-15,S003,P026,10,8198.8
SALE-20260515-S003-P027,2026-05-15,S003,P027,15,8840.7
SALE-20260515-S003-P028,2026-05-15,S003,P028,8,445.36
SALE-20260515-S003-P029,2026-05-15,S003,P029,10,2351.3
SALE-20260515-S003-P030,2026-05-15,S003,P030,4,922.64
SALE-20260515-S003-P031,2026-05-15,S003,P031,12,3497.04
SALE-20260515-S003-P032,2026-05-15,S003,P032,5,3133.0
SALE-20260515-S003-P033,2026-05-15,S003,P033,13,8773.83
SALE-20260515-S003-P034,2026-05-15,S003,P034,16,2710.24
SALE-20260515-S003-P035,2026-05-15,S003,P035,11,1348.38
SALE-20260515-S003-P036,2026-05-15,S003,P036,2,374.78
SALE-20260515-S003-P037,2026-05-15,S003,P037,11,2060.85
SALE-20260515-S003-P038,2026-05-15,S003,P038,3,1160.49
SALE-20260515-S003-P039,2026-05-15,S003,P039,3,1902.3
SALE-20260515-S003-P040,2026-05-15,S003,P040,10,1610.5
SALE-20260515-S003-P041,2026-05-15,S003,P041,3,2953.17
SALE-20260515-S003-P042,2026-05-15,S003,P042,12,12821.88
SALE-20260515-S003-P043,2026-05-15,S003,P043,6,4407.36
SALE-20260515-S003-P044,2026-05-15,S003,P044,5,674.75
SALE-20260515-S003-P045,2026-05-15,S003,P045,9,4010.85
SALE-20260515-S003-P046,2026-05-15,S003,P046,5,2779.65
SALE-20260515-S003-P047,2026-05-15,S003,P047,5,4714.95
SALE-20260515-S003-P048,2026-05-15,S003,P048,2,947.56
SALE-20260515-S003-P049,2026-05-15,S003,P049,10,6346.6
SALE-20260516-S001-P001,2026-05-16,S001,P001,5,3944.3
SALE-20260516-S001-P002,2026-05-16,S001,P002,6,3894.9
SALE-20260516-S001-P003,2026-05-16,S001,P003,5,5354.35
SALE-20260516-S001-P004,2026-05-16,S001,P004,4,608.6
SALE-20260516-S001-P005,2026-05-16,S001,P005,13,5731.7
SALE-20260516-S001-P006,2026-05-16,S001,P006,5,4189.95
SALE-20260516-S001-P007,2026-05-16,S001,P007,18,4626.36
SALE-20260516-S001-P008,2026-05-16,S001,P008,10,8841.5
SALE-20260516-S001-P009,2026-05-16,S001,P009,12,9074.28
SALE-20260516-S001-P010,2026-05-16,S001,P010,12,11840.4
SALE-20260516-S001-P011,2026-05-16,S001,P011,0,0.0
SALE-20260516-S001-P012,2026-05-16,S001,P012,20,3776.6
SALE-20260516-S001-P013,2026-05-16,S001,P013,10,8648.8
SALE-20260516-S001-P014,2026-05-16,S001,P014,13,5120.83
SALE-20260516-S001-P015,2026-05-16,S001,P015,6,1170.72
SALE-20260516-S001-P016,2026-05-16,S001,P016,8,2113.36
SALE-20260516-S001-P017,2026-05-16,S001,P017,8,4027.92
SALE-20260516-S001-P018,2026-05-16,S001,P018,14,5147.8
SALE-20260516-S001-P019,2026-05-16,S001,P019,11,8890.97
SALE-20260516-S001-P020,2026-05-16,S001,P020,6,3864.66
SALE-20260516-S001-P021,2026-05-16,S001,P021,9,1777.23
SALE-20260516-S001-P022,2026-05-16,S001,P022,7,5099.78
SALE-20260516-S001-P023,2026-05-16,S001,P023,10,7997.0
SALE-20260516-S001-P024,2026-05-16,S001,P024,17,2539.8
SALE-20260516-S001-P025,2026-05-16,S001,P025,1,690.47
SALE-20260516-S001-P026,2026-05-16,S001,P026,19,15577.72
SALE-20260516-S001-P027,2026-05-16,S001,P027,12,7072.56
SALE-20260516-S001-P028,2026-05-16,S001,P028,5,278.35
SALE-20260516-S001-P029,2026-05-16,S001,P029,5,1175.65
SALE-20260516-S001-P030,2026-05-16,S001,P030,0,0.0
SALE-20260516-S001-P031,2026-05-16,S001,P031,7,2039.94
SALE-20260516-S001-P032,2026-05-16,S001,P032,5,3133.0
SALE-20260516-S001-P033,2026-05-16,S001,P033,9,6074.19
SALE-20260516-S001-P034,2026-05-16,S001,P034,8,1355.12
SALE-20260516-S001-P035,2026-05-16,S001,P035,18,2206.44
SALE-20260516-S001-P036,2026-05-16,S001,P036,3,562.17
SALE-20260516-S001-P037,2026-05-16,S001,P037,15,2810.25
SALE-20260516-S001-P038,2026-05-16,S001,P038,6,2320.98
SALE-20260516-S001-P039,2026-05-16,S001,P039,4,2536.4
SALE-20260516-S001-P040,2026-05-16,S001,P040,12,1932.6
SALE-20260516-S001-P041,2026-05-16,S001,P041,4,3937.56
SALE-20260516-S001-P042,2026-05-16,S001,P042,16,17095.84
SALE-20260516-S001-P043,2026-05-16,S001,P043,7,5141.92
SALE-20260516-S001-P044,2026-05-16,S001,P044,12,1619.4
SALE-20260516-S001-P045,2026-05-16,S001,P045,22,9804.3
SALE-20260516-S001-P046,2026-05-16,S001,P046,8,4447.44
SALE-20260516-S001-P047,2026-05-16,S001,P047,10,9429.9
SALE-20260516-S001-P048,2026-05-16,S001,P048,8,3790.24
SALE-20260516-S001-P049,2026-05-16,S001,P049,16,10154.56
SALE-20260516-S001-P050,2026-05-16,S001,P050,4,1561.52
SALE-20260516-S002-P001,2026-05-16,S002,P001,6,4733.16
SALE-20260516-S002-P002,2026-05-16,S002,P002,7,4544.05
SALE-20260516-S002-P003,2026-05-16,S002,P003,8,8566.96
SALE-20260516-S002-P004,2026-05-16,S002,P004,0,0.0
SALE-20260516-S002-P005,2026-05-16,S002,P005,8,3527.2
SALE-20260516-S002-P006,2026-05-16,S002,P006,2,1675.98
SALE-20260516-S002-P007,2026-05-16,S002,P007,0,0.0
SALE-20260516-S002-P008,2026-05-16,S002,P008,16,14146.4
SALE-20260516-S002-P009,2026-05-16,S002,P009,8,6049.52
SALE-20260516-S002-P010,2026-05-16,S002,P010,11,10853.7
SALE-20260516-S002-P011,2026-05-16,S002,P011,1,218.9
SALE-20260516-S002-P012,2026-05-16,S002,P012,13,2454.79
SALE-20260516-S002-P013,2026-05-16,S002,P013,11,9513.68
SALE-20260516-S002-P014,2026-05-16,S002,P014,19,7484.29
SALE-20260516-S002-P015,2026-05-16,S002,P015,4,780.48
SALE-20260516-S002-P016,2026-05-16,S002,P016,10,2641.7
SALE-20260516-S002-P017,2026-05-16,S002,P017,16,8055.84
SALE-20260516-S002-P018,2026-05-16,S002,P018,17,6250.9
SALE-20260516-S002-P019,2026-05-16,S002,P019,17,13740.59
SALE-20260516-S002-P020,2026-05-16,S002,P020,14,9017.54
SALE-20260516-S002-P021,2026-05-16,S002,P021,10,1974.7
SALE-20260516-S002-P022,2026-05-16,S002,P022,10,7285.4
SALE-20260516-S002-P023,2026-05-16,S002,P023,14,11195.8
SALE-20260516-S002-P024,2026-05-16,S002,P024,11,1643.4
SALE-20260516-S002-P025,2026-05-16,S002,P025,2,1380.94
SALE-20260516-S002-P026,2026-05-16,S002,P026,12,9838.56
SALE-20260516-S002-P027,2026-05-16,S002,P027,21,12376.98
SALE-20260516-S002-P028,2026-05-16,S002,P028,7,389.69
SALE-20260516-S002-P029,2026-05-16,S002,P029,10,2351.3
SALE-20260516-S002-P030,2026-05-16,S002,P030,2,461.32
SALE-20260516-S002-P031,2026-05-16,S002,P031,16,4662.72
SALE-20260516-S002-P032,2026-05-16,S002,P032,6,3759.6
SALE-20260516-S002-P033,2026-05-16,S002,P033,15,10123.65
SALE-20260516-S002-P034,2026-05-16,S002,P034,20,3387.8
SALE-20260516-S002-P035,2026-05-16,S002,P035,19,2329.02
SALE-20260516-S002-P036,2026-05-16,S002,P036,4,749.56
SALE-20260516-S002-P037,2026-05-16,S002,P037,10,1873.5
SALE-20260516-S002-P038,2026-05-16,S002,P038,8,3094.64
SALE-20260516-S002-P039,2026-05-16,S002,P039,4,2536.4
SALE-20260516-S002-P040,2026-05-16,S002,P040,15,2415.75
SALE-20260516-S002-P041,2026-05-16,S002,P041,5,4921.95
SALE-20260516-S002-P042,2026-05-16,S002,P042,10,10684.9
SALE-20260516-S002-P043,2026-05-16,S002,P043,17,12487.52
SALE-20260516-S002-P044,2026-05-16,S002,P044,8,1079.6
SALE-20260516-S002-P045,2026-05-16,S002,P045,20,8913.0
SALE-20260516-S002-P046,2026-05-16,S002,P046,5,2779.65
SALE-20260516-S002-P047,2026-05-16,S002,P047,20,18859.8
SALE-20260516-S002-P048,2026-05-16,S002,P048,6,2842.68
SALE-20260516-S002-P049,2026-05-16,S002,P049,14,8885.24
SALE-20260516-S002-P050,2026-05-16,S002,P050,4,1561.52
SALE-20260516-S003-P001,2026-05-16,S003,P001,16,12621.76
SALE-20260516-S003-P002,2026-05-16,S003,P002,7,4544.05
SALE-20260516-S003-P003,2026-05-16,S003,P003,4,4283.48
SALE-20260516-S003-P004,2026-05-16,S003,P004,6,912.9
SALE-20260516-S003-P005,2026-05-16,S003,P005,12,5290.8
SALE-20260516-S003-P006,2026-05-16,S003,P006,4,3351.96
SALE-20260516-S003-P007,2026-05-16,S003,P007,11,2827.22
SALE-20260516-S003-P008,2026-05-16,S003,P008,8,7073.2
SALE-20260516-S003-P009,2026-05-16,S003,P009,7,5293.33
SALE-20260516-S003-P010,2026-05-16,S003,P010,10,9867.0
SALE-20260516-S003-P011,2026-05-16,S003,P011,1,218.9
SALE-20260516-S003-P012,2026-05-16,S003,P012,8,1510.64
SALE-20260516-S003-P013,2026-05-16,S003,P013,15,12973.2
SALE-20260516-S003-P014,2026-05-16,S003,P014,10,3939.1
SALE-20260516-S003-P015,2026-05-16,S003,P015,0,0.0
SALE-20260516-S003-P016,2026-05-16,S003,P016,9,2377.53
SALE-20260516-S003-P017,2026-05-16,S003,P017,2,1006.98
SALE-20260516-S003-P018,2026-05-16,S003,P018,10,3677.0
SALE-20260516-S003-P019,2026-05-16,S003,P019,8,6466.16
SALE-20260516-S003-P020,2026-05-16,S003,P020,9,5796.99
SALE-20260516-S003-P021,2026-05-16,S003,P021,4,789.88
SALE-20260516-S003-P022,2026-05-16,S003,P022,3,2185.62
SALE-20260516-S003-P023,2026-05-16,S003,P023,9,7197.3
SALE-20260516-S003-P024,2026-05-16,S003,P024,9,1344.6
SALE-20260516-S003-P025,2026-05-16,S003,P025,1,690.47
SALE-20260516-S003-P026,2026-05-16,S003,P026,13,10658.44
SALE-20260516-S003-P027,2026-05-16,S003,P027,15,8840.7
SALE-20260516-S003-P028,2026-05-16,S003,P028,2,111.34
SALE-20260516-S003-P029,2026-05-16,S003,P029,8,1881.04
SALE-20260516-S003-P030,2026-05-16,S003,P030,2,461.32
SALE-20260516-S003-P031,2026-05-16,S003,P031,6,1748.52
SALE-20260516-S003-P032,2026-05-16,S003,P032,9,5639.4
SALE-20260516-S003-P033,2026-05-16,S003,P033,9,6074.19
SALE-20260516-S003-P034,2026-05-16,S003,P034,10,1693.9
SALE-20260516-S003-P035,2026-05-16,S003,P035,7,858.06
SALE-20260516-S003-P036,2026-05-16,S003,P036,2,374.78
SALE-20260516-S003-P037,2026-05-16,S003,P037,10,1873.5
SALE-20260516-S003-P038,2026-05-16,S003,P038,4,1547.32
SALE-20260516-S003-P039,2026-05-16,S003,P039,4,2536.4
SALE-20260516-S003-P040,2026-05-16,S003,P040,16,2576.8
SALE-20260516-S003-P041,2026-05-16,S003,P041,3,2953.17
SALE-20260516-S003-P042,2026-05-16,S003,P042,12,12821.88
SALE-20260516-S003-P043,2026-05-16,S003,P043,14,10283.84
SALE-20260516-S003-P044,2026-05-16,S003,P044,1,134.95
SALE-20260516-S003-P045,2026-05-16,S003,P045,20,8913.0
SALE-20260516-S003-P046,2026-05-16,S003,P046,4,2223.72
SALE-20260516-S003-P047,2026-05-16,S003,P047,7,6600.93
SALE-20260516-S003-P048,2026-05-16,S003,P048,7,3316.46
SALE-20260516-S003-P049,2026-05-16,S003,P049,11,6981.26
SALE-20260517-S001-P001,2026-05-17,S001,P001,12,9466.32
SALE-20260517-S001-P002,2026-05-17,S001,P002,6,3894.9
SALE-20260517-S001-P003,2026-05-17,S001,P003,2,2141.74
SALE-20260517-S001-P004,2026-05-17,S001,P004,0,0.0
SALE-20260517-S001-P005,2026-05-17,S001,P005,9,3968.1
SALE-20260517-S001-P006,2026-05-17,S001,P006,4,3351.96
SALE-20260517-S001-P007,2026-05-17,S001,P007,18,4626.36
SALE-20260517-S001-P008,2026-05-17,S001,P008,10,8841.5
SALE-20260517-S001-P009,2026-05-17,S001,P009,13,9830.47
SALE-20260517-S001-P010,2026-05-17,S001,P010,15,14800.5
SALE-20260517-S001-P011,2026-05-17,S001,P011,1,218.9
SALE-20260517-S001-P012,2026-05-17,S001,P012,16,3021.28
SALE-20260517-S001-P013,2026-05-17,S001,P013,7,6054.16
SALE-20260517-S001-P014,2026-05-17,S001,P014,12,4726.92
SALE-20260517-S001-P015,2026-05-17,S001,P015,4,780.48
SALE-20260517-S001-P016,2026-05-17,S001,P016,10,2641.7
SALE-20260517-S001-P017,2026-05-17,S001,P017,10,5034.9
SALE-20260517-S001-P018,2026-05-17,S001,P018,18,6618.6
SALE-20260517-S001-P019,2026-05-17,S001,P019,11,8890.97
SALE-20260517-S001-P020,2026-05-17,S001,P020,7,4508.77
SALE-20260517-S001-P021,2026-05-17,S001,P021,7,1382.29
SALE-20260517-S001-P022,2026-05-17,S001,P022,7,5099.78
SALE-20260517-S001-P023,2026-05-17,S001,P023,9,7197.3
SALE-20260517-S001-P024,2026-05-17,S001,P024,12,1792.8
SALE-20260517-S001-P025,2026-05-17,S001,P025,2,1380.94
SALE-20260517-S001-P026,2026-05-17,S001,P026,15,12298.2
SALE-20260517-S001-P027,2026-05-17,S001,P027,11,6483.18
SALE-20260517-S001-P028,2026-05-17,S001,P028,4,222.68
SALE-20260517-S001-P029,2026-05-17,S001,P029,13,3056.69
SALE-20260517-S001-P030,2026-05-17,S001,P030,6,1383.96
SALE-20260517-S001-P031,2026-05-17,S001,P031,7,2039.94
SALE-20260517-S001-P032,2026-05-17,S001,P032,9,5639.4
SALE-20260517-S001-P033,2026-05-17,S001,P033,21,14173.11
SALE-20260517-S001-P034,2026-05-17,S001,P034,12,2032.68
SALE-20260517-S001-P035,2026-05-17,S001,P035,7,858.06
SALE-20260517-S001-P036,2026-05-17,S001,P036,3,562.17
SALE-20260517-S001-P037,2026-05-17,S001,P037,13,2435.55
SALE-20260517-S001-P038,2026-05-17,S001,P038,1,386.83
SALE-20260517-S001-P039,2026-05-17,S001,P039,4,2536.4
SALE-20260517-S001-P040,2026-05-17,S001,P040,11,1771.55
SALE-20260517-S001-P041,2026-05-17,S001,P041,6,5906.34
SALE-20260517-S001-P042,2026-05-17,S001,P042,11,11753.39
SALE-20260517-S001-P043,2026-05-17,S001,P043,17,12487.52
SALE-20260517-S001-P044,2026-05-17,S001,P044,7,944.65
SALE-20260517-S001-P045,2026-05-17,S001,P045,13,5793.45
SALE-20260517-S001-P046,2026-05-17,S001,P046,10,5559.3
SALE-20260517-S001-P047,2026-05-17,S001,P047,4,3771.96
SALE-20260517-S001-P048,2026-05-17,S001,P048,6,2842.68
SALE-20260517-S001-P049,2026-05-17,S001,P049,18,11423.88
SALE-20260517-S001-P050,2026-05-17,S001,P050,4,1561.52
SALE-20260517-S002-P001,2026-05-17,S002,P001,12,9466.32
SALE-20260517-S002-P002,2026-05-17,S002,P002,8,5193.2
SALE-20260517-S002-P003,2026-05-17,S002,P003,4,4283.48
SALE-20260517-S002-P004,2026-05-17,S002,P004,1,152.15
SALE-20260517-S002-P005,2026-05-17,S002,P005,13,5731.7
SALE-20260517-S002-P006,2026-05-17,S002,P006,9,7541.91
SALE-20260517-S002-P007,2026-05-17,S002,P007,0,0.0
SALE-20260517-S002-P008,2026-05-17,S002,P008,16,14146.4
SALE-20260517-S002-P009,2026-05-17,S002,P009,2,1512.38
SALE-20260517-S002-P010,2026-05-17,S002,P010,16,15787.2
SALE-20260517-S002-P011,2026-05-17,S002,P011,4,875.6
SALE-20260517-S002-P012,2026-05-17,S002,P012,23,4343.09
SALE-20260517-S002-P013,2026-05-17,S002,P013,11,9513.68
SALE-20260517-S002-P014,2026-05-17,S002,P014,22,8666.02
SALE-20260517-S002-P015,2026-05-17,S002,P015,3,585.36
SALE-20260517-S002-P016,2026-05-17,S002,P016,13,3434.21
SALE-20260517-S002-P017,2026-05-17,S002,P017,11,5538.39
SALE-20260517-S002-P018,2026-05-17,S002,P018,22,8089.4
SALE-20260517-S002-P019,2026-05-17,S002,P019,11,8890.97
SALE-20260517-S002-P020,2026-05-17,S002,P020,7,4508.77
SALE-20260517-S002-P021,2026-05-17,S002,P021,6,1184.82
SALE-20260517-S002-P022,2026-05-17,S002,P022,7,5099.78
SALE-20260517-S002-P023,2026-05-17,S002,P023,19,15194.3
SALE-20260517-S002-P024,2026-05-17,S002,P024,11,1643.4
SALE-20260517-S002-P025,2026-05-17,S002,P025,1,690.47
SALE-20260517-S002-P026,2026-05-17,S002,P026,12,9838.56
SALE-20260517-S002-P027,2026-05-17,S002,P027,25,14734.5
SALE-20260517-S002-P028,2026-05-17,S002,P028,5,278.35
SALE-20260517-S002-P029,2026-05-17,S002,P029,18,4232.34
SALE-20260517-S002-P030,2026-05-17,S002,P030,2,461.32
SALE-20260517-S002-P031,2026-05-17,S002,P031,20,5828.4
SALE-20260517-S002-P032,2026-05-17,S002,P032,7,4386.2
SALE-20260517-S002-P033,2026-05-17,S002,P033,3,2024.73
SALE-20260517-S002-P034,2026-05-17,S002,P034,14,2371.46
SALE-20260517-S002-P035,2026-05-17,S002,P035,21,2574.18
SALE-20260517-S002-P036,2026-05-17,S002,P036,5,936.95
SALE-20260517-S002-P037,2026-05-17,S002,P037,18,3372.3
SALE-20260517-S002-P038,2026-05-17,S002,P038,16,6189.28
SALE-20260517-S002-P039,2026-05-17,S002,P039,5,3170.5
SALE-20260517-S002-P040,2026-05-17,S002,P040,11,1771.55
SALE-20260517-S002-P041,2026-05-17,S002,P041,9,8859.51
SALE-20260517-S002-P042,2026-05-17,S002,P042,18,19232.82
SALE-20260517-S002-P043,2026-05-17,S002,P043,23,16894.88
SALE-20260517-S002-P044,2026-05-17,S002,P044,1,134.95
SALE-20260517-S002-P045,2026-05-17,S002,P045,21,9358.65
SALE-20260517-S002-P046,2026-05-17,S002,P046,6,3335.58
SALE-20260517-S002-P047,2026-05-17,S002,P047,11,10372.89
SALE-20260517-S002-P048,2026-05-17,S002,P048,5,2368.9
SALE-20260517-S002-P049,2026-05-17,S002,P049,23,14597.18
SALE-20260517-S002-P050,2026-05-17,S002,P050,7,2732.66
SALE-20260517-S003-P001,2026-05-17,S003,P001,11,8677.46
SALE-20260517-S003-P002,2026-05-17,S003,P002,9,5842.35
SALE-20260517-S003-P003,2026-05-17,S003,P003,3,3212.61
SALE-20260517-S003-P004,2026-05-17,S003,P004,2,304.3
SALE-20260517-S003-P005,2026-05-17,S003,P005,8,3527.2
SALE-20260517-S003-P006,2026-05-17,S003,P006,3,2513.97
SALE-20260517-S003-P007,2026-05-17,S003,P007,13,3341.26
SALE-20260517-S003-P008,2026-05-17,S003,P008,8,7073.2
SALE-20260517-S003-P009,2026-05-17,S003,P009,5,3780.95
SALE-20260517-S003-P010,2026-05-17,S003,P010,8,7893.6
SALE-20260517-S003-P011,2026-05-17,S003,P011,2,437.8
SALE-20260517-S003-P012,2026-05-17,S003,P012,16,3021.28
SALE-20260517-S003-P013,2026-05-17,S003,P013,10,8648.8
SALE-20260517-S003-P014,2026-05-17,S003,P014,9,3545.19
SALE-20260517-S003-P015,2026-05-17,S003,P015,3,585.36
SALE-20260517-S003-P016,2026-05-17,S003,P016,5,1320.85
SALE-20260517-S003-P017,2026-05-17,S003,P017,4,2013.96
SALE-20260517-S003-P018,2026-05-17,S003,P018,5,1838.5
SALE-20260517-S003-P019,2026-05-17,S003,P019,9,7274.43
SALE-20260517-S003-P020,2026-05-17,S003,P020,10,6441.1
SALE-20260517-S003-P021,2026-05-17,S003,P021,6,1184.82
SALE-20260517-S003-P022,2026-05-17,S003,P022,6,4371.24
SALE-20260517-S003-P023,2026-05-17,S003,P023,6,4798.2
SALE-20260517-S003-P024,2026-05-17,S003,P024,9,1344.6
SALE-20260517-S003-P025,2026-05-17,S003,P025,2,1380.94
SALE-20260517-S003-P026,2026-05-17,S003,P026,8,6559.04
SALE-20260517-S003-P027,2026-05-17,S003,P027,15,8840.7
SALE-20260517-S003-P028,2026-05-17,S003,P028,3,167.01
SALE-20260517-S003-P029,2026-05-17,S003,P029,7,1645.91
SALE-20260517-S003-P030,2026-05-17,S003,P030,2,461.32
SALE-20260517-S003-P031,2026-05-17,S003,P031,7,2039.94
SALE-20260517-S003-P032,2026-05-17,S003,P032,6,3759.6
SALE-20260517-S003-P033,2026-05-17,S003,P033,9,6074.19
SALE-20260517-S003-P034,2026-05-17,S003,P034,7,1185.73
SALE-20260517-S003-P035,2026-05-17,S003,P035,13,1593.54
SALE-20260517-S003-P036,2026-05-17,S003,P036,0,0.0
SALE-20260517-S003-P037,2026-05-17,S003,P037,10,1873.5
SALE-20260517-S003-P038,2026-05-17,S003,P038,6,2320.98
SALE-20260517-S003-P039,2026-05-17,S003,P039,0,0.0
SALE-20260517-S003-P040,2026-05-17,S003,P040,7,1127.35
SALE-20260517-S003-P041,2026-05-17,S003,P041,5,4921.95
SALE-20260517-S003-P042,2026-05-17,S003,P042,13,13890.37
SALE-20260517-S003-P043,2026-05-17,S003,P043,20,14691.2
SALE-20260517-S003-P044,2026-05-17,S003,P044,9,1214.55
SALE-20260517-S003-P045,2026-05-17,S003,P045,13,5793.45
SALE-20260517-S003-P046,2026-05-17,S003,P046,7,3891.51
SALE-20260517-S003-P047,2026-05-17,S003,P047,6,5657.94
SALE-20260517-S003-P048,2026-05-17,S003,P048,3,1421.34
SALE-20260517-S003-P049,2026-05-17,S003,P049,9,5711.94
SALE-20260518-S001-P001,2026-05-18,S001,P001,7,5522.02
SALE-20260518-S001-P002,2026-05-18,S001,P002,10,6491.5
SALE-20260518-S001-P003,2026-05-18,S001,P003,4,4283.48
SALE-20260518-S001-P004,2026-05-18,S001,P004,2,304.3
SALE-20260518-S001-P005,2026-05-18,S001,P005,12,5290.8
SALE-20260518-S001-P006,2026-05-18,S001,P006,4,3351.96
SALE-20260518-S001-P007,2026-05-18,S001,P007,11,2827.22
SALE-20260518-S001-P008,2026-05-18,S001,P008,10,8841.5
SALE-20260518-S001-P009,2026-05-18,S001,P009,13,9830.47
SALE-20260518-S001-P010,2026-05-18,S001,P010,9,8880.3
SALE-20260518-S001-P011,2026-05-18,S001,P011,1,218.9
SALE-20260518-S001-P012,2026-05-18,S001,P012,25,4720.75
SALE-20260518-S001-P013,2026-05-18,S001,P013,12,10378.56
SALE-20260518-S001-P014,2026-05-18,S001,P014,16,6302.56
SALE-20260518-S001-P015,2026-05-18,S001,P015,2,390.24
SALE-20260518-S001-P016,2026-05-18,S001,P016,12,3170.04
SALE-20260518-S001-P017,2026-05-18,S001,P017,4,2013.96
SALE-20260518-S001-P018,2026-05-18,S001,P018,20,7354.0
SALE-20260518-S001-P019,2026-05-18,S001,P019,9,7274.43
SALE-20260518-S001-P020,2026-05-18,S001,P020,18,11593.98
SALE-20260518-S001-P021,2026-05-18,S001,P021,5,987.35
SALE-20260518-S001-P022,2026-05-18,S001,P022,8,5828.32
SALE-20260518-S001-P023,2026-05-18,S001,P023,10,7997.0
SALE-20260518-S001-P024,2026-05-18,S001,P024,5,747.0
SALE-20260518-S001-P025,2026-05-18,S001,P025,0,0.0
SALE-20260518-S001-P026,2026-05-18,S001,P026,19,15577.72
SALE-20260518-S001-P027,2026-05-18,S001,P027,15,8840.7
SALE-20260518-S001-P028,2026-05-18,S001,P028,4,222.68
SALE-20260518-S001-P029,2026-05-18,S001,P029,10,2351.3
SALE-20260518-S001-P030,2026-05-18,S001,P030,5,1153.3
SALE-20260518-S001-P031,2026-05-18,S001,P031,12,3497.04
SALE-20260518-S001-P032,2026-05-18,S001,P032,9,5639.4
SALE-20260518-S001-P033,2026-05-18,S001,P033,15,10123.65
SALE-20260518-S001-P034,2026-05-18,S001,P034,12,2032.68
SALE-20260518-S001-P035,2026-05-18,S001,P035,11,1348.38
SALE-20260518-S001-P036,2026-05-18,S001,P036,2,374.78
SALE-20260518-S001-P037,2026-05-18,S001,P037,16,2997.6
SALE-20260518-S001-P038,2026-05-18,S001,P038,3,1160.49
SALE-20260518-S001-P039,2026-05-18,S001,P039,4,2536.4
SALE-20260518-S001-P040,2026-05-18,S001,P040,10,1610.5
SALE-20260518-S001-P041,2026-05-18,S001,P041,10,9843.9
SALE-20260518-S001-P042,2026-05-18,S001,P042,15,16027.35
SALE-20260518-S001-P043,2026-05-18,S001,P043,12,8814.72
SALE-20260518-S001-P044,2026-05-18,S001,P044,6,809.7
SALE-20260518-S001-P045,2026-05-18,S001,P045,17,7576.05
SALE-20260518-S001-P046,2026-05-18,S001,P046,8,4447.44
SALE-20260518-S001-P047,2026-05-18,S001,P047,6,5657.94
SALE-20260518-S001-P048,2026-05-18,S001,P048,8,3790.24
SALE-20260518-S001-P049,2026-05-18,S001,P049,16,10154.56
SALE-20260518-S001-P050,2026-05-18,S001,P050,5,1951.9
SALE-20260518-S002-P001,2026-05-18,S002,P001,12,9466.32
SALE-20260518-S002-P002,2026-05-18,S002,P002,9,5842.35
SALE-20260518-S002-P003,2026-05-18,S002,P003,5,5354.35
SALE-20260518-S002-P004,2026-05-18,S002,P004,0,0.0
SALE-20260518-S002-P005,2026-05-18,S002,P005,11,4849.9
SALE-20260518-S002-P006,2026-05-18,S002,P006,5,4189.95
SALE-20260518-S002-P007,2026-05-18,S002,P007,0,0.0
SALE-20260518-S002-P008,2026-05-18,S002,P008,15,13262.25
SALE-20260518-S002-P009,2026-05-18,S002,P009,12,9074.28
SALE-20260518-S002-P010,2026-05-18,S002,P010,15,14800.5
SALE-20260518-S002-P011,2026-05-18,S002,P011,4,875.6
SALE-20260518-S002-P012,2026-05-18,S002,P012,19,3587.77
SALE-20260518-S002-P013,2026-05-18,S002,P013,9,7783.92
SALE-20260518-S002-P014,2026-05-18,S002,P014,10,3939.1
SALE-20260518-S002-P015,2026-05-18,S002,P015,4,780.48
SALE-20260518-S002-P016,2026-05-18,S002,P016,18,4755.06
SALE-20260518-S002-P017,2026-05-18,S002,P017,10,5034.9
SALE-20260518-S002-P018,2026-05-18,S002,P018,16,5883.2
SALE-20260518-S002-P019,2026-05-18,S002,P019,10,8082.7
SALE-20260518-S002-P020,2026-05-18,S002,P020,9,5796.99
SALE-20260518-S002-P021,2026-05-18,S002,P021,9,1777.23
SALE-20260518-S002-P022,2026-05-18,S002,P022,7,5099.78
SALE-20260518-S002-P023,2026-05-18,S002,P023,12,9596.4
SALE-20260518-S002-P024,2026-05-18,S002,P024,11,1643.4
SALE-20260518-S002-P025,2026-05-18,S002,P025,2,1380.94
SALE-20260518-S002-P026,2026-05-18,S002,P026,15,12298.2
SALE-20260518-S002-P027,2026-05-18,S002,P027,13,7661.94
SALE-20260518-S002-P028,2026-05-18,S002,P028,5,278.35
SALE-20260518-S002-P029,2026-05-18,S002,P029,15,3526.95
SALE-20260518-S002-P030,2026-05-18,S002,P030,5,1153.3
SALE-20260518-S002-P031,2026-05-18,S002,P031,10,2914.2
SALE-20260518-S002-P032,2026-05-18,S002,P032,7,4386.2
SALE-20260518-S002-P033,2026-05-18,S002,P033,13,8773.83
SALE-20260518-S002-P034,2026-05-18,S002,P034,11,1863.29
SALE-20260518-S002-P035,2026-05-18,S002,P035,17,2083.86
SALE-20260518-S002-P036,2026-05-18,S002,P036,6,1124.34
SALE-20260518-S002-P037,2026-05-18,S002,P037,16,2997.6
SALE-20260518-S002-P038,2026-05-18,S002,P038,9,3481.47
SALE-20260518-S002-P039,2026-05-18,S002,P039,6,3804.6
SALE-20260518-S002-P040,2026-05-18,S002,P040,13,2093.65
SALE-20260518-S002-P041,2026-05-18,S002,P041,14,13781.46
SALE-20260518-S002-P042,2026-05-18,S002,P042,10,10684.9
SALE-20260518-S002-P043,2026-05-18,S002,P043,21,15425.76
SALE-20260518-S002-P044,2026-05-18,S002,P044,7,944.65
SALE-20260518-S002-P045,2026-05-18,S002,P045,21,9358.65
SALE-20260518-S002-P046,2026-05-18,S002,P046,10,5559.3
SALE-20260518-S002-P047,2026-05-18,S002,P047,10,9429.9
SALE-20260518-S002-P048,2026-05-18,S002,P048,4,1895.12
SALE-20260518-S002-P049,2026-05-18,S002,P049,33,20943.78
SALE-20260518-S002-P050,2026-05-18,S002,P050,9,3513.42
SALE-20260518-S003-P001,2026-05-18,S003,P001,8,6310.88
SALE-20260518-S003-P002,2026-05-18,S003,P002,6,3894.9
SALE-20260518-S003-P003,2026-05-18,S003,P003,6,6425.22
SALE-20260518-S003-P004,2026-05-18,S003,P004,4,608.6
SALE-20260518-S003-P005,2026-05-18,S003,P005,6,2645.4
SALE-20260518-S003-P006,2026-05-18,S003,P006,0,0.0
SALE-20260518-S003-P007,2026-05-18,S003,P007,16,4112.32
SALE-20260518-S003-P008,2026-05-18,S003,P008,12,10609.8
SALE-20260518-S003-P009,2026-05-18,S003,P009,5,3780.95
SALE-20260518-S003-P010,2026-05-18,S003,P010,9,8880.3
SALE-20260518-S003-P011,2026-05-18,S003,P011,0,0.0
SALE-20260518-S003-P012,2026-05-18,S003,P012,10,1888.3
SALE-20260518-S003-P013,2026-05-18,S003,P013,4,3459.52
SALE-20260518-S003-P014,2026-05-18,S003,P014,9,3545.19
SALE-20260518-S003-P015,2026-05-18,S003,P015,5,975.6
SALE-20260518-S003-P016,2026-05-18,S003,P016,9,2377.53
SALE-20260518-S003-P017,2026-05-18,S003,P017,14,7048.86
SALE-20260518-S003-P018,2026-05-18,S003,P018,10,3677.0
SALE-20260518-S003-P019,2026-05-18,S003,P019,4,3233.08
SALE-20260518-S003-P020,2026-05-18,S003,P020,7,4508.77
SALE-20260518-S003-P021,2026-05-18,S003,P021,5,987.35
SALE-20260518-S003-P022,2026-05-18,S003,P022,3,2185.62
SALE-20260518-S003-P023,2026-05-18,S003,P023,8,6397.6
SALE-20260518-S003-P024,2026-05-18,S003,P024,6,896.4
SALE-20260518-S003-P025,2026-05-18,S003,P025,0,0.0
SALE-20260518-S003-P026,2026-05-18,S003,P026,12,9838.56
SALE-20260518-S003-P027,2026-05-18,S003,P027,14,8251.32
SALE-20260518-S003-P028,2026-05-18,S003,P028,1,55.67
SALE-20260518-S003-P029,2026-05-18,S003,P029,6,1410.78
SALE-20260518-S003-P030,2026-05-18,S003,P030,1,230.66
SALE-20260518-S003-P031,2026-05-18,S003,P031,6,1748.52
SALE-20260518-S003-P032,2026-05-18,S003,P032,4,2506.4
SALE-20260518-S003-P033,2026-05-18,S003,P033,9,6074.19
SALE-20260518-S003-P034,2026-05-18,S003,P034,11,1863.29
SALE-20260518-S003-P035,2026-05-18,S003,P035,8,980.64
SALE-20260518-S003-P036,2026-05-18,S003,P036,2,374.78
SALE-20260518-S003-P037,2026-05-18,S003,P037,14,2622.9
SALE-20260518-S003-P038,2026-05-18,S003,P038,4,1547.32
SALE-20260518-S003-P039,2026-05-18,S003,P039,2,1268.2
SALE-20260518-S003-P040,2026-05-18,S003,P040,11,1771.55
SALE-20260518-S003-P041,2026-05-18,S003,P041,4,3937.56
SALE-20260518-S003-P042,2026-05-18,S003,P042,15,16027.35
SALE-20260518-S003-P043,2026-05-18,S003,P043,7,5141.92
SALE-20260518-S003-P044,2026-05-18,S003,P044,2,269.9
SALE-20260518-S003-P045,2026-05-18,S003,P045,13,5793.45
SALE-20260518-S003-P046,2026-05-18,S003,P046,4,2223.72
SALE-20260518-S003-P047,2026-05-18,S003,P047,6,5657.94
SALE-20260518-S003-P048,2026-05-18,S003,P048,1,473.78
SALE-20260518-S003-P049,2026-05-18,S003,P049,12,7615.92
SALE-20260519-S001-P001,2026-05-19,S001,P001,9,7099.74
SALE-20260519-S001-P002,2026-05-19,S001,P002,7,4544.05
SALE-20260519-S001-P003,2026-05-19,S001,P003,4,4283.48
SALE-20260519-S001-P004,2026-05-19,S001,P004,7,1065.05
SALE-20260519-S001-P005,2026-05-19,S001,P005,6,2645.4
SALE-20260519-S001-P006,2026-05-19,S001,P006,2,1675.98
SALE-20260519-S001-P007,2026-05-19,S001,P007,13,3341.26
SALE-20260519-S001-P008,2026-05-19,S001,P008,11,9725.65
SALE-20260519-S001-P009,2026-05-19,S001,P009,7,5293.33
SALE-20260519-S001-P010,2026-05-19,S001,P010,14,13813.8
SALE-20260519-S001-P011,2026-05-19,S001,P011,1,218.9
SALE-20260519-S001-P012,2026-05-19,S001,P012,11,2077.13
SALE-20260519-S001-P013,2026-05-19,S001,P013,15,12973.2
SALE-20260519-S001-P014,2026-05-19,S001,P014,11,4333.01
SALE-20260519-S001-P015,2026-05-19,S001,P015,5,975.6
SALE-20260519-S001-P016,2026-05-19,S001,P016,6,1585.02
SALE-20260519-S001-P017,2026-05-19,S001,P017,6,3020.94
SALE-20260519-S001-P018,2026-05-19,S001,P018,15,5515.5
SALE-20260519-S001-P019,2026-05-19,S001,P019,11,8890.97
SALE-20260519-S001-P020,2026-05-19,S001,P020,7,4508.77
SALE-20260519-S001-P021,2026-05-19,S001,P021,4,789.88
SALE-20260519-S001-P022,2026-05-19,S001,P022,4,2914.16
SALE-20260519-S001-P023,2026-05-19,S001,P023,8,6397.6
SALE-20260519-S001-P024,2026-05-19,S001,P024,5,747.0
SALE-20260519-S001-P025,2026-05-19,S001,P025,3,2071.41
SALE-20260519-S001-P026,2026-05-19,S001,P026,11,9018.68
SALE-20260519-S001-P027,2026-05-19,S001,P027,10,5893.8
SALE-20260519-S001-P028,2026-05-19,S001,P028,2,111.34
SALE-20260519-S001-P029,2026-05-19,S001,P029,12,2821.56
SALE-20260519-S001-P030,2026-05-19,S001,P030,3,691.98
SALE-20260519-S001-P031,2026-05-19,S001,P031,10,2914.2
SALE-20260519-S001-P032,2026-05-19,S001,P032,1,626.6
SALE-20260519-S001-P033,2026-05-19,S001,P033,10,6749.1
SALE-20260519-S001-P034,2026-05-19,S001,P034,10,1693.9
SALE-20260519-S001-P035,2026-05-19,S001,P035,13,1593.54
SALE-20260519-S001-P036,2026-05-19,S001,P036,4,749.56
SALE-20260519-S001-P037,2026-05-19,S001,P037,21,3934.35
SALE-20260519-S001-P038,2026-05-19,S001,P038,1,386.83
SALE-20260519-S001-P039,2026-05-19,S001,P039,3,1902.3
SALE-20260519-S001-P040,2026-05-19,S001,P040,11,1771.55
SALE-20260519-S001-P041,2026-05-19,S001,P041,6,5906.34
SALE-20260519-S001-P042,2026-05-19,S001,P042,13,13890.37
SALE-20260519-S001-P043,2026-05-19,S001,P043,18,13222.08
SALE-20260519-S001-P044,2026-05-19,S001,P044,5,674.75
SALE-20260519-S001-P045,2026-05-19,S001,P045,17,7576.05
SALE-20260519-S001-P046,2026-05-19,S001,P046,8,4447.44
SALE-20260519-S001-P047,2026-05-19,S001,P047,12,11315.88
SALE-20260519-S001-P048,2026-05-19,S001,P048,2,947.56
SALE-20260519-S001-P049,2026-05-19,S001,P049,16,10154.56
SALE-20260519-S001-P050,2026-05-19,S001,P050,2,780.76
SALE-20260519-S002-P001,2026-05-19,S002,P001,18,14199.48
SALE-20260519-S002-P002,2026-05-19,S002,P002,8,5193.2
SALE-20260519-S002-P003,2026-05-19,S002,P003,1,1070.87
SALE-20260519-S002-P004,2026-05-19,S002,P004,0,0.0
SALE-20260519-S002-P005,2026-05-19,S002,P005,7,3086.3
SALE-20260519-S002-P006,2026-05-19,S002,P006,3,2513.97
SALE-20260519-S002-P007,2026-05-19,S002,P007,0,0.0
SALE-20260519-S002-P008,2026-05-19,S002,P008,10,8841.5
SALE-20260519-S002-P009,2026-05-19,S002,P009,13,9830.47
SALE-20260519-S002-P010,2026-05-19,S002,P010,12,11840.4
SALE-20260519-S002-P011,2026-05-19,S002,P011,3,656.7
SALE-20260519-S002-P012,2026-05-19,S002,P012,15,2832.45
SALE-20260519-S002-P013,2026-05-19,S002,P013,8,6919.04
SALE-20260519-S002-P014,2026-05-19,S002,P014,9,3545.19
SALE-20260519-S002-P015,2026-05-19,S002,P015,0,0.0
SALE-20260519-S002-P016,2026-05-19,S002,P016,8,2113.36
SALE-20260519-S002-P017,2026-05-19,S002,P017,13,6545.37
SALE-20260519-S002-P018,2026-05-19,S002,P018,21,7721.7
SALE-20260519-S002-P019,2026-05-19,S002,P019,11,8890.97
SALE-20260519-S002-P020,2026-05-19,S002,P020,15,9661.65
SALE-20260519-S002-P021,2026-05-19,S002,P021,4,789.88
SALE-20260519-S002-P022,2026-05-19,S002,P022,8,5828.32
SALE-20260519-S002-P023,2026-05-19,S002,P023,7,5597.9
SALE-20260519-S002-P024,2026-05-19,S002,P024,9,1344.6
SALE-20260519-S002-P025,2026-05-19,S002,P025,1,690.47
SALE-20260519-S002-P026,2026-05-19,S002,P026,13,10658.44
SALE-20260519-S002-P027,2026-05-19,S002,P027,18,10608.84
SALE-20260519-S002-P028,2026-05-19,S002,P028,3,167.01
SALE-20260519-S002-P029,2026-05-19,S002,P029,7,1645.91
SALE-20260519-S002-P030,2026-05-19,S002,P030,2,461.32
SALE-20260519-S002-P031,2026-05-19,S002,P031,12,3497.04
SALE-20260519-S002-P032,2026-05-19,S002,P032,2,1253.2
SALE-20260519-S002-P033,2026-05-19,S002,P033,15,10123.65
SALE-20260519-S002-P034,2026-05-19,S002,P034,16,2710.24
SALE-20260519-S002-P035,2026-05-19,S002,P035,14,1716.12
SALE-20260519-S002-P036,2026-05-19,S002,P036,3,562.17
SALE-20260519-S002-P037,2026-05-19,S002,P037,17,3184.95
SALE-20260519-S002-P038,2026-05-19,S002,P038,5,1934.15
SALE-20260519-S002-P039,2026-05-19,S002,P039,0,0.0
SALE-20260519-S002-P040,2026-05-19,S002,P040,14,2254.7
SALE-20260519-S002-P041,2026-05-19,S002,P041,6,5906.34
SALE-20260519-S002-P042,2026-05-19,S002,P042,19,20301.31
SALE-20260519-S002-P043,2026-05-19,S002,P043,13,9549.28
SALE-20260519-S002-P044,2026-05-19,S002,P044,6,809.7
SALE-20260519-S002-P045,2026-05-19,S002,P045,21,9358.65
SALE-20260519-S002-P046,2026-05-19,S002,P046,8,4447.44
SALE-20260519-S002-P047,2026-05-19,S002,P047,9,8486.91
SALE-20260519-S002-P048,2026-05-19,S002,P048,9,4264.02
SALE-20260519-S002-P049,2026-05-19,S002,P049,17,10789.22
SALE-20260519-S002-P050,2026-05-19,S002,P050,5,1951.9
SALE-20260519-S003-P001,2026-05-19,S003,P001,9,7099.74
SALE-20260519-S003-P002,2026-05-19,S003,P002,3,1947.45
SALE-20260519-S003-P003,2026-05-19,S003,P003,5,5354.35
SALE-20260519-S003-P004,2026-05-19,S003,P004,1,152.15
SALE-20260519-S003-P005,2026-05-19,S003,P005,7,3086.3
SALE-20260519-S003-P006,2026-05-19,S003,P006,2,1675.98
SALE-20260519-S003-P007,2026-05-19,S003,P007,6,1542.12
SALE-20260519-S003-P008,2026-05-19,S003,P008,4,3536.6
SALE-20260519-S003-P009,2026-05-19,S003,P009,6,4537.14
SALE-20260519-S003-P010,2026-05-19,S003,P010,8,7893.6
SALE-20260519-S003-P011,2026-05-19,S003,P011,0,0.0
SALE-20260519-S003-P012,2026-05-19,S003,P012,13,2454.79
SALE-20260519-S003-P013,2026-05-19,S003,P013,3,2594.64
SALE-20260519-S003-P014,2026-05-19,S003,P014,11,4333.01
SALE-20260519-S003-P015,2026-05-19,S003,P015,0,0.0
SALE-20260519-S003-P016,2026-05-19,S003,P016,7,1849.19
SALE-20260519-S003-P017,2026-05-19,S003,P017,9,4531.41
SALE-20260519-S003-P018,2026-05-19,S003,P018,9,3309.3
SALE-20260519-S003-P019,2026-05-19,S003,P019,13,10507.51
SALE-20260519-S003-P020,2026-05-19,S003,P020,6,3864.66
SALE-20260519-S003-P021,2026-05-19,S003,P021,6,1184.82
SALE-20260519-S003-P022,2026-05-19,S003,P022,9,6556.86
SALE-20260519-S003-P023,2026-05-19,S003,P023,10,7997.0
SALE-20260519-S003-P024,2026-05-19,S003,P024,9,1344.6
SALE-20260519-S003-P025,2026-05-19,S003,P025,0,0.0
SALE-20260519-S003-P026,2026-05-19,S003,P026,11,9018.68
SALE-20260519-S003-P027,2026-05-19,S003,P027,12,7072.56
SALE-20260519-S003-P028,2026-05-19,S003,P028,1,55.67
SALE-20260519-S003-P029,2026-05-19,S003,P029,11,2586.43
SALE-20260519-S003-P030,2026-05-19,S003,P030,4,922.64
SALE-20260519-S003-P031,2026-05-19,S003,P031,10,2914.2
SALE-20260519-S003-P032,2026-05-19,S003,P032,5,3133.0
SALE-20260519-S003-P033,2026-05-19,S003,P033,7,4724.37
SALE-20260519-S003-P034,2026-05-19,S003,P034,3,508.17
SALE-20260519-S003-P035,2026-05-19,S003,P035,20,2451.6
SALE-20260519-S003-P036,2026-05-19,S003,P036,1,187.39
SALE-20260519-S003-P037,2026-05-19,S003,P037,8,1498.8
SALE-20260519-S003-P038,2026-05-19,S003,P038,5,1934.15
SALE-20260519-S003-P039,2026-05-19,S003,P039,0,0.0
SALE-20260519-S003-P040,2026-05-19,S003,P040,6,966.3
SALE-20260519-S003-P041,2026-05-19,S003,P041,7,6890.73
SALE-20260519-S003-P042,2026-05-19,S003,P042,10,10684.9
SALE-20260519-S003-P043,2026-05-19,S003,P043,11,8080.16
SALE-20260519-S003-P044,2026-05-19,S003,P044,4,539.8
SALE-20260519-S003-P045,2026-05-19,S003,P045,20,8913.0
SALE-20260519-S003-P046,2026-05-19,S003,P046,5,2779.65
SALE-20260519-S003-P047,2026-05-19,S003,P047,11,10372.89
SALE-20260519-S003-P048,2026-05-19,S003,P048,2,947.56
SALE-20260519-S003-P049,2026-05-19,S003,P049,13,8250.58
SALE-20260520-S001-P001,2026-05-20,S001,P001,7,5522.02
SALE-20260520-S001-P002,2026-05-20,S001,P002,4,2596.6
SALE-20260520-S001-P003,2026-05-20,S001,P003,2,2141.74
SALE-20260520-S001-P004,2026-05-20,S001,P004,2,304.3
SALE-20260520-S001-P005,2026-05-20,S001,P005,4,1763.6
SALE-20260520-S001-P006,2026-05-20,S001,P006,6,5027.94
SALE-20260520-S001-P007,2026-05-20,S001,P007,15,3855.3
SALE-20260520-S001-P008,2026-05-20,S001,P008,11,9725.65
SALE-20260520-S001-P009,2026-05-20,S001,P009,9,6805.71
SALE-20260520-S001-P010,2026-05-20,S001,P010,3,2960.1
SALE-20260520-S001-P011,2026-05-20,S001,P011,2,437.8
SALE-20260520-S001-P012,2026-05-20,S001,P012,16,3021.28
SALE-20260520-S001-P013,2026-05-20,S001,P013,10,8648.8
SALE-20260520-S001-P014,2026-05-20,S001,P014,12,4726.92
SALE-20260520-S001-P015,2026-05-20,S001,P015,3,585.36
SALE-20260520-S001-P016,2026-05-20,S001,P016,9,2377.53
SALE-20260520-S001-P017,2026-05-20,S001,P017,8,4027.92
SALE-20260520-S001-P018,2026-05-20,S001,P018,16,5883.2
SALE-20260520-S001-P019,2026-05-20,S001,P019,13,10507.51
SALE-20260520-S001-P020,2026-05-20,S001,P020,6,3864.66
SALE-20260520-S001-P021,2026-05-20,S001,P021,1,197.47
SALE-20260520-S001-P022,2026-05-20,S001,P022,5,3642.7
SALE-20260520-S001-P023,2026-05-20,S001,P023,6,4798.2
SALE-20260520-S001-P024,2026-05-20,S001,P024,4,597.6
SALE-20260520-S001-P025,2026-05-20,S001,P025,1,690.47
SALE-20260520-S001-P026,2026-05-20,S001,P026,15,12298.2
SALE-20260520-S001-P027,2026-05-20,S001,P027,16,9430.08
SALE-20260520-S001-P028,2026-05-20,S001,P028,2,111.34
SALE-20260520-S001-P029,2026-05-20,S001,P029,4,940.52
SALE-20260520-S001-P030,2026-05-20,S001,P030,5,1153.3
SALE-20260520-S001-P031,2026-05-20,S001,P031,8,2331.36
SALE-20260520-S001-P032,2026-05-20,S001,P032,2,1253.2
SALE-20260520-S001-P033,2026-05-20,S001,P033,15,10123.65
SALE-20260520-S001-P034,2026-05-20,S001,P034,11,1863.29
SALE-20260520-S001-P035,2026-05-20,S001,P035,14,1716.12
SALE-20260520-S001-P036,2026-05-20,S001,P036,1,187.39
SALE-20260520-S001-P037,2026-05-20,S001,P037,18,3372.3
SALE-20260520-S001-P038,2026-05-20,S001,P038,4,1547.32
SALE-20260520-S001-P039,2026-05-20,S001,P039,2,1268.2
SALE-20260520-S001-P040,2026-05-20,S001,P040,10,1610.5
SALE-20260520-S001-P041,2026-05-20,S001,P041,6,5906.34
SALE-20260520-S001-P042,2026-05-20,S001,P042,9,9616.41
SALE-20260520-S001-P043,2026-05-20,S001,P043,9,6611.04
SALE-20260520-S001-P044,2026-05-20,S001,P044,1,134.95
SALE-20260520-S001-P045,2026-05-20,S001,P045,9,4010.85
SALE-20260520-S001-P046,2026-05-20,S001,P046,1,555.93
SALE-20260520-S001-P047,2026-05-20,S001,P047,5,4714.95
SALE-20260520-S001-P048,2026-05-20,S001,P048,3,1421.34
SALE-20260520-S001-P049,2026-05-20,S001,P049,12,7615.92
SALE-20260520-S001-P050,2026-05-20,S001,P050,3,1171.14
SALE-20260520-S002-P001,2026-05-20,S002,P001,3,2366.58
SALE-20260520-S002-P002,2026-05-20,S002,P002,7,4544.05
SALE-20260520-S002-P003,2026-05-20,S002,P003,5,5354.35
SALE-20260520-S002-P004,2026-05-20,S002,P004,1,152.15
SALE-20260520-S002-P005,2026-05-20,S002,P005,14,6172.6
SALE-20260520-S002-P006,2026-05-20,S002,P006,5,4189.95
SALE-20260520-S002-P007,2026-05-20,S002,P007,0,0.0
SALE-20260520-S002-P008,2026-05-20,S002,P008,7,6189.05
SALE-20260520-S002-P009,2026-05-20,S002,P009,5,3780.95
SALE-20260520-S002-P010,2026-05-20,S002,P010,8,7893.6
SALE-20260520-S002-P011,2026-05-20,S002,P011,1,218.9
SALE-20260520-S002-P012,2026-05-20,S002,P012,10,1888.3
SALE-20260520-S002-P013,2026-05-20,S002,P013,8,6919.04
SALE-20260520-S002-P014,2026-05-20,S002,P014,12,4726.92
SALE-20260520-S002-P015,2026-05-20,S002,P015,3,585.36
SALE-20260520-S002-P016,2026-05-20,S002,P016,9,2377.53
SALE-20260520-S002-P017,2026-05-20,S002,P017,7,3524.43
SALE-20260520-S002-P018,2026-05-20,S002,P018,22,8089.4
SALE-20260520-S002-P019,2026-05-20,S002,P019,10,8082.7
SALE-20260520-S002-P020,2026-05-20,S002,P020,15,9661.65
SALE-20260520-S002-P021,2026-05-20,S002,P021,6,1184.82
SALE-20260520-S002-P022,2026-05-20,S002,P022,7,5099.78
SALE-20260520-S002-P023,2026-05-20,S002,P023,6,4798.2
SALE-20260520-S002-P024,2026-05-20,S002,P024,10,1494.0
SALE-20260520-S002-P025,2026-05-20,S002,P025,3,2071.41
SALE-20260520-S002-P026,2026-05-20,S002,P026,18,14757.84
SALE-20260520-S002-P027,2026-05-20,S002,P027,17,10019.46
SALE-20260520-S002-P028,2026-05-20,S002,P028,0,0.0
SALE-20260520-S002-P029,2026-05-20,S002,P029,13,3056.69
SALE-20260520-S002-P030,2026-05-20,S002,P030,0,0.0
SALE-20260520-S002-P031,2026-05-20,S002,P031,10,2914.2
SALE-20260520-S002-P032,2026-05-20,S002,P032,5,3133.0
SALE-20260520-S002-P033,2026-05-20,S002,P033,13,8773.83
SALE-20260520-S002-P034,2026-05-20,S002,P034,7,1185.73
SALE-20260520-S002-P035,2026-05-20,S002,P035,11,1348.38
SALE-20260520-S002-P036,2026-05-20,S002,P036,7,1311.73
SALE-20260520-S002-P037,2026-05-20,S002,P037,13,2435.55
SALE-20260520-S002-P038,2026-05-20,S002,P038,4,1547.32
SALE-20260520-S002-P039,2026-05-20,S002,P039,1,634.1
SALE-20260520-S002-P040,2026-05-20,S002,P040,7,1127.35
SALE-20260520-S002-P041,2026-05-20,S002,P041,6,5906.34
SALE-20260520-S002-P042,2026-05-20,S002,P042,21,22438.29
SALE-20260520-S002-P043,2026-05-20,S002,P043,15,11018.4
SALE-20260520-S002-P044,2026-05-20,S002,P044,6,809.7
SALE-20260520-S002-P045,2026-05-20,S002,P045,18,8021.7
SALE-20260520-S002-P046,2026-05-20,S002,P046,9,5003.37
SALE-20260520-S002-P047,2026-05-20,S002,P047,9,8486.91
SALE-20260520-S002-P048,2026-05-20,S002,P048,4,1895.12
SALE-20260520-S002-P049,2026-05-20,S002,P049,21,13327.86
SALE-20260520-S002-P050,2026-05-20,S002,P050,4,1561.52
SALE-20260520-S003-P001,2026-05-20,S003,P001,7,5522.02
SALE-20260520-S003-P002,2026-05-20,S003,P002,6,3894.9
SALE-20260520-S003-P003,2026-05-20,S003,P003,3,3212.61
SALE-20260520-S003-P004,2026-05-20,S003,P004,2,304.3
SALE-20260520-S003-P005,2026-05-20,S003,P005,7,3086.3
SALE-20260520-S003-P006,2026-05-20,S003,P006,2,1675.98
SALE-20260520-S003-P007,2026-05-20,S003,P007,12,3084.24
SALE-20260520-S003-P008,2026-05-20,S003,P008,8,7073.2
SALE-20260520-S003-P009,2026-05-20,S003,P009,5,3780.95
SALE-20260520-S003-P010,2026-05-20,S003,P010,3,2960.1
SALE-20260520-S003-P011,2026-05-20,S003,P011,1,218.9
SALE-20260520-S003-P012,2026-05-20,S003,P012,18,3398.94
SALE-20260520-S003-P013,2026-05-20,S003,P013,6,5189.28
SALE-20260520-S003-P014,2026-05-20,S003,P014,4,1575.64
SALE-20260520-S003-P015,2026-05-20,S003,P015,2,390.24
SALE-20260520-S003-P016,2026-05-20,S003,P016,3,792.51
SALE-20260520-S003-P017,2026-05-20,S003,P017,5,2517.45
SALE-20260520-S003-P018,2026-05-20,S003,P018,9,3309.3
SALE-20260520-S003-P019,2026-05-20,S003,P019,8,6466.16
SALE-20260520-S003-P020,2026-05-20,S003,P020,8,5152.88
SALE-20260520-S003-P021,2026-05-20,S003,P021,2,394.94
SALE-20260520-S003-P022,2026-05-20,S003,P022,6,4371.24
SALE-20260520-S003-P023,2026-05-20,S003,P023,3,2399.1
SALE-20260520-S003-P024,2026-05-20,S003,P024,4,597.6
SALE-20260520-S003-P025,2026-05-20,S003,P025,1,690.47
SALE-20260520-S003-P026,2026-05-20,S003,P026,13,10658.44
SALE-20260520-S003-P027,2026-05-20,S003,P027,9,5304.42
SALE-20260520-S003-P028,2026-05-20,S003,P028,1,55.67
SALE-20260520-S003-P029,2026-05-20,S003,P029,4,940.52
SALE-20260520-S003-P030,2026-05-20,S003,P030,0,0.0
SALE-20260520-S003-P031,2026-05-20,S003,P031,9,2622.78
SALE-20260520-S003-P032,2026-05-20,S003,P032,4,2506.4
SALE-20260520-S003-P033,2026-05-20,S003,P033,7,4724.37
SALE-20260520-S003-P034,2026-05-20,S003,P034,6,1016.34
SALE-20260520-S003-P035,2026-05-20,S003,P035,14,1716.12
SALE-20260520-S003-P036,2026-05-20,S003,P036,2,374.78
SALE-20260520-S003-P037,2026-05-20,S003,P037,8,1498.8
SALE-20260520-S003-P038,2026-05-20,S003,P038,4,1547.32
SALE-20260520-S003-P039,2026-05-20,S003,P039,0,0.0
SALE-20260520-S003-P040,2026-05-20,S003,P040,7,1127.35
SALE-20260520-S003-P041,2026-05-20,S003,P041,6,5906.34
SALE-20260520-S003-P042,2026-05-20,S003,P042,11,11753.39
SALE-20260520-S003-P043,2026-05-20,S003,P043,8,5876.48
SALE-20260520-S003-P044,2026-05-20,S003,P044,8,1079.6
SALE-20260520-S003-P045,2026-05-20,S003,P045,14,6239.1
SALE-20260520-S003-P046,2026-05-20,S003,P046,3,1667.79
SALE-20260520-S003-P047,2026-05-20,S003,P047,7,6600.93
SALE-20260520-S003-P048,2026-05-20,S003,P048,5,2368.9
SALE-20260520-S003-P049,2026-05-20,S003,P049,9,5711.94
SALE-20260521-S001-P001,2026-05-21,S001,P001,12,9466.32
SALE-20260521-S001-P002,2026-05-21,S001,P002,5,3245.75
SALE-20260521-S001-P003,2026-05-21,S001,P003,4,4283.48
SALE-20260521-S001-P004,2026-05-21,S001,P004,1,152.15
SALE-20260521-S001-P005,2026-05-21,S001,P005,7,3086.3
SALE-20260521-S001-P006,2026-05-21,S001,P006,2,1675.98
SALE-20260521-S001-P007,2026-05-21,S001,P007,11,2827.22
SALE-20260521-S001-P008,2026-05-21,S001,P008,9,7957.35
SALE-20260521-S001-P009,2026-05-21,S001,P009,7,5293.33
SALE-20260521-S001-P010,2026-05-21,S001,P010,7,6906.9
SALE-20260521-S001-P011,2026-05-21,S001,P011,1,218.9
SALE-20260521-S001-P012,2026-05-21,S001,P012,24,4531.92
SALE-20260521-S001-P013,2026-05-21,S001,P013,3,2594.64
SALE-20260521-S001-P014,2026-05-21,S001,P014,8,3151.28
SALE-20260521-S001-P015,2026-05-21,S001,P015,2,390.24
SALE-20260521-S001-P016,2026-05-21,S001,P016,4,1056.68
SALE-20260521-S001-P017,2026-05-21,S001,P017,10,5034.9
SALE-20260521-S001-P018,2026-05-21,S001,P018,14,5147.8
SALE-20260521-S001-P019,2026-05-21,S001,P019,7,5657.89
SALE-20260521-S001-P020,2026-05-21,S001,P020,8,5152.88
SALE-20260521-S001-P021,2026-05-21,S001,P021,5,987.35
SALE-20260521-S001-P022,2026-05-21,S001,P022,6,4371.24
SALE-20260521-S001-P023,2026-05-21,S001,P023,8,6397.6
SALE-20260521-S001-P024,2026-05-21,S001,P024,6,896.4
SALE-20260521-S001-P025,2026-05-21,S001,P025,4,2761.88
SALE-20260521-S001-P026,2026-05-21,S001,P026,14,11478.32
SALE-20260521-S001-P027,2026-05-21,S001,P027,16,9430.08
SALE-20260521-S001-P028,2026-05-21,S001,P028,1,55.67
SALE-20260521-S001-P029,2026-05-21,S001,P029,7,1645.91
SALE-20260521-S001-P030,2026-05-21,S001,P030,2,461.32
SALE-20260521-S001-P031,2026-05-21,S001,P031,15,4371.3
SALE-20260521-S001-P032,2026-05-21,S001,P032,6,3759.6
SALE-20260521-S001-P033,2026-05-21,S001,P033,11,7424.01
SALE-20260521-S001-P034,2026-05-21,S001,P034,9,1524.51
SALE-20260521-S001-P035,2026-05-21,S001,P035,14,1716.12
SALE-20260521-S001-P036,2026-05-21,S001,P036,4,749.56
SALE-20260521-S001-P037,2026-05-21,S001,P037,10,1873.5
SALE-20260521-S001-P038,2026-05-21,S001,P038,7,2707.81
SALE-20260521-S001-P039,2026-05-21,S001,P039,3,1902.3
SALE-20260521-S001-P040,2026-05-21,S001,P040,12,1932.6
SALE-20260521-S001-P041,2026-05-21,S001,P041,8,7875.12
SALE-20260521-S001-P042,2026-05-21,S001,P042,15,16027.35
SALE-20260521-S001-P043,2026-05-21,S001,P043,12,8814.72
SALE-20260521-S001-P044,2026-05-21,S001,P044,6,809.7
SALE-20260521-S001-P045,2026-05-21,S001,P045,17,7576.05
SALE-20260521-S001-P046,2026-05-21,S001,P046,5,2779.65
SALE-20260521-S001-P047,2026-05-21,S001,P047,12,11315.88
SALE-20260521-S001-P048,2026-05-21,S001,P048,4,1895.12
SALE-20260521-S001-P049,2026-05-21,S001,P049,17,10789.22
SALE-20260521-S001-P050,2026-05-21,S001,P050,5,1951.9
SALE-20260521-S002-P001,2026-05-21,S002,P001,8,6310.88
SALE-20260521-S002-P002,2026-05-21,S002,P002,13,8438.95
SALE-20260521-S002-P003,2026-05-21,S002,P003,4,4283.48
SALE-20260521-S002-P004,2026-05-21,S002,P004,0,0.0
SALE-20260521-S002-P005,2026-05-21,S002,P005,10,4409.0
SALE-20260521-S002-P006,2026-05-21,S002,P006,5,4189.95
SALE-20260521-S002-P007,2026-05-21,S002,P007,0,0.0
SALE-20260521-S002-P008,2026-05-21,S002,P008,8,7073.2
SALE-20260521-S002-P009,2026-05-21,S002,P009,4,3024.76
SALE-20260521-S002-P010,2026-05-21,S002,P010,11,10853.7
SALE-20260521-S002-P011,2026-05-21,S002,P011,1,218.9
SALE-20260521-S002-P012,2026-05-21,S002,P012,15,2832.45
SALE-20260521-S002-P013,2026-05-21,S002,P013,14,12108.32
SALE-20260521-S002-P014,2026-05-21,S002,P014,13,5120.83
SALE-20260521-S002-P015,2026-05-21,S002,P015,4,780.48
SALE-20260521-S002-P016,2026-05-21,S002,P016,12,3170.04
SALE-20260521-S002-P017,2026-05-21,S002,P017,6,3020.94
SALE-20260521-S002-P018,2026-05-21,S002,P018,17,6250.9
SALE-20260521-S002-P019,2026-05-21,S002,P019,15,12124.05
SALE-20260521-S002-P020,2026-05-21,S002,P020,8,5152.88
SALE-20260521-S002-P021,2026-05-21,S002,P021,7,1382.29
SALE-20260521-S002-P022,2026-05-21,S002,P022,5,3642.7
SALE-20260521-S002-P023,2026-05-21,S002,P023,13,10396.1
SALE-20260521-S002-P024,2026-05-21,S002,P024,7,1045.8
SALE-20260521-S002-P025,2026-05-21,S002,P025,4,2761.88
SALE-20260521-S002-P026,2026-05-21,S002,P026,16,13118.08
SALE-20260521-S002-P027,2026-05-21,S002,P027,10,5893.8
SALE-20260521-S002-P028,2026-05-21,S002,P028,5,278.35
SALE-20260521-S002-P029,2026-05-21,S002,P029,11,2586.43
SALE-20260521-S002-P030,2026-05-21,S002,P030,3,691.98
SALE-20260521-S002-P031,2026-05-21,S002,P031,9,2622.78
SALE-20260521-S002-P032,2026-05-21,S002,P032,4,2506.4
SALE-20260521-S002-P033,2026-05-21,S002,P033,11,7424.01
SALE-20260521-S002-P034,2026-05-21,S002,P034,11,1863.29
SALE-20260521-S002-P035,2026-05-21,S002,P035,8,980.64
SALE-20260521-S002-P036,2026-05-21,S002,P036,5,936.95
SALE-20260521-S002-P037,2026-05-21,S002,P037,11,2060.85
SALE-20260521-S002-P038,2026-05-21,S002,P038,7,2707.81
SALE-20260521-S002-P039,2026-05-21,S002,P039,2,1268.2
SALE-20260521-S002-P040,2026-05-21,S002,P040,5,805.25
SALE-20260521-S002-P041,2026-05-21,S002,P041,10,9843.9
SALE-20260521-S002-P042,2026-05-21,S002,P042,18,19232.82
SALE-20260521-S002-P043,2026-05-21,S002,P043,13,9549.28
SALE-20260521-S002-P044,2026-05-21,S002,P044,10,1349.5
SALE-20260521-S002-P045,2026-05-21,S002,P045,12,5347.8
SALE-20260521-S002-P046,2026-05-21,S002,P046,2,1111.86
SALE-20260521-S002-P047,2026-05-21,S002,P047,12,11315.88
SALE-20260521-S002-P048,2026-05-21,S002,P048,8,3790.24
SALE-20260521-S002-P049,2026-05-21,S002,P049,13,8250.58
SALE-20260521-S002-P050,2026-05-21,S002,P050,6,2342.28
SALE-20260521-S003-P001,2026-05-21,S003,P001,4,3155.44
SALE-20260521-S003-P002,2026-05-21,S003,P002,3,1947.45
SALE-20260521-S003-P003,2026-05-21,S003,P003,8,8566.96
SALE-20260521-S003-P004,2026-05-21,S003,P004,2,304.3
SALE-20260521-S003-P005,2026-05-21,S003,P005,10,4409.0
SALE-20260521-S003-P006,2026-05-21,S003,P006,4,3351.96
SALE-20260521-S003-P007,2026-05-21,S003,P007,14,3598.28
SALE-20260521-S003-P008,2026-05-21,S003,P008,14,12378.1
SALE-20260521-S003-P009,2026-05-21,S003,P009,8,6049.52
SALE-20260521-S003-P010,2026-05-21,S003,P010,12,11840.4
SALE-20260521-S003-P011,2026-05-21,S003,P011,1,218.9
SALE-20260521-S003-P012,2026-05-21,S003,P012,8,1510.64
SALE-20260521-S003-P013,2026-05-21,S003,P013,4,3459.52
SALE-20260521-S003-P014,2026-05-21,S003,P014,12,4726.92
SALE-20260521-S003-P015,2026-05-21,S003,P015,4,780.48
SALE-20260521-S003-P016,2026-05-21,S003,P016,11,2905.87
SALE-20260521-S003-P017,2026-05-21,S003,P017,10,5034.9
SALE-20260521-S003-P018,2026-05-21,S003,P018,13,4780.1
SALE-20260521-S003-P019,2026-05-21,S003,P019,14,11315.78
SALE-20260521-S003-P020,2026-05-21,S003,P020,8,5152.88
SALE-20260521-S003-P021,2026-05-21,S003,P021,5,987.35
SALE-20260521-S003-P022,2026-05-21,S003,P022,3,2185.62
SALE-20260521-S003-P023,2026-05-21,S003,P023,6,4798.2
SALE-20260521-S003-P024,2026-05-21,S003,P024,7,1045.8
SALE-20260521-S003-P025,2026-05-21,S003,P025,0,0.0
SALE-20260521-S003-P026,2026-05-21,S003,P026,14,11478.32
SALE-20260521-S003-P027,2026-05-21,S003,P027,12,7072.56
SALE-20260521-S003-P028,2026-05-21,S003,P028,0,0.0
SALE-20260521-S003-P029,2026-05-21,S003,P029,6,1410.78
SALE-20260521-S003-P030,2026-05-21,S003,P030,3,691.98
SALE-20260521-S003-P031,2026-05-21,S003,P031,9,2622.78
SALE-20260521-S003-P032,2026-05-21,S003,P032,4,2506.4
SALE-20260521-S003-P033,2026-05-21,S003,P033,7,4724.37
SALE-20260521-S003-P034,2026-05-21,S003,P034,11,1863.29
SALE-20260521-S003-P035,2026-05-21,S003,P035,5,612.9
SALE-20260521-S003-P036,2026-05-21,S003,P036,0,0.0
SALE-20260521-S003-P037,2026-05-21,S003,P037,6,1124.1
SALE-20260521-S003-P038,2026-05-21,S003,P038,1,386.83
SALE-20260521-S003-P039,2026-05-21,S003,P039,1,634.1
SALE-20260521-S003-P040,2026-05-21,S003,P040,5,805.25
SALE-20260521-S003-P041,2026-05-21,S003,P041,6,5906.34
SALE-20260521-S003-P042,2026-05-21,S003,P042,14,14958.86
SALE-20260521-S003-P043,2026-05-21,S003,P043,9,6611.04
SALE-20260521-S003-P044,2026-05-21,S003,P044,4,539.8
SALE-20260521-S003-P045,2026-05-21,S003,P045,7,3119.55
SALE-20260521-S003-P046,2026-05-21,S003,P046,2,1111.86
SALE-20260521-S003-P047,2026-05-21,S003,P047,4,3771.96
SALE-20260521-S003-P048,2026-05-21,S003,P048,5,2368.9
SALE-20260521-S003-P049,2026-05-21,S003,P049,5,3173.3
SALE-20260522-S001-P001,2026-05-22,S001,P001,8,6310.88
SALE-20260522-S001-P002,2026-05-22,S001,P002,6,3894.9
SALE-20260522-S001-P003,2026-05-22,S001,P003,4,4283.48
SALE-20260522-S001-P004,2026-05-22,S001,P004,3,456.45
SALE-20260522-S001-P005,2026-05-22,S001,P005,11,4849.9
SALE-20260522-S001-P006,2026-05-22,S001,P006,3,2513.97
SALE-20260522-S001-P007,2026-05-22,S001,P007,11,2827.22
SALE-20260522-S001-P008,2026-05-22,S001,P008,8,7073.2
SALE-20260522-S001-P009,2026-05-22,S001,P009,4,3024.76
SALE-20260522-S001-P010,2026-05-22,S001,P010,6,5920.2
SALE-20260522-S001-P011,2026-05-22,S001,P011,1,218.9
SALE-20260522-S001-P012,2026-05-22,S001,P012,16,3021.28
SALE-20260522-S001-P013,2026-05-22,S001,P013,9,7783.92
SALE-20260522-S001-P014,2026-05-22,S001,P014,13,5120.83
SALE-20260522-S001-P015,2026-05-22,S001,P015,10,1951.2
SALE-20260522-S001-P016,2026-05-22,S001,P016,5,1320.85
SALE-20260522-S001-P017,2026-05-22,S001,P017,5,2517.45
SALE-20260522-S001-P018,2026-05-22,S001,P018,17,6250.9
SALE-20260522-S001-P019,2026-05-22,S001,P019,10,8082.7
SALE-20260522-S001-P020,2026-05-22,S001,P020,5,3220.55
SALE-20260522-S001-P021,2026-05-22,S001,P021,5,987.35
SALE-20260522-S001-P022,2026-05-22,S001,P022,5,3642.7
SALE-20260522-S001-P023,2026-05-22,S001,P023,4,3198.8
SALE-20260522-S001-P024,2026-05-22,S001,P024,7,1045.8
SALE-20260522-S001-P025,2026-05-22,S001,P025,4,2761.88
SALE-20260522-S001-P026,2026-05-22,S001,P026,17,13937.96
SALE-20260522-S001-P027,2026-05-22,S001,P027,18,10608.84
SALE-20260522-S001-P028,2026-05-22,S001,P028,3,167.01
SALE-20260522-S001-P029,2026-05-22,S001,P029,9,2116.17
SALE-20260522-S001-P030,2026-05-22,S001,P030,1,230.66
SALE-20260522-S001-P031,2026-05-22,S001,P031,13,3788.46
SALE-20260522-S001-P032,2026-05-22,S001,P032,9,5639.4
SALE-20260522-S001-P033,2026-05-22,S001,P033,12,8098.92
SALE-20260522-S001-P034,2026-05-22,S001,P034,8,1355.12
SALE-20260522-S001-P035,2026-05-22,S001,P035,11,1348.38
SALE-20260522-S001-P036,2026-05-22,S001,P036,2,374.78
SALE-20260522-S001-P037,2026-05-22,S001,P037,10,1873.5
SALE-20260522-S001-P038,2026-05-22,S001,P038,9,3481.47
SALE-20260522-S001-P039,2026-05-22,S001,P039,1,634.1
SALE-20260522-S001-P040,2026-05-22,S001,P040,6,966.3
SALE-20260522-S001-P041,2026-05-22,S001,P041,6,5906.34
SALE-20260522-S001-P042,2026-05-22,S001,P042,11,11753.39
SALE-20260522-S001-P043,2026-05-22,S001,P043,10,7345.6
SALE-20260522-S001-P044,2026-05-22,S001,P044,3,404.85
SALE-20260522-S001-P045,2026-05-22,S001,P045,17,7576.05
SALE-20260522-S001-P046,2026-05-22,S001,P046,5,2779.65
SALE-20260522-S001-P047,2026-05-22,S001,P047,3,2828.97
SALE-20260522-S001-P048,2026-05-22,S001,P048,7,3316.46
SALE-20260522-S001-P049,2026-05-22,S001,P049,14,8885.24
SALE-20260522-S001-P050,2026-05-22,S001,P050,1,390.38
SALE-20260522-S002-P001,2026-05-22,S002,P001,3,2366.58
SALE-20260522-S002-P002,2026-05-22,S002,P002,9,5842.35
SALE-20260522-S002-P003,2026-05-22,S002,P003,5,5354.35
SALE-20260522-S002-P004,2026-05-22,S002,P004,0,0.0
SALE-20260522-S002-P005,2026-05-22,S002,P005,8,3527.2
SALE-20260522-S002-P006,2026-05-22,S002,P006,1,837.99
SALE-20260522-S002-P007,2026-05-22,S002,P007,0,0.0
SALE-20260522-S002-P008,2026-05-22,S002,P008,10,8841.5
SALE-20260522-S002-P009,2026-05-22,S002,P009,6,4537.14
SALE-20260522-S002-P010,2026-05-22,S002,P010,16,15787.2
SALE-20260522-S002-P011,2026-05-22,S002,P011,3,656.7
SALE-20260522-S002-P012,2026-05-22,S002,P012,15,2832.45
SALE-20260522-S002-P013,2026-05-22,S002,P013,7,6054.16
SALE-20260522-S002-P014,2026-05-22,S002,P014,14,5514.74
SALE-20260522-S002-P015,2026-05-22,S002,P015,1,195.12
SALE-20260522-S002-P016,2026-05-22,S002,P016,13,3434.21
SALE-20260522-S002-P017,2026-05-22,S002,P017,11,5538.39
SALE-20260522-S002-P018,2026-05-22,S002,P018,11,4044.7
SALE-20260522-S002-P019,2026-05-22,S002,P019,11,8890.97
SALE-20260522-S002-P020,2026-05-22,S002,P020,12,7729.32
SALE-20260522-S002-P021,2026-05-22,S002,P021,8,1579.76
SALE-20260522-S002-P022,2026-05-22,S002,P022,8,5828.32
SALE-20260522-S002-P023,2026-05-22,S002,P023,4,3198.8
SALE-20260522-S002-P024,2026-05-22,S002,P024,11,1643.4
SALE-20260522-S002-P025,2026-05-22,S002,P025,1,690.47
SALE-20260522-S002-P026,2026-05-22,S002,P026,18,14757.84
SALE-20260522-S002-P027,2026-05-22,S002,P027,14,8251.32
SALE-20260522-S002-P028,2026-05-22,S002,P028,4,222.68
SALE-20260522-S002-P029,2026-05-22,S002,P029,8,1881.04
SALE-20260522-S002-P030,2026-05-22,S002,P030,2,461.32
SALE-20260522-S002-P031,2026-05-22,S002,P031,13,3788.46
SALE-20260522-S002-P032,2026-05-22,S002,P032,6,3759.6
SALE-20260522-S002-P033,2026-05-22,S002,P033,16,10798.56
SALE-20260522-S002-P034,2026-05-22,S002,P034,14,2371.46
SALE-20260522-S002-P035,2026-05-22,S002,P035,19,2329.02
SALE-20260522-S002-P036,2026-05-22,S002,P036,5,936.95
SALE-20260522-S002-P037,2026-05-22,S002,P037,14,2622.9
SALE-20260522-S002-P038,2026-05-22,S002,P038,8,3094.64
SALE-20260522-S002-P039,2026-05-22,S002,P039,2,1268.2
SALE-20260522-S002-P040,2026-05-22,S002,P040,12,1932.6
SALE-20260522-S002-P041,2026-05-22,S002,P041,10,9843.9
SALE-20260522-S002-P042,2026-05-22,S002,P042,15,16027.35
SALE-20260522-S002-P043,2026-05-22,S002,P043,14,10283.84
SALE-20260522-S002-P044,2026-05-22,S002,P044,9,1214.55
SALE-20260522-S002-P045,2026-05-22,S002,P045,14,6239.1
SALE-20260522-S002-P046,2026-05-22,S002,P046,10,5559.3
SALE-20260522-S002-P047,2026-05-22,S002,P047,11,10372.89
SALE-20260522-S002-P048,2026-05-22,S002,P048,6,2842.68
SALE-20260522-S002-P049,2026-05-22,S002,P049,18,11423.88
SALE-20260522-S002-P050,2026-05-22,S002,P050,5,1951.9
SALE-20260522-S003-P001,2026-05-22,S003,P001,6,4733.16
SALE-20260522-S003-P002,2026-05-22,S003,P002,5,3245.75
SALE-20260522-S003-P003,2026-05-22,S003,P003,3,3212.61
SALE-20260522-S003-P004,2026-05-22,S003,P004,2,304.3
SALE-20260522-S003-P005,2026-05-22,S003,P005,8,3527.2
SALE-20260522-S003-P006,2026-05-22,S003,P006,7,5865.93
SALE-20260522-S003-P007,2026-05-22,S003,P007,11,2827.22
SALE-20260522-S003-P008,2026-05-22,S003,P008,8,7073.2
SALE-20260522-S003-P009,2026-05-22,S003,P009,7,5293.33
SALE-20260522-S003-P010,2026-05-22,S003,P010,5,4933.5
SALE-20260522-S003-P011,2026-05-22,S003,P011,1,218.9
SALE-20260522-S003-P012,2026-05-22,S003,P012,12,2265.96
SALE-20260522-S003-P013,2026-05-22,S003,P013,3,2594.64
SALE-20260522-S003-P014,2026-05-22,S003,P014,9,3545.19
SALE-20260522-S003-P015,2026-05-22,S003,P015,1,195.12
SALE-20260522-S003-P016,2026-05-22,S003,P016,5,1320.85
SALE-20260522-S003-P017,2026-05-22,S003,P017,9,4531.41
SALE-20260522-S003-P018,2026-05-22,S003,P018,10,3677.0
SALE-20260522-S003-P019,2026-05-22,S003,P019,15,12124.05
SALE-20260522-S003-P020,2026-05-22,S003,P020,6,3864.66
SALE-20260522-S003-P021,2026-05-22,S003,P021,5,987.35
SALE-20260522-S003-P022,2026-05-22,S003,P022,2,1457.08
SALE-20260522-S003-P023,2026-05-22,S003,P023,8,6397.6
SALE-20260522-S003-P024,2026-05-22,S003,P024,9,1344.6
SALE-20260522-S003-P025,2026-05-22,S003,P025,0,0.0
SALE-20260522-S003-P026,2026-05-22,S003,P026,8,6559.04
SALE-20260522-S003-P027,2026-05-22,S003,P027,17,10019.46
SALE-20260522-S003-P028,2026-05-22,S003,P028,2,111.34
SALE-20260522-S003-P029,2026-05-22,S003,P029,11,2586.43
SALE-20260522-S003-P030,2026-05-22,S003,P030,0,0.0
SALE-20260522-S003-P031,2026-05-22,S003,P031,6,1748.52
SALE-20260522-S003-P032,2026-05-22,S003,P032,4,2506.4
SALE-20260522-S003-P033,2026-05-22,S003,P033,6,4049.46
SALE-20260522-S003-P034,2026-05-22,S003,P034,6,1016.34
SALE-20260522-S003-P035,2026-05-22,S003,P035,8,980.64
SALE-20260522-S003-P036,2026-05-22,S003,P036,2,374.78
SALE-20260522-S003-P037,2026-05-22,S003,P037,11,2060.85
SALE-20260522-S003-P038,2026-05-22,S003,P038,7,2707.81
SALE-20260522-S003-P039,2026-05-22,S003,P039,4,2536.4
SALE-20260522-S003-P040,2026-05-22,S003,P040,14,2254.7
SALE-20260522-S003-P041,2026-05-22,S003,P041,9,8859.51
SALE-20260522-S003-P042,2026-05-22,S003,P042,8,8547.92
SALE-20260522-S003-P043,2026-05-22,S003,P043,7,5141.92
SALE-20260522-S003-P044,2026-05-22,S003,P044,5,674.75
SALE-20260522-S003-P045,2026-05-22,S003,P045,16,7130.4
SALE-20260522-S003-P046,2026-05-22,S003,P046,4,2223.72
SALE-20260522-S003-P047,2026-05-22,S003,P047,5,4714.95
SALE-20260522-S003-P048,2026-05-22,S003,P048,4,1895.12
SALE-20260522-S003-P049,2026-05-22,S003,P049,19,12058.54
SALE-20260523-S001-P001,2026-05-23,S001,P001,7,5522.02
SALE-20260523-S001-P002,2026-05-23,S001,P002,4,2596.6
SALE-20260523-S001-P003,2026-05-23,S001,P003,6,6425.22
SALE-20260523-S001-P004,2026-05-23,S001,P004,2,304.3
SALE-20260523-S001-P005,2026-05-23,S001,P005,10,4409.0
SALE-20260523-S001-P006,2026-05-23,S001,P006,3,2513.97
SALE-20260523-S001-P007,2026-05-23,S001,P007,13,3341.26
SALE-20260523-S001-P008,2026-05-23,S001,P008,4,3536.6
SALE-20260523-S001-P009,2026-05-23,S001,P009,6,4537.14
SALE-20260523-S001-P010,2026-05-23,S001,P010,9,8880.3
SALE-20260523-S001-P011,2026-05-23,S001,P011,4,875.6
SALE-20260523-S001-P012,2026-05-23,S001,P012,17,3210.11
SALE-20260523-S001-P013,2026-05-23,S001,P013,12,10378.56
SALE-20260523-S001-P014,2026-05-23,S001,P014,9,3545.19
SALE-20260523-S001-P015,2026-05-23,S001,P015,4,780.48
SALE-20260523-S001-P016,2026-05-23,S001,P016,9,2377.53
SALE-20260523-S001-P017,2026-05-23,S001,P017,10,5034.9
SALE-20260523-S001-P018,2026-05-23,S001,P018,15,5515.5
SALE-20260523-S001-P019,2026-05-23,S001,P019,6,4849.62
SALE-20260523-S001-P020,2026-05-23,S001,P020,11,7085.21
SALE-20260523-S001-P021,2026-05-23,S001,P021,5,987.35
SALE-20260523-S001-P022,2026-05-23,S001,P022,9,6556.86
SALE-20260523-S001-P023,2026-05-23,S001,P023,7,5597.9
SALE-20260523-S001-P024,2026-05-23,S001,P024,10,1494.0
SALE-20260523-S001-P025,2026-05-23,S001,P025,1,690.47
SALE-20260523-S001-P026,2026-05-23,S001,P026,20,16397.6
SALE-20260523-S001-P027,2026-05-23,S001,P027,11,6483.18
SALE-20260523-S001-P028,2026-05-23,S001,P028,9,501.03
SALE-20260523-S001-P029,2026-05-23,S001,P029,6,1410.78
SALE-20260523-S001-P030,2026-05-23,S001,P030,1,230.66
SALE-20260523-S001-P031,2026-05-23,S001,P031,15,4371.3
SALE-20260523-S001-P032,2026-05-23,S001,P032,6,3759.6
SALE-20260523-S001-P033,2026-05-23,S001,P033,8,5399.28
SALE-20260523-S001-P034,2026-05-23,S001,P034,6,1016.34
SALE-20260523-S001-P035,2026-05-23,S001,P035,11,1348.38
SALE-20260523-S001-P036,2026-05-23,S001,P036,5,936.95
SALE-20260523-S001-P037,2026-05-23,S001,P037,15,2810.25
SALE-20260523-S001-P038,2026-05-23,S001,P038,7,2707.81
SALE-20260523-S001-P039,2026-05-23,S001,P039,0,0.0
SALE-20260523-S001-P040,2026-05-23,S001,P040,7,1127.35
SALE-20260523-S001-P041,2026-05-23,S001,P041,4,3937.56
SALE-20260523-S001-P042,2026-05-23,S001,P042,11,11753.39
SALE-20260523-S001-P043,2026-05-23,S001,P043,10,7345.6
SALE-20260523-S001-P044,2026-05-23,S001,P044,11,1484.45
SALE-20260523-S001-P045,2026-05-23,S001,P045,20,8913.0
SALE-20260523-S001-P046,2026-05-23,S001,P046,8,4447.44
SALE-20260523-S001-P047,2026-05-23,S001,P047,5,4714.95
SALE-20260523-S001-P048,2026-05-23,S001,P048,6,2842.68
SALE-20260523-S001-P049,2026-05-23,S001,P049,18,11423.88
SALE-20260523-S001-P050,2026-05-23,S001,P050,8,3123.04
SALE-20260523-S002-P001,2026-05-23,S002,P001,13,10255.18
SALE-20260523-S002-P002,2026-05-23,S002,P002,4,2596.6
SALE-20260523-S002-P003,2026-05-23,S002,P003,3,3212.61
SALE-20260523-S002-P004,2026-05-23,S002,P004,0,0.0
SALE-20260523-S002-P005,2026-05-23,S002,P005,16,7054.4
SALE-20260523-S002-P006,2026-05-23,S002,P006,4,3351.96
SALE-20260523-S002-P007,2026-05-23,S002,P007,0,0.0
SALE-20260523-S002-P008,2026-05-23,S002,P008,13,11493.95
SALE-20260523-S002-P009,2026-05-23,S002,P009,5,3780.95
SALE-20260523-S002-P010,2026-05-23,S002,P010,16,15787.2
SALE-20260523-S002-P011,2026-05-23,S002,P011,4,875.6
SALE-20260523-S002-P012,2026-05-23,S002,P012,17,3210.11
SALE-20260523-S002-P013,2026-05-23,S002,P013,8,6919.04
SALE-20260523-S002-P014,2026-05-23,S002,P014,14,5514.74
SALE-20260523-S002-P015,2026-05-23,S002,P015,6,1170.72
SALE-20260523-S002-P016,2026-05-23,S002,P016,8,2113.36
SALE-20260523-S002-P017,2026-05-23,S002,P017,7,3524.43
SALE-20260523-S002-P018,2026-05-23,S002,P018,25,9192.5
SALE-20260523-S002-P019,2026-05-23,S002,P019,14,11315.78
SALE-20260523-S002-P020,2026-05-23,S002,P020,9,5796.99
SALE-20260523-S002-P021,2026-05-23,S002,P021,10,1974.7
SALE-20260523-S002-P022,2026-05-23,S002,P022,7,5099.78
SALE-20260523-S002-P023,2026-05-23,S002,P023,7,5597.9
SALE-20260523-S002-P024,2026-05-23,S002,P024,11,1643.4
SALE-20260523-S002-P025,2026-05-23,S002,P025,3,2071.41
SALE-20260523-S002-P026,2026-05-23,S002,P026,17,13937.96
SALE-20260523-S002-P027,2026-05-23,S002,P027,19,11198.22
SALE-20260523-S002-P028,2026-05-23,S002,P028,6,334.02
SALE-20260523-S002-P029,2026-05-23,S002,P029,8,1881.04
SALE-20260523-S002-P030,2026-05-23,S002,P030,6,1383.96
SALE-20260523-S002-P031,2026-05-23,S002,P031,14,4079.88
SALE-20260523-S002-P032,2026-05-23,S002,P032,6,3759.6
SALE-20260523-S002-P033,2026-05-23,S002,P033,21,14173.11
SALE-20260523-S002-P034,2026-05-23,S002,P034,16,2710.24
SALE-20260523-S002-P035,2026-05-23,S002,P035,22,2696.76
SALE-20260523-S002-P036,2026-05-23,S002,P036,1,187.39
SALE-20260523-S002-P037,2026-05-23,S002,P037,14,2622.9
SALE-20260523-S002-P038,2026-05-23,S002,P038,7,2707.81
SALE-20260523-S002-P039,2026-05-23,S002,P039,2,1268.2
SALE-20260523-S002-P040,2026-05-23,S002,P040,13,2093.65
SALE-20260523-S002-P041,2026-05-23,S002,P041,7,6890.73
SALE-20260523-S002-P042,2026-05-23,S002,P042,16,17095.84
SALE-20260523-S002-P043,2026-05-23,S002,P043,18,13222.08
SALE-20260523-S002-P044,2026-05-23,S002,P044,16,2159.2
SALE-20260523-S002-P045,2026-05-23,S002,P045,21,9358.65
SALE-20260523-S002-P046,2026-05-23,S002,P046,3,1667.79
SALE-20260523-S002-P047,2026-05-23,S002,P047,9,8486.91
SALE-20260523-S002-P048,2026-05-23,S002,P048,10,4737.8
SALE-20260523-S002-P049,2026-05-23,S002,P049,18,11423.88
SALE-20260523-S002-P050,2026-05-23,S002,P050,4,1561.52
SALE-20260523-S003-P001,2026-05-23,S003,P001,13,10255.18
SALE-20260523-S003-P002,2026-05-23,S003,P002,3,1947.45
SALE-20260523-S003-P003,2026-05-23,S003,P003,3,3212.61
SALE-20260523-S003-P004,2026-05-23,S003,P004,1,152.15
SALE-20260523-S003-P005,2026-05-23,S003,P005,9,3968.1
SALE-20260523-S003-P006,2026-05-23,S003,P006,4,3351.96
SALE-20260523-S003-P007,2026-05-23,S003,P007,15,3855.3
SALE-20260523-S003-P008,2026-05-23,S003,P008,3,2652.45
SALE-20260523-S003-P009,2026-05-23,S003,P009,7,5293.33
SALE-20260523-S003-P010,2026-05-23,S003,P010,6,5920.2
SALE-20260523-S003-P011,2026-05-23,S003,P011,4,875.6
SALE-20260523-S003-P012,2026-05-23,S003,P012,10,1888.3
SALE-20260523-S003-P013,2026-05-23,S003,P013,7,6054.16
SALE-20260523-S003-P014,2026-05-23,S003,P014,8,3151.28
SALE-20260523-S003-P015,2026-05-23,S003,P015,2,390.24
SALE-20260523-S003-P016,2026-05-23,S003,P016,8,2113.36
SALE-20260523-S003-P017,2026-05-23,S003,P017,10,5034.9
SALE-20260523-S003-P018,2026-05-23,S003,P018,7,2573.9
SALE-20260523-S003-P019,2026-05-23,S003,P019,9,7274.43
SALE-20260523-S003-P020,2026-05-23,S003,P020,7,4508.77
SALE-20260523-S003-P021,2026-05-23,S003,P021,8,1579.76
SALE-20260523-S003-P022,2026-05-23,S003,P022,4,2914.16
SALE-20260523-S003-P023,2026-05-23,S003,P023,11,8796.7
SALE-20260523-S003-P024,2026-05-23,S003,P024,10,1494.0
SALE-20260523-S003-P025,2026-05-23,S003,P025,3,2071.41
SALE-20260523-S003-P026,2026-05-23,S003,P026,8,6559.04
SALE-20260523-S003-P027,2026-05-23,S003,P027,15,8840.7
SALE-20260523-S003-P028,2026-05-23,S003,P028,5,278.35
SALE-20260523-S003-P029,2026-05-23,S003,P029,13,3056.69
SALE-20260523-S003-P030,2026-05-23,S003,P030,1,230.66
SALE-20260523-S003-P031,2026-05-23,S003,P031,11,3205.62
SALE-20260523-S003-P032,2026-05-23,S003,P032,3,1879.8
SALE-20260523-S003-P033,2026-05-23,S003,P033,11,7424.01
SALE-20260523-S003-P034,2026-05-23,S003,P034,10,1693.9
SALE-20260523-S003-P035,2026-05-23,S003,P035,13,1593.54
SALE-20260523-S003-P036,2026-05-23,S003,P036,3,562.17
SALE-20260523-S003-P037,2026-05-23,S003,P037,14,2622.9
SALE-20260523-S003-P038,2026-05-23,S003,P038,2,773.66
SALE-20260523-S003-P039,2026-05-23,S003,P039,1,634.1
SALE-20260523-S003-P040,2026-05-23,S003,P040,4,644.2
SALE-20260523-S003-P041,2026-05-23,S003,P041,6,5906.34
SALE-20260523-S003-P042,2026-05-23,S003,P042,18,19232.82
SALE-20260523-S003-P043,2026-05-23,S003,P043,12,8814.72
SALE-20260523-S003-P044,2026-05-23,S003,P044,10,1349.5
SALE-20260523-S003-P045,2026-05-23,S003,P045,9,4010.85
SALE-20260523-S003-P046,2026-05-23,S003,P046,5,2779.65
SALE-20260523-S003-P047,2026-05-23,S003,P047,6,5657.94
SALE-20260523-S003-P048,2026-05-23,S003,P048,2,947.56
SALE-20260523-S003-P049,2026-05-23,S003,P049,15,9519.9
SALE-20260524-S001-P001,2026-05-24,S001,P001,13,10255.18
SALE-20260524-S001-P002,2026-05-24,S001,P002,8,5193.2
SALE-20260524-S001-P003,2026-05-24,S001,P003,4,4283.48
SALE-20260524-S001-P004,2026-05-24,S001,P004,4,608.6
SALE-20260524-S001-P005,2026-05-24,S001,P005,10,4409.0
SALE-20260524-S001-P006,2026-05-24,S001,P006,2,1675.98
SALE-20260524-S001-P007,2026-05-24,S001,P007,14,3598.28
SALE-20260524-S001-P008,2026-05-24,S001,P008,7,6189.05
SALE-20260524-S001-P009,2026-05-24,S001,P009,4,3024.76
SALE-20260524-S001-P010,2026-05-24,S001,P010,9,8880.3
SALE-20260524-S001-P011,2026-05-24,S001,P011,2,437.8
SALE-20260524-S001-P012,2026-05-24,S001,P012,20,3776.6
SALE-20260524-S001-P013,2026-05-24,S001,P013,10,8648.8
SALE-20260524-S001-P014,2026-05-24,S001,P014,10,3939.1
SALE-20260524-S001-P015,2026-05-24,S001,P015,1,195.12
SALE-20260524-S001-P016,2026-05-24,S001,P016,12,3170.04
SALE-20260524-S001-P017,2026-05-24,S001,P017,8,4027.92
SALE-20260524-S001-P018,2026-05-24,S001,P018,12,4412.4
SALE-20260524-S001-P019,2026-05-24,S001,P019,12,9699.24
SALE-20260524-S001-P020,2026-05-24,S001,P020,7,4508.77
SALE-20260524-S001-P021,2026-05-24,S001,P021,7,1382.29
SALE-20260524-S001-P022,2026-05-24,S001,P022,6,4371.24
SALE-20260524-S001-P023,2026-05-24,S001,P023,11,8796.7
SALE-20260524-S001-P024,2026-05-24,S001,P024,6,896.4
SALE-20260524-S001-P025,2026-05-24,S001,P025,4,2761.88
SALE-20260524-S001-P026,2026-05-24,S001,P026,10,8198.8
SALE-20260524-S001-P027,2026-05-24,S001,P027,21,12376.98
SALE-20260524-S001-P028,2026-05-24,S001,P028,2,111.34
SALE-20260524-S001-P029,2026-05-24,S001,P029,16,3762.08
SALE-20260524-S001-P030,2026-05-24,S001,P030,0,0.0
SALE-20260524-S001-P031,2026-05-24,S001,P031,15,4371.3
SALE-20260524-S001-P032,2026-05-24,S001,P032,5,3133.0
SALE-20260524-S001-P033,2026-05-24,S001,P033,14,9448.74
SALE-20260524-S001-P034,2026-05-24,S001,P034,18,3049.02
SALE-20260524-S001-P035,2026-05-24,S001,P035,11,1348.38
SALE-20260524-S001-P036,2026-05-24,S001,P036,4,749.56
SALE-20260524-S001-P037,2026-05-24,S001,P037,18,3372.3
SALE-20260524-S001-P038,2026-05-24,S001,P038,8,3094.64
SALE-20260524-S001-P039,2026-05-24,S001,P039,4,2536.4
SALE-20260524-S001-P040,2026-05-24,S001,P040,11,1771.55
SALE-20260524-S001-P041,2026-05-24,S001,P041,10,9843.9
SALE-20260524-S001-P042,2026-05-24,S001,P042,9,9616.41
SALE-20260524-S001-P043,2026-05-24,S001,P043,7,5141.92
SALE-20260524-S001-P044,2026-05-24,S001,P044,10,1349.5
SALE-20260524-S001-P045,2026-05-24,S001,P045,19,8467.35
SALE-20260524-S001-P046,2026-05-24,S001,P046,8,4447.44
SALE-20260524-S001-P047,2026-05-24,S001,P047,10,9429.9
SALE-20260524-S001-P048,2026-05-24,S001,P048,6,2842.68
SALE-20260524-S001-P049,2026-05-24,S001,P049,15,9519.9
SALE-20260524-S001-P050,2026-05-24,S001,P050,3,1171.14
SALE-20260524-S002-P001,2026-05-24,S002,P001,11,8677.46
SALE-20260524-S002-P002,2026-05-24,S002,P002,8,5193.2
SALE-20260524-S002-P003,2026-05-24,S002,P003,5,5354.35
SALE-20260524-S002-P004,2026-05-24,S002,P004,1,152.15
SALE-20260524-S002-P005,2026-05-24,S002,P005,18,7936.2
SALE-20260524-S002-P006,2026-05-24,S002,P006,9,7541.91
SALE-20260524-S002-P007,2026-05-24,S002,P007,0,0.0
SALE-20260524-S002-P008,2026-05-24,S002,P008,16,14146.4
SALE-20260524-S002-P009,2026-05-24,S002,P009,9,6805.71
SALE-20260524-S002-P010,2026-05-24,S002,P010,19,18747.3
SALE-20260524-S002-P011,2026-05-24,S002,P011,1,218.9
SALE-20260524-S002-P012,2026-05-24,S002,P012,13,2454.79
SALE-20260524-S002-P013,2026-05-24,S002,P013,10,8648.8
SALE-20260524-S002-P014,2026-05-24,S002,P014,13,5120.83
SALE-20260524-S002-P015,2026-05-24,S002,P015,0,0.0
SALE-20260524-S002-P016,2026-05-24,S002,P016,10,2641.7
SALE-20260524-S002-P017,2026-05-24,S002,P017,7,3524.43
SALE-20260524-S002-P018,2026-05-24,S002,P018,21,7721.7
SALE-20260524-S002-P019,2026-05-24,S002,P019,12,9699.24
SALE-20260524-S002-P020,2026-05-24,S002,P020,14,9017.54
SALE-20260524-S002-P021,2026-05-24,S002,P021,5,987.35
SALE-20260524-S002-P022,2026-05-24,S002,P022,5,3642.7
SALE-20260524-S002-P023,2026-05-24,S002,P023,12,9596.4
SALE-20260524-S002-P024,2026-05-24,S002,P024,17,2539.8
SALE-20260524-S002-P025,2026-05-24,S002,P025,2,1380.94
SALE-20260524-S002-P026,2026-05-24,S002,P026,21,17217.48
SALE-20260524-S002-P027,2026-05-24,S002,P027,21,12376.98
SALE-20260524-S002-P028,2026-05-24,S002,P028,2,111.34
SALE-20260524-S002-P029,2026-05-24,S002,P029,17,3997.21
SALE-20260524-S002-P030,2026-05-24,S002,P030,7,1614.62
SALE-20260524-S002-P031,2026-05-24,S002,P031,17,4954.14
SALE-20260524-S002-P032,2026-05-24,S002,P032,9,5639.4
SALE-20260524-S002-P033,2026-05-24,S002,P033,13,8773.83
SALE-20260524-S002-P034,2026-05-24,S002,P034,11,1863.29
SALE-20260524-S002-P035,2026-05-24,S002,P035,19,2329.02
SALE-20260524-S002-P036,2026-05-24,S002,P036,5,936.95
SALE-20260524-S002-P037,2026-05-24,S002,P037,12,2248.2
SALE-20260524-S002-P038,2026-05-24,S002,P038,5,1934.15
SALE-20260524-S002-P039,2026-05-24,S002,P039,3,1902.3
SALE-20260524-S002-P040,2026-05-24,S002,P040,9,1449.45
SALE-20260524-S002-P041,2026-05-24,S002,P041,9,8859.51
SALE-20260524-S002-P042,2026-05-24,S002,P042,14,14958.86
SALE-20260524-S002-P043,2026-05-24,S002,P043,22,16160.32
SALE-20260524-S002-P044,2026-05-24,S002,P044,4,539.8
SALE-20260524-S002-P045,2026-05-24,S002,P045,32,14260.8
SALE-20260524-S002-P046,2026-05-24,S002,P046,11,6115.23
SALE-20260524-S002-P047,2026-05-24,S002,P047,16,15087.84
SALE-20260524-S002-P048,2026-05-24,S002,P048,7,3316.46
SALE-20260524-S002-P049,2026-05-24,S002,P049,25,15866.5
SALE-20260524-S002-P050,2026-05-24,S002,P050,3,1171.14
SALE-20260524-S003-P001,2026-05-24,S003,P001,8,6310.88
SALE-20260524-S003-P002,2026-05-24,S003,P002,3,1947.45
SALE-20260524-S003-P003,2026-05-24,S003,P003,3,3212.61
SALE-20260524-S003-P004,2026-05-24,S003,P004,3,456.45
SALE-20260524-S003-P005,2026-05-24,S003,P005,2,881.8
SALE-20260524-S003-P006,2026-05-24,S003,P006,3,2513.97
SALE-20260524-S003-P007,2026-05-24,S003,P007,12,3084.24
SALE-20260524-S003-P008,2026-05-24,S003,P008,15,13262.25
SALE-20260524-S003-P009,2026-05-24,S003,P009,7,5293.33
SALE-20260524-S003-P010,2026-05-24,S003,P010,8,7893.6
SALE-20260524-S003-P011,2026-05-24,S003,P011,2,437.8
SALE-20260524-S003-P012,2026-05-24,S003,P012,23,4343.09
SALE-20260524-S003-P013,2026-05-24,S003,P013,4,3459.52
SALE-20260524-S003-P014,2026-05-24,S003,P014,9,3545.19
SALE-20260524-S003-P015,2026-05-24,S003,P015,0,0.0
SALE-20260524-S003-P016,2026-05-24,S003,P016,6,1585.02
SALE-20260524-S003-P017,2026-05-24,S003,P017,10,5034.9
SALE-20260524-S003-P018,2026-05-24,S003,P018,11,4044.7
SALE-20260524-S003-P019,2026-05-24,S003,P019,7,5657.89
SALE-20260524-S003-P020,2026-05-24,S003,P020,6,3864.66
SALE-20260524-S003-P021,2026-05-24,S003,P021,5,987.35
SALE-20260524-S003-P022,2026-05-24,S003,P022,7,5099.78
SALE-20260524-S003-P023,2026-05-24,S003,P023,5,3998.5
SALE-20260524-S003-P024,2026-05-24,S003,P024,5,747.0
SALE-20260524-S003-P025,2026-05-24,S003,P025,0,0.0
SALE-20260524-S003-P026,2026-05-24,S003,P026,14,11478.32
SALE-20260524-S003-P027,2026-05-24,S003,P027,19,11198.22
SALE-20260524-S003-P028,2026-05-24,S003,P028,1,55.67
SALE-20260524-S003-P029,2026-05-24,S003,P029,9,2116.17
SALE-20260524-S003-P030,2026-05-24,S003,P030,1,230.66
SALE-20260524-S003-P031,2026-05-24,S003,P031,4,1165.68
SALE-20260524-S003-P032,2026-05-24,S003,P032,11,6892.6
SALE-20260524-S003-P033,2026-05-24,S003,P033,5,3374.55
SALE-20260524-S003-P034,2026-05-24,S003,P034,9,1524.51
SALE-20260524-S003-P035,2026-05-24,S003,P035,10,1225.8
SALE-20260524-S003-P036,2026-05-24,S003,P036,2,374.78
SALE-20260524-S003-P037,2026-05-24,S003,P037,13,2435.55
SALE-20260524-S003-P038,2026-05-24,S003,P038,8,3094.64
SALE-20260524-S003-P039,2026-05-24,S003,P039,1,634.1
SALE-20260524-S003-P040,2026-05-24,S003,P040,10,1610.5
SALE-20260524-S003-P041,2026-05-24,S003,P041,5,4921.95
SALE-20260524-S003-P042,2026-05-24,S003,P042,12,12821.88
SALE-20260524-S003-P043,2026-05-24,S003,P043,14,10283.84
SALE-20260524-S003-P044,2026-05-24,S003,P044,4,539.8
SALE-20260524-S003-P045,2026-05-24,S003,P045,17,7576.05
SALE-20260524-S003-P046,2026-05-24,S003,P046,5,2779.65
SALE-20260524-S003-P047,2026-05-24,S003,P047,10,9429.9
SALE-20260524-S003-P048,2026-05-24,S003,P048,8,3790.24
SALE-20260524-S003-P049,2026-05-24,S003,P049,11,6981.26
SALE-20260525-S001-P001,2026-05-25,S001,P001,9,7099.74
SALE-20260525-S001-P002,2026-05-25,S001,P002,6,3894.9
SALE-20260525-S001-P003,2026-05-25,S001,P003,3,3212.61
SALE-20260525-S001-P004,2026-05-25,S001,P004,4,608.6
SALE-20260525-S001-P005,2026-05-25,S001,P005,7,3086.3
SALE-20260525-S001-P006,2026-05-25,S001,P006,4,3351.96
SALE-20260525-S001-P007,2026-05-25,S001,P007,10,2570.2
SALE-20260525-S001-P008,2026-05-25,S001,P008,11,9725.65
SALE-20260525-S001-P009,2026-05-25,S001,P009,6,4537.14
SALE-20260525-S001-P010,2026-05-25,S001,P010,9,8880.3
SALE-20260525-S001-P011,2026-05-25,S001,P011,1,218.9
SALE-20260525-S001-P012,2026-05-25,S001,P012,12,2265.96
SALE-20260525-S001-P013,2026-05-25,S001,P013,10,8648.8
SALE-20260525-S001-P014,2026-05-25,S001,P014,10,3939.1
SALE-20260525-S001-P015,2026-05-25,S001,P015,3,585.36
SALE-20260525-S001-P016,2026-05-25,S001,P016,9,2377.53
SALE-20260525-S001-P017,2026-05-25,S001,P017,8,4027.92
SALE-20260525-S001-P018,2026-05-25,S001,P018,17,6250.9
SALE-20260525-S001-P019,2026-05-25,S001,P019,13,10507.51
SALE-20260525-S001-P020,2026-05-25,S001,P020,10,6441.1
SALE-20260525-S001-P021,2026-05-25,S001,P021,5,987.35
SALE-20260525-S001-P022,2026-05-25,S001,P022,6,4371.24
SALE-20260525-S001-P023,2026-05-25,S001,P023,9,7197.3
SALE-20260525-S001-P024,2026-05-25,S001,P024,8,1195.2
SALE-20260525-S001-P025,2026-05-25,S001,P025,4,2761.88
SALE-20260525-S001-P026,2026-05-25,S001,P026,12,9838.56
SALE-20260525-S001-P027,2026-05-25,S001,P027,17,10019.46
SALE-20260525-S001-P028,2026-05-25,S001,P028,6,334.02
SALE-20260525-S001-P029,2026-05-25,S001,P029,10,2351.3
SALE-20260525-S001-P030,2026-05-25,S001,P030,2,461.32
SALE-20260525-S001-P031,2026-05-25,S001,P031,13,3788.46
SALE-20260525-S001-P032,2026-05-25,S001,P032,8,5012.8
SALE-20260525-S001-P033,2026-05-25,S001,P033,13,8773.83
SALE-20260525-S001-P034,2026-05-25,S001,P034,15,2540.85
SALE-20260525-S001-P035,2026-05-25,S001,P035,18,2206.44
SALE-20260525-S001-P036,2026-05-25,S001,P036,3,562.17
SALE-20260525-S001-P037,2026-05-25,S001,P037,18,3372.3
SALE-20260525-S001-P038,2026-05-25,S001,P038,1,386.83
SALE-20260525-S001-P039,2026-05-25,S001,P039,2,1268.2
SALE-20260525-S001-P040,2026-05-25,S001,P040,10,1610.5
SALE-20260525-S001-P041,2026-05-25,S001,P041,7,6890.73
SALE-20260525-S001-P042,2026-05-25,S001,P042,15,16027.35
SALE-20260525-S001-P043,2026-05-25,S001,P043,21,15425.76
SALE-20260525-S001-P044,2026-05-25,S001,P044,10,1349.5
SALE-20260525-S001-P045,2026-05-25,S001,P045,14,6239.1
SALE-20260525-S001-P046,2026-05-25,S001,P046,2,1111.86
SALE-20260525-S001-P047,2026-05-25,S001,P047,6,5657.94
SALE-20260525-S001-P048,2026-05-25,S001,P048,1,473.78
SALE-20260525-S001-P049,2026-05-25,S001,P049,18,11423.88
SALE-20260525-S001-P050,2026-05-25,S001,P050,2,780.76
SALE-20260525-S002-P001,2026-05-25,S002,P001,7,5522.02
SALE-20260525-S002-P002,2026-05-25,S002,P002,4,2596.6
SALE-20260525-S002-P003,2026-05-25,S002,P003,3,3212.61
SALE-20260525-S002-P004,2026-05-25,S002,P004,0,0.0
SALE-20260525-S002-P005,2026-05-25,S002,P005,20,8818.0
SALE-20260525-S002-P006,2026-05-25,S002,P006,5,4189.95
SALE-20260525-S002-P007,2026-05-25,S002,P007,0,0.0
SALE-20260525-S002-P008,2026-05-25,S002,P008,14,12378.1
SALE-20260525-S002-P009,2026-05-25,S002,P009,10,7561.9
SALE-20260525-S002-P010,2026-05-25,S002,P010,18,17760.6
SALE-20260525-S002-P011,2026-05-25,S002,P011,5,1094.5
SALE-20260525-S002-P012,2026-05-25,S002,P012,21,3965.43
SALE-20260525-S002-P013,2026-05-25,S002,P013,11,9513.68
SALE-20260525-S002-P014,2026-05-25,S002,P014,18,7090.38
SALE-20260525-S002-P015,2026-05-25,S002,P015,5,975.6
SALE-20260525-S002-P016,2026-05-25,S002,P016,5,1320.85
SALE-20260525-S002-P017,2026-05-25,S002,P017,10,5034.9
SALE-20260525-S002-P018,2026-05-25,S002,P018,18,6618.6
SALE-20260525-S002-P019,2026-05-25,S002,P019,12,9699.24
SALE-20260525-S002-P020,2026-05-25,S002,P020,8,5152.88
SALE-20260525-S002-P021,2026-05-25,S002,P021,10,1974.7
SALE-20260525-S002-P022,2026-05-25,S002,P022,7,5099.78
SALE-20260525-S002-P023,2026-05-25,S002,P023,15,11995.5
SALE-20260525-S002-P024,2026-05-25,S002,P024,10,1494.0
SALE-20260525-S002-P025,2026-05-25,S002,P025,1,690.47
SALE-20260525-S002-P026,2026-05-25,S002,P026,18,14757.84
SALE-20260525-S002-P027,2026-05-25,S002,P027,22,12966.36
SALE-20260525-S002-P028,2026-05-25,S002,P028,2,111.34
SALE-20260525-S002-P029,2026-05-25,S002,P029,14,3291.82
SALE-20260525-S002-P030,2026-05-25,S002,P030,8,1845.28
SALE-20260525-S002-P031,2026-05-25,S002,P031,18,5245.56
SALE-20260525-S002-P032,2026-05-25,S002,P032,4,2506.4
SALE-20260525-S002-P033,2026-05-25,S002,P033,10,6749.1
SALE-20260525-S002-P034,2026-05-25,S002,P034,14,2371.46
SALE-20260525-S002-P035,2026-05-25,S002,P035,20,2451.6
SALE-20260525-S002-P036,2026-05-25,S002,P036,3,562.17
SALE-20260525-S002-P037,2026-05-25,S002,P037,21,3934.35
SALE-20260525-S002-P038,2026-05-25,S002,P038,6,2320.98
SALE-20260525-S002-P039,2026-05-25,S002,P039,2,1268.2
SALE-20260525-S002-P040,2026-05-25,S002,P040,8,1288.4
SALE-20260525-S002-P041,2026-05-25,S002,P041,9,8859.51
SALE-20260525-S002-P042,2026-05-25,S002,P042,18,19232.82
SALE-20260525-S002-P043,2026-05-25,S002,P043,15,11018.4
SALE-20260525-S002-P044,2026-05-25,S002,P044,9,1214.55
SALE-20260525-S002-P045,2026-05-25,S002,P045,19,8467.35
SALE-20260525-S002-P046,2026-05-25,S002,P046,12,6671.16
SALE-20260525-S002-P047,2026-05-25,S002,P047,9,8486.91
SALE-20260525-S002-P048,2026-05-25,S002,P048,7,3316.46
SALE-20260525-S002-P049,2026-05-25,S002,P049,18,11423.88
SALE-20260525-S002-P050,2026-05-25,S002,P050,2,780.76
SALE-20260525-S003-P001,2026-05-25,S003,P001,7,5522.02
SALE-20260525-S003-P002,2026-05-25,S003,P002,9,5842.35
SALE-20260525-S003-P003,2026-05-25,S003,P003,5,5354.35
SALE-20260525-S003-P004,2026-05-25,S003,P004,5,760.75
SALE-20260525-S003-P005,2026-05-25,S003,P005,5,2204.5
SALE-20260525-S003-P006,2026-05-25,S003,P006,8,6703.92
SALE-20260525-S003-P007,2026-05-25,S003,P007,11,2827.22
SALE-20260525-S003-P008,2026-05-25,S003,P008,12,10609.8
SALE-20260525-S003-P009,2026-05-25,S003,P009,2,1512.38
SALE-20260525-S003-P010,2026-05-25,S003,P010,14,13813.8
SALE-20260525-S003-P011,2026-05-25,S003,P011,1,218.9
SALE-20260525-S003-P012,2026-05-25,S003,P012,13,2454.79
SALE-20260525-S003-P013,2026-05-25,S003,P013,7,6054.16
SALE-20260525-S003-P014,2026-05-25,S003,P014,13,5120.83
SALE-20260525-S003-P015,2026-05-25,S003,P015,0,0.0
SALE-20260525-S003-P016,2026-05-25,S003,P016,16,4226.72
SALE-20260525-S003-P017,2026-05-25,S003,P017,11,5538.39
SALE-20260525-S003-P018,2026-05-25,S003,P018,13,4780.1
SALE-20260525-S003-P019,2026-05-25,S003,P019,13,10507.51
SALE-20260525-S003-P020,2026-05-25,S003,P020,8,5152.88
SALE-20260525-S003-P021,2026-05-25,S003,P021,2,394.94
SALE-20260525-S003-P022,2026-05-25,S003,P022,11,8013.94
SALE-20260525-S003-P023,2026-05-25,S003,P023,7,5597.9
SALE-20260525-S003-P024,2026-05-25,S003,P024,4,597.6
SALE-20260525-S003-P025,2026-05-25,S003,P025,0,0.0
SALE-20260525-S003-P026,2026-05-25,S003,P026,11,9018.68
SALE-20260525-S003-P027,2026-05-25,S003,P027,12,7072.56
SALE-20260525-S003-P028,2026-05-25,S003,P028,2,111.34
SALE-20260525-S003-P029,2026-05-25,S003,P029,10,2351.3
SALE-20260525-S003-P030,2026-05-25,S003,P030,2,461.32
SALE-20260525-S003-P031,2026-05-25,S003,P031,8,2331.36
SALE-20260525-S003-P032,2026-05-25,S003,P032,5,3133.0
SALE-20260525-S003-P033,2026-05-25,S003,P033,17,11473.47
SALE-20260525-S003-P034,2026-05-25,S003,P034,11,1863.29
SALE-20260525-S003-P035,2026-05-25,S003,P035,11,1348.38
SALE-20260525-S003-P036,2026-05-25,S003,P036,4,749.56
SALE-20260525-S003-P037,2026-05-25,S003,P037,12,2248.2
SALE-20260525-S003-P038,2026-05-25,S003,P038,2,773.66
SALE-20260525-S003-P039,2026-05-25,S003,P039,5,3170.5
SALE-20260525-S003-P040,2026-05-25,S003,P040,11,1771.55
SALE-20260525-S003-P041,2026-05-25,S003,P041,5,4921.95
SALE-20260525-S003-P042,2026-05-25,S003,P042,11,11753.39
SALE-20260525-S003-P043,2026-05-25,S003,P043,12,8814.72
SALE-20260525-S003-P044,2026-05-25,S003,P044,6,809.7
SALE-20260525-S003-P045,2026-05-25,S003,P045,16,7130.4
SALE-20260525-S003-P046,2026-05-25,S003,P046,10,5559.3
SALE-20260525-S003-P047,2026-05-25,S003,P047,7,6600.93
SALE-20260525-S003-P048,2026-05-25,S003,P048,2,947.56
SALE-20260525-S003-P049,2026-05-25,S003,P049,11,6981.26
SALE-20260526-S001-P001,2026-05-26,S001,P001,9,7099.74
SALE-20260526-S001-P002,2026-05-26,S001,P002,7,4544.05
SALE-20260526-S001-P003,2026-05-26,S001,P003,4,4283.48
SALE-20260526-S001-P004,2026-05-26,S001,P004,1,152.15
SALE-20260526-S001-P005,2026-05-26,S001,P005,6,2645.4
SALE-20260526-S001-P006,2026-05-26,S001,P006,4,3351.96
SALE-20260526-S001-P007,2026-05-26,S001,P007,13,3341.26
SALE-20260526-S001-P008,2026-05-26,S001,P008,16,14146.4
SALE-20260526-S001-P009,2026-05-26,S001,P009,6,4537.14
SALE-20260526-S001-P010,2026-05-26,S001,P010,10,9867.0
SALE-20260526-S001-P011,2026-05-26,S001,P011,1,218.9
SALE-20260526-S001-P012,2026-05-26,S001,P012,13,2454.79
SALE-20260526-S001-P013,2026-05-26,S001,P013,11,9513.68
SALE-20260526-S001-P014,2026-05-26,S001,P014,6,2363.46
SALE-20260526-S001-P015,2026-05-26,S001,P015,6,1170.72
SALE-20260526-S001-P016,2026-05-26,S001,P016,8,2113.36
SALE-20260526-S001-P017,2026-05-26,S001,P017,2,1006.98
SALE-20260526-S001-P018,2026-05-26,S001,P018,13,4780.1
SALE-20260526-S001-P019,2026-05-26,S001,P019,8,6466.16
SALE-20260526-S001-P020,2026-05-26,S001,P020,6,3864.66
SALE-20260526-S001-P021,2026-05-26,S001,P021,5,987.35
SALE-20260526-S001-P022,2026-05-26,S001,P022,6,4371.24
SALE-20260526-S001-P023,2026-05-26,S001,P023,12,9596.4
SALE-20260526-S001-P024,2026-05-26,S001,P024,5,747.0
SALE-20260526-S001-P025,2026-05-26,S001,P025,2,1380.94
SALE-20260526-S001-P026,2026-05-26,S001,P026,12,9838.56
SALE-20260526-S001-P027,2026-05-26,S001,P027,10,5893.8
SALE-20260526-S001-P028,2026-05-26,S001,P028,1,55.67
SALE-20260526-S001-P029,2026-05-26,S001,P029,12,2821.56
SALE-20260526-S001-P030,2026-05-26,S001,P030,2,461.32
SALE-20260526-S001-P031,2026-05-26,S001,P031,11,3205.62
SALE-20260526-S001-P032,2026-05-26,S001,P032,7,4386.2
SALE-20260526-S001-P033,2026-05-26,S001,P033,10,6749.1
SALE-20260526-S001-P034,2026-05-26,S001,P034,7,1185.73
SALE-20260526-S001-P035,2026-05-26,S001,P035,14,1716.12
SALE-20260526-S001-P036,2026-05-26,S001,P036,3,562.17
SALE-20260526-S001-P037,2026-05-26,S001,P037,17,3184.95
SALE-20260526-S001-P038,2026-05-26,S001,P038,5,1934.15
SALE-20260526-S001-P039,2026-05-26,S001,P039,1,634.1
SALE-20260526-S001-P040,2026-05-26,S001,P040,11,1771.55
SALE-20260526-S001-P041,2026-05-26,S001,P041,9,8859.51
SALE-20260526-S001-P042,2026-05-26,S001,P042,9,9616.41
SALE-20260526-S001-P043,2026-05-26,S001,P043,19,13956.64
SALE-20260526-S001-P044,2026-05-26,S001,P044,1,134.95
SALE-20260526-S001-P045,2026-05-26,S001,P045,18,8021.7
SALE-20260526-S001-P046,2026-05-26,S001,P046,6,3335.58
SALE-20260526-S001-P047,2026-05-26,S001,P047,10,9429.9
SALE-20260526-S001-P048,2026-05-26,S001,P048,5,2368.9
SALE-20260526-S001-P049,2026-05-26,S001,P049,21,13327.86
SALE-20260526-S001-P050,2026-05-26,S001,P050,4,1561.52
SALE-20260526-S002-P001,2026-05-26,S002,P001,12,9466.32
SALE-20260526-S002-P002,2026-05-26,S002,P002,8,5193.2
SALE-20260526-S002-P003,2026-05-26,S002,P003,2,2141.74
SALE-20260526-S002-P004,2026-05-26,S002,P004,0,0.0
SALE-20260526-S002-P005,2026-05-26,S002,P005,17,7495.3
SALE-20260526-S002-P006,2026-05-26,S002,P006,8,6703.92
SALE-20260526-S002-P007,2026-05-26,S002,P007,0,0.0
SALE-20260526-S002-P008,2026-05-26,S002,P008,12,10609.8
SALE-20260526-S002-P009,2026-05-26,S002,P009,2,1512.38
SALE-20260526-S002-P010,2026-05-26,S002,P010,9,8880.3
SALE-20260526-S002-P011,2026-05-26,S002,P011,4,875.6
SALE-20260526-S002-P012,2026-05-26,S002,P012,22,4154.26
SALE-20260526-S002-P013,2026-05-26,S002,P013,14,12108.32
SALE-20260526-S002-P014,2026-05-26,S002,P014,14,5514.74
SALE-20260526-S002-P015,2026-05-26,S002,P015,2,390.24
SALE-20260526-S002-P016,2026-05-26,S002,P016,15,3962.55
SALE-20260526-S002-P017,2026-05-26,S002,P017,15,7552.35
SALE-20260526-S002-P018,2026-05-26,S002,P018,15,5515.5
SALE-20260526-S002-P019,2026-05-26,S002,P019,9,7274.43
SALE-20260526-S002-P020,2026-05-26,S002,P020,10,6441.1
SALE-20260526-S002-P021,2026-05-26,S002,P021,5,987.35
SALE-20260526-S002-P022,2026-05-26,S002,P022,12,8742.48
SALE-20260526-S002-P023,2026-05-26,S002,P023,16,12795.2
SALE-20260526-S002-P024,2026-05-26,S002,P024,8,1195.2
SALE-20260526-S002-P025,2026-05-26,S002,P025,2,1380.94
SALE-20260526-S002-P026,2026-05-26,S002,P026,12,9838.56
SALE-20260526-S002-P027,2026-05-26,S002,P027,16,9430.08
SALE-20260526-S002-P028,2026-05-26,S002,P028,1,55.67
SALE-20260526-S002-P029,2026-05-26,S002,P029,10,2351.3
SALE-20260526-S002-P030,2026-05-26,S002,P030,2,461.32
SALE-20260526-S002-P031,2026-05-26,S002,P031,12,3497.04
SALE-20260526-S002-P032,2026-05-26,S002,P032,6,3759.6
SALE-20260526-S002-P033,2026-05-26,S002,P033,15,10123.65
SALE-20260526-S002-P034,2026-05-26,S002,P034,20,3387.8
SALE-20260526-S002-P035,2026-05-26,S002,P035,15,1838.7
SALE-20260526-S002-P036,2026-05-26,S002,P036,4,749.56
SALE-20260526-S002-P037,2026-05-26,S002,P037,20,3747.0
SALE-20260526-S002-P038,2026-05-26,S002,P038,7,2707.81
SALE-20260526-S002-P039,2026-05-26,S002,P039,1,634.1
SALE-20260526-S002-P040,2026-05-26,S002,P040,9,1449.45
SALE-20260526-S002-P041,2026-05-26,S002,P041,7,6890.73
SALE-20260526-S002-P042,2026-05-26,S002,P042,15,16027.35
SALE-20260526-S002-P043,2026-05-26,S002,P043,20,14691.2
SALE-20260526-S002-P044,2026-05-26,S002,P044,9,1214.55
SALE-20260526-S002-P045,2026-05-26,S002,P045,12,5347.8
SALE-20260526-S002-P046,2026-05-26,S002,P046,12,6671.16
SALE-20260526-S002-P047,2026-05-26,S002,P047,15,14144.85
SALE-20260526-S002-P048,2026-05-26,S002,P048,7,3316.46
SALE-20260526-S002-P049,2026-05-26,S002,P049,16,10154.56
SALE-20260526-S002-P050,2026-05-26,S002,P050,4,1561.52
SALE-20260526-S003-P001,2026-05-26,S003,P001,4,3155.44
SALE-20260526-S003-P002,2026-05-26,S003,P002,4,2596.6
SALE-20260526-S003-P003,2026-05-26,S003,P003,3,3212.61
SALE-20260526-S003-P004,2026-05-26,S003,P004,4,608.6
SALE-20260526-S003-P005,2026-05-26,S003,P005,13,5731.7
SALE-20260526-S003-P006,2026-05-26,S003,P006,1,837.99
SALE-20260526-S003-P007,2026-05-26,S003,P007,13,3341.26
SALE-20260526-S003-P008,2026-05-26,S003,P008,4,3536.6
SALE-20260526-S003-P009,2026-05-26,S003,P009,1,756.19
SALE-20260526-S003-P010,2026-05-26,S003,P010,4,3946.8
SALE-20260526-S003-P011,2026-05-26,S003,P011,3,656.7
SALE-20260526-S003-P012,2026-05-26,S003,P012,10,1888.3
SALE-20260526-S003-P013,2026-05-26,S003,P013,9,7783.92
SALE-20260526-S003-P014,2026-05-26,S003,P014,9,3545.19
SALE-20260526-S003-P015,2026-05-26,S003,P015,2,390.24
SALE-20260526-S003-P016,2026-05-26,S003,P016,2,528.34
SALE-20260526-S003-P017,2026-05-26,S003,P017,6,3020.94
SALE-20260526-S003-P018,2026-05-26,S003,P018,13,4780.1
SALE-20260526-S003-P019,2026-05-26,S003,P019,6,4849.62
SALE-20260526-S003-P020,2026-05-26,S003,P020,2,1288.22
SALE-20260526-S003-P021,2026-05-26,S003,P021,7,1382.29
SALE-20260526-S003-P022,2026-05-26,S003,P022,4,2914.16
SALE-20260526-S003-P023,2026-05-26,S003,P023,8,6397.6
SALE-20260526-S003-P024,2026-05-26,S003,P024,6,896.4
SALE-20260526-S003-P025,2026-05-26,S003,P025,0,0.0
SALE-20260526-S003-P026,2026-05-26,S003,P026,14,11478.32
SALE-20260526-S003-P027,2026-05-26,S003,P027,6,3536.28
SALE-20260526-S003-P028,2026-05-26,S003,P028,3,167.01
SALE-20260526-S003-P029,2026-05-26,S003,P029,6,1410.78
SALE-20260526-S003-P030,2026-05-26,S003,P030,2,461.32
SALE-20260526-S003-P031,2026-05-26,S003,P031,10,2914.2
SALE-20260526-S003-P032,2026-05-26,S003,P032,4,2506.4
SALE-20260526-S003-P033,2026-05-26,S003,P033,5,3374.55
SALE-20260526-S003-P034,2026-05-26,S003,P034,9,1524.51
SALE-20260526-S003-P035,2026-05-26,S003,P035,10,1225.8
SALE-20260526-S003-P036,2026-05-26,S003,P036,1,187.39
SALE-20260526-S003-P037,2026-05-26,S003,P037,10,1873.5
SALE-20260526-S003-P038,2026-05-26,S003,P038,5,1934.15
SALE-20260526-S003-P039,2026-05-26,S003,P039,2,1268.2
SALE-20260526-S003-P040,2026-05-26,S003,P040,10,1610.5
SALE-20260526-S003-P041,2026-05-26,S003,P041,6,5906.34
SALE-20260526-S003-P042,2026-05-26,S003,P042,11,11753.39
SALE-20260526-S003-P043,2026-05-26,S003,P043,8,5876.48
SALE-20260526-S003-P044,2026-05-26,S003,P044,3,404.85
SALE-20260526-S003-P045,2026-05-26,S003,P045,11,4902.15
SALE-20260526-S003-P046,2026-05-26,S003,P046,4,2223.72
SALE-20260526-S003-P047,2026-05-26,S003,P047,7,6600.93
SALE-20260526-S003-P048,2026-05-26,S003,P048,8,3790.24
SALE-20260526-S003-P049,2026-05-26,S003,P049,13,8250.58
SALE-20260527-S001-P001,2026-05-27,S001,P001,5,3944.3
SALE-20260527-S001-P002,2026-05-27,S001,P002,6,3894.9
SALE-20260527-S001-P003,2026-05-27,S001,P003,3,3212.61
SALE-20260527-S001-P004,2026-05-27,S001,P004,6,912.9
SALE-20260527-S001-P005,2026-05-27,S001,P005,14,6172.6
SALE-20260527-S001-P006,2026-05-27,S001,P006,1,837.99
SALE-20260527-S001-P007,2026-05-27,S001,P007,18,4626.36
SALE-20260527-S001-P008,2026-05-27,S001,P008,11,9725.65
SALE-20260527-S001-P009,2026-05-27,S001,P009,5,3780.95
SALE-20260527-S001-P010,2026-05-27,S001,P010,12,11840.4
SALE-20260527-S001-P011,2026-05-27,S001,P011,2,437.8
SALE-20260527-S001-P012,2026-05-27,S001,P012,10,1888.3
SALE-20260527-S001-P013,2026-05-27,S001,P013,7,6054.16
SALE-20260527-S001-P014,2026-05-27,S001,P014,17,6696.47
SALE-20260527-S001-P015,2026-05-27,S001,P015,2,390.24
SALE-20260527-S001-P016,2026-05-27,S001,P016,7,1849.19
SALE-20260527-S001-P017,2026-05-27,S001,P017,6,3020.94
SALE-20260527-S001-P018,2026-05-27,S001,P018,10,3677.0
SALE-20260527-S001-P019,2026-05-27,S001,P019,6,4849.62
SALE-20260527-S001-P020,2026-05-27,S001,P020,10,6441.1
SALE-20260527-S001-P021,2026-05-27,S001,P021,3,592.41
SALE-20260527-S001-P022,2026-05-27,S001,P022,5,3642.7
SALE-20260527-S001-P023,2026-05-27,S001,P023,7,5597.9
SALE-20260527-S001-P024,2026-05-27,S001,P024,5,747.0
SALE-20260527-S001-P025,2026-05-27,S001,P025,4,2761.88
SALE-20260527-S001-P026,2026-05-27,S001,P026,9,7378.92
SALE-20260527-S001-P027,2026-05-27,S001,P027,6,3536.28
SALE-20260527-S001-P028,2026-05-27,S001,P028,4,222.68
SALE-20260527-S001-P029,2026-05-27,S001,P029,5,1175.65
SALE-20260527-S001-P030,2026-05-27,S001,P030,4,922.64
SALE-20260527-S001-P031,2026-05-27,S001,P031,10,2914.2
SALE-20260527-S001-P032,2026-05-27,S001,P032,6,3759.6
SALE-20260527-S001-P033,2026-05-27,S001,P033,9,6074.19
SALE-20260527-S001-P034,2026-05-27,S001,P034,12,2032.68
SALE-20260527-S001-P035,2026-05-27,S001,P035,13,1593.54
SALE-20260527-S001-P036,2026-05-27,S001,P036,2,374.78
SALE-20260527-S001-P037,2026-05-27,S001,P037,10,1873.5
SALE-20260527-S001-P038,2026-05-27,S001,P038,2,773.66
SALE-20260527-S001-P039,2026-05-27,S001,P039,2,1268.2
SALE-20260527-S001-P040,2026-05-27,S001,P040,5,805.25
SALE-20260527-S001-P041,2026-05-27,S001,P041,4,3937.56
SALE-20260527-S001-P042,2026-05-27,S001,P042,10,10684.9
SALE-20260527-S001-P043,2026-05-27,S001,P043,10,7345.6
SALE-20260527-S001-P044,2026-05-27,S001,P044,4,539.8
SALE-20260527-S001-P045,2026-05-27,S001,P045,17,7576.05
SALE-20260527-S001-P046,2026-05-27,S001,P046,5,2779.65
SALE-20260527-S001-P047,2026-05-27,S001,P047,6,5657.94
SALE-20260527-S001-P048,2026-05-27,S001,P048,2,947.56
SALE-20260527-S001-P049,2026-05-27,S001,P049,10,6346.6
SALE-20260527-S001-P050,2026-05-27,S001,P050,5,1951.9
SALE-20260527-S002-P001,2026-05-27,S002,P001,8,6310.88
SALE-20260527-S002-P002,2026-05-27,S002,P002,6,3894.9
SALE-20260527-S002-P003,2026-05-27,S002,P003,2,2141.74
SALE-20260527-S002-P004,2026-05-27,S002,P004,1,152.15
SALE-20260527-S002-P005,2026-05-27,S002,P005,8,3527.2
SALE-20260527-S002-P006,2026-05-27,S002,P006,4,3351.96
SALE-20260527-S002-P007,2026-05-27,S002,P007,0,0.0
SALE-20260527-S002-P008,2026-05-27,S002,P008,7,6189.05
SALE-20260527-S002-P009,2026-05-27,S002,P009,9,6805.71
SALE-20260527-S002-P010,2026-05-27,S002,P010,9,8880.3
SALE-20260527-S002-P011,2026-05-27,S002,P011,2,437.8
SALE-20260527-S002-P012,2026-05-27,S002,P012,21,3965.43
SALE-20260527-S002-P013,2026-05-27,S002,P013,13,11243.44
SALE-20260527-S002-P014,2026-05-27,S002,P014,22,8666.02
SALE-20260527-S002-P015,2026-05-27,S002,P015,3,585.36
SALE-20260527-S002-P016,2026-05-27,S002,P016,8,2113.36
SALE-20260527-S002-P017,2026-05-27,S002,P017,11,5538.39
SALE-20260527-S002-P018,2026-05-27,S002,P018,18,6618.6
SALE-20260527-S002-P019,2026-05-27,S002,P019,15,12124.05
SALE-20260527-S002-P020,2026-05-27,S002,P020,8,5152.88
SALE-20260527-S002-P021,2026-05-27,S002,P021,3,592.41
SALE-20260527-S002-P022,2026-05-27,S002,P022,3,2185.62
SALE-20260527-S002-P023,2026-05-27,S002,P023,12,9596.4
SALE-20260527-S002-P024,2026-05-27,S002,P024,13,1942.2
SALE-20260527-S002-P025,2026-05-27,S002,P025,2,1380.94
SALE-20260527-S002-P026,2026-05-27,S002,P026,17,13937.96
SALE-20260527-S002-P027,2026-05-27,S002,P027,13,7661.94
SALE-20260527-S002-P028,2026-05-27,S002,P028,3,167.01
SALE-20260527-S002-P029,2026-05-27,S002,P029,5,1175.65
SALE-20260527-S002-P030,2026-05-27,S002,P030,4,922.64
SALE-20260527-S002-P031,2026-05-27,S002,P031,12,3497.04
SALE-20260527-S002-P032,2026-05-27,S002,P032,3,1879.8
SALE-20260527-S002-P033,2026-05-27,S002,P033,8,5399.28
SALE-20260527-S002-P034,2026-05-27,S002,P034,8,1355.12
SALE-20260527-S002-P035,2026-05-27,S002,P035,17,2083.86
SALE-20260527-S002-P036,2026-05-27,S002,P036,4,749.56
SALE-20260527-S002-P037,2026-05-27,S002,P037,21,3934.35
SALE-20260527-S002-P038,2026-05-27,S002,P038,5,1934.15
SALE-20260527-S002-P039,2026-05-27,S002,P039,4,2536.4
SALE-20260527-S002-P040,2026-05-27,S002,P040,10,1610.5
SALE-20260527-S002-P041,2026-05-27,S002,P041,7,6890.73
SALE-20260527-S002-P042,2026-05-27,S002,P042,15,16027.35
SALE-20260527-S002-P043,2026-05-27,S002,P043,13,9549.28
SALE-20260527-S002-P044,2026-05-27,S002,P044,7,944.65
SALE-20260527-S002-P045,2026-05-27,S002,P045,16,7130.4
SALE-20260527-S002-P046,2026-05-27,S002,P046,7,3891.51
SALE-20260527-S002-P047,2026-05-27,S002,P047,12,11315.88
SALE-20260527-S002-P048,2026-05-27,S002,P048,9,4264.02
SALE-20260527-S002-P049,2026-05-27,S002,P049,24,15231.84
SALE-20260527-S002-P050,2026-05-27,S002,P050,4,1561.52
SALE-20260527-S003-P001,2026-05-27,S003,P001,5,3944.3
SALE-20260527-S003-P002,2026-05-27,S003,P002,4,2596.6
SALE-20260527-S003-P003,2026-05-27,S003,P003,2,2141.74
SALE-20260527-S003-P004,2026-05-27,S003,P004,3,456.45
SALE-20260527-S003-P005,2026-05-27,S003,P005,5,2204.5
SALE-20260527-S003-P006,2026-05-27,S003,P006,1,837.99
SALE-20260527-S003-P007,2026-05-27,S003,P007,11,2827.22
SALE-20260527-S003-P008,2026-05-27,S003,P008,6,5304.9
SALE-20260527-S003-P009,2026-05-27,S003,P009,4,3024.76
SALE-20260527-S003-P010,2026-05-27,S003,P010,6,5920.2
SALE-20260527-S003-P011,2026-05-27,S003,P011,1,218.9
SALE-20260527-S003-P012,2026-05-27,S003,P012,12,2265.96
SALE-20260527-S003-P013,2026-05-27,S003,P013,8,6919.04
SALE-20260527-S003-P014,2026-05-27,S003,P014,5,1969.55
SALE-20260527-S003-P015,2026-05-27,S003,P015,1,195.12
SALE-20260527-S003-P016,2026-05-27,S003,P016,8,2113.36
SALE-20260527-S003-P017,2026-05-27,S003,P017,11,5538.39
SALE-20260527-S003-P018,2026-05-27,S003,P018,9,3309.3
SALE-20260527-S003-P019,2026-05-27,S003,P019,4,3233.08
SALE-20260527-S003-P020,2026-05-27,S003,P020,5,3220.55
SALE-20260527-S003-P021,2026-05-27,S003,P021,2,394.94
SALE-20260527-S003-P022,2026-05-27,S003,P022,5,3642.7
SALE-20260527-S003-P023,2026-05-27,S003,P023,6,4798.2
SALE-20260527-S003-P024,2026-05-27,S003,P024,7,1045.8
SALE-20260527-S003-P025,2026-05-27,S003,P025,2,1380.94
SALE-20260527-S003-P026,2026-05-27,S003,P026,6,4919.28
SALE-20260527-S003-P027,2026-05-27,S003,P027,10,5893.8
SALE-20260527-S003-P028,2026-05-27,S003,P028,1,55.67
SALE-20260527-S003-P029,2026-05-27,S003,P029,10,2351.3
SALE-20260527-S003-P030,2026-05-27,S003,P030,5,1153.3
SALE-20260527-S003-P031,2026-05-27,S003,P031,8,2331.36
SALE-20260527-S003-P032,2026-05-27,S003,P032,2,1253.2
SALE-20260527-S003-P033,2026-05-27,S003,P033,7,4724.37
SALE-20260527-S003-P034,2026-05-27,S003,P034,7,1185.73
SALE-20260527-S003-P035,2026-05-27,S003,P035,6,735.48
SALE-20260527-S003-P036,2026-05-27,S003,P036,2,374.78
SALE-20260527-S003-P037,2026-05-27,S003,P037,9,1686.15
SALE-20260527-S003-P038,2026-05-27,S003,P038,3,1160.49
SALE-20260527-S003-P039,2026-05-27,S003,P039,0,0.0
SALE-20260527-S003-P040,2026-05-27,S003,P040,10,1610.5
SALE-20260527-S003-P041,2026-05-27,S003,P041,1,984.39
SALE-20260527-S003-P042,2026-05-27,S003,P042,10,10684.9
SALE-20260527-S003-P043,2026-05-27,S003,P043,8,5876.48
SALE-20260527-S003-P044,2026-05-27,S003,P044,6,809.7
SALE-20260527-S003-P045,2026-05-27,S003,P045,10,4456.5
SALE-20260527-S003-P046,2026-05-27,S003,P046,5,2779.65
SALE-20260527-S003-P047,2026-05-27,S003,P047,5,4714.95
SALE-20260527-S003-P048,2026-05-27,S003,P048,3,1421.34
SALE-20260527-S003-P049,2026-05-27,S003,P049,17,10789.22
SALE-20260528-S001-P001,2026-05-28,S001,P001,11,8677.46
SALE-20260528-S001-P002,2026-05-28,S001,P002,8,5193.2
SALE-20260528-S001-P003,2026-05-28,S001,P003,1,1070.87
SALE-20260528-S001-P004,2026-05-28,S001,P004,3,456.45
SALE-20260528-S001-P005,2026-05-28,S001,P005,14,6172.6
SALE-20260528-S001-P006,2026-05-28,S001,P006,3,2513.97
SALE-20260528-S001-P007,2026-05-28,S001,P007,11,2827.22
SALE-20260528-S001-P008,2026-05-28,S001,P008,6,5304.9
SALE-20260528-S001-P009,2026-05-28,S001,P009,4,3024.76
SALE-20260528-S001-P010,2026-05-28,S001,P010,9,8880.3
SALE-20260528-S001-P011,2026-05-28,S001,P011,1,218.9
SALE-20260528-S001-P012,2026-05-28,S001,P012,8,1510.64
SALE-20260528-S001-P013,2026-05-28,S001,P013,8,6919.04
SALE-20260528-S001-P014,2026-05-28,S001,P014,19,7484.29
SALE-20260528-S001-P015,2026-05-28,S001,P015,0,0.0
SALE-20260528-S001-P016,2026-05-28,S001,P016,9,2377.53
SALE-20260528-S001-P017,2026-05-28,S001,P017,4,2013.96
SALE-20260528-S001-P018,2026-05-28,S001,P018,9,3309.3
SALE-20260528-S001-P019,2026-05-28,S001,P019,11,8890.97
SALE-20260528-S001-P020,2026-05-28,S001,P020,7,4508.77
SALE-20260528-S001-P021,2026-05-28,S001,P021,5,987.35
SALE-20260528-S001-P022,2026-05-28,S001,P022,4,2914.16
SALE-20260528-S001-P023,2026-05-28,S001,P023,6,4798.2
SALE-20260528-S001-P024,2026-05-28,S001,P024,10,1494.0
SALE-20260528-S001-P025,2026-05-28,S001,P025,1,690.47
SALE-20260528-S001-P026,2026-05-28,S001,P026,15,12298.2
SALE-20260528-S001-P027,2026-05-28,S001,P027,13,7661.94
SALE-20260528-S001-P028,2026-05-28,S001,P028,3,167.01
SALE-20260528-S001-P029,2026-05-28,S001,P029,4,940.52
SALE-20260528-S001-P030,2026-05-28,S001,P030,9,2075.94
SALE-20260528-S001-P031,2026-05-28,S001,P031,14,4079.88
SALE-20260528-S001-P032,2026-05-28,S001,P032,4,2506.4
SALE-20260528-S001-P033,2026-05-28,S001,P033,12,8098.92
SALE-20260528-S001-P034,2026-05-28,S001,P034,13,2202.07
SALE-20260528-S001-P035,2026-05-28,S001,P035,10,1225.8
SALE-20260528-S001-P036,2026-05-28,S001,P036,2,374.78
SALE-20260528-S001-P037,2026-05-28,S001,P037,11,2060.85
SALE-20260528-S001-P038,2026-05-28,S001,P038,2,773.66
SALE-20260528-S001-P039,2026-05-28,S001,P039,2,1268.2
SALE-20260528-S001-P040,2026-05-28,S001,P040,3,483.15
SALE-20260528-S001-P041,2026-05-28,S001,P041,7,6890.73
SALE-20260528-S001-P042,2026-05-28,S001,P042,14,14958.86
SALE-20260528-S001-P043,2026-05-28,S001,P043,8,5876.48
SALE-20260528-S001-P044,2026-05-28,S001,P044,4,539.8
SALE-20260528-S001-P045,2026-05-28,S001,P045,13,5793.45
SALE-20260528-S001-P046,2026-05-28,S001,P046,5,2779.65
SALE-20260528-S001-P047,2026-05-28,S001,P047,11,10372.89
SALE-20260528-S001-P048,2026-05-28,S001,P048,2,947.56
SALE-20260528-S001-P049,2026-05-28,S001,P049,15,9519.9
SALE-20260528-S001-P050,2026-05-28,S001,P050,4,1561.52
SALE-20260528-S002-P001,2026-05-28,S002,P001,11,8677.46
SALE-20260528-S002-P002,2026-05-28,S002,P002,5,3245.75
SALE-20260528-S002-P003,2026-05-28,S002,P003,2,2141.74
SALE-20260528-S002-P004,2026-05-28,S002,P004,0,0.0
SALE-20260528-S002-P005,2026-05-28,S002,P005,10,4409.0
SALE-20260528-S002-P006,2026-05-28,S002,P006,6,5027.94
SALE-20260528-S002-P007,2026-05-28,S002,P007,0,0.0
SALE-20260528-S002-P008,2026-05-28,S002,P008,12,10609.8
SALE-20260528-S002-P009,2026-05-28,S002,P009,4,3024.76
SALE-20260528-S002-P010,2026-05-28,S002,P010,5,4933.5
SALE-20260528-S002-P011,2026-05-28,S002,P011,0,0.0
SALE-20260528-S002-P012,2026-05-28,S002,P012,23,4343.09
SALE-20260528-S002-P013,2026-05-28,S002,P013,8,6919.04
SALE-20260528-S002-P014,2026-05-28,S002,P014,9,3545.19
SALE-20260528-S002-P015,2026-05-28,S002,P015,3,585.36
SALE-20260528-S002-P016,2026-05-28,S002,P016,8,2113.36
SALE-20260528-S002-P017,2026-05-28,S002,P017,9,4531.41
SALE-20260528-S002-P018,2026-05-28,S002,P018,19,6986.3
SALE-20260528-S002-P019,2026-05-28,S002,P019,7,5657.89
SALE-20260528-S002-P020,2026-05-28,S002,P020,14,9017.54
SALE-20260528-S002-P021,2026-05-28,S002,P021,6,1184.82
SALE-20260528-S002-P022,2026-05-28,S002,P022,7,5099.78
SALE-20260528-S002-P023,2026-05-28,S002,P023,8,6397.6
SALE-20260528-S002-P024,2026-05-28,S002,P024,4,597.6
SALE-20260528-S002-P025,2026-05-28,S002,P025,2,1380.94
SALE-20260528-S002-P026,2026-05-28,S002,P026,12,9838.56
SALE-20260528-S002-P027,2026-05-28,S002,P027,11,6483.18
SALE-20260528-S002-P028,2026-05-28,S002,P028,5,278.35
SALE-20260528-S002-P029,2026-05-28,S002,P029,6,1410.78
SALE-20260528-S002-P030,2026-05-28,S002,P030,2,461.32
SALE-20260528-S002-P031,2026-05-28,S002,P031,10,2914.2
SALE-20260528-S002-P032,2026-05-28,S002,P032,6,3759.6
SALE-20260528-S002-P033,2026-05-28,S002,P033,9,6074.19
SALE-20260528-S002-P034,2026-05-28,S002,P034,14,2371.46
SALE-20260528-S002-P035,2026-05-28,S002,P035,13,1593.54
SALE-20260528-S002-P036,2026-05-28,S002,P036,3,562.17
SALE-20260528-S002-P037,2026-05-28,S002,P037,18,3372.3
SALE-20260528-S002-P038,2026-05-28,S002,P038,11,4255.13
SALE-20260528-S002-P039,2026-05-28,S002,P039,4,2536.4
SALE-20260528-S002-P040,2026-05-28,S002,P040,13,2093.65
SALE-20260528-S002-P041,2026-05-28,S002,P041,6,5906.34
SALE-20260528-S002-P042,2026-05-28,S002,P042,8,8547.92
SALE-20260528-S002-P043,2026-05-28,S002,P043,17,12487.52
SALE-20260528-S002-P044,2026-05-28,S002,P044,5,674.75
SALE-20260528-S002-P045,2026-05-28,S002,P045,18,8021.7
SALE-20260528-S002-P046,2026-05-28,S002,P046,2,1111.86
SALE-20260528-S002-P047,2026-05-28,S002,P047,11,10372.89
SALE-20260528-S002-P048,2026-05-28,S002,P048,7,3316.46
SALE-20260528-S002-P049,2026-05-28,S002,P049,15,9519.9
SALE-20260528-S002-P050,2026-05-28,S002,P050,6,2342.28
SALE-20260528-S003-P001,2026-05-28,S003,P001,4,3155.44
SALE-20260528-S003-P002,2026-05-28,S003,P002,5,3245.75
SALE-20260528-S003-P003,2026-05-28,S003,P003,2,2141.74
SALE-20260528-S003-P004,2026-05-28,S003,P004,5,760.75
SALE-20260528-S003-P005,2026-05-28,S003,P005,10,4409.0
SALE-20260528-S003-P006,2026-05-28,S003,P006,3,2513.97
SALE-20260528-S003-P007,2026-05-28,S003,P007,7,1799.14
SALE-20260528-S003-P008,2026-05-28,S003,P008,12,10609.8
SALE-20260528-S003-P009,2026-05-28,S003,P009,2,1512.38
SALE-20260528-S003-P010,2026-05-28,S003,P010,3,2960.1
SALE-20260528-S003-P011,2026-05-28,S003,P011,2,437.8
SALE-20260528-S003-P012,2026-05-28,S003,P012,13,2454.79
SALE-20260528-S003-P013,2026-05-28,S003,P013,7,6054.16
SALE-20260528-S003-P014,2026-05-28,S003,P014,8,3151.28
SALE-20260528-S003-P015,2026-05-28,S003,P015,0,0.0
SALE-20260528-S003-P016,2026-05-28,S003,P016,8,2113.36
SALE-20260528-S003-P017,2026-05-28,S003,P017,8,4027.92
SALE-20260528-S003-P018,2026-05-28,S003,P018,18,6618.6
SALE-20260528-S003-P019,2026-05-28,S003,P019,14,11315.78
SALE-20260528-S003-P020,2026-05-28,S003,P020,4,2576.44
SALE-20260528-S003-P021,2026-05-28,S003,P021,6,1184.82
SALE-20260528-S003-P022,2026-05-28,S003,P022,4,2914.16
SALE-20260528-S003-P023,2026-05-28,S003,P023,4,3198.8
SALE-20260528-S003-P024,2026-05-28,S003,P024,6,896.4
SALE-20260528-S003-P025,2026-05-28,S003,P025,2,1380.94
SALE-20260528-S003-P026,2026-05-28,S003,P026,6,4919.28
SALE-20260528-S003-P027,2026-05-28,S003,P027,7,4125.66
SALE-20260528-S003-P028,2026-05-28,S003,P028,2,111.34
SALE-20260528-S003-P029,2026-05-28,S003,P029,10,2351.3
SALE-20260528-S003-P030,2026-05-28,S003,P030,2,461.32
SALE-20260528-S003-P031,2026-05-28,S003,P031,8,2331.36
SALE-20260528-S003-P032,2026-05-28,S003,P032,0,0.0
SALE-20260528-S003-P033,2026-05-28,S003,P033,9,6074.19
SALE-20260528-S003-P034,2026-05-28,S003,P034,7,1185.73
SALE-20260528-S003-P035,2026-05-28,S003,P035,7,858.06
SALE-20260528-S003-P036,2026-05-28,S003,P036,6,1124.34
SALE-20260528-S003-P037,2026-05-28,S003,P037,8,1498.8
SALE-20260528-S003-P038,2026-05-28,S003,P038,2,773.66
SALE-20260528-S003-P039,2026-05-28,S003,P039,2,1268.2
SALE-20260528-S003-P040,2026-05-28,S003,P040,4,644.2
SALE-20260528-S003-P041,2026-05-28,S003,P041,3,2953.17
SALE-20260528-S003-P042,2026-05-28,S003,P042,14,14958.86
SALE-20260528-S003-P043,2026-05-28,S003,P043,5,3672.8
SALE-20260528-S003-P044,2026-05-28,S003,P044,1,134.95
SALE-20260528-S003-P045,2026-05-28,S003,P045,7,3119.55
SALE-20260528-S003-P046,2026-05-28,S003,P046,5,2779.65
SALE-20260528-S003-P047,2026-05-28,S003,P047,9,8486.91
SALE-20260528-S003-P048,2026-05-28,S003,P048,4,1895.12
SALE-20260528-S003-P049,2026-05-28,S003,P049,10,6346.6
SALE-20260529-S001-P001,2026-05-29,S001,P001,8,6310.88
SALE-20260529-S001-P002,2026-05-29,S001,P002,10,6491.5
SALE-20260529-S001-P003,2026-05-29,S001,P003,4,4283.48
SALE-20260529-S001-P004,2026-05-29,S001,P004,5,760.75
SALE-20260529-S001-P005,2026-05-29,S001,P005,11,4849.9
SALE-20260529-S001-P006,2026-05-29,S001,P006,1,837.99
SALE-20260529-S001-P007,2026-05-29,S001,P007,16,4112.32
SALE-20260529-S001-P008,2026-05-29,S001,P008,9,7957.35
SALE-20260529-S001-P009,2026-05-29,S001,P009,5,3780.95
SALE-20260529-S001-P010,2026-05-29,S001,P010,12,11840.4
SALE-20260529-S001-P011,2026-05-29,S001,P011,6,1313.4
SALE-20260529-S001-P012,2026-05-29,S001,P012,16,3021.28
SALE-20260529-S001-P013,2026-05-29,S001,P013,10,8648.8
SALE-20260529-S001-P014,2026-05-29,S001,P014,10,3939.1
SALE-20260529-S001-P015,2026-05-29,S001,P015,5,975.6
SALE-20260529-S001-P016,2026-05-29,S001,P016,12,3170.04
SALE-20260529-S001-P017,2026-05-29,S001,P017,5,2517.45
SALE-20260529-S001-P018,2026-05-29,S001,P018,10,3677.0
SALE-20260529-S001-P019,2026-05-29,S001,P019,9,7274.43
SALE-20260529-S001-P020,2026-05-29,S001,P020,9,5796.99
SALE-20260529-S001-P021,2026-05-29,S001,P021,8,1579.76
SALE-20260529-S001-P022,2026-05-29,S001,P022,10,7285.4
SALE-20260529-S001-P023,2026-05-29,S001,P023,7,5597.9
SALE-20260529-S001-P024,2026-05-29,S001,P024,12,1792.8
SALE-20260529-S001-P025,2026-05-29,S001,P025,1,690.47
SALE-20260529-S001-P026,2026-05-29,S001,P026,9,7378.92
SALE-20260529-S001-P027,2026-05-29,S001,P027,18,10608.84
SALE-20260529-S001-P028,2026-05-29,S001,P028,2,111.34
SALE-20260529-S001-P029,2026-05-29,S001,P029,8,1881.04
SALE-20260529-S001-P030,2026-05-29,S001,P030,4,922.64
SALE-20260529-S001-P031,2026-05-29,S001,P031,13,3788.46
SALE-20260529-S001-P032,2026-05-29,S001,P032,4,2506.4
SALE-20260529-S001-P033,2026-05-29,S001,P033,9,6074.19
SALE-20260529-S001-P034,2026-05-29,S001,P034,9,1524.51
SALE-20260529-S001-P035,2026-05-29,S001,P035,14,1716.12
SALE-20260529-S001-P036,2026-05-29,S001,P036,4,749.56
SALE-20260529-S001-P037,2026-05-29,S001,P037,18,3372.3
SALE-20260529-S001-P038,2026-05-29,S001,P038,3,1160.49
SALE-20260529-S001-P039,2026-05-29,S001,P039,5,3170.5
SALE-20260529-S001-P040,2026-05-29,S001,P040,7,1127.35
SALE-20260529-S001-P041,2026-05-29,S001,P041,8,7875.12
SALE-20260529-S001-P042,2026-05-29,S001,P042,9,9616.41
SALE-20260529-S001-P043,2026-05-29,S001,P043,22,16160.32
SALE-20260529-S001-P044,2026-05-29,S001,P044,3,404.85
SALE-20260529-S001-P045,2026-05-29,S001,P045,13,5793.45
SALE-20260529-S001-P046,2026-05-29,S001,P046,8,4447.44
SALE-20260529-S001-P047,2026-05-29,S001,P047,13,12258.87
SALE-20260529-S001-P048,2026-05-29,S001,P048,8,3790.24
SALE-20260529-S001-P049,2026-05-29,S001,P049,13,8250.58
SALE-20260529-S001-P050,2026-05-29,S001,P050,0,0.0
SALE-20260529-S002-P001,2026-05-29,S002,P001,11,8677.46
SALE-20260529-S002-P002,2026-05-29,S002,P002,5,3245.75
SALE-20260529-S002-P003,2026-05-29,S002,P003,6,6425.22
SALE-20260529-S002-P004,2026-05-29,S002,P004,0,0.0
SALE-20260529-S002-P005,2026-05-29,S002,P005,12,5290.8
SALE-20260529-S002-P006,2026-05-29,S002,P006,7,5865.93
SALE-20260529-S002-P007,2026-05-29,S002,P007,0,0.0
SALE-20260529-S002-P008,2026-05-29,S002,P008,14,12378.1
SALE-20260529-S002-P009,2026-05-29,S002,P009,8,6049.52
SALE-20260529-S002-P010,2026-05-29,S002,P010,13,12827.1
SALE-20260529-S002-P011,2026-05-29,S002,P011,0,0.0
SALE-20260529-S002-P012,2026-05-29,S002,P012,20,3776.6
SALE-20260529-S002-P013,2026-05-29,S002,P013,10,8648.8
SALE-20260529-S002-P014,2026-05-29,S002,P014,13,5120.83
SALE-20260529-S002-P015,2026-05-29,S002,P015,0,0.0
SALE-20260529-S002-P016,2026-05-29,S002,P016,6,1585.02
SALE-20260529-S002-P017,2026-05-29,S002,P017,15,7552.35
SALE-20260529-S002-P018,2026-05-29,S002,P018,19,6986.3
SALE-20260529-S002-P019,2026-05-29,S002,P019,14,11315.78
SALE-20260529-S002-P020,2026-05-29,S002,P020,11,7085.21
SALE-20260529-S002-P021,2026-05-29,S002,P021,5,987.35
SALE-20260529-S002-P022,2026-05-29,S002,P022,9,6556.86
SALE-20260529-S002-P023,2026-05-29,S002,P023,14,11195.8
SALE-20260529-S002-P024,2026-05-29,S002,P024,5,747.0
SALE-20260529-S002-P025,2026-05-29,S002,P025,2,1380.94
SALE-20260529-S002-P026,2026-05-29,S002,P026,13,10658.44
SALE-20260529-S002-P027,2026-05-29,S002,P027,18,10608.84
SALE-20260529-S002-P028,2026-05-29,S002,P028,7,389.69
SALE-20260529-S002-P029,2026-05-29,S002,P029,10,2351.3
SALE-20260529-S002-P030,2026-05-29,S002,P030,3,691.98
SALE-20260529-S002-P031,2026-05-29,S002,P031,19,5536.98
SALE-20260529-S002-P032,2026-05-29,S002,P032,10,6266.0
SALE-20260529-S002-P033,2026-05-29,S002,P033,6,4049.46
SALE-20260529-S002-P034,2026-05-29,S002,P034,19,3218.41
SALE-20260529-S002-P035,2026-05-29,S002,P035,14,1716.12
SALE-20260529-S002-P036,2026-05-29,S002,P036,3,562.17
SALE-20260529-S002-P037,2026-05-29,S002,P037,14,2622.9
SALE-20260529-S002-P038,2026-05-29,S002,P038,5,1934.15
SALE-20260529-S002-P039,2026-05-29,S002,P039,4,2536.4
SALE-20260529-S002-P040,2026-05-29,S002,P040,13,2093.65
SALE-20260529-S002-P041,2026-05-29,S002,P041,7,6890.73
SALE-20260529-S002-P042,2026-05-29,S002,P042,12,12821.88
SALE-20260529-S002-P043,2026-05-29,S002,P043,7,5141.92
SALE-20260529-S002-P044,2026-05-29,S002,P044,6,809.7
SALE-20260529-S002-P045,2026-05-29,S002,P045,24,10695.6
SALE-20260529-S002-P046,2026-05-29,S002,P046,11,6115.23
SALE-20260529-S002-P047,2026-05-29,S002,P047,13,12258.87
SALE-20260529-S002-P048,2026-05-29,S002,P048,4,1895.12
SALE-20260529-S002-P049,2026-05-29,S002,P049,20,12693.2
SALE-20260529-S002-P050,2026-05-29,S002,P050,6,2342.28
SALE-20260529-S003-P001,2026-05-29,S003,P001,8,6310.88
SALE-20260529-S003-P002,2026-05-29,S003,P002,4,2596.6
SALE-20260529-S003-P003,2026-05-29,S003,P003,3,3212.61
SALE-20260529-S003-P004,2026-05-29,S003,P004,3,456.45
SALE-20260529-S003-P005,2026-05-29,S003,P005,10,4409.0
SALE-20260529-S003-P006,2026-05-29,S003,P006,3,2513.97
SALE-20260529-S003-P007,2026-05-29,S003,P007,16,4112.32
SALE-20260529-S003-P008,2026-05-29,S003,P008,8,7073.2
SALE-20260529-S003-P009,2026-05-29,S003,P009,7,5293.33
SALE-20260529-S003-P010,2026-05-29,S003,P010,4,3946.8
SALE-20260529-S003-P011,2026-05-29,S003,P011,1,218.9
SALE-20260529-S003-P012,2026-05-29,S003,P012,14,2643.62
SALE-20260529-S003-P013,2026-05-29,S003,P013,4,3459.52
SALE-20260529-S003-P014,2026-05-29,S003,P014,12,4726.92
SALE-20260529-S003-P015,2026-05-29,S003,P015,2,390.24
SALE-20260529-S003-P016,2026-05-29,S003,P016,7,1849.19
SALE-20260529-S003-P017,2026-05-29,S003,P017,4,2013.96
SALE-20260529-S003-P018,2026-05-29,S003,P018,11,4044.7
SALE-20260529-S003-P019,2026-05-29,S003,P019,5,4041.35
SALE-20260529-S003-P020,2026-05-29,S003,P020,3,1932.33
SALE-20260529-S003-P021,2026-05-29,S003,P021,5,987.35
SALE-20260529-S003-P022,2026-05-29,S003,P022,4,2914.16
SALE-20260529-S003-P023,2026-05-29,S003,P023,5,3998.5
SALE-20260529-S003-P024,2026-05-29,S003,P024,11,1643.4
SALE-20260529-S003-P025,2026-05-29,S003,P025,4,2761.88
SALE-20260529-S003-P026,2026-05-29,S003,P026,23,18857.24
SALE-20260529-S003-P027,2026-05-29,S003,P027,9,5304.42
SALE-20260529-S003-P028,2026-05-29,S003,P028,2,111.34
SALE-20260529-S003-P029,2026-05-29,S003,P029,5,1175.65
SALE-20260529-S003-P030,2026-05-29,S003,P030,4,922.64
SALE-20260529-S003-P031,2026-05-29,S003,P031,4,1165.68
SALE-20260529-S003-P032,2026-05-29,S003,P032,4,2506.4
SALE-20260529-S003-P033,2026-05-29,S003,P033,11,7424.01
SALE-20260529-S003-P034,2026-05-29,S003,P034,5,846.95
SALE-20260529-S003-P035,2026-05-29,S003,P035,11,1348.38
SALE-20260529-S003-P036,2026-05-29,S003,P036,3,562.17
SALE-20260529-S003-P037,2026-05-29,S003,P037,11,2060.85
SALE-20260529-S003-P038,2026-05-29,S003,P038,8,3094.64
SALE-20260529-S003-P039,2026-05-29,S003,P039,0,0.0
SALE-20260529-S003-P040,2026-05-29,S003,P040,9,1449.45
SALE-20260529-S003-P041,2026-05-29,S003,P041,1,984.39
SALE-20260529-S003-P042,2026-05-29,S003,P042,14,14958.86
SALE-20260529-S003-P043,2026-05-29,S003,P043,14,10283.84
SALE-20260529-S003-P044,2026-05-29,S003,P044,4,539.8
SALE-20260529-S003-P045,2026-05-29,S003,P045,20,8913.0
SALE-20260529-S003-P046,2026-05-29,S003,P046,3,1667.79
SALE-20260529-S003-P047,2026-05-29,S003,P047,6,5657.94
SALE-20260529-S003-P048,2026-05-29,S003,P048,3,1421.34
SALE-20260529-S003-P049,2026-05-29,S003,P049,13,8250.58
SALE-20260530-S001-P001,2026-05-30,S001,P001,8,6310.88
SALE-20260530-S001-P002,2026-05-30,S001,P002,7,4544.05
SALE-20260530-S001-P003,2026-05-30,S001,P003,3,3212.61
SALE-20260530-S001-P004,2026-05-30,S001,P004,0,0.0
SALE-20260530-S001-P005,2026-05-30,S001,P005,18,7936.2
SALE-20260530-S001-P006,2026-05-30,S001,P006,5,4189.95
SALE-20260530-S001-P007,2026-05-30,S001,P007,20,5140.4
SALE-20260530-S001-P008,2026-05-30,S001,P008,18,15914.7
SALE-20260530-S001-P009,2026-05-30,S001,P009,8,6049.52
SALE-20260530-S001-P010,2026-05-30,S001,P010,12,11840.4
SALE-20260530-S001-P011,2026-05-30,S001,P011,4,875.6
SALE-20260530-S001-P012,2026-05-30,S001,P012,15,2832.45
SALE-20260530-S001-P013,2026-05-30,S001,P013,8,6919.04
SALE-20260530-S001-P014,2026-05-30,S001,P014,16,6302.56
SALE-20260530-S001-P015,2026-05-30,S001,P015,1,195.12
SALE-20260530-S001-P016,2026-05-30,S001,P016,9,2377.53
SALE-20260530-S001-P017,2026-05-30,S001,P017,10,5034.9
SALE-20260530-S001-P018,2026-05-30,S001,P018,17,6250.9
SALE-20260530-S001-P019,2026-05-30,S001,P019,9,7274.43
SALE-20260530-S001-P020,2026-05-30,S001,P020,13,8373.43
SALE-20260530-S001-P021,2026-05-30,S001,P021,7,1382.29
SALE-20260530-S001-P022,2026-05-30,S001,P022,6,4371.24
SALE-20260530-S001-P023,2026-05-30,S001,P023,6,4798.2
SALE-20260530-S001-P024,2026-05-30,S001,P024,4,597.6
SALE-20260530-S001-P025,2026-05-30,S001,P025,4,2761.88
SALE-20260530-S001-P026,2026-05-30,S001,P026,11,9018.68
SALE-20260530-S001-P027,2026-05-30,S001,P027,10,5893.8
SALE-20260530-S001-P028,2026-05-30,S001,P028,5,278.35
SALE-20260530-S001-P029,2026-05-30,S001,P029,14,3291.82
SALE-20260530-S001-P030,2026-05-30,S001,P030,4,922.64
SALE-20260530-S001-P031,2026-05-30,S001,P031,10,2914.2
SALE-20260530-S001-P032,2026-05-30,S001,P032,6,3759.6
SALE-20260530-S001-P033,2026-05-30,S001,P033,7,4724.37
SALE-20260530-S001-P034,2026-05-30,S001,P034,19,3218.41
SALE-20260530-S001-P035,2026-05-30,S001,P035,9,1103.22
SALE-20260530-S001-P036,2026-05-30,S001,P036,2,374.78
SALE-20260530-S001-P037,2026-05-30,S001,P037,10,1873.5
SALE-20260530-S001-P038,2026-05-30,S001,P038,5,1934.15
SALE-20260530-S001-P039,2026-05-30,S001,P039,2,1268.2
SALE-20260530-S001-P040,2026-05-30,S001,P040,9,1449.45
SALE-20260530-S001-P041,2026-05-30,S001,P041,6,5906.34
SALE-20260530-S001-P042,2026-05-30,S001,P042,17,18164.33
SALE-20260530-S001-P043,2026-05-30,S001,P043,18,13222.08
SALE-20260530-S001-P044,2026-05-30,S001,P044,11,1484.45
SALE-20260530-S001-P045,2026-05-30,S001,P045,22,9804.3
SALE-20260530-S001-P046,2026-05-30,S001,P046,5,2779.65
SALE-20260530-S001-P047,2026-05-30,S001,P047,8,7543.92
SALE-20260530-S001-P048,2026-05-30,S001,P048,4,1895.12
SALE-20260530-S001-P049,2026-05-30,S001,P049,13,8250.58
SALE-20260530-S001-P050,2026-05-30,S001,P050,6,2342.28
SALE-20260530-S002-P001,2026-05-30,S002,P001,13,10255.18
SALE-20260530-S002-P002,2026-05-30,S002,P002,13,8438.95
SALE-20260530-S002-P003,2026-05-30,S002,P003,0,0.0
SALE-20260530-S002-P004,2026-05-30,S002,P004,0,0.0
SALE-20260530-S002-P005,2026-05-30,S002,P005,11,4849.9
SALE-20260530-S002-P006,2026-05-30,S002,P006,5,4189.95
SALE-20260530-S002-P007,2026-05-30,S002,P007,0,0.0
SALE-20260530-S002-P008,2026-05-30,S002,P008,17,15030.55
SALE-20260530-S002-P009,2026-05-30,S002,P009,13,9830.47
SALE-20260530-S002-P010,2026-05-30,S002,P010,15,14800.5
SALE-20260530-S002-P011,2026-05-30,S002,P011,2,437.8
SALE-20260530-S002-P012,2026-05-30,S002,P012,22,4154.26
SALE-20260530-S002-P013,2026-05-30,S002,P013,10,8648.8
SALE-20260530-S002-P014,2026-05-30,S002,P014,19,7484.29
SALE-20260530-S002-P015,2026-05-30,S002,P015,3,585.36
SALE-20260530-S002-P016,2026-05-30,S002,P016,16,4226.72
SALE-20260530-S002-P017,2026-05-30,S002,P017,14,7048.86
SALE-20260530-S002-P018,2026-05-30,S002,P018,18,6618.6
SALE-20260530-S002-P019,2026-05-30,S002,P019,11,8890.97
SALE-20260530-S002-P020,2026-05-30,S002,P020,8,5152.88
SALE-20260530-S002-P021,2026-05-30,S002,P021,6,1184.82
SALE-20260530-S002-P022,2026-05-30,S002,P022,9,6556.86
SALE-20260530-S002-P023,2026-05-30,S002,P023,13,10396.1
SALE-20260530-S002-P024,2026-05-30,S002,P024,13,1942.2
SALE-20260530-S002-P025,2026-05-30,S002,P025,2,1380.94
SALE-20260530-S002-P026,2026-05-30,S002,P026,15,12298.2
SALE-20260530-S002-P027,2026-05-30,S002,P027,25,14734.5
SALE-20260530-S002-P028,2026-05-30,S002,P028,4,222.68
SALE-20260530-S002-P029,2026-05-30,S002,P029,16,3762.08
SALE-20260530-S002-P030,2026-05-30,S002,P030,2,461.32
SALE-20260530-S002-P031,2026-05-30,S002,P031,10,2914.2
SALE-20260530-S002-P032,2026-05-30,S002,P032,9,5639.4
SALE-20260530-S002-P033,2026-05-30,S002,P033,18,12148.38
SALE-20260530-S002-P034,2026-05-30,S002,P034,21,3557.19
SALE-20260530-S002-P035,2026-05-30,S002,P035,15,1838.7
SALE-20260530-S002-P036,2026-05-30,S002,P036,4,749.56
SALE-20260530-S002-P037,2026-05-30,S002,P037,21,3934.35
SALE-20260530-S002-P038,2026-05-30,S002,P038,9,3481.47
SALE-20260530-S002-P039,2026-05-30,S002,P039,2,1268.2
SALE-20260530-S002-P040,2026-05-30,S002,P040,16,2576.8
SALE-20260530-S002-P041,2026-05-30,S002,P041,10,9843.9
SALE-20260530-S002-P042,2026-05-30,S002,P042,11,11753.39
SALE-20260530-S002-P043,2026-05-30,S002,P043,17,12487.52
SALE-20260530-S002-P044,2026-05-30,S002,P044,7,944.65
SALE-20260530-S002-P045,2026-05-30,S002,P045,27,12032.55
SALE-20260530-S002-P046,2026-05-30,S002,P046,8,4447.44
SALE-20260530-S002-P047,2026-05-30,S002,P047,6,5657.94
SALE-20260530-S002-P048,2026-05-30,S002,P048,6,2842.68
SALE-20260530-S002-P049,2026-05-30,S002,P049,18,11423.88
SALE-20260530-S002-P050,2026-05-30,S002,P050,7,2732.66
SALE-20260530-S003-P001,2026-05-30,S003,P001,9,7099.74
SALE-20260530-S003-P002,2026-05-30,S003,P002,2,1298.3
SALE-20260530-S003-P003,2026-05-30,S003,P003,7,7496.09
SALE-20260530-S003-P004,2026-05-30,S003,P004,3,456.45
SALE-20260530-S003-P005,2026-05-30,S003,P005,13,5731.7
SALE-20260530-S003-P006,2026-05-30,S003,P006,3,2513.97
SALE-20260530-S003-P007,2026-05-30,S003,P007,15,3855.3
SALE-20260530-S003-P008,2026-05-30,S003,P008,4,3536.6
SALE-20260530-S003-P009,2026-05-30,S003,P009,8,6049.52
SALE-20260530-S003-P010,2026-05-30,S003,P010,16,15787.2
SALE-20260530-S003-P011,2026-05-30,S003,P011,2,437.8
SALE-20260530-S003-P012,2026-05-30,S003,P012,19,3587.77
SALE-20260530-S003-P013,2026-05-30,S003,P013,9,7783.92
SALE-20260530-S003-P014,2026-05-30,S003,P014,9,3545.19
SALE-20260530-S003-P015,2026-05-30,S003,P015,1,195.12
SALE-20260530-S003-P016,2026-05-30,S003,P016,4,1056.68
SALE-20260530-S003-P017,2026-05-30,S003,P017,12,6041.88
SALE-20260530-S003-P018,2026-05-30,S003,P018,8,2941.6
SALE-20260530-S003-P019,2026-05-30,S003,P019,8,6466.16
SALE-20260530-S003-P020,2026-05-30,S003,P020,12,7729.32
SALE-20260530-S003-P021,2026-05-30,S003,P021,2,394.94
SALE-20260530-S003-P022,2026-05-30,S003,P022,7,5099.78
SALE-20260530-S003-P023,2026-05-30,S003,P023,9,7197.3
SALE-20260530-S003-P024,2026-05-30,S003,P024,3,448.2
SALE-20260530-S003-P025,2026-05-30,S003,P025,3,2071.41
SALE-20260530-S003-P026,2026-05-30,S003,P026,16,13118.08
SALE-20260530-S003-P027,2026-05-30,S003,P027,15,8840.7
SALE-20260530-S003-P028,2026-05-30,S003,P028,3,167.01
SALE-20260530-S003-P029,2026-05-30,S003,P029,15,3526.95
SALE-20260530-S003-P030,2026-05-30,S003,P030,3,691.98
SALE-20260530-S003-P031,2026-05-30,S003,P031,10,2914.2
SALE-20260530-S003-P032,2026-05-30,S003,P032,4,2506.4
SALE-20260530-S003-P033,2026-05-30,S003,P033,9,6074.19
SALE-20260530-S003-P034,2026-05-30,S003,P034,8,1355.12
SALE-20260530-S003-P035,2026-05-30,S003,P035,10,1225.8
SALE-20260530-S003-P036,2026-05-30,S003,P036,3,562.17
SALE-20260530-S003-P037,2026-05-30,S003,P037,13,2435.55
SALE-20260530-S003-P038,2026-05-30,S003,P038,5,1934.15
SALE-20260530-S003-P039,2026-05-30,S003,P039,1,634.1
SALE-20260530-S003-P040,2026-05-30,S003,P040,9,1449.45
SALE-20260530-S003-P041,2026-05-30,S003,P041,8,7875.12
SALE-20260530-S003-P042,2026-05-30,S003,P042,10,10684.9
SALE-20260530-S003-P043,2026-05-30,S003,P043,9,6611.04
SALE-20260530-S003-P044,2026-05-30,S003,P044,8,1079.6
SALE-20260530-S003-P045,2026-05-30,S003,P045,16,7130.4
SALE-20260530-S003-P046,2026-05-30,S003,P046,4,2223.72
SALE-20260530-S003-P047,2026-05-30,S003,P047,10,9429.9
SALE-20260530-S003-P048,2026-05-30,S003,P048,4,1895.12
SALE-20260530-S003-P049,2026-05-30,S003,P049,12,7615.92
SALE-20260531-S001-P001,2026-05-31,S001,P001,6,4733.16
SALE-20260531-S001-P002,2026-05-31,S001,P002,2,1298.3
SALE-20260531-S001-P003,2026-05-31,S001,P003,3,3212.61
SALE-20260531-S001-P004,2026-05-31,S001,P004,0,0.0
SALE-20260531-S001-P005,2026-05-31,S001,P005,7,3086.3
SALE-20260531-S001-P006,2026-05-31,S001,P006,5,4189.95
SALE-20260531-S001-P007,2026-05-31,S001,P007,15,3855.3
SALE-20260531-S001-P008,2026-05-31,S001,P008,11,9725.65
SALE-20260531-S001-P009,2026-05-31,S001,P009,2,1512.38
SALE-20260531-S001-P010,2026-05-31,S001,P010,13,12827.1
SALE-20260531-S001-P011,2026-05-31,S001,P011,4,875.6
SALE-20260531-S001-P012,2026-05-31,S001,P012,19,3587.77
SALE-20260531-S001-P013,2026-05-31,S001,P013,5,4324.4
SALE-20260531-S001-P014,2026-05-31,S001,P014,10,3939.1
SALE-20260531-S001-P015,2026-05-31,S001,P015,4,780.48
SALE-20260531-S001-P016,2026-05-31,S001,P016,12,3170.04
SALE-20260531-S001-P017,2026-05-31,S001,P017,8,4027.92
SALE-20260531-S001-P018,2026-05-31,S001,P018,15,5515.5
SALE-20260531-S001-P019,2026-05-31,S001,P019,9,7274.43
SALE-20260531-S001-P020,2026-05-31,S001,P020,9,5796.99
SALE-20260531-S001-P021,2026-05-31,S001,P021,6,1184.82
SALE-20260531-S001-P022,2026-05-31,S001,P022,8,5828.32
SALE-20260531-S001-P023,2026-05-31,S001,P023,10,7997.0
SALE-20260531-S001-P024,2026-05-31,S001,P024,8,1195.2
SALE-20260531-S001-P025,2026-05-31,S001,P025,0,0.0
SALE-20260531-S001-P026,2026-05-31,S001,P026,17,13937.96
SALE-20260531-S001-P027,2026-05-31,S001,P027,28,16502.64
SALE-20260531-S001-P028,2026-05-31,S001,P028,0,0.0
SALE-20260531-S001-P029,2026-05-31,S001,P029,15,3526.95
SALE-20260531-S001-P030,2026-05-31,S001,P030,5,1153.3
SALE-20260531-S001-P031,2026-05-31,S001,P031,10,2914.2
SALE-20260531-S001-P032,2026-05-31,S001,P032,6,3759.6
SALE-20260531-S001-P033,2026-05-31,S001,P033,14,9448.74
SALE-20260531-S001-P034,2026-05-31,S001,P034,13,2202.07
SALE-20260531-S001-P035,2026-05-31,S001,P035,17,2083.86
SALE-20260531-S001-P036,2026-05-31,S001,P036,5,936.95
SALE-20260531-S001-P037,2026-05-31,S001,P037,14,2622.9
SALE-20260531-S001-P038,2026-05-31,S001,P038,4,1547.32
SALE-20260531-S001-P039,2026-05-31,S001,P039,0,0.0
SALE-20260531-S001-P040,2026-05-31,S001,P040,8,1288.4
SALE-20260531-S001-P041,2026-05-31,S001,P041,5,4921.95
SALE-20260531-S001-P042,2026-05-31,S001,P042,15,16027.35
SALE-20260531-S001-P043,2026-05-31,S001,P043,13,9549.28
SALE-20260531-S001-P044,2026-05-31,S001,P044,4,539.8
SALE-20260531-S001-P045,2026-05-31,S001,P045,19,8467.35
SALE-20260531-S001-P046,2026-05-31,S001,P046,6,3335.58
SALE-20260531-S001-P047,2026-05-31,S001,P047,11,10372.89
SALE-20260531-S001-P048,2026-05-31,S001,P048,6,2842.68
SALE-20260531-S001-P049,2026-05-31,S001,P049,13,8250.58
SALE-20260531-S001-P050,2026-05-31,S001,P050,3,1171.14
SALE-20260531-S002-P001,2026-05-31,S002,P001,15,11832.9
SALE-20260531-S002-P002,2026-05-31,S002,P002,3,1947.45
SALE-20260531-S002-P003,2026-05-31,S002,P003,5,5354.35
SALE-20260531-S002-P004,2026-05-31,S002,P004,1,152.15
SALE-20260531-S002-P005,2026-05-31,S002,P005,15,6613.5
SALE-20260531-S002-P006,2026-05-31,S002,P006,10,8379.9
SALE-20260531-S002-P007,2026-05-31,S002,P007,0,0.0
SALE-20260531-S002-P008,2026-05-31,S002,P008,19,16798.85
SALE-20260531-S002-P009,2026-05-31,S002,P009,6,4537.14
SALE-20260531-S002-P010,2026-05-31,S002,P010,13,12827.1
SALE-20260531-S002-P011,2026-05-31,S002,P011,2,437.8
SALE-20260531-S002-P012,2026-05-31,S002,P012,28,5287.24
SALE-20260531-S002-P013,2026-05-31,S002,P013,17,14702.96
SALE-20260531-S002-P014,2026-05-31,S002,P014,14,5514.74
SALE-20260531-S002-P015,2026-05-31,S002,P015,3,585.36
SALE-20260531-S002-P016,2026-05-31,S002,P016,11,2905.87
SALE-20260531-S002-P017,2026-05-31,S002,P017,11,5538.39
SALE-20260531-S002-P018,2026-05-31,S002,P018,19,6986.3
SALE-20260531-S002-P019,2026-05-31,S002,P019,13,10507.51
SALE-20260531-S002-P020,2026-05-31,S002,P020,12,7729.32
SALE-20260531-S002-P021,2026-05-31,S002,P021,8,1579.76
SALE-20260531-S002-P022,2026-05-31,S002,P022,5,3642.7
SALE-20260531-S002-P023,2026-05-31,S002,P023,10,7997.0
SALE-20260531-S002-P024,2026-05-31,S002,P024,5,747.0
SALE-20260531-S002-P025,2026-05-31,S002,P025,5,3452.35
SALE-20260531-S002-P026,2026-05-31,S002,P026,20,16397.6
SALE-20260531-S002-P027,2026-05-31,S002,P027,22,12966.36
SALE-20260531-S002-P028,2026-05-31,S002,P028,7,389.69
SALE-20260531-S002-P029,2026-05-31,S002,P029,14,3291.82
SALE-20260531-S002-P030,2026-05-31,S002,P030,3,691.98
SALE-20260531-S002-P031,2026-05-31,S002,P031,15,4371.3
SALE-20260531-S002-P032,2026-05-31,S002,P032,6,3759.6
SALE-20260531-S002-P033,2026-05-31,S002,P033,19,12823.29
SALE-20260531-S002-P034,2026-05-31,S002,P034,8,1355.12
SALE-20260531-S002-P035,2026-05-31,S002,P035,21,2574.18
SALE-20260531-S002-P036,2026-05-31,S002,P036,7,1311.73
SALE-20260531-S002-P037,2026-05-31,S002,P037,24,4496.4
SALE-20260531-S002-P038,2026-05-31,S002,P038,9,3481.47
SALE-20260531-S002-P039,2026-05-31,S002,P039,4,2536.4
SALE-20260531-S002-P040,2026-05-31,S002,P040,14,2254.7
SALE-20260531-S002-P041,2026-05-31,S002,P041,13,12797.07
SALE-20260531-S002-P042,2026-05-31,S002,P042,14,14958.86
SALE-20260531-S002-P043,2026-05-31,S002,P043,16,11752.96
SALE-20260531-S002-P044,2026-05-31,S002,P044,2,269.9
SALE-20260531-S002-P045,2026-05-31,S002,P045,17,7576.05
SALE-20260531-S002-P046,2026-05-31,S002,P046,3,1667.79
SALE-20260531-S002-P047,2026-05-31,S002,P047,10,9429.9
SALE-20260531-S002-P048,2026-05-31,S002,P048,6,2842.68
SALE-20260531-S002-P049,2026-05-31,S002,P049,24,15231.84
SALE-20260531-S002-P050,2026-05-31,S002,P050,8,3123.04
SALE-20260531-S003-P001,2026-05-31,S003,P001,6,4733.16
SALE-20260531-S003-P002,2026-05-31,S003,P002,4,2596.6
SALE-20260531-S003-P003,2026-05-31,S003,P003,4,4283.48
SALE-20260531-S003-P004,2026-05-31,S003,P004,6,912.9
SALE-20260531-S003-P005,2026-05-31,S003,P005,8,3527.2
SALE-20260531-S003-P006,2026-05-31,S003,P006,7,5865.93
SALE-20260531-S003-P007,2026-05-31,S003,P007,12,3084.24
SALE-20260531-S003-P008,2026-05-31,S003,P008,12,10609.8
SALE-20260531-S003-P009,2026-05-31,S003,P009,4,3024.76
SALE-20260531-S003-P010,2026-05-31,S003,P010,8,7893.6
SALE-20260531-S003-P011,2026-05-31,S003,P011,2,437.8
SALE-20260531-S003-P012,2026-05-31,S003,P012,11,2077.13
SALE-20260531-S003-P013,2026-05-31,S003,P013,11,9513.68
SALE-20260531-S003-P014,2026-05-31,S003,P014,6,2363.46
SALE-20260531-S003-P015,2026-05-31,S003,P015,4,780.48
SALE-20260531-S003-P016,2026-05-31,S003,P016,6,1585.02
SALE-20260531-S003-P017,2026-05-31,S003,P017,9,4531.41
SALE-20260531-S003-P018,2026-05-31,S003,P018,13,4780.1
SALE-20260531-S003-P019,2026-05-31,S003,P019,6,4849.62
SALE-20260531-S003-P020,2026-05-31,S003,P020,4,2576.44
SALE-20260531-S003-P021,2026-05-31,S003,P021,6,1184.82
SALE-20260531-S003-P022,2026-05-31,S003,P022,4,2914.16
SALE-20260531-S003-P023,2026-05-31,S003,P023,6,4798.2
SALE-20260531-S003-P024,2026-05-31,S003,P024,5,747.0
SALE-20260531-S003-P025,2026-05-31,S003,P025,4,2761.88
SALE-20260531-S003-P026,2026-05-31,S003,P026,9,7378.92
SALE-20260531-S003-P027,2026-05-31,S003,P027,14,8251.32
SALE-20260531-S003-P028,2026-05-31,S003,P028,1,55.67
SALE-20260531-S003-P029,2026-05-31,S003,P029,5,1175.65
SALE-20260531-S003-P030,2026-05-31,S003,P030,1,230.66
SALE-20260531-S003-P031,2026-05-31,S003,P031,12,3497.04
SALE-20260531-S003-P032,2026-05-31,S003,P032,9,5639.4
SALE-20260531-S003-P033,2026-05-31,S003,P033,8,5399.28
SALE-20260531-S003-P034,2026-05-31,S003,P034,11,1863.29
SALE-20260531-S003-P035,2026-05-31,S003,P035,6,735.48
SALE-20260531-S003-P036,2026-05-31,S003,P036,3,562.17
SALE-20260531-S003-P037,2026-05-31,S003,P037,17,3184.95
SALE-20260531-S003-P038,2026-05-31,S003,P038,6,2320.98
SALE-20260531-S003-P039,2026-05-31,S003,P039,5,3170.5
SALE-20260531-S003-P040,2026-05-31,S003,P040,5,805.25
SALE-20260531-S003-P041,2026-05-31,S003,P041,5,4921.95
SALE-20260531-S003-P042,2026-05-31,S003,P042,20,21369.8
SALE-20260531-S003-P043,2026-05-31,S003,P043,10,7345.6
SALE-20260531-S003-P044,2026-05-31,S003,P044,9,1214.55
SALE-20260531-S003-P045,2026-05-31,S003,P045,20,8913.0
SALE-20260531-S003-P046,2026-05-31,S003,P046,4,2223.72
SALE-20260531-S003-P047,2026-05-31,S003,P047,2,1885.98
SALE-20260531-S003-P048,2026-05-31,S003,P048,4,1895.12
SALE-20260531-S003-P049,2026-05-31,S003,P049,7,4442.62
SALE-20260601-S001-P001,2026-06-01,S001,P001,11,8677.46
SALE-20260601-S001-P002,2026-06-01,S001,P002,11,7140.65
SALE-20260601-S001-P003,2026-06-01,S001,P003,3,3212.61
SALE-20260601-S001-P004,2026-06-01,S001,P004,1,152.15
SALE-20260601-S001-P005,2026-06-01,S001,P005,11,4849.9
SALE-20260601-S001-P006,2026-06-01,S001,P006,5,4189.95
SALE-20260601-S001-P007,2026-06-01,S001,P007,18,4626.36
SALE-20260601-S001-P008,2026-06-01,S001,P008,10,8841.5
SALE-20260601-S001-P009,2026-06-01,S001,P009,4,3024.76
SALE-20260601-S001-P010,2026-06-01,S001,P010,16,15787.2
SALE-20260601-S001-P011,2026-06-01,S001,P011,4,875.6
SALE-20260601-S001-P012,2026-06-01,S001,P012,19,3587.77
SALE-20260601-S001-P013,2026-06-01,S001,P013,9,7783.92
SALE-20260601-S001-P014,2026-06-01,S001,P014,17,6696.47
SALE-20260601-S001-P015,2026-06-01,S001,P015,4,780.48
SALE-20260601-S001-P016,2026-06-01,S001,P016,5,1320.85
SALE-20260601-S001-P017,2026-06-01,S001,P017,10,5034.9
SALE-20260601-S001-P018,2026-06-01,S001,P018,11,4044.7
SALE-20260601-S001-P019,2026-06-01,S001,P019,6,4849.62
SALE-20260601-S001-P020,2026-06-01,S001,P020,6,3864.66
SALE-20260601-S001-P021,2026-06-01,S001,P021,3,592.41
SALE-20260601-S001-P022,2026-06-01,S001,P022,5,3642.7
SALE-20260601-S001-P023,2026-06-01,S001,P023,10,7997.0
SALE-20260601-S001-P024,2026-06-01,S001,P024,9,1344.6
SALE-20260601-S001-P025,2026-06-01,S001,P025,3,2071.41
SALE-20260601-S001-P026,2026-06-01,S001,P026,14,11478.32
SALE-20260601-S001-P027,2026-06-01,S001,P027,13,7661.94
SALE-20260601-S001-P028,2026-06-01,S001,P028,6,334.02
SALE-20260601-S001-P029,2026-06-01,S001,P029,9,2116.17
SALE-20260601-S001-P030,2026-06-01,S001,P030,1,230.66
SALE-20260601-S001-P031,2026-06-01,S001,P031,13,3788.46
SALE-20260601-S001-P032,2026-06-01,S001,P032,7,4386.2
SALE-20260601-S001-P033,2026-06-01,S001,P033,10,6749.1
SALE-20260601-S001-P034,2026-06-01,S001,P034,12,2032.68
SALE-20260601-S001-P035,2026-06-01,S001,P035,14,1716.12
SALE-20260601-S001-P036,2026-06-01,S001,P036,0,0.0
SALE-20260601-S001-P037,2026-06-01,S001,P037,16,2997.6
SALE-20260601-S001-P038,2026-06-01,S001,P038,5,1934.15
SALE-20260601-S001-P039,2026-06-01,S001,P039,5,3170.5
SALE-20260601-S001-P040,2026-06-01,S001,P040,8,1288.4
SALE-20260601-S001-P041,2026-06-01,S001,P041,5,4921.95
SALE-20260601-S001-P042,2026-06-01,S001,P042,18,19232.82
SALE-20260601-S001-P043,2026-06-01,S001,P043,15,11018.4
SALE-20260601-S001-P044,2026-06-01,S001,P044,6,809.7
SALE-20260601-S001-P045,2026-06-01,S001,P045,16,7130.4
SALE-20260601-S001-P046,2026-06-01,S001,P046,3,1667.79
SALE-20260601-S001-P047,2026-06-01,S001,P047,8,7543.92
SALE-20260601-S001-P048,2026-06-01,S001,P048,4,1895.12
SALE-20260601-S001-P049,2026-06-01,S001,P049,13,8250.58
SALE-20260601-S001-P050,2026-06-01,S001,P050,4,1561.52
SALE-20260601-S002-P001,2026-06-01,S002,P001,6,4733.16
SALE-20260601-S002-P002,2026-06-01,S002,P002,10,6491.5
SALE-20260601-S002-P003,2026-06-01,S002,P003,10,10708.7
SALE-20260601-S002-P004,2026-06-01,S002,P004,0,0.0
SALE-20260601-S002-P005,2026-06-01,S002,P005,16,7054.4
SALE-20260601-S002-P006,2026-06-01,S002,P006,9,7541.91
SALE-20260601-S002-P007,2026-06-01,S002,P007,0,0.0
SALE-20260601-S002-P008,2026-06-01,S002,P008,7,6189.05
SALE-20260601-S002-P009,2026-06-01,S002,P009,12,9074.28
SALE-20260601-S002-P010,2026-06-01,S002,P010,15,14800.5
SALE-20260601-S002-P011,2026-06-01,S002,P011,2,437.8
SALE-20260601-S002-P012,2026-06-01,S002,P012,19,3587.77
SALE-20260601-S002-P013,2026-06-01,S002,P013,11,9513.68
SALE-20260601-S002-P014,2026-06-01,S002,P014,16,6302.56
SALE-20260601-S002-P015,2026-06-01,S002,P015,5,975.6
SALE-20260601-S002-P016,2026-06-01,S002,P016,12,3170.04
SALE-20260601-S002-P017,2026-06-01,S002,P017,14,7048.86
SALE-20260601-S002-P018,2026-06-01,S002,P018,23,8457.1
SALE-20260601-S002-P019,2026-06-01,S002,P019,12,9699.24
SALE-20260601-S002-P020,2026-06-01,S002,P020,9,5796.99
SALE-20260601-S002-P021,2026-06-01,S002,P021,4,789.88
SALE-20260601-S002-P022,2026-06-01,S002,P022,7,5099.78
SALE-20260601-S002-P023,2026-06-01,S002,P023,19,15194.3
SALE-20260601-S002-P024,2026-06-01,S002,P024,10,1494.0
SALE-20260601-S002-P025,2026-06-01,S002,P025,2,1380.94
SALE-20260601-S002-P026,2026-06-01,S002,P026,16,13118.08
SALE-20260601-S002-P027,2026-06-01,S002,P027,19,11198.22
SALE-20260601-S002-P028,2026-06-01,S002,P028,1,55.67
SALE-20260601-S002-P029,2026-06-01,S002,P029,10,2351.3
SALE-20260601-S002-P030,2026-06-01,S002,P030,5,1153.3
SALE-20260601-S002-P031,2026-06-01,S002,P031,22,6411.24
SALE-20260601-S002-P032,2026-06-01,S002,P032,2,1253.2
SALE-20260601-S002-P033,2026-06-01,S002,P033,10,6749.1
SALE-20260601-S002-P034,2026-06-01,S002,P034,14,2371.46
SALE-20260601-S002-P035,2026-06-01,S002,P035,16,1961.28
SALE-20260601-S002-P036,2026-06-01,S002,P036,4,749.56
SALE-20260601-S002-P037,2026-06-01,S002,P037,21,3934.35
SALE-20260601-S002-P038,2026-06-01,S002,P038,2,773.66
SALE-20260601-S002-P039,2026-06-01,S002,P039,2,1268.2
SALE-20260601-S002-P040,2026-06-01,S002,P040,8,1288.4
SALE-20260601-S002-P041,2026-06-01,S002,P041,12,11812.68
SALE-20260601-S002-P042,2026-06-01,S002,P042,19,20301.31
SALE-20260601-S002-P043,2026-06-01,S002,P043,18,13222.08
SALE-20260601-S002-P044,2026-06-01,S002,P044,6,809.7
SALE-20260601-S002-P045,2026-06-01,S002,P045,20,8913.0
SALE-20260601-S002-P046,2026-06-01,S002,P046,3,1667.79
SALE-20260601-S002-P047,2026-06-01,S002,P047,13,12258.87
SALE-20260601-S002-P048,2026-06-01,S002,P048,12,5685.36
SALE-20260601-S002-P049,2026-06-01,S002,P049,18,11423.88
SALE-20260601-S002-P050,2026-06-01,S002,P050,4,1561.52
SALE-20260601-S003-P001,2026-06-01,S003,P001,4,3155.44
SALE-20260601-S003-P002,2026-06-01,S003,P002,6,3894.9
SALE-20260601-S003-P003,2026-06-01,S003,P003,2,2141.74
SALE-20260601-S003-P004,2026-06-01,S003,P004,7,1065.05
SALE-20260601-S003-P005,2026-06-01,S003,P005,9,3968.1
SALE-20260601-S003-P006,2026-06-01,S003,P006,4,3351.96
SALE-20260601-S003-P007,2026-06-01,S003,P007,10,2570.2
SALE-20260601-S003-P008,2026-06-01,S003,P008,11,9725.65
SALE-20260601-S003-P009,2026-06-01,S003,P009,7,5293.33
SALE-20260601-S003-P010,2026-06-01,S003,P010,13,12827.1
SALE-20260601-S003-P011,2026-06-01,S003,P011,2,437.8
SALE-20260601-S003-P012,2026-06-01,S003,P012,19,3587.77
SALE-20260601-S003-P013,2026-06-01,S003,P013,6,5189.28
SALE-20260601-S003-P014,2026-06-01,S003,P014,9,3545.19
SALE-20260601-S003-P015,2026-06-01,S003,P015,1,195.12
SALE-20260601-S003-P016,2026-06-01,S003,P016,7,1849.19
SALE-20260601-S003-P017,2026-06-01,S003,P017,9,4531.41
SALE-20260601-S003-P018,2026-06-01,S003,P018,15,5515.5
SALE-20260601-S003-P019,2026-06-01,S003,P019,8,6466.16
SALE-20260601-S003-P020,2026-06-01,S003,P020,9,5796.99
SALE-20260601-S003-P021,2026-06-01,S003,P021,7,1382.29
SALE-20260601-S003-P022,2026-06-01,S003,P022,8,5828.32
SALE-20260601-S003-P023,2026-06-01,S003,P023,9,7197.3
SALE-20260601-S003-P024,2026-06-01,S003,P024,1,149.4
SALE-20260601-S003-P025,2026-06-01,S003,P025,2,1380.94
SALE-20260601-S003-P026,2026-06-01,S003,P026,20,16397.6
SALE-20260601-S003-P027,2026-06-01,S003,P027,12,7072.56
SALE-20260601-S003-P028,2026-06-01,S003,P028,4,222.68
SALE-20260601-S003-P029,2026-06-01,S003,P029,10,2351.3
SALE-20260601-S003-P030,2026-06-01,S003,P030,3,691.98
SALE-20260601-S003-P031,2026-06-01,S003,P031,8,2331.36
SALE-20260601-S003-P032,2026-06-01,S003,P032,2,1253.2
SALE-20260601-S003-P033,2026-06-01,S003,P033,5,3374.55
SALE-20260601-S003-P034,2026-06-01,S003,P034,10,1693.9
SALE-20260601-S003-P035,2026-06-01,S003,P035,11,1348.38
SALE-20260601-S003-P036,2026-06-01,S003,P036,2,374.78
SALE-20260601-S003-P037,2026-06-01,S003,P037,5,936.75
SALE-20260601-S003-P038,2026-06-01,S003,P038,3,1160.49
SALE-20260601-S003-P039,2026-06-01,S003,P039,2,1268.2
SALE-20260601-S003-P040,2026-06-01,S003,P040,6,966.3
SALE-20260601-S003-P041,2026-06-01,S003,P041,10,9843.9
SALE-20260601-S003-P042,2026-06-01,S003,P042,17,18164.33
SALE-20260601-S003-P043,2026-06-01,S003,P043,8,5876.48
SALE-20260601-S003-P044,2026-06-01,S003,P044,6,809.7
SALE-20260601-S003-P045,2026-06-01,S003,P045,10,4456.5
SALE-20260601-S003-P046,2026-06-01,S003,P046,4,2223.72
SALE-20260601-S003-P047,2026-06-01,S003,P047,8,7543.92
SALE-20260601-S003-P048,2026-06-01,S003,P048,7,3316.46
SALE-20260601-S003-P049,2026-06-01,S003,P049,10,6346.6
SALE-20260602-S001-P001,2026-06-02,S001,P001,5,3944.3
SALE-20260602-S001-P002,2026-06-02,S001,P002,7,4544.05
SALE-20260602-S001-P003,2026-06-02,S001,P003,2,2141.74
SALE-20260602-S001-P004,2026-06-02,S001,P004,3,456.45
SALE-20260602-S001-P005,2026-06-02,S001,P005,8,3527.2
SALE-20260602-S001-P006,2026-06-02,S001,P006,5,4189.95
SALE-20260602-S001-P007,2026-06-02,S001,P007,10,2570.2
SALE-20260602-S001-P008,2026-06-02,S001,P008,6,5304.9
SALE-20260602-S001-P009,2026-06-02,S001,P009,8,6049.52
SALE-20260602-S001-P010,2026-06-02,S001,P010,7,6906.9
SALE-20260602-S001-P011,2026-06-02,S001,P011,3,656.7
SALE-20260602-S001-P012,2026-06-02,S001,P012,13,2454.79
SALE-20260602-S001-P013,2026-06-02,S001,P013,10,8648.8
SALE-20260602-S001-P014,2026-06-02,S001,P014,11,4333.01
SALE-20260602-S001-P015,2026-06-02,S001,P015,3,585.36
SALE-20260602-S001-P016,2026-06-02,S001,P016,11,2905.87
SALE-20260602-S001-P017,2026-06-02,S001,P017,7,3524.43
SALE-20260602-S001-P018,2026-06-02,S001,P018,17,6250.9
SALE-20260602-S001-P019,2026-06-02,S001,P019,12,9699.24
SALE-20260602-S001-P020,2026-06-02,S001,P020,6,3864.66
SALE-20260602-S001-P021,2026-06-02,S001,P021,3,592.41
SALE-20260602-S001-P022,2026-06-02,S001,P022,3,2185.62
SALE-20260602-S001-P023,2026-06-02,S001,P023,7,5597.9
SALE-20260602-S001-P024,2026-06-02,S001,P024,8,1195.2
SALE-20260602-S001-P025,2026-06-02,S001,P025,1,690.47
SALE-20260602-S001-P026,2026-06-02,S001,P026,14,11478.32
SALE-20260602-S001-P027,2026-06-02,S001,P027,14,8251.32
SALE-20260602-S001-P028,2026-06-02,S001,P028,2,111.34
SALE-20260602-S001-P029,2026-06-02,S001,P029,8,1881.04
SALE-20260602-S001-P030,2026-06-02,S001,P030,2,461.32
SALE-20260602-S001-P031,2026-06-02,S001,P031,9,2622.78
SALE-20260602-S001-P032,2026-06-02,S001,P032,5,3133.0
SALE-20260602-S001-P033,2026-06-02,S001,P033,7,4724.37
SALE-20260602-S001-P034,2026-06-02,S001,P034,18,3049.02
SALE-20260602-S001-P035,2026-06-02,S001,P035,10,1225.8
SALE-20260602-S001-P036,2026-06-02,S001,P036,5,936.95
SALE-20260602-S001-P037,2026-06-02,S001,P037,12,2248.2
SALE-20260602-S001-P038,2026-06-02,S001,P038,8,3094.64
SALE-20260602-S001-P039,2026-06-02,S001,P039,3,1902.3
SALE-20260602-S001-P040,2026-06-02,S001,P040,13,2093.65
SALE-20260602-S001-P041,2026-06-02,S001,P041,6,5906.34
SALE-20260602-S001-P042,2026-06-02,S001,P042,10,10684.9
SALE-20260602-S001-P043,2026-06-02,S001,P043,12,8814.72
SALE-20260602-S001-P044,2026-06-02,S001,P044,4,539.8
SALE-20260602-S001-P045,2026-06-02,S001,P045,15,6684.75
SALE-20260602-S001-P046,2026-06-02,S001,P046,7,3891.51
SALE-20260602-S001-P047,2026-06-02,S001,P047,10,9429.9
SALE-20260602-S001-P048,2026-06-02,S001,P048,5,2368.9
SALE-20260602-S001-P049,2026-06-02,S001,P049,21,13327.86
SALE-20260602-S001-P050,2026-06-02,S001,P050,5,1951.9
SALE-20260602-S002-P001,2026-06-02,S002,P001,12,9466.32
SALE-20260602-S002-P002,2026-06-02,S002,P002,6,3894.9
SALE-20260602-S002-P003,2026-06-02,S002,P003,3,3212.61
SALE-20260602-S002-P004,2026-06-02,S002,P004,2,304.3
SALE-20260602-S002-P005,2026-06-02,S002,P005,5,2204.5
SALE-20260602-S002-P006,2026-06-02,S002,P006,3,2513.97
SALE-20260602-S002-P007,2026-06-02,S002,P007,0,0.0
SALE-20260602-S002-P008,2026-06-02,S002,P008,8,7073.2
SALE-20260602-S002-P009,2026-06-02,S002,P009,3,2268.57
SALE-20260602-S002-P010,2026-06-02,S002,P010,16,15787.2
SALE-20260602-S002-P011,2026-06-02,S002,P011,2,437.8
SALE-20260602-S002-P012,2026-06-02,S002,P012,15,2832.45
SALE-20260602-S002-P013,2026-06-02,S002,P013,13,11243.44
SALE-20260602-S002-P014,2026-06-02,S002,P014,11,4333.01
SALE-20260602-S002-P015,2026-06-02,S002,P015,4,780.48
SALE-20260602-S002-P016,2026-06-02,S002,P016,9,2377.53
SALE-20260602-S002-P017,2026-06-02,S002,P017,7,3524.43
SALE-20260602-S002-P018,2026-06-02,S002,P018,19,6986.3
SALE-20260602-S002-P019,2026-06-02,S002,P019,8,6466.16
SALE-20260602-S002-P020,2026-06-02,S002,P020,9,5796.99
SALE-20260602-S002-P021,2026-06-02,S002,P021,5,987.35
SALE-20260602-S002-P022,2026-06-02,S002,P022,7,5099.78
SALE-20260602-S002-P023,2026-06-02,S002,P023,6,4798.2
SALE-20260602-S002-P024,2026-06-02,S002,P024,11,1643.4
SALE-20260602-S002-P025,2026-06-02,S002,P025,0,0.0
SALE-20260602-S002-P026,2026-06-02,S002,P026,16,13118.08
SALE-20260602-S002-P027,2026-06-02,S002,P027,18,10608.84
SALE-20260602-S002-P028,2026-06-02,S002,P028,1,55.67
SALE-20260602-S002-P029,2026-06-02,S002,P029,9,2116.17
SALE-20260602-S002-P030,2026-06-02,S002,P030,3,691.98
SALE-20260602-S002-P031,2026-06-02,S002,P031,6,1748.52
SALE-20260602-S002-P032,2026-06-02,S002,P032,8,5012.8
SALE-20260602-S002-P033,2026-06-02,S002,P033,15,10123.65
SALE-20260602-S002-P034,2026-06-02,S002,P034,13,2202.07
SALE-20260602-S002-P035,2026-06-02,S002,P035,10,1225.8
SALE-20260602-S002-P036,2026-06-02,S002,P036,2,374.78
SALE-20260602-S002-P037,2026-06-02,S002,P037,15,2810.25
SALE-20260602-S002-P038,2026-06-02,S002,P038,8,3094.64
SALE-20260602-S002-P039,2026-06-02,S002,P039,3,1902.3
SALE-20260602-S002-P040,2026-06-02,S002,P040,12,1932.6
SALE-20260602-S002-P041,2026-06-02,S002,P041,5,4921.95
SALE-20260602-S002-P042,2026-06-02,S002,P042,12,12821.88
SALE-20260602-S002-P043,2026-06-02,S002,P043,5,3672.8
SALE-20260602-S002-P044,2026-06-02,S002,P044,6,809.7
SALE-20260602-S002-P045,2026-06-02,S002,P045,17,7576.05
SALE-20260602-S002-P046,2026-06-02,S002,P046,3,1667.79
SALE-20260602-S002-P047,2026-06-02,S002,P047,12,11315.88
SALE-20260602-S002-P048,2026-06-02,S002,P048,7,3316.46
SALE-20260602-S002-P049,2026-06-02,S002,P049,21,13327.86
SALE-20260602-S002-P050,2026-06-02,S002,P050,4,1561.52
SALE-20260602-S003-P001,2026-06-02,S003,P001,5,3944.3
SALE-20260602-S003-P002,2026-06-02,S003,P002,10,6491.5
SALE-20260602-S003-P003,2026-06-02,S003,P003,4,4283.48
SALE-20260602-S003-P004,2026-06-02,S003,P004,1,152.15
SALE-20260602-S003-P005,2026-06-02,S003,P005,10,4409.0
SALE-20260602-S003-P006,2026-06-02,S003,P006,1,837.99
SALE-20260602-S003-P007,2026-06-02,S003,P007,14,3598.28
SALE-20260602-S003-P008,2026-06-02,S003,P008,11,9725.65
SALE-20260602-S003-P009,2026-06-02,S003,P009,7,5293.33
SALE-20260602-S003-P010,2026-06-02,S003,P010,13,12827.1
SALE-20260602-S003-P011,2026-06-02,S003,P011,4,875.6
SALE-20260602-S003-P012,2026-06-02,S003,P012,15,2832.45
SALE-20260602-S003-P013,2026-06-02,S003,P013,4,3459.52
SALE-20260602-S003-P014,2026-06-02,S003,P014,7,2757.37
SALE-20260602-S003-P015,2026-06-02,S003,P015,1,195.12
SALE-20260602-S003-P016,2026-06-02,S003,P016,7,1849.19
SALE-20260602-S003-P017,2026-06-02,S003,P017,5,2517.45
SALE-20260602-S003-P018,2026-06-02,S003,P018,14,5147.8
SALE-20260602-S003-P019,2026-06-02,S003,P019,5,4041.35
SALE-20260602-S003-P020,2026-06-02,S003,P020,4,2576.44
SALE-20260602-S003-P021,2026-06-02,S003,P021,8,1579.76
SALE-20260602-S003-P022,2026-06-02,S003,P022,1,728.54
SALE-20260602-S003-P023,2026-06-02,S003,P023,11,8796.7
SALE-20260602-S003-P024,2026-06-02,S003,P024,3,448.2
SALE-20260602-S003-P025,2026-06-02,S003,P025,1,690.47
SALE-20260602-S003-P026,2026-06-02,S003,P026,9,7378.92
SALE-20260602-S003-P027,2026-06-02,S003,P027,10,5893.8
SALE-20260602-S003-P028,2026-06-02,S003,P028,2,111.34
SALE-20260602-S003-P029,2026-06-02,S003,P029,10,2351.3
SALE-20260602-S003-P030,2026-06-02,S003,P030,2,461.32
SALE-20260602-S003-P031,2026-06-02,S003,P031,5,1457.1
SALE-20260602-S003-P032,2026-06-02,S003,P032,8,5012.8
SALE-20260602-S003-P033,2026-06-02,S003,P033,5,3374.55
SALE-20260602-S003-P034,2026-06-02,S003,P034,5,846.95
SALE-20260602-S003-P035,2026-06-02,S003,P035,8,980.64
SALE-20260602-S003-P036,2026-06-02,S003,P036,1,187.39
SALE-20260602-S003-P037,2026-06-02,S003,P037,8,1498.8
SALE-20260602-S003-P038,2026-06-02,S003,P038,6,2320.98
SALE-20260602-S003-P039,2026-06-02,S003,P039,1,634.1
SALE-20260602-S003-P040,2026-06-02,S003,P040,9,1449.45
SALE-20260602-S003-P041,2026-06-02,S003,P041,5,4921.95
SALE-20260602-S003-P042,2026-06-02,S003,P042,11,11753.39
SALE-20260602-S003-P043,2026-06-02,S003,P043,11,8080.16
SALE-20260602-S003-P044,2026-06-02,S003,P044,6,809.7
SALE-20260602-S003-P045,2026-06-02,S003,P045,9,4010.85
SALE-20260602-S003-P046,2026-06-02,S003,P046,7,3891.51
SALE-20260602-S003-P047,2026-06-02,S003,P047,10,9429.9
SALE-20260602-S003-P048,2026-06-02,S003,P048,4,1895.12
SALE-20260602-S003-P049,2026-06-02,S003,P049,11,6981.26
SALE-20260603-S001-P001,2026-06-03,S001,P001,7,5522.02
SALE-20260603-S001-P002,2026-06-03,S001,P002,3,1947.45
SALE-20260603-S001-P003,2026-06-03,S001,P003,8,8566.96
SALE-20260603-S001-P004,2026-06-03,S001,P004,4,608.6
SALE-20260603-S001-P005,2026-06-03,S001,P005,13,5731.7
SALE-20260603-S001-P006,2026-06-03,S001,P006,6,5027.94
SALE-20260603-S001-P007,2026-06-03,S001,P007,14,3598.28
SALE-20260603-S001-P008,2026-06-03,S001,P008,9,7957.35
SALE-20260603-S001-P009,2026-06-03,S001,P009,7,5293.33
SALE-20260603-S001-P010,2026-06-03,S001,P010,5,4933.5
SALE-20260603-S001-P011,2026-06-03,S001,P011,4,875.6
SALE-20260603-S001-P012,2026-06-03,S001,P012,13,2454.79
SALE-20260603-S001-P013,2026-06-03,S001,P013,4,3459.52
SALE-20260603-S001-P014,2026-06-03,S001,P014,9,3545.19
SALE-20260603-S001-P015,2026-06-03,S001,P015,2,390.24
SALE-20260603-S001-P016,2026-06-03,S001,P016,4,1056.68
SALE-20260603-S001-P017,2026-06-03,S001,P017,9,4531.41
SALE-20260603-S001-P018,2026-06-03,S001,P018,13,4780.1
SALE-20260603-S001-P019,2026-06-03,S001,P019,9,7274.43
SALE-20260603-S001-P020,2026-06-03,S001,P020,9,5796.99
SALE-20260603-S001-P021,2026-06-03,S001,P021,2,394.94
SALE-20260603-S001-P022,2026-06-03,S001,P022,4,2914.16
SALE-20260603-S001-P023,2026-06-03,S001,P023,5,3998.5
SALE-20260603-S001-P024,2026-06-03,S001,P024,2,298.8
SALE-20260603-S001-P025,2026-06-03,S001,P025,1,690.47
SALE-20260603-S001-P026,2026-06-03,S001,P026,11,9018.68
SALE-20260603-S001-P027,2026-06-03,S001,P027,19,11198.22
SALE-20260603-S001-P028,2026-06-03,S001,P028,4,222.68
SALE-20260603-S001-P029,2026-06-03,S001,P029,10,2351.3
SALE-20260603-S001-P030,2026-06-03,S001,P030,2,461.32
SALE-20260603-S001-P031,2026-06-03,S001,P031,9,2622.78
SALE-20260603-S001-P032,2026-06-03,S001,P032,8,5012.8
SALE-20260603-S001-P033,2026-06-03,S001,P033,9,6074.19
SALE-20260603-S001-P034,2026-06-03,S001,P034,11,1863.29
SALE-20260603-S001-P035,2026-06-03,S001,P035,8,980.64
SALE-20260603-S001-P036,2026-06-03,S001,P036,5,936.95
SALE-20260603-S001-P037,2026-06-03,S001,P037,7,1311.45
SALE-20260603-S001-P038,2026-06-03,S001,P038,3,1160.49
SALE-20260603-S001-P039,2026-06-03,S001,P039,5,3170.5
SALE-20260603-S001-P040,2026-06-03,S001,P040,3,483.15
SALE-20260603-S001-P041,2026-06-03,S001,P041,10,9843.9
SALE-20260603-S001-P042,2026-06-03,S001,P042,10,10684.9
SALE-20260603-S001-P043,2026-06-03,S001,P043,7,5141.92
SALE-20260603-S001-P044,2026-06-03,S001,P044,13,1754.35
SALE-20260603-S001-P045,2026-06-03,S001,P045,12,5347.8
SALE-20260603-S001-P046,2026-06-03,S001,P046,6,3335.58
SALE-20260603-S001-P047,2026-06-03,S001,P047,5,4714.95
SALE-20260603-S001-P048,2026-06-03,S001,P048,8,3790.24
SALE-20260603-S001-P049,2026-06-03,S001,P049,15,9519.9
SALE-20260603-S001-P050,2026-06-03,S001,P050,5,1951.9
SALE-20260603-S002-P001,2026-06-03,S002,P001,9,7099.74
SALE-20260603-S002-P002,2026-06-03,S002,P002,6,3894.9
SALE-20260603-S002-P003,2026-06-03,S002,P003,3,3212.61
SALE-20260603-S002-P004,2026-06-03,S002,P004,0,0.0
SALE-20260603-S002-P005,2026-06-03,S002,P005,6,2645.4
SALE-20260603-S002-P006,2026-06-03,S002,P006,3,2513.97
SALE-20260603-S002-P007,2026-06-03,S002,P007,0,0.0
SALE-20260603-S002-P008,2026-06-03,S002,P008,15,13262.25
SALE-20260603-S002-P009,2026-06-03,S002,P009,12,9074.28
SALE-20260603-S002-P010,2026-06-03,S002,P010,12,11840.4
SALE-20260603-S002-P011,2026-06-03,S002,P011,2,437.8
SALE-20260603-S002-P012,2026-06-03,S002,P012,14,2643.62
SALE-20260603-S002-P013,2026-06-03,S002,P013,10,8648.8
SALE-20260603-S002-P014,2026-06-03,S002,P014,4,1575.64
SALE-20260603-S002-P015,2026-06-03,S002,P015,3,585.36
SALE-20260603-S002-P016,2026-06-03,S002,P016,16,4226.72
SALE-20260603-S002-P017,2026-06-03,S002,P017,9,4531.41
SALE-20260603-S002-P018,2026-06-03,S002,P018,9,3309.3
SALE-20260603-S002-P019,2026-06-03,S002,P019,12,9699.24
SALE-20260603-S002-P020,2026-06-03,S002,P020,11,7085.21
SALE-20260603-S002-P021,2026-06-03,S002,P021,2,394.94
SALE-20260603-S002-P022,2026-06-03,S002,P022,4,2914.16
SALE-20260603-S002-P023,2026-06-03,S002,P023,5,3998.5
SALE-20260603-S002-P024,2026-06-03,S002,P024,10,1494.0
SALE-20260603-S002-P025,2026-06-03,S002,P025,1,690.47
SALE-20260603-S002-P026,2026-06-03,S002,P026,16,13118.08
SALE-20260603-S002-P027,2026-06-03,S002,P027,15,8840.7
SALE-20260603-S002-P028,2026-06-03,S002,P028,4,222.68
SALE-20260603-S002-P029,2026-06-03,S002,P029,9,2116.17
SALE-20260603-S002-P030,2026-06-03,S002,P030,2,461.32
SALE-20260603-S002-P031,2026-06-03,S002,P031,9,2622.78
SALE-20260603-S002-P032,2026-06-03,S002,P032,2,1253.2
SALE-20260603-S002-P033,2026-06-03,S002,P033,15,10123.65
SALE-20260603-S002-P034,2026-06-03,S002,P034,11,1863.29
SALE-20260603-S002-P035,2026-06-03,S002,P035,4,490.32
SALE-20260603-S002-P036,2026-06-03,S002,P036,2,374.78
SALE-20260603-S002-P037,2026-06-03,S002,P037,16,2997.6
SALE-20260603-S002-P038,2026-06-03,S002,P038,6,2320.98
SALE-20260603-S002-P039,2026-06-03,S002,P039,5,3170.5
SALE-20260603-S002-P040,2026-06-03,S002,P040,15,2415.75
SALE-20260603-S002-P041,2026-06-03,S002,P041,4,3937.56
SALE-20260603-S002-P042,2026-06-03,S002,P042,12,12821.88
SALE-20260603-S002-P043,2026-06-03,S002,P043,14,10283.84
SALE-20260603-S002-P044,2026-06-03,S002,P044,7,944.65
SALE-20260603-S002-P045,2026-06-03,S002,P045,24,10695.6
SALE-20260603-S002-P046,2026-06-03,S002,P046,9,5003.37
SALE-20260603-S002-P047,2026-06-03,S002,P047,10,9429.9
SALE-20260603-S002-P048,2026-06-03,S002,P048,11,5211.58
SALE-20260603-S002-P049,2026-06-03,S002,P049,12,7615.92
SALE-20260603-S002-P050,2026-06-03,S002,P050,8,3123.04
SALE-20260603-S003-P001,2026-06-03,S003,P001,7,5522.02
SALE-20260603-S003-P002,2026-06-03,S003,P002,8,5193.2
SALE-20260603-S003-P003,2026-06-03,S003,P003,2,2141.74
SALE-20260603-S003-P004,2026-06-03,S003,P004,2,304.3
SALE-20260603-S003-P005,2026-06-03,S003,P005,9,3968.1
SALE-20260603-S003-P006,2026-06-03,S003,P006,2,1675.98
SALE-20260603-S003-P007,2026-06-03,S003,P007,14,3598.28
SALE-20260603-S003-P008,2026-06-03,S003,P008,5,4420.75
SALE-20260603-S003-P009,2026-06-03,S003,P009,6,4537.14
SALE-20260603-S003-P010,2026-06-03,S003,P010,6,5920.2
SALE-20260603-S003-P011,2026-06-03,S003,P011,0,0.0
SALE-20260603-S003-P012,2026-06-03,S003,P012,7,1321.81
SALE-20260603-S003-P013,2026-06-03,S003,P013,7,6054.16
SALE-20260603-S003-P014,2026-06-03,S003,P014,14,5514.74
SALE-20260603-S003-P015,2026-06-03,S003,P015,0,0.0
SALE-20260603-S003-P016,2026-06-03,S003,P016,4,1056.68
SALE-20260603-S003-P017,2026-06-03,S003,P017,6,3020.94
SALE-20260603-S003-P018,2026-06-03,S003,P018,12,4412.4
SALE-20260603-S003-P019,2026-06-03,S003,P019,5,4041.35
SALE-20260603-S003-P020,2026-06-03,S003,P020,8,5152.88
SALE-20260603-S003-P021,2026-06-03,S003,P021,6,1184.82
SALE-20260603-S003-P022,2026-06-03,S003,P022,8,5828.32
SALE-20260603-S003-P023,2026-06-03,S003,P023,3,2399.1
SALE-20260603-S003-P024,2026-06-03,S003,P024,6,896.4
SALE-20260603-S003-P025,2026-06-03,S003,P025,2,1380.94
SALE-20260603-S003-P026,2026-06-03,S003,P026,6,4919.28
SALE-20260603-S003-P027,2026-06-03,S003,P027,10,5893.8
SALE-20260603-S003-P028,2026-06-03,S003,P028,3,167.01
SALE-20260603-S003-P029,2026-06-03,S003,P029,5,1175.65
SALE-20260603-S003-P030,2026-06-03,S003,P030,0,0.0
SALE-20260603-S003-P031,2026-06-03,S003,P031,11,3205.62
SALE-20260603-S003-P032,2026-06-03,S003,P032,4,2506.4
SALE-20260603-S003-P033,2026-06-03,S003,P033,2,1349.82
SALE-20260603-S003-P034,2026-06-03,S003,P034,10,1693.9
SALE-20260603-S003-P035,2026-06-03,S003,P035,7,858.06
SALE-20260603-S003-P036,2026-06-03,S003,P036,1,187.39
SALE-20260603-S003-P037,2026-06-03,S003,P037,5,936.75
SALE-20260603-S003-P038,2026-06-03,S003,P038,1,386.83
SALE-20260603-S003-P039,2026-06-03,S003,P039,1,634.1
SALE-20260603-S003-P040,2026-06-03,S003,P040,7,1127.35
SALE-20260603-S003-P041,2026-06-03,S003,P041,3,2953.17
SALE-20260603-S003-P042,2026-06-03,S003,P042,12,12821.88
SALE-20260603-S003-P043,2026-06-03,S003,P043,6,4407.36
SALE-20260603-S003-P044,2026-06-03,S003,P044,4,539.8
SALE-20260603-S003-P045,2026-06-03,S003,P045,17,7576.05
SALE-20260603-S003-P046,2026-06-03,S003,P046,6,3335.58
SALE-20260603-S003-P047,2026-06-03,S003,P047,8,7543.92
SALE-20260603-S003-P048,2026-06-03,S003,P048,5,2368.9
SALE-20260603-S003-P049,2026-06-03,S003,P049,12,7615.92
SALE-20260604-S001-P001,2026-06-04,S001,P001,6,4733.16
SALE-20260604-S001-P002,2026-06-04,S001,P002,10,6491.5
SALE-20260604-S001-P003,2026-06-04,S001,P003,7,7496.09
SALE-20260604-S001-P004,2026-06-04,S001,P004,2,304.3
SALE-20260604-S001-P005,2026-06-04,S001,P005,16,7054.4
SALE-20260604-S001-P006,2026-06-04,S001,P006,7,5865.93
SALE-20260604-S001-P007,2026-06-04,S001,P007,7,1799.14
SALE-20260604-S001-P008,2026-06-04,S001,P008,6,5304.9
SALE-20260604-S001-P009,2026-06-04,S001,P009,6,4537.14
SALE-20260604-S001-P010,2026-06-04,S001,P010,11,10853.7
SALE-20260604-S001-P011,2026-06-04,S001,P011,4,875.6
SALE-20260604-S001-P012,2026-06-04,S001,P012,10,1888.3
SALE-20260604-S001-P013,2026-06-04,S001,P013,8,6919.04
SALE-20260604-S001-P014,2026-06-04,S001,P014,10,3939.1
SALE-20260604-S001-P015,2026-06-04,S001,P015,0,0.0
SALE-20260604-S001-P016,2026-06-04,S001,P016,7,1849.19
SALE-20260604-S001-P017,2026-06-04,S001,P017,12,6041.88
SALE-20260604-S001-P018,2026-06-04,S001,P018,10,3677.0
SALE-20260604-S001-P019,2026-06-04,S001,P019,8,6466.16
SALE-20260604-S001-P020,2026-06-04,S001,P020,7,4508.77
SALE-20260604-S001-P021,2026-06-04,S001,P021,5,987.35
SALE-20260604-S001-P022,2026-06-04,S001,P022,4,2914.16
SALE-20260604-S001-P023,2026-06-04,S001,P023,10,7997.0
SALE-20260604-S001-P024,2026-06-04,S001,P024,7,1045.8
SALE-20260604-S001-P025,2026-06-04,S001,P025,2,1380.94
SALE-20260604-S001-P026,2026-06-04,S001,P026,13,10658.44
SALE-20260604-S001-P027,2026-06-04,S001,P027,16,9430.08
SALE-20260604-S001-P028,2026-06-04,S001,P028,4,222.68
SALE-20260604-S001-P029,2026-06-04,S001,P029,11,2586.43
SALE-20260604-S001-P030,2026-06-04,S001,P030,2,461.32
SALE-20260604-S001-P031,2026-06-04,S001,P031,12,3497.04
SALE-20260604-S001-P032,2026-06-04,S001,P032,5,3133.0
SALE-20260604-S001-P033,2026-06-04,S001,P033,22,14848.02
SALE-20260604-S001-P034,2026-06-04,S001,P034,8,1355.12
SALE-20260604-S001-P035,2026-06-04,S001,P035,9,1103.22
SALE-20260604-S001-P036,2026-06-04,S001,P036,2,374.78
SALE-20260604-S001-P037,2026-06-04,S001,P037,6,1124.1
SALE-20260604-S001-P038,2026-06-04,S001,P038,2,773.66
SALE-20260604-S001-P039,2026-06-04,S001,P039,0,0.0
SALE-20260604-S001-P040,2026-06-04,S001,P040,6,966.3
SALE-20260604-S001-P041,2026-06-04,S001,P041,5,4921.95
SALE-20260604-S001-P042,2026-06-04,S001,P042,7,7479.43
SALE-20260604-S001-P043,2026-06-04,S001,P043,13,9549.28
SALE-20260604-S001-P044,2026-06-04,S001,P044,7,944.65
SALE-20260604-S001-P045,2026-06-04,S001,P045,19,8467.35
SALE-20260604-S001-P046,2026-06-04,S001,P046,7,3891.51
SALE-20260604-S001-P047,2026-06-04,S001,P047,7,6600.93
SALE-20260604-S001-P048,2026-06-04,S001,P048,4,1895.12
SALE-20260604-S001-P049,2026-06-04,S001,P049,13,8250.58
SALE-20260604-S001-P050,2026-06-04,S001,P050,5,1951.9
SALE-20260604-S002-P001,2026-06-04,S002,P001,10,7888.6
SALE-20260604-S002-P002,2026-06-04,S002,P002,3,1947.45
SALE-20260604-S002-P003,2026-06-04,S002,P003,4,4283.48
SALE-20260604-S002-P004,2026-06-04,S002,P004,0,0.0
SALE-20260604-S002-P005,2026-06-04,S002,P005,10,4409.0
SALE-20260604-S002-P006,2026-06-04,S002,P006,3,2513.97
SALE-20260604-S002-P007,2026-06-04,S002,P007,0,0.0
SALE-20260604-S002-P008,2026-06-04,S002,P008,12,10609.8
SALE-20260604-S002-P009,2026-06-04,S002,P009,7,5293.33
SALE-20260604-S002-P010,2026-06-04,S002,P010,10,9867.0
SALE-20260604-S002-P011,2026-06-04,S002,P011,2,437.8
SALE-20260604-S002-P012,2026-06-04,S002,P012,16,3021.28
SALE-20260604-S002-P013,2026-06-04,S002,P013,8,6919.04
SALE-20260604-S002-P014,2026-06-04,S002,P014,18,7090.38
SALE-20260604-S002-P015,2026-06-04,S002,P015,4,780.48
SALE-20260604-S002-P016,2026-06-04,S002,P016,8,2113.36
SALE-20260604-S002-P017,2026-06-04,S002,P017,9,4531.41
SALE-20260604-S002-P018,2026-06-04,S002,P018,16,5883.2
SALE-20260604-S002-P019,2026-06-04,S002,P019,10,8082.7
SALE-20260604-S002-P020,2026-06-04,S002,P020,11,7085.21
SALE-20260604-S002-P021,2026-06-04,S002,P021,8,1579.76
SALE-20260604-S002-P022,2026-06-04,S002,P022,8,5828.32
SALE-20260604-S002-P023,2026-06-04,S002,P023,10,7997.0
SALE-20260604-S002-P024,2026-06-04,S002,P024,4,597.6
SALE-20260604-S002-P025,2026-06-04,S002,P025,3,2071.41
SALE-20260604-S002-P026,2026-06-04,S002,P026,18,14757.84
SALE-20260604-S002-P027,2026-06-04,S002,P027,22,12966.36
SALE-20260604-S002-P028,2026-06-04,S002,P028,6,334.02
SALE-20260604-S002-P029,2026-06-04,S002,P029,15,3526.95
SALE-20260604-S002-P030,2026-06-04,S002,P030,4,922.64
SALE-20260604-S002-P031,2026-06-04,S002,P031,6,1748.52
SALE-20260604-S002-P032,2026-06-04,S002,P032,8,5012.8
SALE-20260604-S002-P033,2026-06-04,S002,P033,11,7424.01
SALE-20260604-S002-P034,2026-06-04,S002,P034,16,2710.24
SALE-20260604-S002-P035,2026-06-04,S002,P035,14,1716.12
SALE-20260604-S002-P036,2026-06-04,S002,P036,5,936.95
SALE-20260604-S002-P037,2026-06-04,S002,P037,16,2997.6
SALE-20260604-S002-P038,2026-06-04,S002,P038,6,2320.98
SALE-20260604-S002-P039,2026-06-04,S002,P039,3,1902.3
SALE-20260604-S002-P040,2026-06-04,S002,P040,6,966.3
SALE-20260604-S002-P041,2026-06-04,S002,P041,6,5906.34
SALE-20260604-S002-P042,2026-06-04,S002,P042,18,19232.82
SALE-20260604-S002-P043,2026-06-04,S002,P043,14,10283.84
SALE-20260604-S002-P044,2026-06-04,S002,P044,4,539.8
SALE-20260604-S002-P045,2026-06-04,S002,P045,17,7576.05
SALE-20260604-S002-P046,2026-06-04,S002,P046,3,1667.79
SALE-20260604-S002-P047,2026-06-04,S002,P047,6,5657.94
SALE-20260604-S002-P048,2026-06-04,S002,P048,12,5685.36
SALE-20260604-S002-P049,2026-06-04,S002,P049,11,6981.26
SALE-20260604-S002-P050,2026-06-04,S002,P050,4,1561.52
SALE-20260604-S003-P001,2026-06-04,S003,P001,9,7099.74
SALE-20260604-S003-P002,2026-06-04,S003,P002,5,3245.75
SALE-20260604-S003-P003,2026-06-04,S003,P003,4,4283.48
SALE-20260604-S003-P004,2026-06-04,S003,P004,2,304.3
SALE-20260604-S003-P005,2026-06-04,S003,P005,12,5290.8
SALE-20260604-S003-P006,2026-06-04,S003,P006,2,1675.98
SALE-20260604-S003-P007,2026-06-04,S003,P007,8,2056.16
SALE-20260604-S003-P008,2026-06-04,S003,P008,8,7073.2
SALE-20260604-S003-P009,2026-06-04,S003,P009,2,1512.38
SALE-20260604-S003-P010,2026-06-04,S003,P010,6,5920.2
SALE-20260604-S003-P011,2026-06-04,S003,P011,1,218.9
SALE-20260604-S003-P012,2026-06-04,S003,P012,20,3776.6
SALE-20260604-S003-P013,2026-06-04,S003,P013,4,3459.52
SALE-20260604-S003-P014,2026-06-04,S003,P014,10,3939.1
SALE-20260604-S003-P015,2026-06-04,S003,P015,1,195.12
SALE-20260604-S003-P016,2026-06-04,S003,P016,9,2377.53
SALE-20260604-S003-P017,2026-06-04,S003,P017,5,2517.45
SALE-20260604-S003-P018,2026-06-04,S003,P018,11,4044.7
SALE-20260604-S003-P019,2026-06-04,S003,P019,6,4849.62
SALE-20260604-S003-P020,2026-06-04,S003,P020,5,3220.55
SALE-20260604-S003-P021,2026-06-04,S003,P021,3,592.41
SALE-20260604-S003-P022,2026-06-04,S003,P022,3,2185.62
SALE-20260604-S003-P023,2026-06-04,S003,P023,3,2399.1
SALE-20260604-S003-P024,2026-06-04,S003,P024,4,597.6
SALE-20260604-S003-P025,2026-06-04,S003,P025,0,0.0
SALE-20260604-S003-P026,2026-06-04,S003,P026,5,4099.4
SALE-20260604-S003-P027,2026-06-04,S003,P027,20,11787.6
SALE-20260604-S003-P028,2026-06-04,S003,P028,3,167.01
SALE-20260604-S003-P029,2026-06-04,S003,P029,4,940.52
SALE-20260604-S003-P030,2026-06-04,S003,P030,5,1153.3
SALE-20260604-S003-P031,2026-06-04,S003,P031,6,1748.52
SALE-20260604-S003-P032,2026-06-04,S003,P032,2,1253.2
SALE-20260604-S003-P033,2026-06-04,S003,P033,8,5399.28
SALE-20260604-S003-P034,2026-06-04,S003,P034,13,2202.07
SALE-20260604-S003-P035,2026-06-04,S003,P035,10,1225.8
SALE-20260604-S003-P036,2026-06-04,S003,P036,2,374.78
SALE-20260604-S003-P037,2026-06-04,S003,P037,9,1686.15
SALE-20260604-S003-P038,2026-06-04,S003,P038,3,1160.49
SALE-20260604-S003-P039,2026-06-04,S003,P039,2,1268.2
SALE-20260604-S003-P040,2026-06-04,S003,P040,8,1288.4
SALE-20260604-S003-P041,2026-06-04,S003,P041,7,6890.73
SALE-20260604-S003-P042,2026-06-04,S003,P042,13,13890.37
SALE-20260604-S003-P043,2026-06-04,S003,P043,10,7345.6
SALE-20260604-S003-P044,2026-06-04,S003,P044,2,269.9
SALE-20260604-S003-P045,2026-06-04,S003,P045,13,5793.45
SALE-20260604-S003-P046,2026-06-04,S003,P046,7,3891.51
SALE-20260604-S003-P047,2026-06-04,S003,P047,4,3771.96
SALE-20260604-S003-P048,2026-06-04,S003,P048,4,1895.12
SALE-20260604-S003-P049,2026-06-04,S003,P049,7,4442.62
SALE-20260605-S001-P001,2026-06-05,S001,P001,11,8677.46
SALE-20260605-S001-P002,2026-06-05,S001,P002,8,5193.2
SALE-20260605-S001-P003,2026-06-05,S001,P003,2,2141.74
SALE-20260605-S001-P004,2026-06-05,S001,P004,2,304.3
SALE-20260605-S001-P005,2026-06-05,S001,P005,11,4849.9
SALE-20260605-S001-P006,2026-06-05,S001,P006,2,1675.98
SALE-20260605-S001-P007,2026-06-05,S001,P007,10,2570.2
SALE-20260605-S001-P008,2026-06-05,S001,P008,10,8841.5
SALE-20260605-S001-P009,2026-06-05,S001,P009,2,1512.38
SALE-20260605-S001-P010,2026-06-05,S001,P010,3,2960.1
SALE-20260605-S001-P011,2026-06-05,S001,P011,0,0.0
SALE-20260605-S001-P012,2026-06-05,S001,P012,22,4154.26
SALE-20260605-S001-P013,2026-06-05,S001,P013,7,6054.16
SALE-20260605-S001-P014,2026-06-05,S001,P014,17,6696.47
SALE-20260605-S001-P015,2026-06-05,S001,P015,3,585.36
SALE-20260605-S001-P016,2026-06-05,S001,P016,6,1585.02
SALE-20260605-S001-P017,2026-06-05,S001,P017,6,3020.94
SALE-20260605-S001-P018,2026-06-05,S001,P018,14,5147.8
SALE-20260605-S001-P019,2026-06-05,S001,P019,9,7274.43
SALE-20260605-S001-P020,2026-06-05,S001,P020,10,6441.1
SALE-20260605-S001-P021,2026-06-05,S001,P021,4,789.88
SALE-20260605-S001-P022,2026-06-05,S001,P022,9,6556.86
SALE-20260605-S001-P023,2026-06-05,S001,P023,7,5597.9
SALE-20260605-S001-P024,2026-06-05,S001,P024,10,1494.0
SALE-20260605-S001-P025,2026-06-05,S001,P025,0,0.0
SALE-20260605-S001-P026,2026-06-05,S001,P026,18,14757.84
SALE-20260605-S001-P027,2026-06-05,S001,P027,17,10019.46
SALE-20260605-S001-P028,2026-06-05,S001,P028,5,278.35
SALE-20260605-S001-P029,2026-06-05,S001,P029,7,1645.91
SALE-20260605-S001-P030,2026-06-05,S001,P030,8,1845.28
SALE-20260605-S001-P031,2026-06-05,S001,P031,9,2622.78
SALE-20260605-S001-P032,2026-06-05,S001,P032,9,5639.4
SALE-20260605-S001-P033,2026-06-05,S001,P033,13,8773.83
SALE-20260605-S001-P034,2026-06-05,S001,P034,12,2032.68
SALE-20260605-S001-P035,2026-06-05,S001,P035,13,1593.54
SALE-20260605-S001-P036,2026-06-05,S001,P036,2,374.78
SALE-20260605-S001-P037,2026-06-05,S001,P037,14,2622.9
SALE-20260605-S001-P038,2026-06-05,S001,P038,5,1934.15
SALE-20260605-S001-P039,2026-06-05,S001,P039,3,1902.3
SALE-20260605-S001-P040,2026-06-05,S001,P040,14,2254.7
SALE-20260605-S001-P041,2026-06-05,S001,P041,5,4921.95
SALE-20260605-S001-P042,2026-06-05,S001,P042,13,13890.37
SALE-20260605-S001-P043,2026-06-05,S001,P043,10,7345.6
SALE-20260605-S001-P044,2026-06-05,S001,P044,9,1214.55
SALE-20260605-S001-P045,2026-06-05,S001,P045,15,6684.75
SALE-20260605-S001-P046,2026-06-05,S001,P046,5,2779.65
SALE-20260605-S001-P047,2026-06-05,S001,P047,14,13201.86
SALE-20260605-S001-P048,2026-06-05,S001,P048,8,3790.24
SALE-20260605-S001-P049,2026-06-05,S001,P049,5,3173.3
SALE-20260605-S001-P050,2026-06-05,S001,P050,5,1951.9
SALE-20260605-S002-P001,2026-06-05,S002,P001,11,8677.46
SALE-20260605-S002-P002,2026-06-05,S002,P002,8,5193.2
SALE-20260605-S002-P003,2026-06-05,S002,P003,3,3212.61
SALE-20260605-S002-P004,2026-06-05,S002,P004,1,152.15
SALE-20260605-S002-P005,2026-06-05,S002,P005,9,3968.1
SALE-20260605-S002-P006,2026-06-05,S002,P006,4,3351.96
SALE-20260605-S002-P007,2026-06-05,S002,P007,0,0.0
SALE-20260605-S002-P008,2026-06-05,S002,P008,6,5304.9
SALE-20260605-S002-P009,2026-06-05,S002,P009,6,4537.14
SALE-20260605-S002-P010,2026-06-05,S002,P010,3,2960.1
SALE-20260605-S002-P011,2026-06-05,S002,P011,1,218.9
SALE-20260605-S002-P012,2026-06-05,S002,P012,15,2832.45
SALE-20260605-S002-P013,2026-06-05,S002,P013,6,5189.28
SALE-20260605-S002-P014,2026-06-05,S002,P014,15,5908.65
SALE-20260605-S002-P015,2026-06-05,S002,P015,4,780.48
SALE-20260605-S002-P016,2026-06-05,S002,P016,11,2905.87
SALE-20260605-S002-P017,2026-06-05,S002,P017,11,5538.39
SALE-20260605-S002-P018,2026-06-05,S002,P018,12,4412.4
SALE-20260605-S002-P019,2026-06-05,S002,P019,14,11315.78
SALE-20260605-S002-P020,2026-06-05,S002,P020,13,8373.43
SALE-20260605-S002-P021,2026-06-05,S002,P021,11,2172.17
SALE-20260605-S002-P022,2026-06-05,S002,P022,9,6556.86
SALE-20260605-S002-P023,2026-06-05,S002,P023,4,3198.8
SALE-20260605-S002-P024,2026-06-05,S002,P024,10,1494.0
SALE-20260605-S002-P025,2026-06-05,S002,P025,3,2071.41
SALE-20260605-S002-P026,2026-06-05,S002,P026,19,15577.72
SALE-20260605-S002-P027,2026-06-05,S002,P027,18,10608.84
SALE-20260605-S002-P028,2026-06-05,S002,P028,3,167.01
SALE-20260605-S002-P029,2026-06-05,S002,P029,9,2116.17
SALE-20260605-S002-P030,2026-06-05,S002,P030,6,1383.96
SALE-20260605-S002-P031,2026-06-05,S002,P031,14,4079.88
SALE-20260605-S002-P032,2026-06-05,S002,P032,6,3759.6
SALE-20260605-S002-P033,2026-06-05,S002,P033,11,7424.01
SALE-20260605-S002-P034,2026-06-05,S002,P034,15,2540.85
SALE-20260605-S002-P035,2026-06-05,S002,P035,19,2329.02
SALE-20260605-S002-P036,2026-06-05,S002,P036,5,936.95
SALE-20260605-S002-P037,2026-06-05,S002,P037,18,3372.3
SALE-20260605-S002-P038,2026-06-05,S002,P038,5,1934.15
SALE-20260605-S002-P039,2026-06-05,S002,P039,2,1268.2
SALE-20260605-S002-P040,2026-06-05,S002,P040,12,1932.6
SALE-20260605-S002-P041,2026-06-05,S002,P041,10,9843.9
SALE-20260605-S002-P042,2026-06-05,S002,P042,9,9616.41
SALE-20260605-S002-P043,2026-06-05,S002,P043,18,13222.08
SALE-20260605-S002-P044,2026-06-05,S002,P044,4,539.8
SALE-20260605-S002-P045,2026-06-05,S002,P045,12,5347.8
SALE-20260605-S002-P046,2026-06-05,S002,P046,1,555.93
SALE-20260605-S002-P047,2026-06-05,S002,P047,10,9429.9
SALE-20260605-S002-P048,2026-06-05,S002,P048,6,2842.68
SALE-20260605-S002-P049,2026-06-05,S002,P049,14,8885.24
SALE-20260605-S002-P050,2026-06-05,S002,P050,9,3513.42
SALE-20260605-S003-P001,2026-06-05,S003,P001,6,4733.16
SALE-20260605-S003-P002,2026-06-05,S003,P002,5,3245.75
SALE-20260605-S003-P003,2026-06-05,S003,P003,4,4283.48
SALE-20260605-S003-P004,2026-06-05,S003,P004,5,760.75
SALE-20260605-S003-P005,2026-06-05,S003,P005,8,3527.2
SALE-20260605-S003-P006,2026-06-05,S003,P006,3,2513.97
SALE-20260605-S003-P007,2026-06-05,S003,P007,12,3084.24
SALE-20260605-S003-P008,2026-06-05,S003,P008,7,6189.05
SALE-20260605-S003-P009,2026-06-05,S003,P009,4,3024.76
SALE-20260605-S003-P010,2026-06-05,S003,P010,9,8880.3
SALE-20260605-S003-P011,2026-06-05,S003,P011,1,218.9
SALE-20260605-S003-P012,2026-06-05,S003,P012,24,4531.92
SALE-20260605-S003-P013,2026-06-05,S003,P013,9,7783.92
SALE-20260605-S003-P014,2026-06-05,S003,P014,10,3939.1
SALE-20260605-S003-P015,2026-06-05,S003,P015,3,585.36
SALE-20260605-S003-P016,2026-06-05,S003,P016,6,1585.02
SALE-20260605-S003-P017,2026-06-05,S003,P017,2,1006.98
SALE-20260605-S003-P018,2026-06-05,S003,P018,12,4412.4
SALE-20260605-S003-P019,2026-06-05,S003,P019,9,7274.43
SALE-20260605-S003-P020,2026-06-05,S003,P020,13,8373.43
SALE-20260605-S003-P021,2026-06-05,S003,P021,2,394.94
SALE-20260605-S003-P022,2026-06-05,S003,P022,6,4371.24
SALE-20260605-S003-P023,2026-06-05,S003,P023,2,1599.4
SALE-20260605-S003-P024,2026-06-05,S003,P024,8,1195.2
SALE-20260605-S003-P025,2026-06-05,S003,P025,1,690.47
SALE-20260605-S003-P026,2026-06-05,S003,P026,13,10658.44
SALE-20260605-S003-P027,2026-06-05,S003,P027,10,5893.8
SALE-20260605-S003-P028,2026-06-05,S003,P028,3,167.01
SALE-20260605-S003-P029,2026-06-05,S003,P029,12,2821.56
SALE-20260605-S003-P030,2026-06-05,S003,P030,3,691.98
SALE-20260605-S003-P031,2026-06-05,S003,P031,7,2039.94
SALE-20260605-S003-P032,2026-06-05,S003,P032,5,3133.0
SALE-20260605-S003-P033,2026-06-05,S003,P033,4,2699.64
SALE-20260605-S003-P034,2026-06-05,S003,P034,15,2540.85
SALE-20260605-S003-P035,2026-06-05,S003,P035,10,1225.8
SALE-20260605-S003-P036,2026-06-05,S003,P036,7,1311.73
SALE-20260605-S003-P037,2026-06-05,S003,P037,15,2810.25
SALE-20260605-S003-P038,2026-06-05,S003,P038,5,1934.15
SALE-20260605-S003-P039,2026-06-05,S003,P039,1,634.1
SALE-20260605-S003-P040,2026-06-05,S003,P040,6,966.3
SALE-20260605-S003-P041,2026-06-05,S003,P041,5,4921.95
SALE-20260605-S003-P042,2026-06-05,S003,P042,6,6410.94
SALE-20260605-S003-P043,2026-06-05,S003,P043,6,4407.36
SALE-20260605-S003-P044,2026-06-05,S003,P044,6,809.7
SALE-20260605-S003-P045,2026-06-05,S003,P045,11,4902.15
SALE-20260605-S003-P046,2026-06-05,S003,P046,4,2223.72
SALE-20260605-S003-P047,2026-06-05,S003,P047,5,4714.95
SALE-20260605-S003-P048,2026-06-05,S003,P048,4,1895.12
SALE-20260605-S003-P049,2026-06-05,S003,P049,14,8885.24
SALE-20260606-S001-P001,2026-06-06,S001,P001,8,6310.88
SALE-20260606-S001-P002,2026-06-06,S001,P002,2,1298.3
SALE-20260606-S001-P003,2026-06-06,S001,P003,1,1070.87
SALE-20260606-S001-P004,2026-06-06,S001,P004,5,760.75
SALE-20260606-S001-P005,2026-06-06,S001,P005,15,6613.5
SALE-20260606-S001-P006,2026-06-06,S001,P006,6,5027.94
SALE-20260606-S001-P007,2026-06-06,S001,P007,15,3855.3
SALE-20260606-S001-P008,2026-06-06,S001,P008,9,7957.35
SALE-20260606-S001-P009,2026-06-06,S001,P009,4,3024.76
SALE-20260606-S001-P010,2026-06-06,S001,P010,10,9867.0
SALE-20260606-S001-P011,2026-06-06,S001,P011,1,218.9
SALE-20260606-S001-P012,2026-06-06,S001,P012,18,3398.94
SALE-20260606-S001-P013,2026-06-06,S001,P013,9,7783.92
SALE-20260606-S001-P014,2026-06-06,S001,P014,10,3939.1
SALE-20260606-S001-P015,2026-06-06,S001,P015,2,390.24
SALE-20260606-S001-P016,2026-06-06,S001,P016,4,1056.68
SALE-20260606-S001-P017,2026-06-06,S001,P017,7,3524.43
SALE-20260606-S001-P018,2026-06-06,S001,P018,15,5515.5
SALE-20260606-S001-P019,2026-06-06,S001,P019,16,12932.32
SALE-20260606-S001-P020,2026-06-06,S001,P020,5,3220.55
SALE-20260606-S001-P021,2026-06-06,S001,P021,8,1579.76
SALE-20260606-S001-P022,2026-06-06,S001,P022,7,5099.78
SALE-20260606-S001-P023,2026-06-06,S001,P023,8,6397.6
SALE-20260606-S001-P024,2026-06-06,S001,P024,14,2091.6
SALE-20260606-S001-P025,2026-06-06,S001,P025,0,0.0
SALE-20260606-S001-P026,2026-06-06,S001,P026,19,15577.72
SALE-20260606-S001-P027,2026-06-06,S001,P027,17,10019.46
SALE-20260606-S001-P028,2026-06-06,S001,P028,4,222.68
SALE-20260606-S001-P029,2026-06-06,S001,P029,9,2116.17
SALE-20260606-S001-P030,2026-06-06,S001,P030,5,1153.3
SALE-20260606-S001-P031,2026-06-06,S001,P031,13,3788.46
SALE-20260606-S001-P032,2026-06-06,S001,P032,2,1253.2
SALE-20260606-S001-P033,2026-06-06,S001,P033,11,7424.01
SALE-20260606-S001-P034,2026-06-06,S001,P034,15,2540.85
SALE-20260606-S001-P035,2026-06-06,S001,P035,10,1225.8
SALE-20260606-S001-P036,2026-06-06,S001,P036,1,187.39
SALE-20260606-S001-P037,2026-06-06,S001,P037,15,2810.25
SALE-20260606-S001-P038,2026-06-06,S001,P038,6,2320.98
SALE-20260606-S001-P039,2026-06-06,S001,P039,2,1268.2
SALE-20260606-S001-P040,2026-06-06,S001,P040,10,1610.5
SALE-20260606-S001-P041,2026-06-06,S001,P041,2,1968.78
SALE-20260606-S001-P042,2026-06-06,S001,P042,13,13890.37
SALE-20260606-S001-P043,2026-06-06,S001,P043,17,12487.52
SALE-20260606-S001-P044,2026-06-06,S001,P044,5,674.75
SALE-20260606-S001-P045,2026-06-06,S001,P045,26,11586.9
SALE-20260606-S001-P046,2026-06-06,S001,P046,5,2779.65
SALE-20260606-S001-P047,2026-06-06,S001,P047,10,9429.9
SALE-20260606-S001-P048,2026-06-06,S001,P048,6,2842.68
SALE-20260606-S001-P049,2026-06-06,S001,P049,15,9519.9
SALE-20260606-S001-P050,2026-06-06,S001,P050,8,3123.04
SALE-20260606-S002-P001,2026-06-06,S002,P001,11,8677.46
SALE-20260606-S002-P002,2026-06-06,S002,P002,7,4544.05
SALE-20260606-S002-P003,2026-06-06,S002,P003,1,1070.87
SALE-20260606-S002-P004,2026-06-06,S002,P004,1,152.15
SALE-20260606-S002-P005,2026-06-06,S002,P005,14,6172.6
SALE-20260606-S002-P006,2026-06-06,S002,P006,4,3351.96
SALE-20260606-S002-P007,2026-06-06,S002,P007,0,0.0
SALE-20260606-S002-P008,2026-06-06,S002,P008,19,16798.85
SALE-20260606-S002-P009,2026-06-06,S002,P009,10,7561.9
SALE-20260606-S002-P010,2026-06-06,S002,P010,11,10853.7
SALE-20260606-S002-P011,2026-06-06,S002,P011,2,437.8
SALE-20260606-S002-P012,2026-06-06,S002,P012,17,3210.11
SALE-20260606-S002-P013,2026-06-06,S002,P013,14,12108.32
SALE-20260606-S002-P014,2026-06-06,S002,P014,16,6302.56
SALE-20260606-S002-P015,2026-06-06,S002,P015,4,780.48
SALE-20260606-S002-P016,2026-06-06,S002,P016,15,3962.55
SALE-20260606-S002-P017,2026-06-06,S002,P017,12,6041.88
SALE-20260606-S002-P018,2026-06-06,S002,P018,17,6250.9
SALE-20260606-S002-P019,2026-06-06,S002,P019,17,13740.59
SALE-20260606-S002-P020,2026-06-06,S002,P020,9,5796.99
SALE-20260606-S002-P021,2026-06-06,S002,P021,5,987.35
SALE-20260606-S002-P022,2026-06-06,S002,P022,8,5828.32
SALE-20260606-S002-P023,2026-06-06,S002,P023,15,11995.5
SALE-20260606-S002-P024,2026-06-06,S002,P024,15,2241.0
SALE-20260606-S002-P025,2026-06-06,S002,P025,4,2761.88
SALE-20260606-S002-P026,2026-06-06,S002,P026,24,19677.12
SALE-20260606-S002-P027,2026-06-06,S002,P027,24,14145.12
SALE-20260606-S002-P028,2026-06-06,S002,P028,3,167.01
SALE-20260606-S002-P029,2026-06-06,S002,P029,13,3056.69
SALE-20260606-S002-P030,2026-06-06,S002,P030,7,1614.62
SALE-20260606-S002-P031,2026-06-06,S002,P031,13,3788.46
SALE-20260606-S002-P032,2026-06-06,S002,P032,5,3133.0
SALE-20260606-S002-P033,2026-06-06,S002,P033,17,11473.47
SALE-20260606-S002-P034,2026-06-06,S002,P034,18,3049.02
SALE-20260606-S002-P035,2026-06-06,S002,P035,13,1593.54
SALE-20260606-S002-P036,2026-06-06,S002,P036,4,749.56
SALE-20260606-S002-P037,2026-06-06,S002,P037,8,1498.8
SALE-20260606-S002-P038,2026-06-06,S002,P038,5,1934.15
SALE-20260606-S002-P039,2026-06-06,S002,P039,1,634.1
SALE-20260606-S002-P040,2026-06-06,S002,P040,11,1771.55
SALE-20260606-S002-P041,2026-06-06,S002,P041,11,10828.29
SALE-20260606-S002-P042,2026-06-06,S002,P042,13,13890.37
SALE-20260606-S002-P043,2026-06-06,S002,P043,22,16160.32
SALE-20260606-S002-P044,2026-06-06,S002,P044,6,809.7
SALE-20260606-S002-P045,2026-06-06,S002,P045,21,9358.65
SALE-20260606-S002-P046,2026-06-06,S002,P046,7,3891.51
SALE-20260606-S002-P047,2026-06-06,S002,P047,12,11315.88
SALE-20260606-S002-P048,2026-06-06,S002,P048,6,2842.68
SALE-20260606-S002-P049,2026-06-06,S002,P049,23,14597.18
SALE-20260606-S002-P050,2026-06-06,S002,P050,2,780.76
SALE-20260606-S003-P001,2026-06-06,S003,P001,5,3944.3
SALE-20260606-S003-P002,2026-06-06,S003,P002,2,1298.3
SALE-20260606-S003-P003,2026-06-06,S003,P003,4,4283.48
SALE-20260606-S003-P004,2026-06-06,S003,P004,8,1217.2
SALE-20260606-S003-P005,2026-06-06,S003,P005,10,4409.0
SALE-20260606-S003-P006,2026-06-06,S003,P006,2,1675.98
SALE-20260606-S003-P007,2026-06-06,S003,P007,20,5140.4
SALE-20260606-S003-P008,2026-06-06,S003,P008,7,6189.05
SALE-20260606-S003-P009,2026-06-06,S003,P009,6,4537.14
SALE-20260606-S003-P010,2026-06-06,S003,P010,10,9867.0
SALE-20260606-S003-P011,2026-06-06,S003,P011,3,656.7
SALE-20260606-S003-P012,2026-06-06,S003,P012,10,1888.3
SALE-20260606-S003-P013,2026-06-06,S003,P013,2,1729.76
SALE-20260606-S003-P014,2026-06-06,S003,P014,8,3151.28
SALE-20260606-S003-P015,2026-06-06,S003,P015,0,0.0
SALE-20260606-S003-P016,2026-06-06,S003,P016,7,1849.19
SALE-20260606-S003-P017,2026-06-06,S003,P017,7,3524.43
SALE-20260606-S003-P018,2026-06-06,S003,P018,8,2941.6
SALE-20260606-S003-P019,2026-06-06,S003,P019,8,6466.16
SALE-20260606-S003-P020,2026-06-06,S003,P020,9,5796.99
SALE-20260606-S003-P021,2026-06-06,S003,P021,9,1777.23
SALE-20260606-S003-P022,2026-06-06,S003,P022,3,2185.62
SALE-20260606-S003-P023,2026-06-06,S003,P023,10,7997.0
SALE-20260606-S003-P024,2026-06-06,S003,P024,5,747.0
SALE-20260606-S003-P025,2026-06-06,S003,P025,1,690.47
SALE-20260606-S003-P026,2026-06-06,S003,P026,11,9018.68
SALE-20260606-S003-P027,2026-06-06,S003,P027,11,6483.18
SALE-20260606-S003-P028,2026-06-06,S003,P028,0,0.0
SALE-20260606-S003-P029,2026-06-06,S003,P029,11,2586.43
SALE-20260606-S003-P030,2026-06-06,S003,P030,0,0.0
SALE-20260606-S003-P031,2026-06-06,S003,P031,9,2622.78
SALE-20260606-S003-P032,2026-06-06,S003,P032,10,6266.0
SALE-20260606-S003-P033,2026-06-06,S003,P033,4,2699.64
SALE-20260606-S003-P034,2026-06-06,S003,P034,6,1016.34
SALE-20260606-S003-P035,2026-06-06,S003,P035,12,1470.96
SALE-20260606-S003-P036,2026-06-06,S003,P036,2,374.78
SALE-20260606-S003-P037,2026-06-06,S003,P037,12,2248.2
SALE-20260606-S003-P038,2026-06-06,S003,P038,3,1160.49
SALE-20260606-S003-P039,2026-06-06,S003,P039,1,634.1
SALE-20260606-S003-P040,2026-06-06,S003,P040,5,805.25
SALE-20260606-S003-P041,2026-06-06,S003,P041,7,6890.73
SALE-20260606-S003-P042,2026-06-06,S003,P042,16,17095.84
SALE-20260606-S003-P043,2026-06-06,S003,P043,6,4407.36
SALE-20260606-S003-P044,2026-06-06,S003,P044,2,269.9
SALE-20260606-S003-P045,2026-06-06,S003,P045,11,4902.15
SALE-20260606-S003-P046,2026-06-06,S003,P046,0,0.0
SALE-20260606-S003-P047,2026-06-06,S003,P047,7,6600.93
SALE-20260606-S003-P048,2026-06-06,S003,P048,6,2842.68
SALE-20260606-S003-P049,2026-06-06,S003,P049,21,13327.86
SALE-20260607-S001-P001,2026-06-07,S001,P001,14,11044.04
SALE-20260607-S001-P002,2026-06-07,S001,P002,7,4544.05
SALE-20260607-S001-P003,2026-06-07,S001,P003,1,1070.87
SALE-20260607-S001-P004,2026-06-07,S001,P004,1,152.15
SALE-20260607-S001-P005,2026-06-07,S001,P005,7,3086.3
SALE-20260607-S001-P006,2026-06-07,S001,P006,5,4189.95
SALE-20260607-S001-P007,2026-06-07,S001,P007,19,4883.38
SALE-20260607-S001-P008,2026-06-07,S001,P008,15,13262.25
SALE-20260607-S001-P009,2026-06-07,S001,P009,7,5293.33
SALE-20260607-S001-P010,2026-06-07,S001,P010,9,8880.3
SALE-20260607-S001-P011,2026-06-07,S001,P011,4,875.6
SALE-20260607-S001-P012,2026-06-07,S001,P012,20,3776.6
SALE-20260607-S001-P013,2026-06-07,S001,P013,12,10378.56
SALE-20260607-S001-P014,2026-06-07,S001,P014,8,3151.28
SALE-20260607-S001-P015,2026-06-07,S001,P015,4,780.48
SALE-20260607-S001-P016,2026-06-07,S001,P016,7,1849.19
SALE-20260607-S001-P017,2026-06-07,S001,P017,14,7048.86
SALE-20260607-S001-P018,2026-06-07,S001,P018,13,4780.1
SALE-20260607-S001-P019,2026-06-07,S001,P019,9,7274.43
SALE-20260607-S001-P020,2026-06-07,S001,P020,10,6441.1
SALE-20260607-S001-P021,2026-06-07,S001,P021,7,1382.29
SALE-20260607-S001-P022,2026-06-07,S001,P022,5,3642.7
SALE-20260607-S001-P023,2026-06-07,S001,P023,8,6397.6
SALE-20260607-S001-P024,2026-06-07,S001,P024,9,1344.6
SALE-20260607-S001-P025,2026-06-07,S001,P025,1,690.47
SALE-20260607-S001-P026,2026-06-07,S001,P026,15,12298.2
SALE-20260607-S001-P027,2026-06-07,S001,P027,14,8251.32
SALE-20260607-S001-P028,2026-06-07,S001,P028,5,278.35
SALE-20260607-S001-P029,2026-06-07,S001,P029,11,2586.43
SALE-20260607-S001-P030,2026-06-07,S001,P030,4,922.64
SALE-20260607-S001-P031,2026-06-07,S001,P031,10,2914.2
SALE-20260607-S001-P032,2026-06-07,S001,P032,6,3759.6
SALE-20260607-S001-P033,2026-06-07,S001,P033,11,7424.01
SALE-20260607-S001-P034,2026-06-07,S001,P034,7,1185.73
SALE-20260607-S001-P035,2026-06-07,S001,P035,9,1103.22
SALE-20260607-S001-P036,2026-06-07,S001,P036,3,562.17
SALE-20260607-S001-P037,2026-06-07,S001,P037,17,3184.95
SALE-20260607-S001-P038,2026-06-07,S001,P038,4,1547.32
SALE-20260607-S001-P039,2026-06-07,S001,P039,0,0.0
SALE-20260607-S001-P040,2026-06-07,S001,P040,11,1771.55
SALE-20260607-S001-P041,2026-06-07,S001,P041,7,6890.73
SALE-20260607-S001-P042,2026-06-07,S001,P042,16,17095.84
SALE-20260607-S001-P043,2026-06-07,S001,P043,13,9549.28
SALE-20260607-S001-P044,2026-06-07,S001,P044,6,809.7
SALE-20260607-S001-P045,2026-06-07,S001,P045,15,6684.75
SALE-20260607-S001-P046,2026-06-07,S001,P046,5,2779.65
SALE-20260607-S001-P047,2026-06-07,S001,P047,8,7543.92
SALE-20260607-S001-P048,2026-06-07,S001,P048,3,1421.34
SALE-20260607-S001-P049,2026-06-07,S001,P049,17,10789.22
SALE-20260607-S001-P050,2026-06-07,S001,P050,3,1171.14
SALE-20260607-S002-P001,2026-06-07,S002,P001,14,11044.04
SALE-20260607-S002-P002,2026-06-07,S002,P002,6,3894.9
SALE-20260607-S002-P003,2026-06-07,S002,P003,1,1070.87
SALE-20260607-S002-P004,2026-06-07,S002,P004,0,0.0
SALE-20260607-S002-P005,2026-06-07,S002,P005,11,4849.9
SALE-20260607-S002-P006,2026-06-07,S002,P006,1,837.99
SALE-20260607-S002-P007,2026-06-07,S002,P007,0,0.0
SALE-20260607-S002-P008,2026-06-07,S002,P008,13,11493.95
SALE-20260607-S002-P009,2026-06-07,S002,P009,9,6805.71
SALE-20260607-S002-P010,2026-06-07,S002,P010,11,10853.7
SALE-20260607-S002-P011,2026-06-07,S002,P011,4,875.6
SALE-20260607-S002-P012,2026-06-07,S002,P012,25,4720.75
SALE-20260607-S002-P013,2026-06-07,S002,P013,6,5189.28
SALE-20260607-S002-P014,2026-06-07,S002,P014,16,6302.56
SALE-20260607-S002-P015,2026-06-07,S002,P015,4,780.48
SALE-20260607-S002-P016,2026-06-07,S002,P016,11,2905.87
SALE-20260607-S002-P017,2026-06-07,S002,P017,11,5538.39
SALE-20260607-S002-P018,2026-06-07,S002,P018,21,7721.7
SALE-20260607-S002-P019,2026-06-07,S002,P019,10,8082.7
SALE-20260607-S002-P020,2026-06-07,S002,P020,5,3220.55
SALE-20260607-S002-P021,2026-06-07,S002,P021,12,2369.64
SALE-20260607-S002-P022,2026-06-07,S002,P022,9,6556.86
SALE-20260607-S002-P023,2026-06-07,S002,P023,13,10396.1
SALE-20260607-S002-P024,2026-06-07,S002,P024,10,1494.0
SALE-20260607-S002-P025,2026-06-07,S002,P025,4,2761.88
SALE-20260607-S002-P026,2026-06-07,S002,P026,20,16397.6
SALE-20260607-S002-P027,2026-06-07,S002,P027,22,12966.36
SALE-20260607-S002-P028,2026-06-07,S002,P028,3,167.01
SALE-20260607-S002-P029,2026-06-07,S002,P029,13,3056.69
SALE-20260607-S002-P030,2026-06-07,S002,P030,2,461.32
SALE-20260607-S002-P031,2026-06-07,S002,P031,16,4662.72
SALE-20260607-S002-P032,2026-06-07,S002,P032,8,5012.8
SALE-20260607-S002-P033,2026-06-07,S002,P033,11,7424.01
SALE-20260607-S002-P034,2026-06-07,S002,P034,17,2879.63
SALE-20260607-S002-P035,2026-06-07,S002,P035,18,2206.44
SALE-20260607-S002-P036,2026-06-07,S002,P036,5,936.95
SALE-20260607-S002-P037,2026-06-07,S002,P037,21,3934.35
SALE-20260607-S002-P038,2026-06-07,S002,P038,5,1934.15
SALE-20260607-S002-P039,2026-06-07,S002,P039,4,2536.4
SALE-20260607-S002-P040,2026-06-07,S002,P040,11,1771.55
SALE-20260607-S002-P041,2026-06-07,S002,P041,13,12797.07
SALE-20260607-S002-P042,2026-06-07,S002,P042,18,19232.82
SALE-20260607-S002-P043,2026-06-07,S002,P043,13,9549.28
SALE-20260607-S002-P044,2026-06-07,S002,P044,9,1214.55
SALE-20260607-S002-P045,2026-06-07,S002,P045,16,7130.4
SALE-20260607-S002-P046,2026-06-07,S002,P046,8,4447.44
SALE-20260607-S002-P047,2026-06-07,S002,P047,11,10372.89
SALE-20260607-S002-P048,2026-06-07,S002,P048,6,2842.68
SALE-20260607-S002-P049,2026-06-07,S002,P049,16,10154.56
SALE-20260607-S002-P050,2026-06-07,S002,P050,4,1561.52
SALE-20260607-S003-P001,2026-06-07,S003,P001,7,5522.02
SALE-20260607-S003-P002,2026-06-07,S003,P002,3,1947.45
SALE-20260607-S003-P003,2026-06-07,S003,P003,2,2141.74
SALE-20260607-S003-P004,2026-06-07,S003,P004,2,304.3
SALE-20260607-S003-P005,2026-06-07,S003,P005,7,3086.3
SALE-20260607-S003-P006,2026-06-07,S003,P006,2,1675.98
SALE-20260607-S003-P007,2026-06-07,S003,P007,15,3855.3
SALE-20260607-S003-P008,2026-06-07,S003,P008,9,7957.35
SALE-20260607-S003-P009,2026-06-07,S003,P009,6,4537.14
SALE-20260607-S003-P010,2026-06-07,S003,P010,13,12827.1
SALE-20260607-S003-P011,2026-06-07,S003,P011,1,218.9
SALE-20260607-S003-P012,2026-06-07,S003,P012,12,2265.96
SALE-20260607-S003-P013,2026-06-07,S003,P013,5,4324.4
SALE-20260607-S003-P014,2026-06-07,S003,P014,10,3939.1
SALE-20260607-S003-P015,2026-06-07,S003,P015,1,195.12
SALE-20260607-S003-P016,2026-06-07,S003,P016,6,1585.02
SALE-20260607-S003-P017,2026-06-07,S003,P017,4,2013.96
SALE-20260607-S003-P018,2026-06-07,S003,P018,17,6250.9
SALE-20260607-S003-P019,2026-06-07,S003,P019,11,8890.97
SALE-20260607-S003-P020,2026-06-07,S003,P020,7,4508.77
SALE-20260607-S003-P021,2026-06-07,S003,P021,5,987.35
SALE-20260607-S003-P022,2026-06-07,S003,P022,3,2185.62
SALE-20260607-S003-P023,2026-06-07,S003,P023,8,6397.6
SALE-20260607-S003-P024,2026-06-07,S003,P024,9,1344.6
SALE-20260607-S003-P025,2026-06-07,S003,P025,0,0.0
SALE-20260607-S003-P026,2026-06-07,S003,P026,19,15577.72
SALE-20260607-S003-P027,2026-06-07,S003,P027,19,11198.22
SALE-20260607-S003-P028,2026-06-07,S003,P028,4,222.68
SALE-20260607-S003-P029,2026-06-07,S003,P029,7,1645.91
SALE-20260607-S003-P030,2026-06-07,S003,P030,1,230.66
SALE-20260607-S003-P031,2026-06-07,S003,P031,17,4954.14
SALE-20260607-S003-P032,2026-06-07,S003,P032,5,3133.0
SALE-20260607-S003-P033,2026-06-07,S003,P033,5,3374.55
SALE-20260607-S003-P034,2026-06-07,S003,P034,12,2032.68
SALE-20260607-S003-P035,2026-06-07,S003,P035,15,1838.7
SALE-20260607-S003-P036,2026-06-07,S003,P036,3,562.17
SALE-20260607-S003-P037,2026-06-07,S003,P037,15,2810.25
SALE-20260607-S003-P038,2026-06-07,S003,P038,5,1934.15
SALE-20260607-S003-P039,2026-06-07,S003,P039,3,1902.3
SALE-20260607-S003-P040,2026-06-07,S003,P040,7,1127.35
SALE-20260607-S003-P041,2026-06-07,S003,P041,7,6890.73
SALE-20260607-S003-P042,2026-06-07,S003,P042,16,17095.84
SALE-20260607-S003-P043,2026-06-07,S003,P043,16,11752.96
SALE-20260607-S003-P044,2026-06-07,S003,P044,8,1079.6
SALE-20260607-S003-P045,2026-06-07,S003,P045,9,4010.85
SALE-20260607-S003-P046,2026-06-07,S003,P046,7,3891.51
SALE-20260607-S003-P047,2026-06-07,S003,P047,7,6600.93
SALE-20260607-S003-P048,2026-06-07,S003,P048,3,1421.34
SALE-20260607-S003-P049,2026-06-07,S003,P049,14,8885.24
SALE-20260608-S001-P001,2026-06-08,S001,P001,7,5522.02
SALE-20260608-S001-P002,2026-06-08,S001,P002,8,5193.2
SALE-20260608-S001-P003,2026-06-08,S001,P003,4,4283.48
SALE-20260608-S001-P004,2026-06-08,S001,P004,3,456.45
SALE-20260608-S001-P005,2026-06-08,S001,P005,12,5290.8
SALE-20260608-S001-P006,2026-06-08,S001,P006,4,3351.96
SALE-20260608-S001-P007,2026-06-08,S001,P007,16,4112.32
SALE-20260608-S001-P008,2026-06-08,S001,P008,7,6189.05
SALE-20260608-S001-P009,2026-06-08,S001,P009,6,4537.14
SALE-20260608-S001-P010,2026-06-08,S001,P010,7,6906.9
SALE-20260608-S001-P011,2026-06-08,S001,P011,2,437.8
SALE-20260608-S001-P012,2026-06-08,S001,P012,14,2643.62
SALE-20260608-S001-P013,2026-06-08,S001,P013,12,10378.56
SALE-20260608-S001-P014,2026-06-08,S001,P014,13,5120.83
SALE-20260608-S001-P015,2026-06-08,S001,P015,4,780.48
SALE-20260608-S001-P016,2026-06-08,S001,P016,7,1849.19
SALE-20260608-S001-P017,2026-06-08,S001,P017,9,4531.41
SALE-20260608-S001-P018,2026-06-08,S001,P018,10,3677.0
SALE-20260608-S001-P019,2026-06-08,S001,P019,5,4041.35
SALE-20260608-S001-P020,2026-06-08,S001,P020,8,5152.88
SALE-20260608-S001-P021,2026-06-08,S001,P021,3,592.41
SALE-20260608-S001-P022,2026-06-08,S001,P022,9,6556.86
SALE-20260608-S001-P023,2026-06-08,S001,P023,15,11995.5
SALE-20260608-S001-P024,2026-06-08,S001,P024,5,747.0
SALE-20260608-S001-P025,2026-06-08,S001,P025,1,690.47
SALE-20260608-S001-P026,2026-06-08,S001,P026,13,10658.44
SALE-20260608-S001-P027,2026-06-08,S001,P027,11,6483.18
SALE-20260608-S001-P028,2026-06-08,S001,P028,9,501.03
SALE-20260608-S001-P029,2026-06-08,S001,P029,10,2351.3
SALE-20260608-S001-P030,2026-06-08,S001,P030,1,230.66
SALE-20260608-S001-P031,2026-06-08,S001,P031,17,4954.14
SALE-20260608-S001-P032,2026-06-08,S001,P032,9,5639.4
SALE-20260608-S001-P033,2026-06-08,S001,P033,10,6749.1
SALE-20260608-S001-P034,2026-06-08,S001,P034,10,1693.9
SALE-20260608-S001-P035,2026-06-08,S001,P035,11,1348.38
SALE-20260608-S001-P036,2026-06-08,S001,P036,3,562.17
SALE-20260608-S001-P037,2026-06-08,S001,P037,9,1686.15
SALE-20260608-S001-P038,2026-06-08,S001,P038,5,1934.15
SALE-20260608-S001-P039,2026-06-08,S001,P039,2,1268.2
SALE-20260608-S001-P040,2026-06-08,S001,P040,19,3059.95
SALE-20260608-S001-P041,2026-06-08,S001,P041,13,12797.07
SALE-20260608-S001-P042,2026-06-08,S001,P042,14,14958.86
SALE-20260608-S001-P043,2026-06-08,S001,P043,11,8080.16
SALE-20260608-S001-P044,2026-06-08,S001,P044,6,809.7
SALE-20260608-S001-P045,2026-06-08,S001,P045,13,5793.45
SALE-20260608-S001-P046,2026-06-08,S001,P046,4,2223.72
SALE-20260608-S001-P047,2026-06-08,S001,P047,11,10372.89
SALE-20260608-S001-P048,2026-06-08,S001,P048,5,2368.9
SALE-20260608-S001-P049,2026-06-08,S001,P049,24,15231.84
SALE-20260608-S001-P050,2026-06-08,S001,P050,2,780.76
SALE-20260608-S002-P001,2026-06-08,S002,P001,9,7099.74
SALE-20260608-S002-P002,2026-06-08,S002,P002,8,5193.2
SALE-20260608-S002-P003,2026-06-08,S002,P003,1,1070.87
SALE-20260608-S002-P004,2026-06-08,S002,P004,0,0.0
SALE-20260608-S002-P005,2026-06-08,S002,P005,6,2645.4
SALE-20260608-S002-P006,2026-06-08,S002,P006,8,6703.92
SALE-20260608-S002-P007,2026-06-08,S002,P007,0,0.0
SALE-20260608-S002-P008,2026-06-08,S002,P008,13,11493.95
SALE-20260608-S002-P009,2026-06-08,S002,P009,6,4537.14
SALE-20260608-S002-P010,2026-06-08,S002,P010,15,14800.5
SALE-20260608-S002-P011,2026-06-08,S002,P011,3,656.7
SALE-20260608-S002-P012,2026-06-08,S002,P012,21,3965.43
SALE-20260608-S002-P013,2026-06-08,S002,P013,9,7783.92
SALE-20260608-S002-P014,2026-06-08,S002,P014,12,4726.92
SALE-20260608-S002-P015,2026-06-08,S002,P015,2,390.24
SALE-20260608-S002-P016,2026-06-08,S002,P016,11,2905.87
SALE-20260608-S002-P017,2026-06-08,S002,P017,12,6041.88
SALE-20260608-S002-P018,2026-06-08,S002,P018,21,7721.7
SALE-20260608-S002-P019,2026-06-08,S002,P019,12,9699.24
SALE-20260608-S002-P020,2026-06-08,S002,P020,9,5796.99
SALE-20260608-S002-P021,2026-06-08,S002,P021,8,1579.76
SALE-20260608-S002-P022,2026-06-08,S002,P022,13,9471.02
SALE-20260608-S002-P023,2026-06-08,S002,P023,8,6397.6
SALE-20260608-S002-P024,2026-06-08,S002,P024,7,1045.8
SALE-20260608-S002-P025,2026-06-08,S002,P025,2,1380.94
SALE-20260608-S002-P026,2026-06-08,S002,P026,13,10658.44
SALE-20260608-S002-P027,2026-06-08,S002,P027,10,5893.8
SALE-20260608-S002-P028,2026-06-08,S002,P028,6,334.02
SALE-20260608-S002-P029,2026-06-08,S002,P029,12,2821.56
SALE-20260608-S002-P030,2026-06-08,S002,P030,5,1153.3
SALE-20260608-S002-P031,2026-06-08,S002,P031,7,2039.94
SALE-20260608-S002-P032,2026-06-08,S002,P032,5,3133.0
SALE-20260608-S002-P033,2026-06-08,S002,P033,12,8098.92
SALE-20260608-S002-P034,2026-06-08,S002,P034,14,2371.46
SALE-20260608-S002-P035,2026-06-08,S002,P035,23,2819.34
SALE-20260608-S002-P036,2026-06-08,S002,P036,6,1124.34
SALE-20260608-S002-P037,2026-06-08,S002,P037,21,3934.35
SALE-20260608-S002-P038,2026-06-08,S002,P038,4,1547.32
SALE-20260608-S002-P039,2026-06-08,S002,P039,5,3170.5
SALE-20260608-S002-P040,2026-06-08,S002,P040,12,1932.6
SALE-20260608-S002-P041,2026-06-08,S002,P041,6,5906.34
SALE-20260608-S002-P042,2026-06-08,S002,P042,21,22438.29
SALE-20260608-S002-P043,2026-06-08,S002,P043,16,11752.96
SALE-20260608-S002-P044,2026-06-08,S002,P044,5,674.75
SALE-20260608-S002-P045,2026-06-08,S002,P045,25,11141.25
SALE-20260608-S002-P046,2026-06-08,S002,P046,4,2223.72
SALE-20260608-S002-P047,2026-06-08,S002,P047,15,14144.85
SALE-20260608-S002-P048,2026-06-08,S002,P048,6,2842.68
SALE-20260608-S002-P049,2026-06-08,S002,P049,9,5711.94
SALE-20260608-S002-P050,2026-06-08,S002,P050,5,1951.9
SALE-20260608-S003-P001,2026-06-08,S003,P001,7,5522.02
SALE-20260608-S003-P002,2026-06-08,S003,P002,10,6491.5
SALE-20260608-S003-P003,2026-06-08,S003,P003,1,1070.87
SALE-20260608-S003-P004,2026-06-08,S003,P004,3,456.45
SALE-20260608-S003-P005,2026-06-08,S003,P005,8,3527.2
SALE-20260608-S003-P006,2026-06-08,S003,P006,1,837.99
SALE-20260608-S003-P007,2026-06-08,S003,P007,12,3084.24
SALE-20260608-S003-P008,2026-06-08,S003,P008,9,7957.35
SALE-20260608-S003-P009,2026-06-08,S003,P009,5,3780.95
SALE-20260608-S003-P010,2026-06-08,S003,P010,5,4933.5
SALE-20260608-S003-P011,2026-06-08,S003,P011,1,218.9
SALE-20260608-S003-P012,2026-06-08,S003,P012,13,2454.79
SALE-20260608-S003-P013,2026-06-08,S003,P013,8,6919.04
SALE-20260608-S003-P014,2026-06-08,S003,P014,10,3939.1
SALE-20260608-S003-P015,2026-06-08,S003,P015,2,390.24
SALE-20260608-S003-P016,2026-06-08,S003,P016,7,1849.19
SALE-20260608-S003-P017,2026-06-08,S003,P017,9,4531.41
SALE-20260608-S003-P018,2026-06-08,S003,P018,18,6618.6
SALE-20260608-S003-P019,2026-06-08,S003,P019,8,6466.16
SALE-20260608-S003-P020,2026-06-08,S003,P020,6,3864.66
SALE-20260608-S003-P021,2026-06-08,S003,P021,2,394.94
SALE-20260608-S003-P022,2026-06-08,S003,P022,4,2914.16
SALE-20260608-S003-P023,2026-06-08,S003,P023,8,6397.6
SALE-20260608-S003-P024,2026-06-08,S003,P024,1,149.4
SALE-20260608-S003-P025,2026-06-08,S003,P025,0,0.0
SALE-20260608-S003-P026,2026-06-08,S003,P026,12,9838.56
SALE-20260608-S003-P027,2026-06-08,S003,P027,18,10608.84
SALE-20260608-S003-P028,2026-06-08,S003,P028,6,334.02
SALE-20260608-S003-P029,2026-06-08,S003,P029,2,470.26
SALE-20260608-S003-P030,2026-06-08,S003,P030,0,0.0
SALE-20260608-S003-P031,2026-06-08,S003,P031,10,2914.2
SALE-20260608-S003-P032,2026-06-08,S003,P032,2,1253.2
SALE-20260608-S003-P033,2026-06-08,S003,P033,10,6749.1
SALE-20260608-S003-P034,2026-06-08,S003,P034,15,2540.85
SALE-20260608-S003-P035,2026-06-08,S003,P035,10,1225.8
SALE-20260608-S003-P036,2026-06-08,S003,P036,2,374.78
SALE-20260608-S003-P037,2026-06-08,S003,P037,16,2997.6
SALE-20260608-S003-P038,2026-06-08,S003,P038,7,2707.81
SALE-20260608-S003-P039,2026-06-08,S003,P039,0,0.0
SALE-20260608-S003-P040,2026-06-08,S003,P040,5,805.25
SALE-20260608-S003-P041,2026-06-08,S003,P041,9,8859.51
SALE-20260608-S003-P042,2026-06-08,S003,P042,13,13890.37
SALE-20260608-S003-P043,2026-06-08,S003,P043,8,5876.48
SALE-20260608-S003-P044,2026-06-08,S003,P044,4,539.8
SALE-20260608-S003-P045,2026-06-08,S003,P045,8,3565.2
SALE-20260608-S003-P046,2026-06-08,S003,P046,9,5003.37
SALE-20260608-S003-P047,2026-06-08,S003,P047,5,4714.95
SALE-20260608-S003-P048,2026-06-08,S003,P048,4,1895.12
SALE-20260608-S003-P049,2026-06-08,S003,P049,8,5077.28
SALE-20260609-S001-P001,2026-06-09,S001,P001,8,6310.88
SALE-20260609-S001-P002,2026-06-09,S001,P002,3,1947.45
SALE-20260609-S001-P003,2026-06-09,S001,P003,3,3212.61
SALE-20260609-S001-P004,2026-06-09,S001,P004,3,456.45
SALE-20260609-S001-P005,2026-06-09,S001,P005,8,3527.2
SALE-20260609-S001-P006,2026-06-09,S001,P006,3,2513.97
SALE-20260609-S001-P007,2026-06-09,S001,P007,12,3084.24
SALE-20260609-S001-P008,2026-06-09,S001,P008,8,7073.2
SALE-20260609-S001-P009,2026-06-09,S001,P009,4,3024.76
SALE-20260609-S001-P010,2026-06-09,S001,P010,11,10853.7
SALE-20260609-S001-P011,2026-06-09,S001,P011,4,875.6
SALE-20260609-S001-P012,2026-06-09,S001,P012,14,2643.62
SALE-20260609-S001-P013,2026-06-09,S001,P013,8,6919.04
SALE-20260609-S001-P014,2026-06-09,S001,P014,8,3151.28
SALE-20260609-S001-P015,2026-06-09,S001,P015,4,780.48
SALE-20260609-S001-P016,2026-06-09,S001,P016,14,3698.38
SALE-20260609-S001-P017,2026-06-09,S001,P017,9,4531.41
SALE-20260609-S001-P018,2026-06-09,S001,P018,14,5147.8
SALE-20260609-S001-P019,2026-06-09,S001,P019,4,3233.08
SALE-20260609-S001-P020,2026-06-09,S001,P020,11,7085.21
SALE-20260609-S001-P021,2026-06-09,S001,P021,4,789.88
SALE-20260609-S001-P022,2026-06-09,S001,P022,3,2185.62
SALE-20260609-S001-P023,2026-06-09,S001,P023,6,4798.2
SALE-20260609-S001-P024,2026-06-09,S001,P024,4,597.6
SALE-20260609-S001-P025,2026-06-09,S001,P025,1,690.47
SALE-20260609-S001-P026,2026-06-09,S001,P026,16,13118.08
SALE-20260609-S001-P027,2026-06-09,S001,P027,12,7072.56
SALE-20260609-S001-P028,2026-06-09,S001,P028,1,55.67
SALE-20260609-S001-P029,2026-06-09,S001,P029,10,2351.3
SALE-20260609-S001-P030,2026-06-09,S001,P030,3,691.98
SALE-20260609-S001-P031,2026-06-09,S001,P031,12,3497.04
SALE-20260609-S001-P032,2026-06-09,S001,P032,4,2506.4
SALE-20260609-S001-P033,2026-06-09,S001,P033,9,6074.19
SALE-20260609-S001-P034,2026-06-09,S001,P034,16,2710.24
SALE-20260609-S001-P035,2026-06-09,S001,P035,17,2083.86
SALE-20260609-S001-P036,2026-06-09,S001,P036,4,749.56
SALE-20260609-S001-P037,2026-06-09,S001,P037,8,1498.8
SALE-20260609-S001-P038,2026-06-09,S001,P038,5,1934.15
SALE-20260609-S001-P039,2026-06-09,S001,P039,3,1902.3
SALE-20260609-S001-P040,2026-06-09,S001,P040,8,1288.4
SALE-20260609-S001-P041,2026-06-09,S001,P041,3,2953.17
SALE-20260609-S001-P042,2026-06-09,S001,P042,12,12821.88
SALE-20260609-S001-P043,2026-06-09,S001,P043,15,11018.4
SALE-20260609-S001-P044,2026-06-09,S001,P044,10,1349.5
SALE-20260609-S001-P045,2026-06-09,S001,P045,22,9804.3
SALE-20260609-S001-P046,2026-06-09,S001,P046,5,2779.65
SALE-20260609-S001-P047,2026-06-09,S001,P047,9,8486.91
SALE-20260609-S001-P048,2026-06-09,S001,P048,4,1895.12
SALE-20260609-S001-P049,2026-06-09,S001,P049,17,10789.22
SALE-20260609-S001-P050,2026-06-09,S001,P050,5,1951.9
SALE-20260609-S002-P001,2026-06-09,S002,P001,9,7099.74
SALE-20260609-S002-P002,2026-06-09,S002,P002,12,7789.8
SALE-20260609-S002-P003,2026-06-09,S002,P003,5,5354.35
SALE-20260609-S002-P004,2026-06-09,S002,P004,0,0.0
SALE-20260609-S002-P005,2026-06-09,S002,P005,11,4849.9
SALE-20260609-S002-P006,2026-06-09,S002,P006,5,4189.95
SALE-20260609-S002-P007,2026-06-09,S002,P007,0,0.0
SALE-20260609-S002-P008,2026-06-09,S002,P008,14,12378.1
SALE-20260609-S002-P009,2026-06-09,S002,P009,8,6049.52
SALE-20260609-S002-P010,2026-06-09,S002,P010,10,9867.0
SALE-20260609-S002-P011,2026-06-09,S002,P011,6,1313.4
SALE-20260609-S002-P012,2026-06-09,S002,P012,11,2077.13
SALE-20260609-S002-P013,2026-06-09,S002,P013,8,6919.04
SALE-20260609-S002-P014,2026-06-09,S002,P014,8,3151.28
SALE-20260609-S002-P015,2026-06-09,S002,P015,7,1365.84
SALE-20260609-S002-P016,2026-06-09,S002,P016,17,4490.89
SALE-20260609-S002-P017,2026-06-09,S002,P017,14,7048.86
SALE-20260609-S002-P018,2026-06-09,S002,P018,18,6618.6
SALE-20260609-S002-P019,2026-06-09,S002,P019,9,7274.43
SALE-20260609-S002-P020,2026-06-09,S002,P020,8,5152.88
SALE-20260609-S002-P021,2026-06-09,S002,P021,7,1382.29
SALE-20260609-S002-P022,2026-06-09,S002,P022,3,2185.62
SALE-20260609-S002-P023,2026-06-09,S002,P023,7,5597.9
SALE-20260609-S002-P024,2026-06-09,S002,P024,9,1344.6
SALE-20260609-S002-P025,2026-06-09,S002,P025,3,2071.41
SALE-20260609-S002-P026,2026-06-09,S002,P026,15,12298.2
SALE-20260609-S002-P027,2026-06-09,S002,P027,11,6483.18
SALE-20260609-S002-P028,2026-06-09,S002,P028,1,55.67
SALE-20260609-S002-P029,2026-06-09,S002,P029,11,2586.43
SALE-20260609-S002-P030,2026-06-09,S002,P030,1,230.66
SALE-20260609-S002-P031,2026-06-09,S002,P031,3,874.26
SALE-20260609-S002-P032,2026-06-09,S002,P032,3,1879.8
SALE-20260609-S002-P033,2026-06-09,S002,P033,13,8773.83
SALE-20260609-S002-P034,2026-06-09,S002,P034,11,1863.29
SALE-20260609-S002-P035,2026-06-09,S002,P035,4,490.32
SALE-20260609-S002-P036,2026-06-09,S002,P036,8,1499.12
SALE-20260609-S002-P037,2026-06-09,S002,P037,17,3184.95
SALE-20260609-S002-P038,2026-06-09,S002,P038,7,2707.81
SALE-20260609-S002-P039,2026-06-09,S002,P039,3,1902.3
SALE-20260609-S002-P040,2026-06-09,S002,P040,5,805.25
SALE-20260609-S002-P041,2026-06-09,S002,P041,6,5906.34
SALE-20260609-S002-P042,2026-06-09,S002,P042,11,11753.39
SALE-20260609-S002-P043,2026-06-09,S002,P043,7,5141.92
SALE-20260609-S002-P044,2026-06-09,S002,P044,8,1079.6
SALE-20260609-S002-P045,2026-06-09,S002,P045,14,6239.1
SALE-20260609-S002-P046,2026-06-09,S002,P046,5,2779.65
SALE-20260609-S002-P047,2026-06-09,S002,P047,11,10372.89
SALE-20260609-S002-P048,2026-06-09,S002,P048,5,2368.9
SALE-20260609-S002-P049,2026-06-09,S002,P049,15,9519.9
SALE-20260609-S002-P050,2026-06-09,S002,P050,4,1561.52
SALE-20260609-S003-P001,2026-06-09,S003,P001,5,3944.3
SALE-20260609-S003-P002,2026-06-09,S003,P002,8,5193.2
SALE-20260609-S003-P003,2026-06-09,S003,P003,1,1070.87
SALE-20260609-S003-P004,2026-06-09,S003,P004,2,304.3
SALE-20260609-S003-P005,2026-06-09,S003,P005,8,3527.2
SALE-20260609-S003-P006,2026-06-09,S003,P006,5,4189.95
SALE-20260609-S003-P007,2026-06-09,S003,P007,10,2570.2
SALE-20260609-S003-P008,2026-06-09,S003,P008,14,12378.1
SALE-20260609-S003-P009,2026-06-09,S003,P009,4,3024.76
SALE-20260609-S003-P010,2026-06-09,S003,P010,6,5920.2
SALE-20260609-S003-P011,2026-06-09,S003,P011,4,875.6
SALE-20260609-S003-P012,2026-06-09,S003,P012,12,2265.96
SALE-20260609-S003-P013,2026-06-09,S003,P013,7,6054.16
SALE-20260609-S003-P014,2026-06-09,S003,P014,8,3151.28
SALE-20260609-S003-P015,2026-06-09,S003,P015,1,195.12
SALE-20260609-S003-P016,2026-06-09,S003,P016,11,2905.87
SALE-20260609-S003-P017,2026-06-09,S003,P017,8,4027.92
SALE-20260609-S003-P018,2026-06-09,S003,P018,12,4412.4
SALE-20260609-S003-P019,2026-06-09,S003,P019,10,8082.7
SALE-20260609-S003-P020,2026-06-09,S003,P020,8,5152.88
SALE-20260609-S003-P021,2026-06-09,S003,P021,2,394.94
SALE-20260609-S003-P022,2026-06-09,S003,P022,3,2185.62
SALE-20260609-S003-P023,2026-06-09,S003,P023,6,4798.2
SALE-20260609-S003-P024,2026-06-09,S003,P024,6,896.4
SALE-20260609-S003-P025,2026-06-09,S003,P025,0,0.0
SALE-20260609-S003-P026,2026-06-09,S003,P026,8,6559.04
SALE-20260609-S003-P027,2026-06-09,S003,P027,10,5893.8
SALE-20260609-S003-P028,2026-06-09,S003,P028,1,55.67
SALE-20260609-S003-P029,2026-06-09,S003,P029,5,1175.65
SALE-20260609-S003-P030,2026-06-09,S003,P030,1,230.66
SALE-20260609-S003-P031,2026-06-09,S003,P031,8,2331.36
SALE-20260609-S003-P032,2026-06-09,S003,P032,5,3133.0
SALE-20260609-S003-P033,2026-06-09,S003,P033,6,4049.46
SALE-20260609-S003-P034,2026-06-09,S003,P034,10,1693.9
SALE-20260609-S003-P035,2026-06-09,S003,P035,7,858.06
SALE-20260609-S003-P036,2026-06-09,S003,P036,4,749.56
SALE-20260609-S003-P037,2026-06-09,S003,P037,14,2622.9
SALE-20260609-S003-P038,2026-06-09,S003,P038,3,1160.49
SALE-20260609-S003-P039,2026-06-09,S003,P039,4,2536.4
SALE-20260609-S003-P040,2026-06-09,S003,P040,11,1771.55
SALE-20260609-S003-P041,2026-06-09,S003,P041,4,3937.56
SALE-20260609-S003-P042,2026-06-09,S003,P042,9,9616.41
SALE-20260609-S003-P043,2026-06-09,S003,P043,5,3672.8
SALE-20260609-S003-P044,2026-06-09,S003,P044,5,674.75
SALE-20260609-S003-P045,2026-06-09,S003,P045,9,4010.85
SALE-20260609-S003-P046,2026-06-09,S003,P046,6,3335.58
SALE-20260609-S003-P047,2026-06-09,S003,P047,10,9429.9
SALE-20260609-S003-P048,2026-06-09,S003,P048,3,1421.34
SALE-20260609-S003-P049,2026-06-09,S003,P049,11,6981.26
SALE-20260610-S001-P001,2026-06-10,S001,P001,10,7888.6
SALE-20260610-S001-P002,2026-06-10,S001,P002,6,3894.9
SALE-20260610-S001-P003,2026-06-10,S001,P003,4,4283.48
SALE-20260610-S001-P004,2026-06-10,S001,P004,1,152.15
SALE-20260610-S001-P005,2026-06-10,S001,P005,13,5731.7
SALE-20260610-S001-P006,2026-06-10,S001,P006,3,2513.97
SALE-20260610-S001-P007,2026-06-10,S001,P007,8,2056.16
SALE-20260610-S001-P008,2026-06-10,S001,P008,9,7957.35
SALE-20260610-S001-P009,2026-06-10,S001,P009,4,3024.76
SALE-20260610-S001-P010,2026-06-10,S001,P010,9,8880.3
SALE-20260610-S001-P011,2026-06-10,S001,P011,0,0.0
SALE-20260610-S001-P012,2026-06-10,S001,P012,15,2832.45
SALE-20260610-S001-P013,2026-06-10,S001,P013,8,6919.04
SALE-20260610-S001-P014,2026-06-10,S001,P014,12,4726.92
SALE-20260610-S001-P015,2026-06-10,S001,P015,1,195.12
SALE-20260610-S001-P016,2026-06-10,S001,P016,7,1849.19
SALE-20260610-S001-P017,2026-06-10,S001,P017,7,3524.43
SALE-20260610-S001-P018,2026-06-10,S001,P018,11,4044.7
SALE-20260610-S001-P019,2026-06-10,S001,P019,10,8082.7
SALE-20260610-S001-P020,2026-06-10,S001,P020,11,7085.21
SALE-20260610-S001-P021,2026-06-10,S001,P021,9,1777.23
SALE-20260610-S001-P022,2026-06-10,S001,P022,2,1457.08
SALE-20260610-S001-P023,2026-06-10,S001,P023,7,5597.9
SALE-20260610-S001-P024,2026-06-10,S001,P024,11,1643.4
SALE-20260610-S001-P025,2026-06-10,S001,P025,1,690.47
SALE-20260610-S001-P026,2026-06-10,S001,P026,14,11478.32
SALE-20260610-S001-P027,2026-06-10,S001,P027,6,3536.28
SALE-20260610-S001-P028,2026-06-10,S001,P028,2,111.34
SALE-20260610-S001-P029,2026-06-10,S001,P029,6,1410.78
SALE-20260610-S001-P030,2026-06-10,S001,P030,2,461.32
SALE-20260610-S001-P031,2026-06-10,S001,P031,11,3205.62
SALE-20260610-S001-P032,2026-06-10,S001,P032,4,2506.4
SALE-20260610-S001-P033,2026-06-10,S001,P033,10,6749.1
SALE-20260610-S001-P034,2026-06-10,S001,P034,14,2371.46
SALE-20260610-S001-P035,2026-06-10,S001,P035,13,1593.54
SALE-20260610-S001-P036,2026-06-10,S001,P036,3,562.17
SALE-20260610-S001-P037,2026-06-10,S001,P037,11,2060.85
SALE-20260610-S001-P038,2026-06-10,S001,P038,2,773.66
SALE-20260610-S001-P039,2026-06-10,S001,P039,1,634.1
SALE-20260610-S001-P040,2026-06-10,S001,P040,6,966.3
SALE-20260610-S001-P041,2026-06-10,S001,P041,8,7875.12
SALE-20260610-S001-P042,2026-06-10,S001,P042,9,9616.41
SALE-20260610-S001-P043,2026-06-10,S001,P043,10,7345.6
SALE-20260610-S001-P044,2026-06-10,S001,P044,6,809.7
SALE-20260610-S001-P045,2026-06-10,S001,P045,11,4902.15
SALE-20260610-S001-P046,2026-06-10,S001,P046,8,4447.44
SALE-20260610-S001-P047,2026-06-10,S001,P047,4,3771.96
SALE-20260610-S001-P048,2026-06-10,S001,P048,6,2842.68
SALE-20260610-S001-P049,2026-06-10,S001,P049,14,8885.24
SALE-20260610-S001-P050,2026-06-10,S001,P050,1,390.38
SALE-20260610-S002-P001,2026-06-10,S002,P001,4,3155.44
SALE-20260610-S002-P002,2026-06-10,S002,P002,5,3245.75
SALE-20260610-S002-P003,2026-06-10,S002,P003,5,5354.35
SALE-20260610-S002-P004,2026-06-10,S002,P004,0,0.0
SALE-20260610-S002-P005,2026-06-10,S002,P005,9,3968.1
SALE-20260610-S002-P006,2026-06-10,S002,P006,8,6703.92
SALE-20260610-S002-P007,2026-06-10,S002,P007,0,0.0
SALE-20260610-S002-P008,2026-06-10,S002,P008,13,11493.95
SALE-20260610-S002-P009,2026-06-10,S002,P009,8,6049.52
SALE-20260610-S002-P010,2026-06-10,S002,P010,8,7893.6
SALE-20260610-S002-P011,2026-06-10,S002,P011,1,218.9
SALE-20260610-S002-P012,2026-06-10,S002,P012,14,2643.62
SALE-20260610-S002-P013,2026-06-10,S002,P013,12,10378.56
SALE-20260610-S002-P014,2026-06-10,S002,P014,10,3939.1
SALE-20260610-S002-P015,2026-06-10,S002,P015,4,780.48
SALE-20260610-S002-P016,2026-06-10,S002,P016,11,2905.87
SALE-20260610-S002-P017,2026-06-10,S002,P017,7,3524.43
SALE-20260610-S002-P018,2026-06-10,S002,P018,13,4780.1
SALE-20260610-S002-P019,2026-06-10,S002,P019,7,5657.89
SALE-20260610-S002-P020,2026-06-10,S002,P020,11,7085.21
SALE-20260610-S002-P021,2026-06-10,S002,P021,5,987.35
SALE-20260610-S002-P022,2026-06-10,S002,P022,6,4371.24
SALE-20260610-S002-P023,2026-06-10,S002,P023,15,11995.5
SALE-20260610-S002-P024,2026-06-10,S002,P024,5,747.0
SALE-20260610-S002-P025,2026-06-10,S002,P025,1,690.47
SALE-20260610-S002-P026,2026-06-10,S002,P026,12,9838.56
SALE-20260610-S002-P027,2026-06-10,S002,P027,11,6483.18
SALE-20260610-S002-P028,2026-06-10,S002,P028,2,111.34
SALE-20260610-S002-P029,2026-06-10,S002,P029,7,1645.91
SALE-20260610-S002-P030,2026-06-10,S002,P030,0,0.0
SALE-20260610-S002-P031,2026-06-10,S002,P031,13,3788.46
SALE-20260610-S002-P032,2026-06-10,S002,P032,6,3759.6
SALE-20260610-S002-P033,2026-06-10,S002,P033,9,6074.19
SALE-20260610-S002-P034,2026-06-10,S002,P034,12,2032.68
SALE-20260610-S002-P035,2026-06-10,S002,P035,16,1961.28
SALE-20260610-S002-P036,2026-06-10,S002,P036,1,187.39
SALE-20260610-S002-P037,2026-06-10,S002,P037,14,2622.9
SALE-20260610-S002-P038,2026-06-10,S002,P038,5,1934.15
SALE-20260610-S002-P039,2026-06-10,S002,P039,6,3804.6
SALE-20260610-S002-P040,2026-06-10,S002,P040,12,1932.6
SALE-20260610-S002-P041,2026-06-10,S002,P041,5,4921.95
SALE-20260610-S002-P042,2026-06-10,S002,P042,17,18164.33
SALE-20260610-S002-P043,2026-06-10,S002,P043,12,8814.72
SALE-20260610-S002-P044,2026-06-10,S002,P044,6,809.7
SALE-20260610-S002-P045,2026-06-10,S002,P045,11,4902.15
SALE-20260610-S002-P046,2026-06-10,S002,P046,1,555.93
SALE-20260610-S002-P047,2026-06-10,S002,P047,21,19802.79
SALE-20260610-S002-P048,2026-06-10,S002,P048,12,5685.36
SALE-20260610-S002-P049,2026-06-10,S002,P049,18,11423.88
SALE-20260610-S002-P050,2026-06-10,S002,P050,6,2342.28
SALE-20260610-S003-P001,2026-06-10,S003,P001,3,2366.58
SALE-20260610-S003-P002,2026-06-10,S003,P002,6,3894.9
SALE-20260610-S003-P003,2026-06-10,S003,P003,4,4283.48
SALE-20260610-S003-P004,2026-06-10,S003,P004,3,456.45
SALE-20260610-S003-P005,2026-06-10,S003,P005,6,2645.4
SALE-20260610-S003-P006,2026-06-10,S003,P006,3,2513.97
SALE-20260610-S003-P007,2026-06-10,S003,P007,10,2570.2
SALE-20260610-S003-P008,2026-06-10,S003,P008,5,4420.75
SALE-20260610-S003-P009,2026-06-10,S003,P009,6,4537.14
SALE-20260610-S003-P010,2026-06-10,S003,P010,7,6906.9
SALE-20260610-S003-P011,2026-06-10,S003,P011,1,218.9
SALE-20260610-S003-P012,2026-06-10,S003,P012,9,1699.47
SALE-20260610-S003-P013,2026-06-10,S003,P013,10,8648.8
SALE-20260610-S003-P014,2026-06-10,S003,P014,6,2363.46
SALE-20260610-S003-P015,2026-06-10,S003,P015,8,1560.96
SALE-20260610-S003-P016,2026-06-10,S003,P016,5,1320.85
SALE-20260610-S003-P017,2026-06-10,S003,P017,9,4531.41
SALE-20260610-S003-P018,2026-06-10,S003,P018,13,4780.1
SALE-20260610-S003-P019,2026-06-10,S003,P019,6,4849.62
SALE-20260610-S003-P020,2026-06-10,S003,P020,6,3864.66
SALE-20260610-S003-P021,2026-06-10,S003,P021,7,1382.29
SALE-20260610-S003-P022,2026-06-10,S003,P022,5,3642.7
SALE-20260610-S003-P023,2026-06-10,S003,P023,11,8796.7
SALE-20260610-S003-P024,2026-06-10,S003,P024,4,597.6
SALE-20260610-S003-P025,2026-06-10,S003,P025,2,1380.94
SALE-20260610-S003-P026,2026-06-10,S003,P026,6,4919.28
SALE-20260610-S003-P027,2026-06-10,S003,P027,10,5893.8
SALE-20260610-S003-P028,2026-06-10,S003,P028,0,0.0
SALE-20260610-S003-P029,2026-06-10,S003,P029,6,1410.78
SALE-20260610-S003-P030,2026-06-10,S003,P030,3,691.98
SALE-20260610-S003-P031,2026-06-10,S003,P031,9,2622.78
SALE-20260610-S003-P032,2026-06-10,S003,P032,4,2506.4
SALE-20260610-S003-P033,2026-06-10,S003,P033,5,3374.55
SALE-20260610-S003-P034,2026-06-10,S003,P034,11,1863.29
SALE-20260610-S003-P035,2026-06-10,S003,P035,9,1103.22
SALE-20260610-S003-P036,2026-06-10,S003,P036,4,749.56
SALE-20260610-S003-P037,2026-06-10,S003,P037,10,1873.5
SALE-20260610-S003-P038,2026-06-10,S003,P038,4,1547.32
SALE-20260610-S003-P039,2026-06-10,S003,P039,1,634.1
SALE-20260610-S003-P040,2026-06-10,S003,P040,12,1932.6
SALE-20260610-S003-P041,2026-06-10,S003,P041,3,2953.17
SALE-20260610-S003-P042,2026-06-10,S003,P042,12,12821.88
SALE-20260610-S003-P043,2026-06-10,S003,P043,14,10283.84
SALE-20260610-S003-P044,2026-06-10,S003,P044,3,404.85
SALE-20260610-S003-P045,2026-06-10,S003,P045,7,3119.55
SALE-20260610-S003-P046,2026-06-10,S003,P046,7,3891.51
SALE-20260610-S003-P047,2026-06-10,S003,P047,6,5657.94
SALE-20260610-S003-P048,2026-06-10,S003,P048,4,1895.12
SALE-20260610-S003-P049,2026-06-10,S003,P049,7,4442.62
SALE-20260611-S001-P001,2026-06-11,S001,P001,12,9466.32
SALE-20260611-S001-P002,2026-06-11,S001,P002,4,2596.6
SALE-20260611-S001-P003,2026-06-11,S001,P003,3,3212.61
SALE-20260611-S001-P004,2026-06-11,S001,P004,1,152.15
SALE-20260611-S001-P005,2026-06-11,S001,P005,10,4409.0
SALE-20260611-S001-P006,2026-06-11,S001,P006,6,5027.94
SALE-20260611-S001-P007,2026-06-11,S001,P007,14,3598.28
SALE-20260611-S001-P008,2026-06-11,S001,P008,8,7073.2
SALE-20260611-S001-P009,2026-06-11,S001,P009,4,3024.76
SALE-20260611-S001-P010,2026-06-11,S001,P010,7,6906.9
SALE-20260611-S001-P011,2026-06-11,S001,P011,2,437.8
SALE-20260611-S001-P012,2026-06-11,S001,P012,10,1888.3
SALE-20260611-S001-P013,2026-06-11,S001,P013,4,3459.52
SALE-20260611-S001-P014,2026-06-11,S001,P014,14,5514.74
SALE-20260611-S001-P015,2026-06-11,S001,P015,0,0.0
SALE-20260611-S001-P016,2026-06-11,S001,P016,6,1585.02
SALE-20260611-S001-P017,2026-06-11,S001,P017,4,2013.96
SALE-20260611-S001-P018,2026-06-11,S001,P018,10,3677.0
SALE-20260611-S001-P019,2026-06-11,S001,P019,12,9699.24
SALE-20260611-S001-P020,2026-06-11,S001,P020,3,1932.33
SALE-20260611-S001-P021,2026-06-11,S001,P021,7,1382.29
SALE-20260611-S001-P022,2026-06-11,S001,P022,6,4371.24
SALE-20260611-S001-P023,2026-06-11,S001,P023,5,3998.5
SALE-20260611-S001-P024,2026-06-11,S001,P024,13,1942.2
SALE-20260611-S001-P025,2026-06-11,S001,P025,2,1380.94
SALE-20260611-S001-P026,2026-06-11,S001,P026,10,8198.8
SALE-20260611-S001-P027,2026-06-11,S001,P027,10,5893.8
SALE-20260611-S001-P028,2026-06-11,S001,P028,5,278.35
SALE-20260611-S001-P029,2026-06-11,S001,P029,8,1881.04
SALE-20260611-S001-P030,2026-06-11,S001,P030,4,922.64
SALE-20260611-S001-P031,2026-06-11,S001,P031,6,1748.52
SALE-20260611-S001-P032,2026-06-11,S001,P032,8,5012.8
SALE-20260611-S001-P033,2026-06-11,S001,P033,11,7424.01
SALE-20260611-S001-P034,2026-06-11,S001,P034,12,2032.68
SALE-20260611-S001-P035,2026-06-11,S001,P035,11,1348.38
SALE-20260611-S001-P036,2026-06-11,S001,P036,2,374.78
SALE-20260611-S001-P037,2026-06-11,S001,P037,15,2810.25
SALE-20260611-S001-P038,2026-06-11,S001,P038,4,1547.32
SALE-20260611-S001-P039,2026-06-11,S001,P039,1,634.1
SALE-20260611-S001-P040,2026-06-11,S001,P040,9,1449.45
SALE-20260611-S001-P041,2026-06-11,S001,P041,11,10828.29
SALE-20260611-S001-P042,2026-06-11,S001,P042,11,11753.39
SALE-20260611-S001-P043,2026-06-11,S001,P043,9,6611.04
SALE-20260611-S001-P044,2026-06-11,S001,P044,4,539.8
SALE-20260611-S001-P045,2026-06-11,S001,P045,11,4902.15
SALE-20260611-S001-P046,2026-06-11,S001,P046,3,1667.79
SALE-20260611-S001-P047,2026-06-11,S001,P047,11,10372.89
SALE-20260611-S001-P048,2026-06-11,S001,P048,5,2368.9
SALE-20260611-S001-P049,2026-06-11,S001,P049,13,8250.58
SALE-20260611-S001-P050,2026-06-11,S001,P050,3,1171.14
SALE-20260611-S002-P001,2026-06-11,S002,P001,21,16566.06
SALE-20260611-S002-P002,2026-06-11,S002,P002,7,4544.05
SALE-20260611-S002-P003,2026-06-11,S002,P003,6,6425.22
SALE-20260611-S002-P004,2026-06-11,S002,P004,0,0.0
SALE-20260611-S002-P005,2026-06-11,S002,P005,14,6172.6
SALE-20260611-S002-P006,2026-06-11,S002,P006,3,2513.97
SALE-20260611-S002-P007,2026-06-11,S002,P007,0,0.0
SALE-20260611-S002-P008,2026-06-11,S002,P008,12,10609.8
SALE-20260611-S002-P009,2026-06-11,S002,P009,11,8318.09
SALE-20260611-S002-P010,2026-06-11,S002,P010,11,10853.7
SALE-20260611-S002-P011,2026-06-11,S002,P011,1,218.9
SALE-20260611-S002-P012,2026-06-11,S002,P012,15,2832.45
SALE-20260611-S002-P013,2026-06-11,S002,P013,5,4324.4
SALE-20260611-S002-P014,2026-06-11,S002,P014,15,5908.65
SALE-20260611-S002-P015,2026-06-11,S002,P015,5,975.6
SALE-20260611-S002-P016,2026-06-11,S002,P016,10,2641.7
SALE-20260611-S002-P017,2026-06-11,S002,P017,15,7552.35
SALE-20260611-S002-P018,2026-06-11,S002,P018,13,4780.1
SALE-20260611-S002-P019,2026-06-11,S002,P019,13,10507.51
SALE-20260611-S002-P020,2026-06-11,S002,P020,9,5796.99
SALE-20260611-S002-P021,2026-06-11,S002,P021,3,592.41
SALE-20260611-S002-P022,2026-06-11,S002,P022,12,8742.48
SALE-20260611-S002-P023,2026-06-11,S002,P023,7,5597.9
SALE-20260611-S002-P024,2026-06-11,S002,P024,8,1195.2
SALE-20260611-S002-P025,2026-06-11,S002,P025,2,1380.94
SALE-20260611-S002-P026,2026-06-11,S002,P026,13,10658.44
SALE-20260611-S002-P027,2026-06-11,S002,P027,11,6483.18
SALE-20260611-S002-P028,2026-06-11,S002,P028,1,55.67
SALE-20260611-S002-P029,2026-06-11,S002,P029,12,2821.56
SALE-20260611-S002-P030,2026-06-11,S002,P030,5,1153.3
SALE-20260611-S002-P031,2026-06-11,S002,P031,11,3205.62
SALE-20260611-S002-P032,2026-06-11,S002,P032,8,5012.8
SALE-20260611-S002-P033,2026-06-11,S002,P033,13,8773.83
SALE-20260611-S002-P034,2026-06-11,S002,P034,11,1863.29
SALE-20260611-S002-P035,2026-06-11,S002,P035,19,2329.02
SALE-20260611-S002-P036,2026-06-11,S002,P036,3,562.17
SALE-20260611-S002-P037,2026-06-11,S002,P037,13,2435.55
SALE-20260611-S002-P038,2026-06-11,S002,P038,8,3094.64
SALE-20260611-S002-P039,2026-06-11,S002,P039,3,1902.3
SALE-20260611-S002-P040,2026-06-11,S002,P040,5,805.25
SALE-20260611-S002-P041,2026-06-11,S002,P041,4,3937.56
SALE-20260611-S002-P042,2026-06-11,S002,P042,12,12821.88
SALE-20260611-S002-P043,2026-06-11,S002,P043,14,10283.84
SALE-20260611-S002-P044,2026-06-11,S002,P044,6,809.7
SALE-20260611-S002-P045,2026-06-11,S002,P045,19,8467.35
SALE-20260611-S002-P046,2026-06-11,S002,P046,7,3891.51
SALE-20260611-S002-P047,2026-06-11,S002,P047,12,11315.88
SALE-20260611-S002-P048,2026-06-11,S002,P048,4,1895.12
SALE-20260611-S002-P049,2026-06-11,S002,P049,12,7615.92
SALE-20260611-S002-P050,2026-06-11,S002,P050,2,780.76
SALE-20260611-S003-P001,2026-06-11,S003,P001,6,4733.16
SALE-20260611-S003-P002,2026-06-11,S003,P002,4,2596.6
SALE-20260611-S003-P003,2026-06-11,S003,P003,2,2141.74
SALE-20260611-S003-P004,2026-06-11,S003,P004,3,456.45
SALE-20260611-S003-P005,2026-06-11,S003,P005,7,3086.3
SALE-20260611-S003-P006,2026-06-11,S003,P006,2,1675.98
SALE-20260611-S003-P007,2026-06-11,S003,P007,8,2056.16
SALE-20260611-S003-P008,2026-06-11,S003,P008,7,6189.05
SALE-20260611-S003-P009,2026-06-11,S003,P009,8,6049.52
SALE-20260611-S003-P010,2026-06-11,S003,P010,12,11840.4
SALE-20260611-S003-P011,2026-06-11,S003,P011,3,656.7
SALE-20260611-S003-P012,2026-06-11,S003,P012,17,3210.11
SALE-20260611-S003-P013,2026-06-11,S003,P013,8,6919.04
SALE-20260611-S003-P014,2026-06-11,S003,P014,14,5514.74
SALE-20260611-S003-P015,2026-06-11,S003,P015,3,585.36
SALE-20260611-S003-P016,2026-06-11,S003,P016,10,2641.7
SALE-20260611-S003-P017,2026-06-11,S003,P017,5,2517.45
SALE-20260611-S003-P018,2026-06-11,S003,P018,10,3677.0
SALE-20260611-S003-P019,2026-06-11,S003,P019,7,5657.89
SALE-20260611-S003-P020,2026-06-11,S003,P020,4,2576.44
SALE-20260611-S003-P021,2026-06-11,S003,P021,6,1184.82
SALE-20260611-S003-P022,2026-06-11,S003,P022,3,2185.62
SALE-20260611-S003-P023,2026-06-11,S003,P023,7,5597.9
SALE-20260611-S003-P024,2026-06-11,S003,P024,8,1195.2
SALE-20260611-S003-P025,2026-06-11,S003,P025,2,1380.94
SALE-20260611-S003-P026,2026-06-11,S003,P026,10,8198.8
SALE-20260611-S003-P027,2026-06-11,S003,P027,9,5304.42
SALE-20260611-S003-P028,2026-06-11,S003,P028,3,167.01
SALE-20260611-S003-P029,2026-06-11,S003,P029,5,1175.65
SALE-20260611-S003-P030,2026-06-11,S003,P030,2,461.32
SALE-20260611-S003-P031,2026-06-11,S003,P031,5,1457.1
SALE-20260611-S003-P032,2026-06-11,S003,P032,3,1879.8
SALE-20260611-S003-P033,2026-06-11,S003,P033,6,4049.46
SALE-20260611-S003-P034,2026-06-11,S003,P034,9,1524.51
SALE-20260611-S003-P035,2026-06-11,S003,P035,11,1348.38
SALE-20260611-S003-P036,2026-06-11,S003,P036,5,936.95
SALE-20260611-S003-P037,2026-06-11,S003,P037,10,1873.5
SALE-20260611-S003-P038,2026-06-11,S003,P038,4,1547.32
SALE-20260611-S003-P039,2026-06-11,S003,P039,3,1902.3
SALE-20260611-S003-P040,2026-06-11,S003,P040,4,644.2
SALE-20260611-S003-P041,2026-06-11,S003,P041,4,3937.56
SALE-20260611-S003-P042,2026-06-11,S003,P042,9,9616.41
SALE-20260611-S003-P043,2026-06-11,S003,P043,4,2938.24
SALE-20260611-S003-P044,2026-06-11,S003,P044,4,539.8
SALE-20260611-S003-P045,2026-06-11,S003,P045,9,4010.85
SALE-20260611-S003-P046,2026-06-11,S003,P046,4,2223.72
SALE-20260611-S003-P047,2026-06-11,S003,P047,4,3771.96
SALE-20260611-S003-P048,2026-06-11,S003,P048,3,1421.34
SALE-20260611-S003-P049,2026-06-11,S003,P049,11,6981.26
SALE-20260612-S001-P001,2026-06-12,S001,P001,11,8677.46
SALE-20260612-S001-P002,2026-06-12,S001,P002,8,5193.2
SALE-20260612-S001-P003,2026-06-12,S001,P003,5,5354.35
SALE-20260612-S001-P004,2026-06-12,S001,P004,3,456.45
SALE-20260612-S001-P005,2026-06-12,S001,P005,5,2204.5
SALE-20260612-S001-P006,2026-06-12,S001,P006,2,1675.98
SALE-20260612-S001-P007,2026-06-12,S001,P007,9,2313.18
SALE-20260612-S001-P008,2026-06-12,S001,P008,6,5304.9
SALE-20260612-S001-P009,2026-06-12,S001,P009,6,4537.14
SALE-20260612-S001-P010,2026-06-12,S001,P010,15,14800.5
SALE-20260612-S001-P011,2026-06-12,S001,P011,3,656.7
SALE-20260612-S001-P012,2026-06-12,S001,P012,16,3021.28
SALE-20260612-S001-P013,2026-06-12,S001,P013,13,11243.44
SALE-20260612-S001-P014,2026-06-12,S001,P014,10,3939.1
SALE-20260612-S001-P015,2026-06-12,S001,P015,3,585.36
SALE-20260612-S001-P016,2026-06-12,S001,P016,6,1585.02
SALE-20260612-S001-P017,2026-06-12,S001,P017,14,7048.86
SALE-20260612-S001-P018,2026-06-12,S001,P018,13,4780.1
SALE-20260612-S001-P019,2026-06-12,S001,P019,15,12124.05
SALE-20260612-S001-P020,2026-06-12,S001,P020,7,4508.77
SALE-20260612-S001-P021,2026-06-12,S001,P021,6,1184.82
SALE-20260612-S001-P022,2026-06-12,S001,P022,12,8742.48
SALE-20260612-S001-P023,2026-06-12,S001,P023,9,7197.3
SALE-20260612-S001-P024,2026-06-12,S001,P024,7,1045.8
SALE-20260612-S001-P025,2026-06-12,S001,P025,4,2761.88
SALE-20260612-S001-P026,2026-06-12,S001,P026,11,9018.68
SALE-20260612-S001-P027,2026-06-12,S001,P027,6,3536.28
SALE-20260612-S001-P028,2026-06-12,S001,P028,1,55.67
SALE-20260612-S001-P029,2026-06-12,S001,P029,8,1881.04
SALE-20260612-S001-P030,2026-06-12,S001,P030,2,461.32
SALE-20260612-S001-P031,2026-06-12,S001,P031,9,2622.78
SALE-20260612-S001-P032,2026-06-12,S001,P032,6,3759.6
SALE-20260612-S001-P033,2026-06-12,S001,P033,11,7424.01
SALE-20260612-S001-P034,2026-06-12,S001,P034,7,1185.73
SALE-20260612-S001-P035,2026-06-12,S001,P035,15,1838.7
SALE-20260612-S001-P036,2026-06-12,S001,P036,4,749.56
SALE-20260612-S001-P037,2026-06-12,S001,P037,17,3184.95
SALE-20260612-S001-P038,2026-06-12,S001,P038,6,2320.98
SALE-20260612-S001-P039,2026-06-12,S001,P039,0,0.0
SALE-20260612-S001-P040,2026-06-12,S001,P040,9,1449.45
SALE-20260612-S001-P041,2026-06-12,S001,P041,8,7875.12
SALE-20260612-S001-P042,2026-06-12,S001,P042,15,16027.35
SALE-20260612-S001-P043,2026-06-12,S001,P043,17,12487.52
SALE-20260612-S001-P044,2026-06-12,S001,P044,10,1349.5
SALE-20260612-S001-P045,2026-06-12,S001,P045,17,7576.05
SALE-20260612-S001-P046,2026-06-12,S001,P046,3,1667.79
SALE-20260612-S001-P047,2026-06-12,S001,P047,10,9429.9
SALE-20260612-S001-P048,2026-06-12,S001,P048,7,3316.46
SALE-20260612-S001-P049,2026-06-12,S001,P049,13,8250.58
SALE-20260612-S001-P050,2026-06-12,S001,P050,2,780.76
SALE-20260612-S002-P001,2026-06-12,S002,P001,12,9466.32
SALE-20260612-S002-P002,2026-06-12,S002,P002,5,3245.75
SALE-20260612-S002-P003,2026-06-12,S002,P003,6,6425.22
SALE-20260612-S002-P004,2026-06-12,S002,P004,0,0.0
SALE-20260612-S002-P005,2026-06-12,S002,P005,14,6172.6
SALE-20260612-S002-P006,2026-06-12,S002,P006,5,4189.95
SALE-20260612-S002-P007,2026-06-12,S002,P007,0,0.0
SALE-20260612-S002-P008,2026-06-12,S002,P008,11,9725.65
SALE-20260612-S002-P009,2026-06-12,S002,P009,9,6805.71
SALE-20260612-S002-P010,2026-06-12,S002,P010,10,9867.0
SALE-20260612-S002-P011,2026-06-12,S002,P011,3,656.7
SALE-20260612-S002-P012,2026-06-12,S002,P012,12,2265.96
SALE-20260612-S002-P013,2026-06-12,S002,P013,9,7783.92
SALE-20260612-S002-P014,2026-06-12,S002,P014,17,6696.47
SALE-20260612-S002-P015,2026-06-12,S002,P015,1,195.12
SALE-20260612-S002-P016,2026-06-12,S002,P016,13,3434.21
SALE-20260612-S002-P017,2026-06-12,S002,P017,6,3020.94
SALE-20260612-S002-P018,2026-06-12,S002,P018,14,5147.8
SALE-20260612-S002-P019,2026-06-12,S002,P019,15,12124.05
SALE-20260612-S002-P020,2026-06-12,S002,P020,8,5152.88
SALE-20260612-S002-P021,2026-06-12,S002,P021,6,1184.82
SALE-20260612-S002-P022,2026-06-12,S002,P022,6,4371.24
SALE-20260612-S002-P023,2026-06-12,S002,P023,4,3198.8
SALE-20260612-S002-P024,2026-06-12,S002,P024,6,896.4
SALE-20260612-S002-P025,2026-06-12,S002,P025,4,2761.88
SALE-20260612-S002-P026,2026-06-12,S002,P026,23,18857.24
SALE-20260612-S002-P027,2026-06-12,S002,P027,17,10019.46
SALE-20260612-S002-P028,2026-06-12,S002,P028,9,501.03
SALE-20260612-S002-P029,2026-06-12,S002,P029,17,3997.21
SALE-20260612-S002-P030,2026-06-12,S002,P030,2,461.32
SALE-20260612-S002-P031,2026-06-12,S002,P031,10,2914.2
SALE-20260612-S002-P032,2026-06-12,S002,P032,11,6892.6
SALE-20260612-S002-P033,2026-06-12,S002,P033,15,10123.65
SALE-20260612-S002-P034,2026-06-12,S002,P034,15,2540.85
SALE-20260612-S002-P035,2026-06-12,S002,P035,19,2329.02
SALE-20260612-S002-P036,2026-06-12,S002,P036,0,0.0
SALE-20260612-S002-P037,2026-06-12,S002,P037,12,2248.2
SALE-20260612-S002-P038,2026-06-12,S002,P038,6,2320.98
SALE-20260612-S002-P039,2026-06-12,S002,P039,2,1268.2
SALE-20260612-S002-P040,2026-06-12,S002,P040,7,1127.35
SALE-20260612-S002-P041,2026-06-12,S002,P041,10,9843.9
SALE-20260612-S002-P042,2026-06-12,S002,P042,14,14958.86
SALE-20260612-S002-P043,2026-06-12,S002,P043,18,13222.08
SALE-20260612-S002-P044,2026-06-12,S002,P044,6,809.7
SALE-20260612-S002-P045,2026-06-12,S002,P045,24,10695.6
SALE-20260612-S002-P046,2026-06-12,S002,P046,10,5559.3
SALE-20260612-S002-P047,2026-06-12,S002,P047,7,6600.93
SALE-20260612-S002-P048,2026-06-12,S002,P048,9,4264.02
SALE-20260612-S002-P049,2026-06-12,S002,P049,16,10154.56
SALE-20260612-S002-P050,2026-06-12,S002,P050,7,2732.66
SALE-20260612-S003-P001,2026-06-12,S003,P001,5,3944.3
SALE-20260612-S003-P002,2026-06-12,S003,P002,4,2596.6
SALE-20260612-S003-P003,2026-06-12,S003,P003,2,2141.74
SALE-20260612-S003-P004,2026-06-12,S003,P004,0,0.0
SALE-20260612-S003-P005,2026-06-12,S003,P005,7,3086.3
SALE-20260612-S003-P006,2026-06-12,S003,P006,5,4189.95
SALE-20260612-S003-P007,2026-06-12,S003,P007,8,2056.16
SALE-20260612-S003-P008,2026-06-12,S003,P008,8,7073.2
SALE-20260612-S003-P009,2026-06-12,S003,P009,2,1512.38
SALE-20260612-S003-P010,2026-06-12,S003,P010,8,7893.6
SALE-20260612-S003-P011,2026-06-12,S003,P011,2,437.8
SALE-20260612-S003-P012,2026-06-12,S003,P012,19,3587.77
SALE-20260612-S003-P013,2026-06-12,S003,P013,6,5189.28
SALE-20260612-S003-P014,2026-06-12,S003,P014,10,3939.1
SALE-20260612-S003-P015,2026-06-12,S003,P015,1,195.12
SALE-20260612-S003-P016,2026-06-12,S003,P016,4,1056.68
SALE-20260612-S003-P017,2026-06-12,S003,P017,5,2517.45
SALE-20260612-S003-P018,2026-06-12,S003,P018,8,2941.6
SALE-20260612-S003-P019,2026-06-12,S003,P019,12,9699.24
SALE-20260612-S003-P020,2026-06-12,S003,P020,7,4508.77
SALE-20260612-S003-P021,2026-06-12,S003,P021,7,1382.29
SALE-20260612-S003-P022,2026-06-12,S003,P022,6,4371.24
SALE-20260612-S003-P023,2026-06-12,S003,P023,8,6397.6
SALE-20260612-S003-P024,2026-06-12,S003,P024,11,1643.4
SALE-20260612-S003-P025,2026-06-12,S003,P025,0,0.0
SALE-20260612-S003-P026,2026-06-12,S003,P026,6,4919.28
SALE-20260612-S003-P027,2026-06-12,S003,P027,13,7661.94
SALE-20260612-S003-P028,2026-06-12,S003,P028,4,222.68
SALE-20260612-S003-P029,2026-06-12,S003,P029,8,1881.04
SALE-20260612-S003-P030,2026-06-12,S003,P030,1,230.66
SALE-20260612-S003-P031,2026-06-12,S003,P031,6,1748.52
SALE-20260612-S003-P032,2026-06-12,S003,P032,7,4386.2
SALE-20260612-S003-P033,2026-06-12,S003,P033,8,5399.28
SALE-20260612-S003-P034,2026-06-12,S003,P034,6,1016.34
SALE-20260612-S003-P035,2026-06-12,S003,P035,12,1470.96
SALE-20260612-S003-P036,2026-06-12,S003,P036,2,374.78
SALE-20260612-S003-P037,2026-06-12,S003,P037,11,2060.85
SALE-20260612-S003-P038,2026-06-12,S003,P038,2,773.66
SALE-20260612-S003-P039,2026-06-12,S003,P039,4,2536.4
SALE-20260612-S003-P040,2026-06-12,S003,P040,9,1449.45
SALE-20260612-S003-P041,2026-06-12,S003,P041,3,2953.17
SALE-20260612-S003-P042,2026-06-12,S003,P042,14,14958.86
SALE-20260612-S003-P043,2026-06-12,S003,P043,11,8080.16
SALE-20260612-S003-P044,2026-06-12,S003,P044,7,944.65
SALE-20260612-S003-P045,2026-06-12,S003,P045,12,5347.8
SALE-20260612-S003-P046,2026-06-12,S003,P046,4,2223.72
SALE-20260612-S003-P047,2026-06-12,S003,P047,6,5657.94
SALE-20260612-S003-P048,2026-06-12,S003,P048,3,1421.34
SALE-20260612-S003-P049,2026-06-12,S003,P049,17,10789.22
SALE-20260613-S001-P001,2026-06-13,S001,P001,12,9466.32
SALE-20260613-S001-P002,2026-06-13,S001,P002,9,5842.35
SALE-20260613-S001-P003,2026-06-13,S001,P003,2,2141.74
SALE-20260613-S001-P004,2026-06-13,S001,P004,4,608.6
SALE-20260613-S001-P005,2026-06-13,S001,P005,13,5731.7
SALE-20260613-S001-P006,2026-06-13,S001,P006,6,5027.94
SALE-20260613-S001-P007,2026-06-13,S001,P007,13,3341.26
SALE-20260613-S001-P008,2026-06-13,S001,P008,10,8841.5
SALE-20260613-S001-P009,2026-06-13,S001,P009,10,7561.9
SALE-20260613-S001-P010,2026-06-13,S001,P010,13,12827.1
SALE-20260613-S001-P011,2026-06-13,S001,P011,3,656.7
SALE-20260613-S001-P012,2026-06-13,S001,P012,12,2265.96
SALE-20260613-S001-P013,2026-06-13,S001,P013,10,8648.8
SALE-20260613-S001-P014,2026-06-13,S001,P014,13,5120.83
SALE-20260613-S001-P015,2026-06-13,S001,P015,4,780.48
SALE-20260613-S001-P016,2026-06-13,S001,P016,6,1585.02
SALE-20260613-S001-P017,2026-06-13,S001,P017,8,4027.92
SALE-20260613-S001-P018,2026-06-13,S001,P018,14,5147.8
SALE-20260613-S001-P019,2026-06-13,S001,P019,10,8082.7
SALE-20260613-S001-P020,2026-06-13,S001,P020,9,5796.99
SALE-20260613-S001-P021,2026-06-13,S001,P021,7,1382.29
SALE-20260613-S001-P022,2026-06-13,S001,P022,8,5828.32
SALE-20260613-S001-P023,2026-06-13,S001,P023,9,7197.3
SALE-20260613-S001-P024,2026-06-13,S001,P024,8,1195.2
SALE-20260613-S001-P025,2026-06-13,S001,P025,5,3452.35
SALE-20260613-S001-P026,2026-06-13,S001,P026,11,9018.68
SALE-20260613-S001-P027,2026-06-13,S001,P027,9,5304.42
SALE-20260613-S001-P028,2026-06-13,S001,P028,4,222.68
SALE-20260613-S001-P029,2026-06-13,S001,P029,10,2351.3
SALE-20260613-S001-P030,2026-06-13,S001,P030,3,691.98
SALE-20260613-S001-P031,2026-06-13,S001,P031,19,5536.98
SALE-20260613-S001-P032,2026-06-13,S001,P032,9,5639.4
SALE-20260613-S001-P033,2026-06-13,S001,P033,10,6749.1
SALE-20260613-S001-P034,2026-06-13,S001,P034,13,2202.07
SALE-20260613-S001-P035,2026-06-13,S001,P035,18,2206.44
SALE-20260613-S001-P036,2026-06-13,S001,P036,3,562.17
SALE-20260613-S001-P037,2026-06-13,S001,P037,15,2810.25
SALE-20260613-S001-P038,2026-06-13,S001,P038,4,1547.32
SALE-20260613-S001-P039,2026-06-13,S001,P039,3,1902.3
SALE-20260613-S001-P040,2026-06-13,S001,P040,11,1771.55
SALE-20260613-S001-P041,2026-06-13,S001,P041,9,8859.51
SALE-20260613-S001-P042,2026-06-13,S001,P042,15,16027.35
SALE-20260613-S001-P043,2026-06-13,S001,P043,15,11018.4
SALE-20260613-S001-P044,2026-06-13,S001,P044,8,1079.6
SALE-20260613-S001-P045,2026-06-13,S001,P045,20,8913.0
SALE-20260613-S001-P046,2026-06-13,S001,P046,7,3891.51
SALE-20260613-S001-P047,2026-06-13,S001,P047,10,9429.9
SALE-20260613-S001-P048,2026-06-13,S001,P048,3,1421.34
SALE-20260613-S001-P049,2026-06-13,S001,P049,15,9519.9
SALE-20260613-S001-P050,2026-06-13,S001,P050,4,1561.52
SALE-20260613-S002-P001,2026-06-13,S002,P001,13,10255.18
SALE-20260613-S002-P002,2026-06-13,S002,P002,6,3894.9
SALE-20260613-S002-P003,2026-06-13,S002,P003,5,5354.35
SALE-20260613-S002-P004,2026-06-13,S002,P004,0,0.0
SALE-20260613-S002-P005,2026-06-13,S002,P005,15,6613.5
SALE-20260613-S002-P006,2026-06-13,S002,P006,0,0.0
SALE-20260613-S002-P007,2026-06-13,S002,P007,0,0.0
SALE-20260613-S002-P008,2026-06-13,S002,P008,16,14146.4
SALE-20260613-S002-P009,2026-06-13,S002,P009,14,10586.66
SALE-20260613-S002-P010,2026-06-13,S002,P010,12,11840.4
SALE-20260613-S002-P011,2026-06-13,S002,P011,4,875.6
SALE-20260613-S002-P012,2026-06-13,S002,P012,21,3965.43
SALE-20260613-S002-P013,2026-06-13,S002,P013,15,12973.2
SALE-20260613-S002-P014,2026-06-13,S002,P014,9,3545.19
SALE-20260613-S002-P015,2026-06-13,S002,P015,2,390.24
SALE-20260613-S002-P016,2026-06-13,S002,P016,15,3962.55
SALE-20260613-S002-P017,2026-06-13,S002,P017,13,6545.37
SALE-20260613-S002-P018,2026-06-13,S002,P018,17,6250.9
SALE-20260613-S002-P019,2026-06-13,S002,P019,14,11315.78
SALE-20260613-S002-P020,2026-06-13,S002,P020,14,9017.54
SALE-20260613-S002-P021,2026-06-13,S002,P021,6,1184.82
SALE-20260613-S002-P022,2026-06-13,S002,P022,9,6556.86
SALE-20260613-S002-P023,2026-06-13,S002,P023,9,7197.3
SALE-20260613-S002-P024,2026-06-13,S002,P024,12,1792.8
SALE-20260613-S002-P025,2026-06-13,S002,P025,1,690.47
SALE-20260613-S002-P026,2026-06-13,S002,P026,11,9018.68
SALE-20260613-S002-P027,2026-06-13,S002,P027,22,12966.36
SALE-20260613-S002-P028,2026-06-13,S002,P028,2,111.34
SALE-20260613-S002-P029,2026-06-13,S002,P029,11,2586.43
SALE-20260613-S002-P030,2026-06-13,S002,P030,4,922.64
SALE-20260613-S002-P031,2026-06-13,S002,P031,15,4371.3
SALE-20260613-S002-P032,2026-06-13,S002,P032,3,1879.8
SALE-20260613-S002-P033,2026-06-13,S002,P033,22,14848.02
SALE-20260613-S002-P034,2026-06-13,S002,P034,20,3387.8
SALE-20260613-S002-P035,2026-06-13,S002,P035,14,1716.12
SALE-20260613-S002-P036,2026-06-13,S002,P036,5,936.95
SALE-20260613-S002-P037,2026-06-13,S002,P037,20,3747.0
SALE-20260613-S002-P038,2026-06-13,S002,P038,6,2320.98
SALE-20260613-S002-P039,2026-06-13,S002,P039,2,1268.2
SALE-20260613-S002-P040,2026-06-13,S002,P040,11,1771.55
SALE-20260613-S002-P041,2026-06-13,S002,P041,6,5906.34
SALE-20260613-S002-P042,2026-06-13,S002,P042,21,22438.29
SALE-20260613-S002-P043,2026-06-13,S002,P043,13,9549.28
SALE-20260613-S002-P044,2026-06-13,S002,P044,5,674.75
SALE-20260613-S002-P045,2026-06-13,S002,P045,24,10695.6
SALE-20260613-S002-P046,2026-06-13,S002,P046,8,4447.44
SALE-20260613-S002-P047,2026-06-13,S002,P047,9,8486.91
SALE-20260613-S002-P048,2026-06-13,S002,P048,3,1421.34
SALE-20260613-S002-P049,2026-06-13,S002,P049,20,12693.2
SALE-20260613-S002-P050,2026-06-13,S002,P050,12,4684.56
SALE-20260613-S003-P001,2026-06-13,S003,P001,6,4733.16
SALE-20260613-S003-P002,2026-06-13,S003,P002,6,3894.9
SALE-20260613-S003-P003,2026-06-13,S003,P003,3,3212.61
SALE-20260613-S003-P004,2026-06-13,S003,P004,3,456.45
SALE-20260613-S003-P005,2026-06-13,S003,P005,6,2645.4
SALE-20260613-S003-P006,2026-06-13,S003,P006,4,3351.96
SALE-20260613-S003-P007,2026-06-13,S003,P007,12,3084.24
SALE-20260613-S003-P008,2026-06-13,S003,P008,5,4420.75
SALE-20260613-S003-P009,2026-06-13,S003,P009,9,6805.71
SALE-20260613-S003-P010,2026-06-13,S003,P010,7,6906.9
SALE-20260613-S003-P011,2026-06-13,S003,P011,1,218.9
SALE-20260613-S003-P012,2026-06-13,S003,P012,13,2454.79
SALE-20260613-S003-P013,2026-06-13,S003,P013,2,1729.76
SALE-20260613-S003-P014,2026-06-13,S003,P014,16,6302.56
SALE-20260613-S003-P015,2026-06-13,S003,P015,4,780.48
SALE-20260613-S003-P016,2026-06-13,S003,P016,3,792.51
SALE-20260613-S003-P017,2026-06-13,S003,P017,3,1510.47
SALE-20260613-S003-P018,2026-06-13,S003,P018,9,3309.3
SALE-20260613-S003-P019,2026-06-13,S003,P019,7,5657.89
SALE-20260613-S003-P020,2026-06-13,S003,P020,5,3220.55
SALE-20260613-S003-P021,2026-06-13,S003,P021,7,1382.29
SALE-20260613-S003-P022,2026-06-13,S003,P022,3,2185.62
SALE-20260613-S003-P023,2026-06-13,S003,P023,8,6397.6
SALE-20260613-S003-P024,2026-06-13,S003,P024,3,448.2
SALE-20260613-S003-P025,2026-06-13,S003,P025,2,1380.94
SALE-20260613-S003-P026,2026-06-13,S003,P026,12,9838.56
SALE-20260613-S003-P027,2026-06-13,S003,P027,12,7072.56
SALE-20260613-S003-P028,2026-06-13,S003,P028,6,334.02
SALE-20260613-S003-P029,2026-06-13,S003,P029,8,1881.04
SALE-20260613-S003-P030,2026-06-13,S003,P030,3,691.98
SALE-20260613-S003-P031,2026-06-13,S003,P031,8,2331.36
SALE-20260613-S003-P032,2026-06-13,S003,P032,4,2506.4
SALE-20260613-S003-P033,2026-06-13,S003,P033,18,12148.38
SALE-20260613-S003-P034,2026-06-13,S003,P034,7,1185.73
SALE-20260613-S003-P035,2026-06-13,S003,P035,13,1593.54
SALE-20260613-S003-P036,2026-06-13,S003,P036,1,187.39
SALE-20260613-S003-P037,2026-06-13,S003,P037,18,3372.3
SALE-20260613-S003-P038,2026-06-13,S003,P038,5,1934.15
SALE-20260613-S003-P039,2026-06-13,S003,P039,3,1902.3
SALE-20260613-S003-P040,2026-06-13,S003,P040,12,1932.6
SALE-20260613-S003-P041,2026-06-13,S003,P041,4,3937.56
SALE-20260613-S003-P042,2026-06-13,S003,P042,17,18164.33
SALE-20260613-S003-P043,2026-06-13,S003,P043,3,2203.68
SALE-20260613-S003-P044,2026-06-13,S003,P044,3,404.85
SALE-20260613-S003-P045,2026-06-13,S003,P045,12,5347.8
SALE-20260613-S003-P046,2026-06-13,S003,P046,7,3891.51
SALE-20260613-S003-P047,2026-06-13,S003,P047,8,7543.92
SALE-20260613-S003-P048,2026-06-13,S003,P048,4,1895.12
SALE-20260613-S003-P049,2026-06-13,S003,P049,19,12058.54
SALE-20260614-S001-P001,2026-06-14,S001,P001,7,5522.02
SALE-20260614-S001-P002,2026-06-14,S001,P002,8,5193.2
SALE-20260614-S001-P003,2026-06-14,S001,P003,4,4283.48
SALE-20260614-S001-P004,2026-06-14,S001,P004,6,912.9
SALE-20260614-S001-P005,2026-06-14,S001,P005,8,3527.2
SALE-20260614-S001-P006,2026-06-14,S001,P006,6,5027.94
SALE-20260614-S001-P007,2026-06-14,S001,P007,16,4112.32
SALE-20260614-S001-P008,2026-06-14,S001,P008,12,10609.8
SALE-20260614-S001-P009,2026-06-14,S001,P009,11,8318.09
SALE-20260614-S001-P010,2026-06-14,S001,P010,10,9867.0
SALE-20260614-S001-P011,2026-06-14,S001,P011,2,437.8
SALE-20260614-S001-P012,2026-06-14,S001,P012,14,2643.62
SALE-20260614-S001-P013,2026-06-14,S001,P013,9,7783.92
SALE-20260614-S001-P014,2026-06-14,S001,P014,10,3939.1
SALE-20260614-S001-P015,2026-06-14,S001,P015,4,780.48
SALE-20260614-S001-P016,2026-06-14,S001,P016,8,2113.36
SALE-20260614-S001-P017,2026-06-14,S001,P017,6,3020.94
SALE-20260614-S001-P018,2026-06-14,S001,P018,14,5147.8
SALE-20260614-S001-P019,2026-06-14,S001,P019,8,6466.16
SALE-20260614-S001-P020,2026-06-14,S001,P020,16,10305.76
SALE-20260614-S001-P021,2026-06-14,S001,P021,5,987.35
SALE-20260614-S001-P022,2026-06-14,S001,P022,7,5099.78
SALE-20260614-S001-P023,2026-06-14,S001,P023,14,11195.8
SALE-20260614-S001-P024,2026-06-14,S001,P024,9,1344.6
SALE-20260614-S001-P025,2026-06-14,S001,P025,1,690.47
SALE-20260614-S001-P026,2026-06-14,S001,P026,19,15577.72
SALE-20260614-S001-P027,2026-06-14,S001,P027,16,9430.08
SALE-20260614-S001-P028,2026-06-14,S001,P028,1,55.67
SALE-20260614-S001-P029,2026-06-14,S001,P029,9,2116.17
SALE-20260614-S001-P030,2026-06-14,S001,P030,1,230.66
SALE-20260614-S001-P031,2026-06-14,S001,P031,12,3497.04
SALE-20260614-S001-P032,2026-06-14,S001,P032,6,3759.6
SALE-20260614-S001-P033,2026-06-14,S001,P033,17,11473.47
SALE-20260614-S001-P034,2026-06-14,S001,P034,13,2202.07
SALE-20260614-S001-P035,2026-06-14,S001,P035,11,1348.38
SALE-20260614-S001-P036,2026-06-14,S001,P036,3,562.17
SALE-20260614-S001-P037,2026-06-14,S001,P037,11,2060.85
SALE-20260614-S001-P038,2026-06-14,S001,P038,8,3094.64
SALE-20260614-S001-P039,2026-06-14,S001,P039,0,0.0
SALE-20260614-S001-P040,2026-06-14,S001,P040,15,2415.75
SALE-20260614-S001-P041,2026-06-14,S001,P041,6,5906.34
SALE-20260614-S001-P042,2026-06-14,S001,P042,10,10684.9
SALE-20260614-S001-P043,2026-06-14,S001,P043,10,7345.6
SALE-20260614-S001-P044,2026-06-14,S001,P044,4,539.8
SALE-20260614-S001-P045,2026-06-14,S001,P045,20,8913.0
SALE-20260614-S001-P046,2026-06-14,S001,P046,10,5559.3
SALE-20260614-S001-P047,2026-06-14,S001,P047,9,8486.91
SALE-20260614-S001-P048,2026-06-14,S001,P048,5,2368.9
SALE-20260614-S001-P049,2026-06-14,S001,P049,19,12058.54
SALE-20260614-S001-P050,2026-06-14,S001,P050,3,1171.14
SALE-20260614-S002-P001,2026-06-14,S002,P001,7,5522.02
SALE-20260614-S002-P002,2026-06-14,S002,P002,12,7789.8
SALE-20260614-S002-P003,2026-06-14,S002,P003,3,3212.61
SALE-20260614-S002-P004,2026-06-14,S002,P004,1,152.15
SALE-20260614-S002-P005,2026-06-14,S002,P005,14,6172.6
SALE-20260614-S002-P006,2026-06-14,S002,P006,6,5027.94
SALE-20260614-S002-P007,2026-06-14,S002,P007,0,0.0
SALE-20260614-S002-P008,2026-06-14,S002,P008,19,16798.85
SALE-20260614-S002-P009,2026-06-14,S002,P009,16,12099.04
SALE-20260614-S002-P010,2026-06-14,S002,P010,9,8880.3
SALE-20260614-S002-P011,2026-06-14,S002,P011,7,1532.3
SALE-20260614-S002-P012,2026-06-14,S002,P012,22,4154.26
SALE-20260614-S002-P013,2026-06-14,S002,P013,13,11243.44
SALE-20260614-S002-P014,2026-06-14,S002,P014,14,5514.74
SALE-20260614-S002-P015,2026-06-14,S002,P015,4,780.48
SALE-20260614-S002-P016,2026-06-14,S002,P016,9,2377.53
SALE-20260614-S002-P017,2026-06-14,S002,P017,11,5538.39
SALE-20260614-S002-P018,2026-06-14,S002,P018,17,6250.9
SALE-20260614-S002-P019,2026-06-14,S002,P019,11,8890.97
SALE-20260614-S002-P020,2026-06-14,S002,P020,9,5796.99
SALE-20260614-S002-P021,2026-06-14,S002,P021,9,1777.23
SALE-20260614-S002-P022,2026-06-14,S002,P022,5,3642.7
SALE-20260614-S002-P023,2026-06-14,S002,P023,8,6397.6
SALE-20260614-S002-P024,2026-06-14,S002,P024,6,896.4
SALE-20260614-S002-P025,2026-06-14,S002,P025,4,2761.88
SALE-20260614-S002-P026,2026-06-14,S002,P026,29,23776.52
SALE-20260614-S002-P027,2026-06-14,S002,P027,18,10608.84
SALE-20260614-S002-P028,2026-06-14,S002,P028,2,111.34
SALE-20260614-S002-P029,2026-06-14,S002,P029,15,3526.95
SALE-20260614-S002-P030,2026-06-14,S002,P030,8,1845.28
SALE-20260614-S002-P031,2026-06-14,S002,P031,16,4662.72
SALE-20260614-S002-P032,2026-06-14,S002,P032,7,4386.2
SALE-20260614-S002-P033,2026-06-14,S002,P033,18,12148.38
SALE-20260614-S002-P034,2026-06-14,S002,P034,17,2879.63
SALE-20260614-S002-P035,2026-06-14,S002,P035,12,1470.96
SALE-20260614-S002-P036,2026-06-14,S002,P036,4,749.56
SALE-20260614-S002-P037,2026-06-14,S002,P037,19,3559.65
SALE-20260614-S002-P038,2026-06-14,S002,P038,4,1547.32
SALE-20260614-S002-P039,2026-06-14,S002,P039,3,1902.3
SALE-20260614-S002-P040,2026-06-14,S002,P040,17,2737.85
SALE-20260614-S002-P041,2026-06-14,S002,P041,11,10828.29
SALE-20260614-S002-P042,2026-06-14,S002,P042,20,21369.8
SALE-20260614-S002-P043,2026-06-14,S002,P043,13,9549.28
SALE-20260614-S002-P044,2026-06-14,S002,P044,11,1484.45
SALE-20260614-S002-P045,2026-06-14,S002,P045,14,6239.1
SALE-20260614-S002-P046,2026-06-14,S002,P046,10,5559.3
SALE-20260614-S002-P047,2026-06-14,S002,P047,20,18859.8
SALE-20260614-S002-P048,2026-06-14,S002,P048,11,5211.58
SALE-20260614-S002-P049,2026-06-14,S002,P049,20,12693.2
SALE-20260614-S002-P050,2026-06-14,S002,P050,8,3123.04
SALE-20260614-S003-P001,2026-06-14,S003,P001,12,9466.32
SALE-20260614-S003-P002,2026-06-14,S003,P002,4,2596.6
SALE-20260614-S003-P003,2026-06-14,S003,P003,2,2141.74
SALE-20260614-S003-P004,2026-06-14,S003,P004,2,304.3
SALE-20260614-S003-P005,2026-06-14,S003,P005,7,3086.3
SALE-20260614-S003-P006,2026-06-14,S003,P006,3,2513.97
SALE-20260614-S003-P007,2026-06-14,S003,P007,17,4369.34
SALE-20260614-S003-P008,2026-06-14,S003,P008,11,9725.65
SALE-20260614-S003-P009,2026-06-14,S003,P009,8,6049.52
SALE-20260614-S003-P010,2026-06-14,S003,P010,11,10853.7
SALE-20260614-S003-P011,2026-06-14,S003,P011,1,218.9
SALE-20260614-S003-P012,2026-06-14,S003,P012,11,2077.13
SALE-20260614-S003-P013,2026-06-14,S003,P013,16,13838.08
SALE-20260614-S003-P014,2026-06-14,S003,P014,11,4333.01
SALE-20260614-S003-P015,2026-06-14,S003,P015,1,195.12
SALE-20260614-S003-P016,2026-06-14,S003,P016,5,1320.85
SALE-20260614-S003-P017,2026-06-14,S003,P017,1,503.49
SALE-20260614-S003-P018,2026-06-14,S003,P018,14,5147.8
SALE-20260614-S003-P019,2026-06-14,S003,P019,16,12932.32
SALE-20260614-S003-P020,2026-06-14,S003,P020,8,5152.88
SALE-20260614-S003-P021,2026-06-14,S003,P021,5,987.35
SALE-20260614-S003-P022,2026-06-14,S003,P022,3,2185.62
SALE-20260614-S003-P023,2026-06-14,S003,P023,11,8796.7
SALE-20260614-S003-P024,2026-06-14,S003,P024,9,1344.6
SALE-20260614-S003-P025,2026-06-14,S003,P025,2,1380.94
SALE-20260614-S003-P026,2026-06-14,S003,P026,7,5739.16
SALE-20260614-S003-P027,2026-06-14,S003,P027,7,4125.66
SALE-20260614-S003-P028,2026-06-14,S003,P028,3,167.01
SALE-20260614-S003-P029,2026-06-14,S003,P029,8,1881.04
SALE-20260614-S003-P030,2026-06-14,S003,P030,1,230.66
SALE-20260614-S003-P031,2026-06-14,S003,P031,12,3497.04
SALE-20260614-S003-P032,2026-06-14,S003,P032,7,4386.2
SALE-20260614-S003-P033,2026-06-14,S003,P033,13,8773.83
SALE-20260614-S003-P034,2026-06-14,S003,P034,9,1524.51
SALE-20260614-S003-P035,2026-06-14,S003,P035,8,980.64
SALE-20260614-S003-P036,2026-06-14,S003,P036,3,562.17
SALE-20260614-S003-P037,2026-06-14,S003,P037,9,1686.15
SALE-20260614-S003-P038,2026-06-14,S003,P038,4,1547.32
SALE-20260614-S003-P039,2026-06-14,S003,P039,4,2536.4
SALE-20260614-S003-P040,2026-06-14,S003,P040,10,1610.5
SALE-20260614-S003-P041,2026-06-14,S003,P041,7,6890.73
SALE-20260614-S003-P042,2026-06-14,S003,P042,15,16027.35
SALE-20260614-S003-P043,2026-06-14,S003,P043,10,7345.6
SALE-20260614-S003-P044,2026-06-14,S003,P044,3,404.85
SALE-20260614-S003-P045,2026-06-14,S003,P045,18,8021.7
SALE-20260614-S003-P046,2026-06-14,S003,P046,5,2779.65
SALE-20260614-S003-P047,2026-06-14,S003,P047,12,11315.88
SALE-20260614-S003-P048,2026-06-14,S003,P048,5,2368.9
SALE-20260614-S003-P049,2026-06-14,S003,P049,15,9519.9
SALE-20260615-S001-P001,2026-06-15,S001,P001,10,7888.6
SALE-20260615-S001-P002,2026-06-15,S001,P002,9,5842.35
SALE-20260615-S001-P003,2026-06-15,S001,P003,2,2141.74
SALE-20260615-S001-P004,2026-06-15,S001,P004,2,304.3
SALE-20260615-S001-P005,2026-06-15,S001,P005,12,5290.8
SALE-20260615-S001-P006,2026-06-15,S001,P006,4,3351.96
SALE-20260615-S001-P007,2026-06-15,S001,P007,16,4112.32
SALE-20260615-S001-P008,2026-06-15,S001,P008,11,9725.65
SALE-20260615-S001-P009,2026-06-15,S001,P009,6,4537.14
SALE-20260615-S001-P010,2026-06-15,S001,P010,13,12827.1
SALE-20260615-S001-P011,2026-06-15,S001,P011,2,437.8
SALE-20260615-S001-P012,2026-06-15,S001,P012,10,1888.3
SALE-20260615-S001-P013,2026-06-15,S001,P013,7,6054.16
SALE-20260615-S001-P014,2026-06-15,S001,P014,15,5908.65
SALE-20260615-S001-P015,2026-06-15,S001,P015,1,195.12
SALE-20260615-S001-P016,2026-06-15,S001,P016,4,1056.68
SALE-20260615-S001-P017,2026-06-15,S001,P017,8,4027.92
SALE-20260615-S001-P018,2026-06-15,S001,P018,13,4780.1
SALE-20260615-S001-P019,2026-06-15,S001,P019,9,7274.43
SALE-20260615-S001-P020,2026-06-15,S001,P020,8,5152.88
SALE-20260615-S001-P021,2026-06-15,S001,P021,3,592.41
SALE-20260615-S001-P022,2026-06-15,S001,P022,2,1457.08
SALE-20260615-S001-P023,2026-06-15,S001,P023,10,7997.0
SALE-20260615-S001-P024,2026-06-15,S001,P024,10,1494.0
SALE-20260615-S001-P025,2026-06-15,S001,P025,0,0.0
SALE-20260615-S001-P026,2026-06-15,S001,P026,13,10658.44
SALE-20260615-S001-P027,2026-06-15,S001,P027,17,10019.46
SALE-20260615-S001-P028,2026-06-15,S001,P028,5,278.35
SALE-20260615-S001-P029,2026-06-15,S001,P029,9,2116.17
SALE-20260615-S001-P030,2026-06-15,S001,P030,8,1845.28
SALE-20260615-S001-P031,2026-06-15,S001,P031,10,2914.2
SALE-20260615-S001-P032,2026-06-15,S001,P032,4,2506.4
SALE-20260615-S001-P033,2026-06-15,S001,P033,24,16197.84
SALE-20260615-S001-P034,2026-06-15,S001,P034,22,3726.58
SALE-20260615-S001-P035,2026-06-15,S001,P035,18,2206.44
SALE-20260615-S001-P036,2026-06-15,S001,P036,7,1311.73
SALE-20260615-S001-P037,2026-06-15,S001,P037,13,2435.55
SALE-20260615-S001-P038,2026-06-15,S001,P038,4,1547.32
SALE-20260615-S001-P039,2026-06-15,S001,P039,2,1268.2
SALE-20260615-S001-P040,2026-06-15,S001,P040,2,322.1
SALE-20260615-S001-P041,2026-06-15,S001,P041,4,3937.56
SALE-20260615-S001-P042,2026-06-15,S001,P042,19,20301.31
SALE-20260615-S001-P043,2026-06-15,S001,P043,9,6611.04
SALE-20260615-S001-P044,2026-06-15,S001,P044,5,674.75
SALE-20260615-S001-P045,2026-06-15,S001,P045,17,7576.05
SALE-20260615-S001-P046,2026-06-15,S001,P046,7,3891.51
SALE-20260615-S001-P047,2026-06-15,S001,P047,15,14144.85
SALE-20260615-S001-P048,2026-06-15,S001,P048,2,947.56
SALE-20260615-S001-P049,2026-06-15,S001,P049,12,7615.92
SALE-20260615-S001-P050,2026-06-15,S001,P050,7,2732.66
SALE-20260615-S002-P001,2026-06-15,S002,P001,10,7888.6
SALE-20260615-S002-P002,2026-06-15,S002,P002,10,6491.5
SALE-20260615-S002-P003,2026-06-15,S002,P003,9,9637.83
SALE-20260615-S002-P004,2026-06-15,S002,P004,0,0.0
SALE-20260615-S002-P005,2026-06-15,S002,P005,8,3527.2
SALE-20260615-S002-P006,2026-06-15,S002,P006,2,1675.98
SALE-20260615-S002-P007,2026-06-15,S002,P007,0,0.0
SALE-20260615-S002-P008,2026-06-15,S002,P008,17,15030.55
SALE-20260615-S002-P009,2026-06-15,S002,P009,4,3024.76
SALE-20260615-S002-P010,2026-06-15,S002,P010,15,14800.5
SALE-20260615-S002-P011,2026-06-15,S002,P011,3,656.7
SALE-20260615-S002-P012,2026-06-15,S002,P012,18,3398.94
SALE-20260615-S002-P013,2026-06-15,S002,P013,14,12108.32
SALE-20260615-S002-P014,2026-06-15,S002,P014,11,4333.01
SALE-20260615-S002-P015,2026-06-15,S002,P015,4,780.48
SALE-20260615-S002-P016,2026-06-15,S002,P016,9,2377.53
SALE-20260615-S002-P017,2026-06-15,S002,P017,9,4531.41
SALE-20260615-S002-P018,2026-06-15,S002,P018,13,4780.1
SALE-20260615-S002-P019,2026-06-15,S002,P019,16,12932.32
SALE-20260615-S002-P020,2026-06-15,S002,P020,16,10305.76
SALE-20260615-S002-P021,2026-06-15,S002,P021,8,1579.76
SALE-20260615-S002-P022,2026-06-15,S002,P022,11,8013.94
SALE-20260615-S002-P023,2026-06-15,S002,P023,7,5597.9
SALE-20260615-S002-P024,2026-06-15,S002,P024,15,2241.0
SALE-20260615-S002-P025,2026-06-15,S002,P025,4,2761.88
SALE-20260615-S002-P026,2026-06-15,S002,P026,12,9838.56
SALE-20260615-S002-P027,2026-06-15,S002,P027,18,10608.84
SALE-20260615-S002-P028,2026-06-15,S002,P028,5,278.35
SALE-20260615-S002-P029,2026-06-15,S002,P029,6,1410.78
SALE-20260615-S002-P030,2026-06-15,S002,P030,6,1383.96
SALE-20260615-S002-P031,2026-06-15,S002,P031,12,3497.04
SALE-20260615-S002-P032,2026-06-15,S002,P032,7,4386.2
SALE-20260615-S002-P033,2026-06-15,S002,P033,14,9448.74
SALE-20260615-S002-P034,2026-06-15,S002,P034,15,2540.85
SALE-20260615-S002-P035,2026-06-15,S002,P035,18,2206.44
SALE-20260615-S002-P036,2026-06-15,S002,P036,2,374.78
SALE-20260615-S002-P037,2026-06-15,S002,P037,14,2622.9
SALE-20260615-S002-P038,2026-06-15,S002,P038,2,773.66
SALE-20260615-S002-P039,2026-06-15,S002,P039,3,1902.3
SALE-20260615-S002-P040,2026-06-15,S002,P040,21,3382.05
SALE-20260615-S002-P041,2026-06-15,S002,P041,9,8859.51
SALE-20260615-S002-P042,2026-06-15,S002,P042,23,24575.27
SALE-20260615-S002-P043,2026-06-15,S002,P043,11,8080.16
SALE-20260615-S002-P044,2026-06-15,S002,P044,4,539.8
SALE-20260615-S002-P045,2026-06-15,S002,P045,27,12032.55
SALE-20260615-S002-P046,2026-06-15,S002,P046,6,3335.58
SALE-20260615-S002-P047,2026-06-15,S002,P047,7,6600.93
SALE-20260615-S002-P048,2026-06-15,S002,P048,6,2842.68
SALE-20260615-S002-P049,2026-06-15,S002,P049,22,13962.52
SALE-20260615-S002-P050,2026-06-15,S002,P050,10,3903.8
SALE-20260615-S003-P001,2026-06-15,S003,P001,9,7099.74
SALE-20260615-S003-P002,2026-06-15,S003,P002,2,1298.3
SALE-20260615-S003-P003,2026-06-15,S003,P003,2,2141.74
SALE-20260615-S003-P004,2026-06-15,S003,P004,4,608.6
SALE-20260615-S003-P005,2026-06-15,S003,P005,11,4849.9
SALE-20260615-S003-P006,2026-06-15,S003,P006,9,7541.91
SALE-20260615-S003-P007,2026-06-15,S003,P007,7,1799.14
SALE-20260615-S003-P008,2026-06-15,S003,P008,6,5304.9
SALE-20260615-S003-P009,2026-06-15,S003,P009,7,5293.33
SALE-20260615-S003-P010,2026-06-15,S003,P010,6,5920.2
SALE-20260615-S003-P011,2026-06-15,S003,P011,1,218.9
SALE-20260615-S003-P012,2026-06-15,S003,P012,12,2265.96
SALE-20260615-S003-P013,2026-06-15,S003,P013,6,5189.28
SALE-20260615-S003-P014,2026-06-15,S003,P014,5,1969.55
SALE-20260615-S003-P015,2026-06-15,S003,P015,4,780.48
SALE-20260615-S003-P016,2026-06-15,S003,P016,11,2905.87
SALE-20260615-S003-P017,2026-06-15,S003,P017,10,5034.9
SALE-20260615-S003-P018,2026-06-15,S003,P018,22,8089.4
SALE-20260615-S003-P019,2026-06-15,S003,P019,7,5657.89
SALE-20260615-S003-P020,2026-06-15,S003,P020,8,5152.88
SALE-20260615-S003-P021,2026-06-15,S003,P021,4,789.88
SALE-20260615-S003-P022,2026-06-15,S003,P022,6,4371.24
SALE-20260615-S003-P023,2026-06-15,S003,P023,11,8796.7
SALE-20260615-S003-P024,2026-06-15,S003,P024,7,1045.8
SALE-20260615-S003-P025,2026-06-15,S003,P025,0,0.0
SALE-20260615-S003-P026,2026-06-15,S003,P026,8,6559.04
SALE-20260615-S003-P027,2026-06-15,S003,P027,15,8840.7
SALE-20260615-S003-P028,2026-06-15,S003,P028,7,389.69
SALE-20260615-S003-P029,2026-06-15,S003,P029,11,2586.43
SALE-20260615-S003-P030,2026-06-15,S003,P030,5,1153.3
SALE-20260615-S003-P031,2026-06-15,S003,P031,13,3788.46
SALE-20260615-S003-P032,2026-06-15,S003,P032,6,3759.6
SALE-20260615-S003-P033,2026-06-15,S003,P033,12,8098.92
SALE-20260615-S003-P034,2026-06-15,S003,P034,15,2540.85
SALE-20260615-S003-P035,2026-06-15,S003,P035,6,735.48
SALE-20260615-S003-P036,2026-06-15,S003,P036,3,562.17
SALE-20260615-S003-P037,2026-06-15,S003,P037,9,1686.15
SALE-20260615-S003-P038,2026-06-15,S003,P038,5,1934.15
SALE-20260615-S003-P039,2026-06-15,S003,P039,2,1268.2
SALE-20260615-S003-P040,2026-06-15,S003,P040,6,966.3
SALE-20260615-S003-P041,2026-06-15,S003,P041,6,5906.34
SALE-20260615-S003-P042,2026-06-15,S003,P042,8,8547.92
SALE-20260615-S003-P043,2026-06-15,S003,P043,12,8814.72
SALE-20260615-S003-P044,2026-06-15,S003,P044,2,269.9
SALE-20260615-S003-P045,2026-06-15,S003,P045,12,5347.8
SALE-20260615-S003-P046,2026-06-15,S003,P046,5,2779.65
SALE-20260615-S003-P047,2026-06-15,S003,P047,4,3771.96
SALE-20260615-S003-P048,2026-06-15,S003,P048,5,2368.9
SALE-20260615-S003-P049,2026-06-15,S003,P049,11,6981.26
SALE-20260616-S001-P001,2026-06-16,S001,P001,6,4733.16
SALE-20260616-S001-P002,2026-06-16,S001,P002,2,1298.3
SALE-20260616-S001-P003,2026-06-16,S001,P003,8,8566.96
SALE-20260616-S001-P004,2026-06-16,S001,P004,4,608.6
SALE-20260616-S001-P005,2026-06-16,S001,P005,8,3527.2
SALE-20260616-S001-P006,2026-06-16,S001,P006,3,2513.97
SALE-20260616-S001-P007,2026-06-16,S001,P007,17,4369.34
SALE-20260616-S001-P008,2026-06-16,S001,P008,11,9725.65
SALE-20260616-S001-P009,2026-06-16,S001,P009,6,4537.14
SALE-20260616-S001-P010,2026-06-16,S001,P010,9,8880.3
SALE-20260616-S001-P011,2026-06-16,S001,P011,1,218.9
SALE-20260616-S001-P012,2026-06-16,S001,P012,21,3965.43
SALE-20260616-S001-P013,2026-06-16,S001,P013,7,6054.16
SALE-20260616-S001-P014,2026-06-16,S001,P014,6,2363.46
SALE-20260616-S001-P015,2026-06-16,S001,P015,2,390.24
SALE-20260616-S001-P016,2026-06-16,S001,P016,7,1849.19
SALE-20260616-S001-P017,2026-06-16,S001,P017,6,3020.94
SALE-20260616-S001-P018,2026-06-16,S001,P018,15,5515.5
SALE-20260616-S001-P019,2026-06-16,S001,P019,6,4849.62
SALE-20260616-S001-P020,2026-06-16,S001,P020,8,5152.88
SALE-20260616-S001-P021,2026-06-16,S001,P021,2,394.94
SALE-20260616-S001-P022,2026-06-16,S001,P022,6,4371.24
SALE-20260616-S001-P023,2026-06-16,S001,P023,6,4798.2
SALE-20260616-S001-P024,2026-06-16,S001,P024,6,896.4
SALE-20260616-S001-P025,2026-06-16,S001,P025,2,1380.94
SALE-20260616-S001-P026,2026-06-16,S001,P026,10,8198.8
SALE-20260616-S001-P027,2026-06-16,S001,P027,14,8251.32
SALE-20260616-S001-P028,2026-06-16,S001,P028,5,278.35
SALE-20260616-S001-P029,2026-06-16,S001,P029,11,2586.43
SALE-20260616-S001-P030,2026-06-16,S001,P030,2,461.32
SALE-20260616-S001-P031,2026-06-16,S001,P031,14,4079.88
SALE-20260616-S001-P032,2026-06-16,S001,P032,12,7519.2
SALE-20260616-S001-P033,2026-06-16,S001,P033,9,6074.19
SALE-20260616-S001-P034,2026-06-16,S001,P034,11,1863.29
SALE-20260616-S001-P035,2026-06-16,S001,P035,13,1593.54
SALE-20260616-S001-P036,2026-06-16,S001,P036,3,562.17
SALE-20260616-S001-P037,2026-06-16,S001,P037,17,3184.95
SALE-20260616-S001-P038,2026-06-16,S001,P038,4,1547.32
SALE-20260616-S001-P039,2026-06-16,S001,P039,2,1268.2
SALE-20260616-S001-P040,2026-06-16,S001,P040,10,1610.5
SALE-20260616-S001-P041,2026-06-16,S001,P041,6,5906.34
SALE-20260616-S001-P042,2026-06-16,S001,P042,9,9616.41
SALE-20260616-S001-P043,2026-06-16,S001,P043,10,7345.6
SALE-20260616-S001-P044,2026-06-16,S001,P044,7,944.65
SALE-20260616-S001-P045,2026-06-16,S001,P045,14,6239.1
SALE-20260616-S001-P046,2026-06-16,S001,P046,5,2779.65
SALE-20260616-S001-P047,2026-06-16,S001,P047,7,6600.93
SALE-20260616-S001-P048,2026-06-16,S001,P048,4,1895.12
SALE-20260616-S001-P049,2026-06-16,S001,P049,18,11423.88
SALE-20260616-S001-P050,2026-06-16,S001,P050,0,0.0
SALE-20260616-S002-P001,2026-06-16,S002,P001,7,5522.02
SALE-20260616-S002-P002,2026-06-16,S002,P002,11,7140.65
SALE-20260616-S002-P003,2026-06-16,S002,P003,6,6425.22
SALE-20260616-S002-P004,2026-06-16,S002,P004,0,0.0
SALE-20260616-S002-P005,2026-06-16,S002,P005,9,3968.1
SALE-20260616-S002-P006,2026-06-16,S002,P006,4,3351.96
SALE-20260616-S002-P007,2026-06-16,S002,P007,0,0.0
SALE-20260616-S002-P008,2026-06-16,S002,P008,8,7073.2
SALE-20260616-S002-P009,2026-06-16,S002,P009,9,6805.71
SALE-20260616-S002-P010,2026-06-16,S002,P010,9,8880.3
SALE-20260616-S002-P011,2026-06-16,S002,P011,3,656.7
SALE-20260616-S002-P012,2026-06-16,S002,P012,12,2265.96
SALE-20260616-S002-P013,2026-06-16,S002,P013,11,9513.68
SALE-20260616-S002-P014,2026-06-16,S002,P014,14,5514.74
SALE-20260616-S002-P015,2026-06-16,S002,P015,1,195.12
SALE-20260616-S002-P016,2026-06-16,S002,P016,6,1585.02
SALE-20260616-S002-P017,2026-06-16,S002,P017,10,5034.9
SALE-20260616-S002-P018,2026-06-16,S002,P018,16,5883.2
SALE-20260616-S002-P019,2026-06-16,S002,P019,11,8890.97
SALE-20260616-S002-P020,2026-06-16,S002,P020,10,6441.1
SALE-20260616-S002-P021,2026-06-16,S002,P021,5,987.35
SALE-20260616-S002-P022,2026-06-16,S002,P022,7,5099.78
SALE-20260616-S002-P023,2026-06-16,S002,P023,12,9596.4
SALE-20260616-S002-P024,2026-06-16,S002,P024,3,448.2
SALE-20260616-S002-P025,2026-06-16,S002,P025,2,1380.94
SALE-20260616-S002-P026,2026-06-16,S002,P026,10,8198.8
SALE-20260616-S002-P027,2026-06-16,S002,P027,16,9430.08
SALE-20260616-S002-P028,2026-06-16,S002,P028,2,111.34
SALE-20260616-S002-P029,2026-06-16,S002,P029,14,3291.82
SALE-20260616-S002-P030,2026-06-16,S002,P030,4,922.64
SALE-20260616-S002-P031,2026-06-16,S002,P031,9,2622.78
SALE-20260616-S002-P032,2026-06-16,S002,P032,2,1253.2
SALE-20260616-S002-P033,2026-06-16,S002,P033,10,6749.1
SALE-20260616-S002-P034,2026-06-16,S002,P034,7,1185.73
SALE-20260616-S002-P035,2026-06-16,S002,P035,13,1593.54
SALE-20260616-S002-P036,2026-06-16,S002,P036,6,1124.34
SALE-20260616-S002-P037,2026-06-16,S002,P037,11,2060.85
SALE-20260616-S002-P038,2026-06-16,S002,P038,8,3094.64
SALE-20260616-S002-P039,2026-06-16,S002,P039,4,2536.4
SALE-20260616-S002-P040,2026-06-16,S002,P040,8,1288.4
SALE-20260616-S002-P041,2026-06-16,S002,P041,6,5906.34
SALE-20260616-S002-P042,2026-06-16,S002,P042,19,20301.31
SALE-20260616-S002-P043,2026-06-16,S002,P043,21,15425.76
SALE-20260616-S002-P044,2026-06-16,S002,P044,6,809.7
SALE-20260616-S002-P045,2026-06-16,S002,P045,34,15152.1
SALE-20260616-S002-P046,2026-06-16,S002,P046,7,3891.51
SALE-20260616-S002-P047,2026-06-16,S002,P047,13,12258.87
SALE-20260616-S002-P048,2026-06-16,S002,P048,3,1421.34
SALE-20260616-S002-P049,2026-06-16,S002,P049,18,11423.88
SALE-20260616-S002-P050,2026-06-16,S002,P050,2,780.76
SALE-20260616-S003-P001,2026-06-16,S003,P001,6,4733.16
SALE-20260616-S003-P002,2026-06-16,S003,P002,1,649.15
SALE-20260616-S003-P003,2026-06-16,S003,P003,0,0.0
SALE-20260616-S003-P004,2026-06-16,S003,P004,1,152.15
SALE-20260616-S003-P005,2026-06-16,S003,P005,7,3086.3
SALE-20260616-S003-P006,2026-06-16,S003,P006,1,837.99
SALE-20260616-S003-P007,2026-06-16,S003,P007,9,2313.18
SALE-20260616-S003-P008,2026-06-16,S003,P008,5,4420.75
SALE-20260616-S003-P009,2026-06-16,S003,P009,8,6049.52
SALE-20260616-S003-P010,2026-06-16,S003,P010,11,10853.7
SALE-20260616-S003-P011,2026-06-16,S003,P011,2,437.8
SALE-20260616-S003-P012,2026-06-16,S003,P012,11,2077.13
SALE-20260616-S003-P013,2026-06-16,S003,P013,5,4324.4
SALE-20260616-S003-P014,2026-06-16,S003,P014,7,2757.37
SALE-20260616-S003-P015,2026-06-16,S003,P015,3,585.36
SALE-20260616-S003-P016,2026-06-16,S003,P016,8,2113.36
SALE-20260616-S003-P017,2026-06-16,S003,P017,5,2517.45
SALE-20260616-S003-P018,2026-06-16,S003,P018,18,6618.6
SALE-20260616-S003-P019,2026-06-16,S003,P019,7,5657.89
SALE-20260616-S003-P020,2026-06-16,S003,P020,7,4508.77
SALE-20260616-S003-P021,2026-06-16,S003,P021,4,789.88
SALE-20260616-S003-P022,2026-06-16,S003,P022,6,4371.24
SALE-20260616-S003-P023,2026-06-16,S003,P023,10,7997.0
SALE-20260616-S003-P024,2026-06-16,S003,P024,5,747.0
SALE-20260616-S003-P025,2026-06-16,S003,P025,3,2071.41
SALE-20260616-S003-P026,2026-06-16,S003,P026,15,12298.2
SALE-20260616-S003-P027,2026-06-16,S003,P027,8,4715.04
SALE-20260616-S003-P028,2026-06-16,S003,P028,5,278.35
SALE-20260616-S003-P029,2026-06-16,S003,P029,5,1175.65
SALE-20260616-S003-P030,2026-06-16,S003,P030,0,0.0
SALE-20260616-S003-P031,2026-06-16,S003,P031,8,2331.36
SALE-20260616-S003-P032,2026-06-16,S003,P032,5,3133.0
SALE-20260616-S003-P033,2026-06-16,S003,P033,13,8773.83
SALE-20260616-S003-P034,2026-06-16,S003,P034,11,1863.29
SALE-20260616-S003-P035,2026-06-16,S003,P035,7,858.06
SALE-20260616-S003-P036,2026-06-16,S003,P036,5,936.95
SALE-20260616-S003-P037,2026-06-16,S003,P037,12,2248.2
SALE-20260616-S003-P038,2026-06-16,S003,P038,2,773.66
SALE-20260616-S003-P039,2026-06-16,S003,P039,1,634.1
SALE-20260616-S003-P040,2026-06-16,S003,P040,7,1127.35
SALE-20260616-S003-P041,2026-06-16,S003,P041,8,7875.12
SALE-20260616-S003-P042,2026-06-16,S003,P042,7,7479.43
SALE-20260616-S003-P043,2026-06-16,S003,P043,7,5141.92
SALE-20260616-S003-P044,2026-06-16,S003,P044,9,1214.55
SALE-20260616-S003-P045,2026-06-16,S003,P045,13,5793.45
SALE-20260616-S003-P046,2026-06-16,S003,P046,4,2223.72
SALE-20260616-S003-P047,2026-06-16,S003,P047,4,3771.96
SALE-20260616-S003-P048,2026-06-16,S003,P048,4,1895.12
SALE-20260616-S003-P049,2026-06-16,S003,P049,6,3807.96
SALE-20260617-S001-P001,2026-06-17,S001,P001,4,3155.44
SALE-20260617-S001-P002,2026-06-17,S001,P002,9,5842.35
SALE-20260617-S001-P003,2026-06-17,S001,P003,3,3212.61
SALE-20260617-S001-P004,2026-06-17,S001,P004,3,456.45
SALE-20260617-S001-P005,2026-06-17,S001,P005,9,3968.1
SALE-20260617-S001-P006,2026-06-17,S001,P006,10,8379.9
SALE-20260617-S001-P007,2026-06-17,S001,P007,13,3341.26
SALE-20260617-S001-P008,2026-06-17,S001,P008,9,7957.35
SALE-20260617-S001-P009,2026-06-17,S001,P009,3,2268.57
SALE-20260617-S001-P010,2026-06-17,S001,P010,13,12827.1
SALE-20260617-S001-P011,2026-06-17,S001,P011,4,875.6
SALE-20260617-S001-P012,2026-06-17,S001,P012,14,2643.62
SALE-20260617-S001-P013,2026-06-17,S001,P013,10,8648.8
SALE-20260617-S001-P014,2026-06-17,S001,P014,12,4726.92
SALE-20260617-S001-P015,2026-06-17,S001,P015,2,390.24
SALE-20260617-S001-P016,2026-06-17,S001,P016,8,2113.36
SALE-20260617-S001-P017,2026-06-17,S001,P017,10,5034.9
SALE-20260617-S001-P018,2026-06-17,S001,P018,12,4412.4
SALE-20260617-S001-P019,2026-06-17,S001,P019,5,4041.35
SALE-20260617-S001-P020,2026-06-17,S001,P020,6,3864.66
SALE-20260617-S001-P021,2026-06-17,S001,P021,4,789.88
SALE-20260617-S001-P022,2026-06-17,S001,P022,8,5828.32
SALE-20260617-S001-P023,2026-06-17,S001,P023,9,7197.3
SALE-20260617-S001-P024,2026-06-17,S001,P024,6,896.4
SALE-20260617-S001-P025,2026-06-17,S001,P025,1,690.47
SALE-20260617-S001-P026,2026-06-17,S001,P026,7,5739.16
SALE-20260617-S001-P027,2026-06-17,S001,P027,10,5893.8
SALE-20260617-S001-P028,2026-06-17,S001,P028,3,167.01
SALE-20260617-S001-P029,2026-06-17,S001,P029,8,1881.04
SALE-20260617-S001-P030,2026-06-17,S001,P030,2,461.32
SALE-20260617-S001-P031,2026-06-17,S001,P031,8,2331.36
SALE-20260617-S001-P032,2026-06-17,S001,P032,5,3133.0
SALE-20260617-S001-P033,2026-06-17,S001,P033,5,3374.55
SALE-20260617-S001-P034,2026-06-17,S001,P034,10,1693.9
SALE-20260617-S001-P035,2026-06-17,S001,P035,9,1103.22
SALE-20260617-S001-P036,2026-06-17,S001,P036,2,374.78
SALE-20260617-S001-P037,2026-06-17,S001,P037,7,1311.45
SALE-20260617-S001-P038,2026-06-17,S001,P038,6,2320.98
SALE-20260617-S001-P039,2026-06-17,S001,P039,2,1268.2
SALE-20260617-S001-P040,2026-06-17,S001,P040,9,1449.45
SALE-20260617-S001-P041,2026-06-17,S001,P041,2,1968.78
SALE-20260617-S001-P042,2026-06-17,S001,P042,16,17095.84
SALE-20260617-S001-P043,2026-06-17,S001,P043,6,4407.36
SALE-20260617-S001-P044,2026-06-17,S001,P044,3,404.85
SALE-20260617-S001-P045,2026-06-17,S001,P045,11,4902.15
SALE-20260617-S001-P046,2026-06-17,S001,P046,7,3891.51
SALE-20260617-S001-P047,2026-06-17,S001,P047,7,6600.93
SALE-20260617-S001-P048,2026-06-17,S001,P048,7,3316.46
SALE-20260617-S001-P049,2026-06-17,S001,P049,20,12693.2
SALE-20260617-S001-P050,2026-06-17,S001,P050,3,1171.14
SALE-20260617-S002-P001,2026-06-17,S002,P001,6,4733.16
SALE-20260617-S002-P002,2026-06-17,S002,P002,5,3245.75
SALE-20260617-S002-P003,2026-06-17,S002,P003,4,4283.48
SALE-20260617-S002-P004,2026-06-17,S002,P004,0,0.0
SALE-20260617-S002-P005,2026-06-17,S002,P005,11,4849.9
SALE-20260617-S002-P006,2026-06-17,S002,P006,3,2513.97
SALE-20260617-S002-P007,2026-06-17,S002,P007,0,0.0
SALE-20260617-S002-P008,2026-06-17,S002,P008,19,16798.85
SALE-20260617-S002-P009,2026-06-17,S002,P009,4,3024.76
SALE-20260617-S002-P010,2026-06-17,S002,P010,7,6906.9
SALE-20260617-S002-P011,2026-06-17,S002,P011,1,218.9
SALE-20260617-S002-P012,2026-06-17,S002,P012,17,3210.11
SALE-20260617-S002-P013,2026-06-17,S002,P013,14,12108.32
SALE-20260617-S002-P014,2026-06-17,S002,P014,19,7484.29
SALE-20260617-S002-P015,2026-06-17,S002,P015,2,390.24
SALE-20260617-S002-P016,2026-06-17,S002,P016,13,3434.21
SALE-20260617-S002-P017,2026-06-17,S002,P017,5,2517.45
SALE-20260617-S002-P018,2026-06-17,S002,P018,21,7721.7
SALE-20260617-S002-P019,2026-06-17,S002,P019,12,9699.24
SALE-20260617-S002-P020,2026-06-17,S002,P020,12,7729.32
SALE-20260617-S002-P021,2026-06-17,S002,P021,4,789.88
SALE-20260617-S002-P022,2026-06-17,S002,P022,8,5828.32
SALE-20260617-S002-P023,2026-06-17,S002,P023,12,9596.4
SALE-20260617-S002-P024,2026-06-17,S002,P024,6,896.4
SALE-20260617-S002-P025,2026-06-17,S002,P025,0,0.0
SALE-20260617-S002-P026,2026-06-17,S002,P026,15,12298.2
SALE-20260617-S002-P027,2026-06-17,S002,P027,21,12376.98
SALE-20260617-S002-P028,2026-06-17,S002,P028,3,167.01
SALE-20260617-S002-P029,2026-06-17,S002,P029,10,2351.3
SALE-20260617-S002-P030,2026-06-17,S002,P030,3,691.98
SALE-20260617-S002-P031,2026-06-17,S002,P031,13,3788.46
SALE-20260617-S002-P032,2026-06-17,S002,P032,1,626.6
SALE-20260617-S002-P033,2026-06-17,S002,P033,6,4049.46
SALE-20260617-S002-P034,2026-06-17,S002,P034,7,1185.73
SALE-20260617-S002-P035,2026-06-17,S002,P035,12,1470.96
SALE-20260617-S002-P036,2026-06-17,S002,P036,1,187.39
SALE-20260617-S002-P037,2026-06-17,S002,P037,12,2248.2
SALE-20260617-S002-P038,2026-06-17,S002,P038,5,1934.15
SALE-20260617-S002-P039,2026-06-17,S002,P039,1,634.1
SALE-20260617-S002-P040,2026-06-17,S002,P040,17,2737.85
SALE-20260617-S002-P041,2026-06-17,S002,P041,5,4921.95
SALE-20260617-S002-P042,2026-06-17,S002,P042,12,12821.88
SALE-20260617-S002-P043,2026-06-17,S002,P043,17,12487.52
SALE-20260617-S002-P044,2026-06-17,S002,P044,2,269.9
SALE-20260617-S002-P045,2026-06-17,S002,P045,23,10249.95
SALE-20260617-S002-P046,2026-06-17,S002,P046,7,3891.51
SALE-20260617-S002-P047,2026-06-17,S002,P047,13,12258.87
SALE-20260617-S002-P048,2026-06-17,S002,P048,4,1895.12
SALE-20260617-S002-P049,2026-06-17,S002,P049,18,11423.88
SALE-20260617-S002-P050,2026-06-17,S002,P050,4,1561.52
SALE-20260617-S003-P001,2026-06-17,S003,P001,7,5522.02
SALE-20260617-S003-P002,2026-06-17,S003,P002,2,1298.3
SALE-20260617-S003-P003,2026-06-17,S003,P003,1,1070.87
SALE-20260617-S003-P004,2026-06-17,S003,P004,1,152.15
SALE-20260617-S003-P005,2026-06-17,S003,P005,11,4849.9
SALE-20260617-S003-P006,2026-06-17,S003,P006,4,3351.96
SALE-20260617-S003-P007,2026-06-17,S003,P007,13,3341.26
SALE-20260617-S003-P008,2026-06-17,S003,P008,9,7957.35
SALE-20260617-S003-P009,2026-06-17,S003,P009,5,3780.95
SALE-20260617-S003-P010,2026-06-17,S003,P010,8,7893.6
SALE-20260617-S003-P011,2026-06-17,S003,P011,2,437.8
SALE-20260617-S003-P012,2026-06-17,S003,P012,13,2454.79
SALE-20260617-S003-P013,2026-06-17,S003,P013,5,4324.4
SALE-20260617-S003-P014,2026-06-17,S003,P014,13,5120.83
SALE-20260617-S003-P015,2026-06-17,S003,P015,1,195.12
SALE-20260617-S003-P016,2026-06-17,S003,P016,6,1585.02
SALE-20260617-S003-P017,2026-06-17,S003,P017,8,4027.92
SALE-20260617-S003-P018,2026-06-17,S003,P018,5,1838.5
SALE-20260617-S003-P019,2026-06-17,S003,P019,5,4041.35
SALE-20260617-S003-P020,2026-06-17,S003,P020,3,1932.33
SALE-20260617-S003-P021,2026-06-17,S003,P021,4,789.88
SALE-20260617-S003-P022,2026-06-17,S003,P022,3,2185.62
SALE-20260617-S003-P023,2026-06-17,S003,P023,7,5597.9
SALE-20260617-S003-P024,2026-06-17,S003,P024,6,896.4
SALE-20260617-S003-P025,2026-06-17,S003,P025,3,2071.41
SALE-20260617-S003-P026,2026-06-17,S003,P026,10,8198.8
SALE-20260617-S003-P027,2026-06-17,S003,P027,6,3536.28
SALE-20260617-S003-P028,2026-06-17,S003,P028,1,55.67
SALE-20260617-S003-P029,2026-06-17,S003,P029,8,1881.04
SALE-20260617-S003-P030,2026-06-17,S003,P030,1,230.66
SALE-20260617-S003-P031,2026-06-17,S003,P031,14,4079.88
SALE-20260617-S003-P032,2026-06-17,S003,P032,3,1879.8
SALE-20260617-S003-P033,2026-06-17,S003,P033,7,4724.37
SALE-20260617-S003-P034,2026-06-17,S003,P034,8,1355.12
SALE-20260617-S003-P035,2026-06-17,S003,P035,8,980.64
SALE-20260617-S003-P036,2026-06-17,S003,P036,3,562.17
SALE-20260617-S003-P037,2026-06-17,S003,P037,9,1686.15
SALE-20260617-S003-P038,2026-06-17,S003,P038,5,1934.15
SALE-20260617-S003-P039,2026-06-17,S003,P039,1,634.1
SALE-20260617-S003-P040,2026-06-17,S003,P040,5,805.25
SALE-20260617-S003-P041,2026-06-17,S003,P041,5,4921.95
SALE-20260617-S003-P042,2026-06-17,S003,P042,11,11753.39
SALE-20260617-S003-P043,2026-06-17,S003,P043,10,7345.6
SALE-20260617-S003-P044,2026-06-17,S003,P044,5,674.75
SALE-20260617-S003-P045,2026-06-17,S003,P045,10,4456.5
SALE-20260617-S003-P046,2026-06-17,S003,P046,5,2779.65
SALE-20260617-S003-P047,2026-06-17,S003,P047,4,3771.96
SALE-20260617-S003-P048,2026-06-17,S003,P048,1,473.78
SALE-20260617-S003-P049,2026-06-17,S003,P049,6,3807.96
SALE-20260618-S001-P001,2026-06-18,S001,P001,6,4733.16
SALE-20260618-S001-P002,2026-06-18,S001,P002,2,1298.3
SALE-20260618-S001-P003,2026-06-18,S001,P003,1,1070.87
SALE-20260618-S001-P004,2026-06-18,S001,P004,3,456.45
SALE-20260618-S001-P005,2026-06-18,S001,P005,8,3527.2
SALE-20260618-S001-P006,2026-06-18,S001,P006,7,5865.93
SALE-20260618-S001-P007,2026-06-18,S001,P007,11,2827.22
SALE-20260618-S001-P008,2026-06-18,S001,P008,3,2652.45
SALE-20260618-S001-P009,2026-06-18,S001,P009,13,9830.47
SALE-20260618-S001-P010,2026-06-18,S001,P010,5,4933.5
SALE-20260618-S001-P011,2026-06-18,S001,P011,0,0.0
SALE-20260618-S001-P012,2026-06-18,S001,P012,13,2454.79
SALE-20260618-S001-P013,2026-06-18,S001,P013,4,3459.52
SALE-20260618-S001-P014,2026-06-18,S001,P014,7,2757.37
SALE-20260618-S001-P015,2026-06-18,S001,P015,0,0.0
SALE-20260618-S001-P016,2026-06-18,S001,P016,10,2641.7
SALE-20260618-S001-P017,2026-06-18,S001,P017,8,4027.92
SALE-20260618-S001-P018,2026-06-18,S001,P018,14,5147.8
SALE-20260618-S001-P019,2026-06-18,S001,P019,5,4041.35
SALE-20260618-S001-P020,2026-06-18,S001,P020,9,5796.99
SALE-20260618-S001-P021,2026-06-18,S001,P021,4,789.88
SALE-20260618-S001-P022,2026-06-18,S001,P022,6,4371.24
SALE-20260618-S001-P023,2026-06-18,S001,P023,12,9596.4
SALE-20260618-S001-P024,2026-06-18,S001,P024,4,597.6
SALE-20260618-S001-P025,2026-06-18,S001,P025,1,690.47
SALE-20260618-S001-P026,2026-06-18,S001,P026,10,8198.8
SALE-20260618-S001-P027,2026-06-18,S001,P027,8,4715.04
SALE-20260618-S001-P028,2026-06-18,S001,P028,3,167.01
SALE-20260618-S001-P029,2026-06-18,S001,P029,8,1881.04
SALE-20260618-S001-P030,2026-06-18,S001,P030,1,230.66
SALE-20260618-S001-P031,2026-06-18,S001,P031,11,3205.62
SALE-20260618-S001-P032,2026-06-18,S001,P032,4,2506.4
SALE-20260618-S001-P033,2026-06-18,S001,P033,13,8773.83
SALE-20260618-S001-P034,2026-06-18,S001,P034,13,2202.07
SALE-20260618-S001-P035,2026-06-18,S001,P035,9,1103.22
SALE-20260618-S001-P036,2026-06-18,S001,P036,5,936.95
SALE-20260618-S001-P037,2026-06-18,S001,P037,7,1311.45
SALE-20260618-S001-P038,2026-06-18,S001,P038,3,1160.49
SALE-20260618-S001-P039,2026-06-18,S001,P039,4,2536.4
SALE-20260618-S001-P040,2026-06-18,S001,P040,7,1127.35
SALE-20260618-S001-P041,2026-06-18,S001,P041,2,1968.78
SALE-20260618-S001-P042,2026-06-18,S001,P042,13,13890.37
SALE-20260618-S001-P043,2026-06-18,S001,P043,11,8080.16
SALE-20260618-S001-P044,2026-06-18,S001,P044,3,404.85
SALE-20260618-S001-P045,2026-06-18,S001,P045,13,5793.45
SALE-20260618-S001-P046,2026-06-18,S001,P046,9,5003.37
SALE-20260618-S001-P047,2026-06-18,S001,P047,10,9429.9
SALE-20260618-S001-P048,2026-06-18,S001,P048,3,1421.34
SALE-20260618-S001-P049,2026-06-18,S001,P049,10,6346.6
SALE-20260618-S001-P050,2026-06-18,S001,P050,4,1561.52
SALE-20260618-S002-P001,2026-06-18,S002,P001,12,9466.32
SALE-20260618-S002-P002,2026-06-18,S002,P002,11,7140.65
SALE-20260618-S002-P003,2026-06-18,S002,P003,9,9637.83
SALE-20260618-S002-P004,2026-06-18,S002,P004,0,0.0
SALE-20260618-S002-P005,2026-06-18,S002,P005,5,2204.5
SALE-20260618-S002-P006,2026-06-18,S002,P006,2,1675.98
SALE-20260618-S002-P007,2026-06-18,S002,P007,0,0.0
SALE-20260618-S002-P008,2026-06-18,S002,P008,6,5304.9
SALE-20260618-S002-P009,2026-06-18,S002,P009,8,6049.52
SALE-20260618-S002-P010,2026-06-18,S002,P010,8,7893.6
SALE-20260618-S002-P011,2026-06-18,S002,P011,2,437.8
SALE-20260618-S002-P012,2026-06-18,S002,P012,23,4343.09
SALE-20260618-S002-P013,2026-06-18,S002,P013,7,6054.16
SALE-20260618-S002-P014,2026-06-18,S002,P014,15,5908.65
SALE-20260618-S002-P015,2026-06-18,S002,P015,0,0.0
SALE-20260618-S002-P016,2026-06-18,S002,P016,9,2377.53
SALE-20260618-S002-P017,2026-06-18,S002,P017,6,3020.94
SALE-20260618-S002-P018,2026-06-18,S002,P018,18,6618.6
SALE-20260618-S002-P019,2026-06-18,S002,P019,13,10507.51
SALE-20260618-S002-P020,2026-06-18,S002,P020,3,1932.33
SALE-20260618-S002-P021,2026-06-18,S002,P021,4,789.88
SALE-20260618-S002-P022,2026-06-18,S002,P022,11,8013.94
SALE-20260618-S002-P023,2026-06-18,S002,P023,9,7197.3
SALE-20260618-S002-P024,2026-06-18,S002,P024,9,1344.6
SALE-20260618-S002-P025,2026-06-18,S002,P025,6,4142.82
SALE-20260618-S002-P026,2026-06-18,S002,P026,16,13118.08
SALE-20260618-S002-P027,2026-06-18,S002,P027,14,8251.32
SALE-20260618-S002-P028,2026-06-18,S002,P028,3,167.01
SALE-20260618-S002-P029,2026-06-18,S002,P029,6,1410.78
SALE-20260618-S002-P030,2026-06-18,S002,P030,3,691.98
SALE-20260618-S002-P031,2026-06-18,S002,P031,10,2914.2
SALE-20260618-S002-P032,2026-06-18,S002,P032,4,2506.4
SALE-20260618-S002-P033,2026-06-18,S002,P033,15,10123.65
SALE-20260618-S002-P034,2026-06-18,S002,P034,15,2540.85
SALE-20260618-S002-P035,2026-06-18,S002,P035,15,1838.7
SALE-20260618-S002-P036,2026-06-18,S002,P036,6,1124.34
SALE-20260618-S002-P037,2026-06-18,S002,P037,13,2435.55
SALE-20260618-S002-P038,2026-06-18,S002,P038,3,1160.49
SALE-20260618-S002-P039,2026-06-18,S002,P039,2,1268.2
SALE-20260618-S002-P040,2026-06-18,S002,P040,5,805.25
SALE-20260618-S002-P041,2026-06-18,S002,P041,10,9843.9
SALE-20260618-S002-P042,2026-06-18,S002,P042,19,20301.31
SALE-20260618-S002-P043,2026-06-18,S002,P043,14,10283.84
SALE-20260618-S002-P044,2026-06-18,S002,P044,11,1484.45
SALE-20260618-S002-P045,2026-06-18,S002,P045,15,6684.75
SALE-20260618-S002-P046,2026-06-18,S002,P046,4,2223.72
SALE-20260618-S002-P047,2026-06-18,S002,P047,13,12258.87
SALE-20260618-S002-P048,2026-06-18,S002,P048,5,2368.9
SALE-20260618-S002-P049,2026-06-18,S002,P049,15,9519.9
SALE-20260618-S002-P050,2026-06-18,S002,P050,6,2342.28
SALE-20260618-S003-P001,2026-06-18,S003,P001,11,8677.46
SALE-20260618-S003-P002,2026-06-18,S003,P002,6,3894.9
SALE-20260618-S003-P003,2026-06-18,S003,P003,1,1070.87
SALE-20260618-S003-P004,2026-06-18,S003,P004,2,304.3
SALE-20260618-S003-P005,2026-06-18,S003,P005,10,4409.0
SALE-20260618-S003-P006,2026-06-18,S003,P006,3,2513.97
SALE-20260618-S003-P007,2026-06-18,S003,P007,11,2827.22
SALE-20260618-S003-P008,2026-06-18,S003,P008,5,4420.75
SALE-20260618-S003-P009,2026-06-18,S003,P009,3,2268.57
SALE-20260618-S003-P010,2026-06-18,S003,P010,12,11840.4
SALE-20260618-S003-P011,2026-06-18,S003,P011,1,218.9
SALE-20260618-S003-P012,2026-06-18,S003,P012,10,1888.3
SALE-20260618-S003-P013,2026-06-18,S003,P013,4,3459.52
SALE-20260618-S003-P014,2026-06-18,S003,P014,11,4333.01
SALE-20260618-S003-P015,2026-06-18,S003,P015,4,780.48
SALE-20260618-S003-P016,2026-06-18,S003,P016,9,2377.53
SALE-20260618-S003-P017,2026-06-18,S003,P017,5,2517.45
SALE-20260618-S003-P018,2026-06-18,S003,P018,13,4780.1
SALE-20260618-S003-P019,2026-06-18,S003,P019,5,4041.35
SALE-20260618-S003-P020,2026-06-18,S003,P020,8,5152.88
SALE-20260618-S003-P021,2026-06-18,S003,P021,5,987.35
SALE-20260618-S003-P022,2026-06-18,S003,P022,6,4371.24
SALE-20260618-S003-P023,2026-06-18,S003,P023,6,4798.2
SALE-20260618-S003-P024,2026-06-18,S003,P024,3,448.2
SALE-20260618-S003-P025,2026-06-18,S003,P025,0,0.0
SALE-20260618-S003-P026,2026-06-18,S003,P026,10,8198.8
SALE-20260618-S003-P027,2026-06-18,S003,P027,4,2357.52
SALE-20260618-S003-P028,2026-06-18,S003,P028,2,111.34
SALE-20260618-S003-P029,2026-06-18,S003,P029,17,3997.21
SALE-20260618-S003-P030,2026-06-18,S003,P030,1,230.66
SALE-20260618-S003-P031,2026-06-18,S003,P031,13,3788.46
SALE-20260618-S003-P032,2026-06-18,S003,P032,7,4386.2
SALE-20260618-S003-P033,2026-06-18,S003,P033,9,6074.19
SALE-20260618-S003-P034,2026-06-18,S003,P034,6,1016.34
SALE-20260618-S003-P035,2026-06-18,S003,P035,7,858.06
SALE-20260618-S003-P036,2026-06-18,S003,P036,1,187.39
SALE-20260618-S003-P037,2026-06-18,S003,P037,3,562.05
SALE-20260618-S003-P038,2026-06-18,S003,P038,2,773.66
SALE-20260618-S003-P039,2026-06-18,S003,P039,2,1268.2
SALE-20260618-S003-P040,2026-06-18,S003,P040,8,1288.4
SALE-20260618-S003-P041,2026-06-18,S003,P041,1,984.39
SALE-20260618-S003-P042,2026-06-18,S003,P042,8,8547.92
SALE-20260618-S003-P043,2026-06-18,S003,P043,11,8080.16
SALE-20260618-S003-P044,2026-06-18,S003,P044,2,269.9
SALE-20260618-S003-P045,2026-06-18,S003,P045,10,4456.5
SALE-20260618-S003-P046,2026-06-18,S003,P046,4,2223.72
SALE-20260618-S003-P047,2026-06-18,S003,P047,7,6600.93
SALE-20260618-S003-P048,2026-06-18,S003,P048,2,947.56
SALE-20260618-S003-P049,2026-06-18,S003,P049,14,8885.24
SALE-20260619-S001-P001,2026-06-19,S001,P001,7,5522.02
SALE-20260619-S001-P002,2026-06-19,S001,P002,2,1298.3
SALE-20260619-S001-P003,2026-06-19,S001,P003,2,2141.74
SALE-20260619-S001-P004,2026-06-19,S001,P004,3,456.45
SALE-20260619-S001-P005,2026-06-19,S001,P005,7,3086.3
SALE-20260619-S001-P006,2026-06-19,S001,P006,8,6703.92
SALE-20260619-S001-P007,2026-06-19,S001,P007,17,4369.34
SALE-20260619-S001-P008,2026-06-19,S001,P008,11,9725.65
SALE-20260619-S001-P009,2026-06-19,S001,P009,2,1512.38
SALE-20260619-S001-P010,2026-06-19,S001,P010,8,7893.6
SALE-20260619-S001-P011,2026-06-19,S001,P011,0,0.0
SALE-20260619-S001-P012,2026-06-19,S001,P012,13,2454.79
SALE-20260619-S001-P013,2026-06-19,S001,P013,5,4324.4
SALE-20260619-S001-P014,2026-06-19,S001,P014,13,5120.83
SALE-20260619-S001-P015,2026-06-19,S001,P015,3,585.36
SALE-20260619-S001-P016,2026-06-19,S001,P016,7,1849.19
SALE-20260619-S001-P017,2026-06-19,S001,P017,10,5034.9
SALE-20260619-S001-P018,2026-06-19,S001,P018,16,5883.2
SALE-20260619-S001-P019,2026-06-19,S001,P019,10,8082.7
SALE-20260619-S001-P020,2026-06-19,S001,P020,5,3220.55
SALE-20260619-S001-P021,2026-06-19,S001,P021,4,789.88
SALE-20260619-S001-P022,2026-06-19,S001,P022,7,5099.78
SALE-20260619-S001-P023,2026-06-19,S001,P023,6,4798.2
SALE-20260619-S001-P024,2026-06-19,S001,P024,4,597.6
SALE-20260619-S001-P025,2026-06-19,S001,P025,1,690.47
SALE-20260619-S001-P026,2026-06-19,S001,P026,9,7378.92
SALE-20260619-S001-P027,2026-06-19,S001,P027,15,8840.7
SALE-20260619-S001-P028,2026-06-19,S001,P028,1,55.67
SALE-20260619-S001-P029,2026-06-19,S001,P029,11,2586.43
SALE-20260619-S001-P030,2026-06-19,S001,P030,1,230.66
SALE-20260619-S001-P031,2026-06-19,S001,P031,14,4079.88
SALE-20260619-S001-P032,2026-06-19,S001,P032,8,5012.8
SALE-20260619-S001-P033,2026-06-19,S001,P033,14,9448.74
SALE-20260619-S001-P034,2026-06-19,S001,P034,5,846.95
SALE-20260619-S001-P035,2026-06-19,S001,P035,10,1225.8
SALE-20260619-S001-P036,2026-06-19,S001,P036,2,374.78
SALE-20260619-S001-P037,2026-06-19,S001,P037,26,4871.1
SALE-20260619-S001-P038,2026-06-19,S001,P038,8,3094.64
SALE-20260619-S001-P039,2026-06-19,S001,P039,3,1902.3
SALE-20260619-S001-P040,2026-06-19,S001,P040,10,1610.5
SALE-20260619-S001-P041,2026-06-19,S001,P041,5,4921.95
SALE-20260619-S001-P042,2026-06-19,S001,P042,11,11753.39
SALE-20260619-S001-P043,2026-06-19,S001,P043,13,9549.28
SALE-20260619-S001-P044,2026-06-19,S001,P044,5,674.75
SALE-20260619-S001-P045,2026-06-19,S001,P045,15,6684.75
SALE-20260619-S001-P046,2026-06-19,S001,P046,7,3891.51
SALE-20260619-S001-P047,2026-06-19,S001,P047,7,6600.93
SALE-20260619-S001-P048,2026-06-19,S001,P048,6,2842.68
SALE-20260619-S001-P049,2026-06-19,S001,P049,13,8250.58
SALE-20260619-S001-P050,2026-06-19,S001,P050,6,2342.28
SALE-20260619-S002-P001,2026-06-19,S002,P001,10,7888.6
SALE-20260619-S002-P002,2026-06-19,S002,P002,11,7140.65
SALE-20260619-S002-P003,2026-06-19,S002,P003,5,5354.35
SALE-20260619-S002-P004,2026-06-19,S002,P004,0,0.0
SALE-20260619-S002-P005,2026-06-19,S002,P005,9,3968.1
SALE-20260619-S002-P006,2026-06-19,S002,P006,3,2513.97
SALE-20260619-S002-P007,2026-06-19,S002,P007,0,0.0
SALE-20260619-S002-P008,2026-06-19,S002,P008,15,13262.25
SALE-20260619-S002-P009,2026-06-19,S002,P009,9,6805.71
SALE-20260619-S002-P010,2026-06-19,S002,P010,11,10853.7
SALE-20260619-S002-P011,2026-06-19,S002,P011,2,437.8
SALE-20260619-S002-P012,2026-06-19,S002,P012,18,3398.94
SALE-20260619-S002-P013,2026-06-19,S002,P013,15,12973.2
SALE-20260619-S002-P014,2026-06-19,S002,P014,13,5120.83
SALE-20260619-S002-P015,2026-06-19,S002,P015,3,585.36
SALE-20260619-S002-P016,2026-06-19,S002,P016,7,1849.19
SALE-20260619-S002-P017,2026-06-19,S002,P017,11,5538.39
SALE-20260619-S002-P018,2026-06-19,S002,P018,15,5515.5
SALE-20260619-S002-P019,2026-06-19,S002,P019,11,8890.97
SALE-20260619-S002-P020,2026-06-19,S002,P020,5,3220.55
SALE-20260619-S002-P021,2026-06-19,S002,P021,4,789.88
SALE-20260619-S002-P022,2026-06-19,S002,P022,9,6556.86
SALE-20260619-S002-P023,2026-06-19,S002,P023,11,8796.7
SALE-20260619-S002-P024,2026-06-19,S002,P024,12,1792.8
SALE-20260619-S002-P025,2026-06-19,S002,P025,0,0.0
SALE-20260619-S002-P026,2026-06-19,S002,P026,13,10658.44
SALE-20260619-S002-P027,2026-06-19,S002,P027,15,8840.7
SALE-20260619-S002-P028,2026-06-19,S002,P028,7,389.69
SALE-20260619-S002-P029,2026-06-19,S002,P029,13,3056.69
SALE-20260619-S002-P030,2026-06-19,S002,P030,3,691.98
SALE-20260619-S002-P031,2026-06-19,S002,P031,13,3788.46
SALE-20260619-S002-P032,2026-06-19,S002,P032,3,1879.8
SALE-20260619-S002-P033,2026-06-19,S002,P033,13,8773.83
SALE-20260619-S002-P034,2026-06-19,S002,P034,13,2202.07
SALE-20260619-S002-P035,2026-06-19,S002,P035,11,1348.38
SALE-20260619-S002-P036,2026-06-19,S002,P036,1,187.39
SALE-20260619-S002-P037,2026-06-19,S002,P037,20,3747.0
SALE-20260619-S002-P038,2026-06-19,S002,P038,8,3094.64
SALE-20260619-S002-P039,2026-06-19,S002,P039,1,634.1
SALE-20260619-S002-P040,2026-06-19,S002,P040,10,1610.5
SALE-20260619-S002-P041,2026-06-19,S002,P041,7,6890.73
SALE-20260619-S002-P042,2026-06-19,S002,P042,11,11753.39
SALE-20260619-S002-P043,2026-06-19,S002,P043,12,8814.72
SALE-20260619-S002-P044,2026-06-19,S002,P044,5,674.75
SALE-20260619-S002-P045,2026-06-19,S002,P045,21,9358.65
SALE-20260619-S002-P046,2026-06-19,S002,P046,11,6115.23
SALE-20260619-S002-P047,2026-06-19,S002,P047,9,8486.91
SALE-20260619-S002-P048,2026-06-19,S002,P048,7,3316.46
SALE-20260619-S002-P049,2026-06-19,S002,P049,14,8885.24
SALE-20260619-S002-P050,2026-06-19,S002,P050,2,780.76
SALE-20260619-S003-P001,2026-06-19,S003,P001,6,4733.16
SALE-20260619-S003-P002,2026-06-19,S003,P002,5,3245.75
SALE-20260619-S003-P003,2026-06-19,S003,P003,2,2141.74
SALE-20260619-S003-P004,2026-06-19,S003,P004,5,760.75
SALE-20260619-S003-P005,2026-06-19,S003,P005,12,5290.8
SALE-20260619-S003-P006,2026-06-19,S003,P006,5,4189.95
SALE-20260619-S003-P007,2026-06-19,S003,P007,8,2056.16
SALE-20260619-S003-P008,2026-06-19,S003,P008,9,7957.35
SALE-20260619-S003-P009,2026-06-19,S003,P009,4,3024.76
SALE-20260619-S003-P010,2026-06-19,S003,P010,7,6906.9
SALE-20260619-S003-P011,2026-06-19,S003,P011,2,437.8
SALE-20260619-S003-P012,2026-06-19,S003,P012,18,3398.94
SALE-20260619-S003-P013,2026-06-19,S003,P013,11,9513.68
SALE-20260619-S003-P014,2026-06-19,S003,P014,13,5120.83
SALE-20260619-S003-P015,2026-06-19,S003,P015,4,780.48
SALE-20260619-S003-P016,2026-06-19,S003,P016,6,1585.02
SALE-20260619-S003-P017,2026-06-19,S003,P017,5,2517.45
SALE-20260619-S003-P018,2026-06-19,S003,P018,16,5883.2
SALE-20260619-S003-P019,2026-06-19,S003,P019,4,3233.08
SALE-20260619-S003-P020,2026-06-19,S003,P020,6,3864.66
SALE-20260619-S003-P021,2026-06-19,S003,P021,8,1579.76
SALE-20260619-S003-P022,2026-06-19,S003,P022,2,1457.08
SALE-20260619-S003-P023,2026-06-19,S003,P023,7,5597.9
SALE-20260619-S003-P024,2026-06-19,S003,P024,2,298.8
SALE-20260619-S003-P025,2026-06-19,S003,P025,3,2071.41
SALE-20260619-S003-P026,2026-06-19,S003,P026,15,12298.2
SALE-20260619-S003-P027,2026-06-19,S003,P027,18,10608.84
SALE-20260619-S003-P028,2026-06-19,S003,P028,5,278.35
SALE-20260619-S003-P029,2026-06-19,S003,P029,3,705.39
SALE-20260619-S003-P030,2026-06-19,S003,P030,6,1383.96
SALE-20260619-S003-P031,2026-06-19,S003,P031,13,3788.46
SALE-20260619-S003-P032,2026-06-19,S003,P032,3,1879.8
SALE-20260619-S003-P033,2026-06-19,S003,P033,13,8773.83
SALE-20260619-S003-P034,2026-06-19,S003,P034,12,2032.68
SALE-20260619-S003-P035,2026-06-19,S003,P035,12,1470.96
SALE-20260619-S003-P036,2026-06-19,S003,P036,1,187.39
SALE-20260619-S003-P037,2026-06-19,S003,P037,5,936.75
SALE-20260619-S003-P038,2026-06-19,S003,P038,8,3094.64
SALE-20260619-S003-P039,2026-06-19,S003,P039,6,3804.6
SALE-20260619-S003-P040,2026-06-19,S003,P040,9,1449.45
SALE-20260619-S003-P041,2026-06-19,S003,P041,7,6890.73
SALE-20260619-S003-P042,2026-06-19,S003,P042,13,13890.37
SALE-20260619-S003-P043,2026-06-19,S003,P043,9,6611.04
SALE-20260619-S003-P044,2026-06-19,S003,P044,4,539.8
SALE-20260619-S003-P045,2026-06-19,S003,P045,11,4902.15
SALE-20260619-S003-P046,2026-06-19,S003,P046,4,2223.72
SALE-20260619-S003-P047,2026-06-19,S003,P047,7,6600.93
SALE-20260619-S003-P048,2026-06-19,S003,P048,3,1421.34
SALE-20260619-S003-P049,2026-06-19,S003,P049,12,7615.92
SALE-20260620-S001-P001,2026-06-20,S001,P001,8,6310.88
SALE-20260620-S001-P002,2026-06-20,S001,P002,11,7140.65
SALE-20260620-S001-P003,2026-06-20,S001,P003,3,3212.61
SALE-20260620-S001-P004,2026-06-20,S001,P004,1,152.15
SALE-20260620-S001-P005,2026-06-20,S001,P005,3,1322.7
SALE-20260620-S001-P006,2026-06-20,S001,P006,0,0.0
SALE-20260620-S001-P007,2026-06-20,S001,P007,16,4112.32
SALE-20260620-S001-P008,2026-06-20,S001,P008,11,9725.65
SALE-20260620-S001-P009,2026-06-20,S001,P009,7,5293.33
SALE-20260620-S001-P010,2026-06-20,S001,P010,8,7893.6
SALE-20260620-S001-P011,2026-06-20,S001,P011,0,0.0
SALE-20260620-S001-P012,2026-06-20,S001,P012,15,2832.45
SALE-20260620-S001-P013,2026-06-20,S001,P013,7,6054.16
SALE-20260620-S001-P014,2026-06-20,S001,P014,10,3939.1
SALE-20260620-S001-P015,2026-06-20,S001,P015,2,390.24
SALE-20260620-S001-P016,2026-06-20,S001,P016,6,1585.02
SALE-20260620-S001-P017,2026-06-20,S001,P017,11,5538.39
SALE-20260620-S001-P018,2026-06-20,S001,P018,18,6618.6
SALE-20260620-S001-P019,2026-06-20,S001,P019,6,4849.62
SALE-20260620-S001-P020,2026-06-20,S001,P020,7,4508.77
SALE-20260620-S001-P021,2026-06-20,S001,P021,9,1777.23
SALE-20260620-S001-P022,2026-06-20,S001,P022,6,4371.24
SALE-20260620-S001-P023,2026-06-20,S001,P023,8,6397.6
SALE-20260620-S001-P024,2026-06-20,S001,P024,12,1792.8
SALE-20260620-S001-P025,2026-06-20,S001,P025,1,690.47
SALE-20260620-S001-P026,2026-06-20,S001,P026,15,12298.2
SALE-20260620-S001-P027,2026-06-20,S001,P027,19,11198.22
SALE-20260620-S001-P028,2026-06-20,S001,P028,5,278.35
SALE-20260620-S001-P029,2026-06-20,S001,P029,8,1881.04
SALE-20260620-S001-P030,2026-06-20,S001,P030,3,691.98
SALE-20260620-S001-P031,2026-06-20,S001,P031,10,2914.2
SALE-20260620-S001-P032,2026-06-20,S001,P032,8,5012.8
SALE-20260620-S001-P033,2026-06-20,S001,P033,14,9448.74
SALE-20260620-S001-P034,2026-06-20,S001,P034,16,2710.24
SALE-20260620-S001-P035,2026-06-20,S001,P035,10,1225.8
SALE-20260620-S001-P036,2026-06-20,S001,P036,4,749.56
SALE-20260620-S001-P037,2026-06-20,S001,P037,13,2435.55
SALE-20260620-S001-P038,2026-06-20,S001,P038,7,2707.81
SALE-20260620-S001-P039,2026-06-20,S001,P039,1,634.1
SALE-20260620-S001-P040,2026-06-20,S001,P040,8,1288.4
SALE-20260620-S001-P041,2026-06-20,S001,P041,4,3937.56
SALE-20260620-S001-P042,2026-06-20,S001,P042,12,12821.88
SALE-20260620-S001-P043,2026-06-20,S001,P043,26,19098.56
SALE-20260620-S001-P044,2026-06-20,S001,P044,7,944.65
SALE-20260620-S001-P045,2026-06-20,S001,P045,14,6239.1
SALE-20260620-S001-P046,2026-06-20,S001,P046,5,2779.65
SALE-20260620-S001-P047,2026-06-20,S001,P047,9,8486.91
SALE-20260620-S001-P048,2026-06-20,S001,P048,2,947.56
SALE-20260620-S001-P049,2026-06-20,S001,P049,18,11423.88
SALE-20260620-S001-P050,2026-06-20,S001,P050,0,0.0
SALE-20260620-S002-P001,2026-06-20,S002,P001,17,13410.62
SALE-20260620-S002-P002,2026-06-20,S002,P002,7,4544.05
SALE-20260620-S002-P003,2026-06-20,S002,P003,4,4283.48
SALE-20260620-S002-P004,2026-06-20,S002,P004,0,0.0
SALE-20260620-S002-P005,2026-06-20,S002,P005,12,5290.8
SALE-20260620-S002-P006,2026-06-20,S002,P006,8,6703.92
SALE-20260620-S002-P007,2026-06-20,S002,P007,0,0.0
SALE-20260620-S002-P008,2026-06-20,S002,P008,11,9725.65
SALE-20260620-S002-P009,2026-06-20,S002,P009,5,3780.95
SALE-20260620-S002-P010,2026-06-20,S002,P010,12,11840.4
SALE-20260620-S002-P011,2026-06-20,S002,P011,3,656.7
SALE-20260620-S002-P012,2026-06-20,S002,P012,22,4154.26
SALE-20260620-S002-P013,2026-06-20,S002,P013,10,8648.8
SALE-20260620-S002-P014,2026-06-20,S002,P014,8,3151.28
SALE-20260620-S002-P015,2026-06-20,S002,P015,2,390.24
SALE-20260620-S002-P016,2026-06-20,S002,P016,8,2113.36
SALE-20260620-S002-P017,2026-06-20,S002,P017,17,8559.33
SALE-20260620-S002-P018,2026-06-20,S002,P018,19,6986.3
SALE-20260620-S002-P019,2026-06-20,S002,P019,11,8890.97
SALE-20260620-S002-P020,2026-06-20,S002,P020,7,4508.77
SALE-20260620-S002-P021,2026-06-20,S002,P021,5,987.35
SALE-20260620-S002-P022,2026-06-20,S002,P022,4,2914.16
SALE-20260620-S002-P023,2026-06-20,S002,P023,7,5597.9
SALE-20260620-S002-P024,2026-06-20,S002,P024,9,1344.6
SALE-20260620-S002-P025,2026-06-20,S002,P025,3,2071.41
SALE-20260620-S002-P026,2026-06-20,S002,P026,20,16397.6
SALE-20260620-S002-P027,2026-06-20,S002,P027,19,11198.22
SALE-20260620-S002-P028,2026-06-20,S002,P028,4,222.68
SALE-20260620-S002-P029,2026-06-20,S002,P029,9,2116.17
SALE-20260620-S002-P030,2026-06-20,S002,P030,6,1383.96
SALE-20260620-S002-P031,2026-06-20,S002,P031,17,4954.14
SALE-20260620-S002-P032,2026-06-20,S002,P032,11,6892.6
SALE-20260620-S002-P033,2026-06-20,S002,P033,12,8098.92
SALE-20260620-S002-P034,2026-06-20,S002,P034,13,2202.07
SALE-20260620-S002-P035,2026-06-20,S002,P035,17,2083.86
SALE-20260620-S002-P036,2026-06-20,S002,P036,1,187.39
SALE-20260620-S002-P037,2026-06-20,S002,P037,19,3559.65
SALE-20260620-S002-P038,2026-06-20,S002,P038,10,3868.3
SALE-20260620-S002-P039,2026-06-20,S002,P039,6,3804.6
SALE-20260620-S002-P040,2026-06-20,S002,P040,21,3382.05
SALE-20260620-S002-P041,2026-06-20,S002,P041,7,6890.73
SALE-20260620-S002-P042,2026-06-20,S002,P042,16,17095.84
SALE-20260620-S002-P043,2026-06-20,S002,P043,17,12487.52
SALE-20260620-S002-P044,2026-06-20,S002,P044,5,674.75
SALE-20260620-S002-P045,2026-06-20,S002,P045,19,8467.35
SALE-20260620-S002-P046,2026-06-20,S002,P046,6,3335.58
SALE-20260620-S002-P047,2026-06-20,S002,P047,11,10372.89
SALE-20260620-S002-P048,2026-06-20,S002,P048,7,3316.46
SALE-20260620-S002-P049,2026-06-20,S002,P049,27,17135.82
SALE-20260620-S002-P050,2026-06-20,S002,P050,5,1951.9
SALE-20260620-S003-P001,2026-06-20,S003,P001,5,3944.3
SALE-20260620-S003-P002,2026-06-20,S003,P002,3,1947.45
SALE-20260620-S003-P003,2026-06-20,S003,P003,6,6425.22
SALE-20260620-S003-P004,2026-06-20,S003,P004,3,456.45
SALE-20260620-S003-P005,2026-06-20,S003,P005,13,5731.7
SALE-20260620-S003-P006,2026-06-20,S003,P006,7,5865.93
SALE-20260620-S003-P007,2026-06-20,S003,P007,9,2313.18
SALE-20260620-S003-P008,2026-06-20,S003,P008,3,2652.45
SALE-20260620-S003-P009,2026-06-20,S003,P009,8,6049.52
SALE-20260620-S003-P010,2026-06-20,S003,P010,5,4933.5
SALE-20260620-S003-P011,2026-06-20,S003,P011,1,218.9
SALE-20260620-S003-P012,2026-06-20,S003,P012,12,2265.96
SALE-20260620-S003-P013,2026-06-20,S003,P013,14,12108.32
SALE-20260620-S003-P014,2026-06-20,S003,P014,6,2363.46
SALE-20260620-S003-P015,2026-06-20,S003,P015,1,195.12
SALE-20260620-S003-P016,2026-06-20,S003,P016,7,1849.19
SALE-20260620-S003-P017,2026-06-20,S003,P017,10,5034.9
SALE-20260620-S003-P018,2026-06-20,S003,P018,18,6618.6
SALE-20260620-S003-P019,2026-06-20,S003,P019,13,10507.51
SALE-20260620-S003-P020,2026-06-20,S003,P020,4,2576.44
SALE-20260620-S003-P021,2026-06-20,S003,P021,5,987.35
SALE-20260620-S003-P022,2026-06-20,S003,P022,4,2914.16
SALE-20260620-S003-P023,2026-06-20,S003,P023,9,7197.3
SALE-20260620-S003-P024,2026-06-20,S003,P024,10,1494.0
SALE-20260620-S003-P025,2026-06-20,S003,P025,3,2071.41
SALE-20260620-S003-P026,2026-06-20,S003,P026,9,7378.92
SALE-20260620-S003-P027,2026-06-20,S003,P027,14,8251.32
SALE-20260620-S003-P028,2026-06-20,S003,P028,1,55.67
SALE-20260620-S003-P029,2026-06-20,S003,P029,12,2821.56
SALE-20260620-S003-P030,2026-06-20,S003,P030,1,230.66
SALE-20260620-S003-P031,2026-06-20,S003,P031,12,3497.04
SALE-20260620-S003-P032,2026-06-20,S003,P032,1,626.6
SALE-20260620-S003-P033,2026-06-20,S003,P033,5,3374.55
SALE-20260620-S003-P034,2026-06-20,S003,P034,12,2032.68
SALE-20260620-S003-P035,2026-06-20,S003,P035,15,1838.7
SALE-20260620-S003-P036,2026-06-20,S003,P036,1,187.39
SALE-20260620-S003-P037,2026-06-20,S003,P037,13,2435.55
SALE-20260620-S003-P038,2026-06-20,S003,P038,0,0.0
SALE-20260620-S003-P039,2026-06-20,S003,P039,0,0.0
SALE-20260620-S003-P040,2026-06-20,S003,P040,12,1932.6
SALE-20260620-S003-P041,2026-06-20,S003,P041,6,5906.34
SALE-20260620-S003-P042,2026-06-20,S003,P042,8,8547.92
SALE-20260620-S003-P043,2026-06-20,S003,P043,13,9549.28
SALE-20260620-S003-P044,2026-06-20,S003,P044,1,134.95
SALE-20260620-S003-P045,2026-06-20,S003,P045,21,9358.65
SALE-20260620-S003-P046,2026-06-20,S003,P046,5,2779.65
SALE-20260620-S003-P047,2026-06-20,S003,P047,10,9429.9
SALE-20260620-S003-P048,2026-06-20,S003,P048,6,2842.68
SALE-20260620-S003-P049,2026-06-20,S003,P049,19,12058.54
SALE-20260621-S001-P001,2026-06-21,S001,P001,10,7888.6
SALE-20260621-S001-P002,2026-06-21,S001,P002,4,2596.6
SALE-20260621-S001-P003,2026-06-21,S001,P003,8,8566.96
SALE-20260621-S001-P004,2026-06-21,S001,P004,1,152.15
SALE-20260621-S001-P005,2026-06-21,S001,P005,16,7054.4
SALE-20260621-S001-P006,2026-06-21,S001,P006,5,4189.95
SALE-20260621-S001-P007,2026-06-21,S001,P007,14,3598.28
SALE-20260621-S001-P008,2026-06-21,S001,P008,16,14146.4
SALE-20260621-S001-P009,2026-06-21,S001,P009,4,3024.76
SALE-20260621-S001-P010,2026-06-21,S001,P010,10,9867.0
SALE-20260621-S001-P011,2026-06-21,S001,P011,2,437.8
SALE-20260621-S001-P012,2026-06-21,S001,P012,14,2643.62
SALE-20260621-S001-P013,2026-06-21,S001,P013,9,7783.92
SALE-20260621-S001-P014,2026-06-21,S001,P014,14,5514.74
SALE-20260621-S001-P015,2026-06-21,S001,P015,4,780.48
SALE-20260621-S001-P016,2026-06-21,S001,P016,6,1585.02
SALE-20260621-S001-P017,2026-06-21,S001,P017,5,2517.45
SALE-20260621-S001-P018,2026-06-21,S001,P018,20,7354.0
SALE-20260621-S001-P019,2026-06-21,S001,P019,13,10507.51
SALE-20260621-S001-P020,2026-06-21,S001,P020,5,3220.55
SALE-20260621-S001-P021,2026-06-21,S001,P021,8,1579.76
SALE-20260621-S001-P022,2026-06-21,S001,P022,8,5828.32
SALE-20260621-S001-P023,2026-06-21,S001,P023,10,7997.0
SALE-20260621-S001-P024,2026-06-21,S001,P024,10,1494.0
SALE-20260621-S001-P025,2026-06-21,S001,P025,2,1380.94
SALE-20260621-S001-P026,2026-06-21,S001,P026,13,10658.44
SALE-20260621-S001-P027,2026-06-21,S001,P027,10,5893.8
SALE-20260621-S001-P028,2026-06-21,S001,P028,6,334.02
SALE-20260621-S001-P029,2026-06-21,S001,P029,10,2351.3
SALE-20260621-S001-P030,2026-06-21,S001,P030,5,1153.3
SALE-20260621-S001-P031,2026-06-21,S001,P031,12,3497.04
SALE-20260621-S001-P032,2026-06-21,S001,P032,3,1879.8
SALE-20260621-S001-P033,2026-06-21,S001,P033,12,8098.92
SALE-20260621-S001-P034,2026-06-21,S001,P034,8,1355.12
SALE-20260621-S001-P035,2026-06-21,S001,P035,11,1348.38
SALE-20260621-S001-P036,2026-06-21,S001,P036,4,749.56
SALE-20260621-S001-P037,2026-06-21,S001,P037,15,2810.25
SALE-20260621-S001-P038,2026-06-21,S001,P038,6,2320.98
SALE-20260621-S001-P039,2026-06-21,S001,P039,3,1902.3
SALE-20260621-S001-P040,2026-06-21,S001,P040,9,1449.45
SALE-20260621-S001-P041,2026-06-21,S001,P041,11,10828.29
SALE-20260621-S001-P042,2026-06-21,S001,P042,17,18164.33
SALE-20260621-S001-P043,2026-06-21,S001,P043,12,8814.72
SALE-20260621-S001-P044,2026-06-21,S001,P044,3,404.85
SALE-20260621-S001-P045,2026-06-21,S001,P045,13,5793.45
SALE-20260621-S001-P046,2026-06-21,S001,P046,10,5559.3
SALE-20260621-S001-P047,2026-06-21,S001,P047,14,13201.86
SALE-20260621-S001-P048,2026-06-21,S001,P048,4,1895.12
SALE-20260621-S001-P049,2026-06-21,S001,P049,14,8885.24
SALE-20260621-S001-P050,2026-06-21,S001,P050,11,4294.18
SALE-20260621-S002-P001,2026-06-21,S002,P001,10,7888.6
SALE-20260621-S002-P002,2026-06-21,S002,P002,14,9088.1
SALE-20260621-S002-P003,2026-06-21,S002,P003,6,6425.22
SALE-20260621-S002-P004,2026-06-21,S002,P004,2,304.3
SALE-20260621-S002-P005,2026-06-21,S002,P005,13,5731.7
SALE-20260621-S002-P006,2026-06-21,S002,P006,1,837.99
SALE-20260621-S002-P007,2026-06-21,S002,P007,0,0.0
SALE-20260621-S002-P008,2026-06-21,S002,P008,15,13262.25
SALE-20260621-S002-P009,2026-06-21,S002,P009,5,3780.95
SALE-20260621-S002-P010,2026-06-21,S002,P010,13,12827.1
SALE-20260621-S002-P011,2026-06-21,S002,P011,3,656.7
SALE-20260621-S002-P012,2026-06-21,S002,P012,23,4343.09
SALE-20260621-S002-P013,2026-06-21,S002,P013,12,10378.56
SALE-20260621-S002-P014,2026-06-21,S002,P014,10,3939.1
SALE-20260621-S002-P015,2026-06-21,S002,P015,2,390.24
SALE-20260621-S002-P016,2026-06-21,S002,P016,16,4226.72
SALE-20260621-S002-P017,2026-06-21,S002,P017,13,6545.37
SALE-20260621-S002-P018,2026-06-21,S002,P018,22,8089.4
SALE-20260621-S002-P019,2026-06-21,S002,P019,18,14548.86
SALE-20260621-S002-P020,2026-06-21,S002,P020,8,5152.88
SALE-20260621-S002-P021,2026-06-21,S002,P021,6,1184.82
SALE-20260621-S002-P022,2026-06-21,S002,P022,5,3642.7
SALE-20260621-S002-P023,2026-06-21,S002,P023,9,7197.3
SALE-20260621-S002-P024,2026-06-21,S002,P024,14,2091.6
SALE-20260621-S002-P025,2026-06-21,S002,P025,3,2071.41
SALE-20260621-S002-P026,2026-06-21,S002,P026,16,13118.08
SALE-20260621-S002-P027,2026-06-21,S002,P027,15,8840.7
SALE-20260621-S002-P028,2026-06-21,S002,P028,7,389.69
SALE-20260621-S002-P029,2026-06-21,S002,P029,16,3762.08
SALE-20260621-S002-P030,2026-06-21,S002,P030,5,1153.3
SALE-20260621-S002-P031,2026-06-21,S002,P031,12,3497.04
SALE-20260621-S002-P032,2026-06-21,S002,P032,8,5012.8
SALE-20260621-S002-P033,2026-06-21,S002,P033,15,10123.65
SALE-20260621-S002-P034,2026-06-21,S002,P034,15,2540.85
SALE-20260621-S002-P035,2026-06-21,S002,P035,14,1716.12
SALE-20260621-S002-P036,2026-06-21,S002,P036,4,749.56
SALE-20260621-S002-P037,2026-06-21,S002,P037,18,3372.3
SALE-20260621-S002-P038,2026-06-21,S002,P038,3,1160.49
SALE-20260621-S002-P039,2026-06-21,S002,P039,2,1268.2
SALE-20260621-S002-P040,2026-06-21,S002,P040,11,1771.55
SALE-20260621-S002-P041,2026-06-21,S002,P041,9,8859.51
SALE-20260621-S002-P042,2026-06-21,S002,P042,18,19232.82
SALE-20260621-S002-P043,2026-06-21,S002,P043,18,13222.08
SALE-20260621-S002-P044,2026-06-21,S002,P044,9,1214.55
SALE-20260621-S002-P045,2026-06-21,S002,P045,16,7130.4
SALE-20260621-S002-P046,2026-06-21,S002,P046,7,3891.51
SALE-20260621-S002-P047,2026-06-21,S002,P047,15,14144.85
SALE-20260621-S002-P048,2026-06-21,S002,P048,11,5211.58
SALE-20260621-S002-P049,2026-06-21,S002,P049,17,10789.22
SALE-20260621-S002-P050,2026-06-21,S002,P050,7,2732.66
SALE-20260621-S003-P001,2026-06-21,S003,P001,9,7099.74
SALE-20260621-S003-P002,2026-06-21,S003,P002,3,1947.45
SALE-20260621-S003-P003,2026-06-21,S003,P003,5,5354.35
SALE-20260621-S003-P004,2026-06-21,S003,P004,1,152.15
SALE-20260621-S003-P005,2026-06-21,S003,P005,10,4409.0
SALE-20260621-S003-P006,2026-06-21,S003,P006,3,2513.97
SALE-20260621-S003-P007,2026-06-21,S003,P007,7,1799.14
SALE-20260621-S003-P008,2026-06-21,S003,P008,12,10609.8
SALE-20260621-S003-P009,2026-06-21,S003,P009,6,4537.14
SALE-20260621-S003-P010,2026-06-21,S003,P010,4,3946.8
SALE-20260621-S003-P011,2026-06-21,S003,P011,2,437.8
SALE-20260621-S003-P012,2026-06-21,S003,P012,9,1699.47
SALE-20260621-S003-P013,2026-06-21,S003,P013,11,9513.68
SALE-20260621-S003-P014,2026-06-21,S003,P014,10,3939.1
SALE-20260621-S003-P015,2026-06-21,S003,P015,2,390.24
SALE-20260621-S003-P016,2026-06-21,S003,P016,6,1585.02
SALE-20260621-S003-P017,2026-06-21,S003,P017,10,5034.9
SALE-20260621-S003-P018,2026-06-21,S003,P018,14,5147.8
SALE-20260621-S003-P019,2026-06-21,S003,P019,8,6466.16
SALE-20260621-S003-P020,2026-06-21,S003,P020,7,4508.77
SALE-20260621-S003-P021,2026-06-21,S003,P021,2,394.94
SALE-20260621-S003-P022,2026-06-21,S003,P022,6,4371.24
SALE-20260621-S003-P023,2026-06-21,S003,P023,7,5597.9
SALE-20260621-S003-P024,2026-06-21,S003,P024,8,1195.2
SALE-20260621-S003-P025,2026-06-21,S003,P025,2,1380.94
SALE-20260621-S003-P026,2026-06-21,S003,P026,15,12298.2
SALE-20260621-S003-P027,2026-06-21,S003,P027,15,8840.7
SALE-20260621-S003-P028,2026-06-21,S003,P028,2,111.34
SALE-20260621-S003-P029,2026-06-21,S003,P029,10,2351.3
SALE-20260621-S003-P030,2026-06-21,S003,P030,1,230.66
SALE-20260621-S003-P031,2026-06-21,S003,P031,9,2622.78
SALE-20260621-S003-P032,2026-06-21,S003,P032,1,626.6
SALE-20260621-S003-P033,2026-06-21,S003,P033,9,6074.19
SALE-20260621-S003-P034,2026-06-21,S003,P034,5,846.95
SALE-20260621-S003-P035,2026-06-21,S003,P035,17,2083.86
SALE-20260621-S003-P036,2026-06-21,S003,P036,2,374.78
SALE-20260621-S003-P037,2026-06-21,S003,P037,14,2622.9
SALE-20260621-S003-P038,2026-06-21,S003,P038,4,1547.32
SALE-20260621-S003-P039,2026-06-21,S003,P039,2,1268.2
SALE-20260621-S003-P040,2026-06-21,S003,P040,8,1288.4
SALE-20260621-S003-P041,2026-06-21,S003,P041,2,1968.78
SALE-20260621-S003-P042,2026-06-21,S003,P042,14,14958.86
SALE-20260621-S003-P043,2026-06-21,S003,P043,14,10283.84
SALE-20260621-S003-P044,2026-06-21,S003,P044,3,404.85
SALE-20260621-S003-P045,2026-06-21,S003,P045,20,8913.0
SALE-20260621-S003-P046,2026-06-21,S003,P046,1,555.93
SALE-20260621-S003-P047,2026-06-21,S003,P047,9,8486.91
SALE-20260621-S003-P048,2026-06-21,S003,P048,3,1421.34
SALE-20260621-S003-P049,2026-06-21,S003,P049,10,6346.6
SALE-20260622-S001-P001,2026-06-22,S001,P001,10,7888.6
SALE-20260622-S001-P002,2026-06-22,S001,P002,6,3894.9
SALE-20260622-S001-P003,2026-06-22,S001,P003,3,3212.61
SALE-20260622-S001-P004,2026-06-22,S001,P004,1,152.15
SALE-20260622-S001-P005,2026-06-22,S001,P005,7,3086.3
SALE-20260622-S001-P006,2026-06-22,S001,P006,5,4189.95
SALE-20260622-S001-P007,2026-06-22,S001,P007,15,3855.3
SALE-20260622-S001-P008,2026-06-22,S001,P008,11,9725.65
SALE-20260622-S001-P009,2026-06-22,S001,P009,5,3780.95
SALE-20260622-S001-P010,2026-06-22,S001,P010,12,11840.4
SALE-20260622-S001-P011,2026-06-22,S001,P011,1,218.9
SALE-20260622-S001-P012,2026-06-22,S001,P012,12,2265.96
SALE-20260622-S001-P013,2026-06-22,S001,P013,14,12108.32
SALE-20260622-S001-P014,2026-06-22,S001,P014,16,6302.56
SALE-20260622-S001-P015,2026-06-22,S001,P015,2,390.24
SALE-20260622-S001-P016,2026-06-22,S001,P016,9,2377.53
SALE-20260622-S001-P017,2026-06-22,S001,P017,9,4531.41
SALE-20260622-S001-P018,2026-06-22,S001,P018,19,6986.3
SALE-20260622-S001-P019,2026-06-22,S001,P019,7,5657.89
SALE-20260622-S001-P020,2026-06-22,S001,P020,11,7085.21
SALE-20260622-S001-P021,2026-06-22,S001,P021,6,1184.82
SALE-20260622-S001-P022,2026-06-22,S001,P022,6,4371.24
SALE-20260622-S001-P023,2026-06-22,S001,P023,11,8796.7
SALE-20260622-S001-P024,2026-06-22,S001,P024,3,448.2
SALE-20260622-S001-P025,2026-06-22,S001,P025,4,2761.88
SALE-20260622-S001-P026,2026-06-22,S001,P026,12,9838.56
SALE-20260622-S001-P027,2026-06-22,S001,P027,16,9430.08
SALE-20260622-S001-P028,2026-06-22,S001,P028,4,222.68
SALE-20260622-S001-P029,2026-06-22,S001,P029,10,2351.3
SALE-20260622-S001-P030,2026-06-22,S001,P030,4,922.64
SALE-20260622-S001-P031,2026-06-22,S001,P031,13,3788.46
SALE-20260622-S001-P032,2026-06-22,S001,P032,0,0.0
SALE-20260622-S001-P033,2026-06-22,S001,P033,10,6749.1
SALE-20260622-S001-P034,2026-06-22,S001,P034,11,1863.29
SALE-20260622-S001-P035,2026-06-22,S001,P035,16,1961.28
SALE-20260622-S001-P036,2026-06-22,S001,P036,3,562.17
SALE-20260622-S001-P037,2026-06-22,S001,P037,14,2622.9
SALE-20260622-S001-P038,2026-06-22,S001,P038,4,1547.32
SALE-20260622-S001-P039,2026-06-22,S001,P039,3,1902.3
SALE-20260622-S001-P040,2026-06-22,S001,P040,12,1932.6
SALE-20260622-S001-P041,2026-06-22,S001,P041,7,6890.73
SALE-20260622-S001-P042,2026-06-22,S001,P042,16,17095.84
SALE-20260622-S001-P043,2026-06-22,S001,P043,10,7345.6
SALE-20260622-S001-P044,2026-06-22,S001,P044,5,674.75
SALE-20260622-S001-P045,2026-06-22,S001,P045,15,6684.75
SALE-20260622-S001-P046,2026-06-22,S001,P046,4,2223.72
SALE-20260622-S001-P047,2026-06-22,S001,P047,11,10372.89
SALE-20260622-S001-P048,2026-06-22,S001,P048,4,1895.12
SALE-20260622-S001-P049,2026-06-22,S001,P049,19,12058.54
SALE-20260622-S001-P050,2026-06-22,S001,P050,6,2342.28
SALE-20260622-S002-P001,2026-06-22,S002,P001,8,6310.88
SALE-20260622-S002-P002,2026-06-22,S002,P002,7,4544.05
SALE-20260622-S002-P003,2026-06-22,S002,P003,1,1070.87
SALE-20260622-S002-P004,2026-06-22,S002,P004,1,152.15
SALE-20260622-S002-P005,2026-06-22,S002,P005,9,3968.1
SALE-20260622-S002-P006,2026-06-22,S002,P006,5,4189.95
SALE-20260622-S002-P007,2026-06-22,S002,P007,0,0.0
SALE-20260622-S002-P008,2026-06-22,S002,P008,20,17683.0
SALE-20260622-S002-P009,2026-06-22,S002,P009,12,9074.28
SALE-20260622-S002-P010,2026-06-22,S002,P010,12,11840.4
SALE-20260622-S002-P011,2026-06-22,S002,P011,2,437.8
SALE-20260622-S002-P012,2026-06-22,S002,P012,17,3210.11
SALE-20260622-S002-P013,2026-06-22,S002,P013,16,13838.08
SALE-20260622-S002-P014,2026-06-22,S002,P014,24,9453.84
SALE-20260622-S002-P015,2026-06-22,S002,P015,7,1365.84
SALE-20260622-S002-P016,2026-06-22,S002,P016,8,2113.36
SALE-20260622-S002-P017,2026-06-22,S002,P017,12,6041.88
SALE-20260622-S002-P018,2026-06-22,S002,P018,24,8824.8
SALE-20260622-S002-P019,2026-06-22,S002,P019,18,14548.86
SALE-20260622-S002-P020,2026-06-22,S002,P020,13,8373.43
SALE-20260622-S002-P021,2026-06-22,S002,P021,5,987.35
SALE-20260622-S002-P022,2026-06-22,S002,P022,10,7285.4
SALE-20260622-S002-P023,2026-06-22,S002,P023,7,5597.9
SALE-20260622-S002-P024,2026-06-22,S002,P024,9,1344.6
SALE-20260622-S002-P025,2026-06-22,S002,P025,3,2071.41
SALE-20260622-S002-P026,2026-06-22,S002,P026,19,15577.72
SALE-20260622-S002-P027,2026-06-22,S002,P027,20,11787.6
SALE-20260622-S002-P028,2026-06-22,S002,P028,5,278.35
SALE-20260622-S002-P029,2026-06-22,S002,P029,11,2586.43
SALE-20260622-S002-P030,2026-06-22,S002,P030,6,1383.96
SALE-20260622-S002-P031,2026-06-22,S002,P031,10,2914.2
SALE-20260622-S002-P032,2026-06-22,S002,P032,1,626.6
SALE-20260622-S002-P033,2026-06-22,S002,P033,20,13498.2
SALE-20260622-S002-P034,2026-06-22,S002,P034,16,2710.24
SALE-20260622-S002-P035,2026-06-22,S002,P035,16,1961.28
SALE-20260622-S002-P036,2026-06-22,S002,P036,4,749.56
SALE-20260622-S002-P037,2026-06-22,S002,P037,19,3559.65
SALE-20260622-S002-P038,2026-06-22,S002,P038,7,2707.81
SALE-20260622-S002-P039,2026-06-22,S002,P039,3,1902.3
SALE-20260622-S002-P040,2026-06-22,S002,P040,13,2093.65
SALE-20260622-S002-P041,2026-06-22,S002,P041,5,4921.95
SALE-20260622-S002-P042,2026-06-22,S002,P042,15,16027.35
SALE-20260622-S002-P043,2026-06-22,S002,P043,18,13222.08
SALE-20260622-S002-P044,2026-06-22,S002,P044,4,539.8
SALE-20260622-S002-P045,2026-06-22,S002,P045,20,8913.0
SALE-20260622-S002-P046,2026-06-22,S002,P046,6,3335.58
SALE-20260622-S002-P047,2026-06-22,S002,P047,11,10372.89
SALE-20260622-S002-P048,2026-06-22,S002,P048,8,3790.24
SALE-20260622-S002-P049,2026-06-22,S002,P049,26,16501.16
SALE-20260622-S002-P050,2026-06-22,S002,P050,2,780.76
SALE-20260622-S003-P001,2026-06-22,S003,P001,5,3944.3
SALE-20260622-S003-P002,2026-06-22,S003,P002,4,2596.6
SALE-20260622-S003-P003,2026-06-22,S003,P003,0,0.0
SALE-20260622-S003-P004,2026-06-22,S003,P004,3,456.45
SALE-20260622-S003-P005,2026-06-22,S003,P005,8,3527.2
SALE-20260622-S003-P006,2026-06-22,S003,P006,3,2513.97
SALE-20260622-S003-P007,2026-06-22,S003,P007,18,4626.36
SALE-20260622-S003-P008,2026-06-22,S003,P008,11,9725.65
SALE-20260622-S003-P009,2026-06-22,S003,P009,10,7561.9
SALE-20260622-S003-P010,2026-06-22,S003,P010,5,4933.5
SALE-20260622-S003-P011,2026-06-22,S003,P011,2,437.8
SALE-20260622-S003-P012,2026-06-22,S003,P012,8,1510.64
SALE-20260622-S003-P013,2026-06-22,S003,P013,14,12108.32
SALE-20260622-S003-P014,2026-06-22,S003,P014,12,4726.92
SALE-20260622-S003-P015,2026-06-22,S003,P015,2,390.24
SALE-20260622-S003-P016,2026-06-22,S003,P016,7,1849.19
SALE-20260622-S003-P017,2026-06-22,S003,P017,5,2517.45
SALE-20260622-S003-P018,2026-06-22,S003,P018,9,3309.3
SALE-20260622-S003-P019,2026-06-22,S003,P019,13,10507.51
SALE-20260622-S003-P020,2026-06-22,S003,P020,13,8373.43
SALE-20260622-S003-P021,2026-06-22,S003,P021,4,789.88
SALE-20260622-S003-P022,2026-06-22,S003,P022,6,4371.24
SALE-20260622-S003-P023,2026-06-22,S003,P023,8,6397.6
SALE-20260622-S003-P024,2026-06-22,S003,P024,8,1195.2
SALE-20260622-S003-P025,2026-06-22,S003,P025,2,1380.94
SALE-20260622-S003-P026,2026-06-22,S003,P026,8,6559.04
SALE-20260622-S003-P027,2026-06-22,S003,P027,12,7072.56
SALE-20260622-S003-P028,2026-06-22,S003,P028,4,222.68
SALE-20260622-S003-P029,2026-06-22,S003,P029,8,1881.04
SALE-20260622-S003-P030,2026-06-22,S003,P030,4,922.64
SALE-20260622-S003-P031,2026-06-22,S003,P031,9,2622.78
SALE-20260622-S003-P032,2026-06-22,S003,P032,7,4386.2
SALE-20260622-S003-P033,2026-06-22,S003,P033,5,3374.55
SALE-20260622-S003-P034,2026-06-22,S003,P034,14,2371.46
SALE-20260622-S003-P035,2026-06-22,S003,P035,5,612.9
SALE-20260622-S003-P036,2026-06-22,S003,P036,0,0.0
SALE-20260622-S003-P037,2026-06-22,S003,P037,14,2622.9
SALE-20260622-S003-P038,2026-06-22,S003,P038,8,3094.64
SALE-20260622-S003-P039,2026-06-22,S003,P039,0,0.0
SALE-20260622-S003-P040,2026-06-22,S003,P040,7,1127.35
SALE-20260622-S003-P041,2026-06-22,S003,P041,7,6890.73
SALE-20260622-S003-P042,2026-06-22,S003,P042,15,16027.35
SALE-20260622-S003-P043,2026-06-22,S003,P043,13,9549.28
SALE-20260622-S003-P044,2026-06-22,S003,P044,1,134.95
SALE-20260622-S003-P045,2026-06-22,S003,P045,15,6684.75
SALE-20260622-S003-P046,2026-06-22,S003,P046,8,4447.44
SALE-20260622-S003-P047,2026-06-22,S003,P047,7,6600.93
SALE-20260622-S003-P048,2026-06-22,S003,P048,5,2368.9
SALE-20260622-S003-P049,2026-06-22,S003,P049,11,6981.26
SALE-20260623-S001-P001,2026-06-23,S001,P001,4,3155.44
SALE-20260623-S001-P002,2026-06-23,S001,P002,4,2596.6
SALE-20260623-S001-P003,2026-06-23,S001,P003,3,3212.61
SALE-20260623-S001-P004,2026-06-23,S001,P004,4,608.6
SALE-20260623-S001-P005,2026-06-23,S001,P005,10,4409.0
SALE-20260623-S001-P006,2026-06-23,S001,P006,3,2513.97
SALE-20260623-S001-P007,2026-06-23,S001,P007,12,3084.24
SALE-20260623-S001-P008,2026-06-23,S001,P008,9,7957.35
SALE-20260623-S001-P009,2026-06-23,S001,P009,7,5293.33
SALE-20260623-S001-P010,2026-06-23,S001,P010,12,11840.4
SALE-20260623-S001-P011,2026-06-23,S001,P011,1,218.9
SALE-20260623-S001-P012,2026-06-23,S001,P012,9,1699.47
SALE-20260623-S001-P013,2026-06-23,S001,P013,9,7783.92
SALE-20260623-S001-P014,2026-06-23,S001,P014,12,4726.92
SALE-20260623-S001-P015,2026-06-23,S001,P015,4,780.48
SALE-20260623-S001-P016,2026-06-23,S001,P016,7,1849.19
SALE-20260623-S001-P017,2026-06-23,S001,P017,5,2517.45
SALE-20260623-S001-P018,2026-06-23,S001,P018,13,4780.1
SALE-20260623-S001-P019,2026-06-23,S001,P019,10,8082.7
SALE-20260623-S001-P020,2026-06-23,S001,P020,10,6441.1
SALE-20260623-S001-P021,2026-06-23,S001,P021,8,1579.76
SALE-20260623-S001-P022,2026-06-23,S001,P022,8,5828.32
SALE-20260623-S001-P023,2026-06-23,S001,P023,9,7197.3
SALE-20260623-S001-P024,2026-06-23,S001,P024,8,1195.2
SALE-20260623-S001-P025,2026-06-23,S001,P025,0,0.0
SALE-20260623-S001-P026,2026-06-23,S001,P026,13,10658.44
SALE-20260623-S001-P027,2026-06-23,S001,P027,23,13555.74
SALE-20260623-S001-P028,2026-06-23,S001,P028,2,111.34
SALE-20260623-S001-P029,2026-06-23,S001,P029,7,1645.91
SALE-20260623-S001-P030,2026-06-23,S001,P030,1,230.66
SALE-20260623-S001-P031,2026-06-23,S001,P031,8,2331.36
SALE-20260623-S001-P032,2026-06-23,S001,P032,8,5012.8
SALE-20260623-S001-P033,2026-06-23,S001,P033,7,4724.37
SALE-20260623-S001-P034,2026-06-23,S001,P034,9,1524.51
SALE-20260623-S001-P035,2026-06-23,S001,P035,9,1103.22
SALE-20260623-S001-P036,2026-06-23,S001,P036,5,936.95
SALE-20260623-S001-P037,2026-06-23,S001,P037,15,2810.25
SALE-20260623-S001-P038,2026-06-23,S001,P038,4,1547.32
SALE-20260623-S001-P039,2026-06-23,S001,P039,1,634.1
SALE-20260623-S001-P040,2026-06-23,S001,P040,11,1771.55
SALE-20260623-S001-P041,2026-06-23,S001,P041,6,5906.34
SALE-20260623-S001-P042,2026-06-23,S001,P042,18,19232.82
SALE-20260623-S001-P043,2026-06-23,S001,P043,11,8080.16
SALE-20260623-S001-P044,2026-06-23,S001,P044,6,809.7
SALE-20260623-S001-P045,2026-06-23,S001,P045,19,8467.35
SALE-20260623-S001-P046,2026-06-23,S001,P046,7,3891.51
SALE-20260623-S001-P047,2026-06-23,S001,P047,5,4714.95
SALE-20260623-S001-P048,2026-06-23,S001,P048,4,1895.12
SALE-20260623-S001-P049,2026-06-23,S001,P049,14,8885.24
SALE-20260623-S001-P050,2026-06-23,S001,P050,7,2732.66
SALE-20260623-S002-P001,2026-06-23,S002,P001,9,7099.74
SALE-20260623-S002-P002,2026-06-23,S002,P002,7,4544.05
SALE-20260623-S002-P003,2026-06-23,S002,P003,6,6425.22
SALE-20260623-S002-P004,2026-06-23,S002,P004,0,0.0
SALE-20260623-S002-P005,2026-06-23,S002,P005,8,3527.2
SALE-20260623-S002-P006,2026-06-23,S002,P006,3,2513.97
SALE-20260623-S002-P007,2026-06-23,S002,P007,0,0.0
SALE-20260623-S002-P008,2026-06-23,S002,P008,7,6189.05
SALE-20260623-S002-P009,2026-06-23,S002,P009,10,7561.9
SALE-20260623-S002-P010,2026-06-23,S002,P010,16,15787.2
SALE-20260623-S002-P011,2026-06-23,S002,P011,1,218.9
SALE-20260623-S002-P012,2026-06-23,S002,P012,14,2643.62
SALE-20260623-S002-P013,2026-06-23,S002,P013,6,5189.28
SALE-20260623-S002-P014,2026-06-23,S002,P014,19,7484.29
SALE-20260623-S002-P015,2026-06-23,S002,P015,2,390.24
SALE-20260623-S002-P016,2026-06-23,S002,P016,10,2641.7
SALE-20260623-S002-P017,2026-06-23,S002,P017,9,4531.41
SALE-20260623-S002-P018,2026-06-23,S002,P018,22,8089.4
SALE-20260623-S002-P019,2026-06-23,S002,P019,13,10507.51
SALE-20260623-S002-P020,2026-06-23,S002,P020,13,8373.43
SALE-20260623-S002-P021,2026-06-23,S002,P021,8,1579.76
SALE-20260623-S002-P022,2026-06-23,S002,P022,5,3642.7
SALE-20260623-S002-P023,2026-06-23,S002,P023,6,4798.2
SALE-20260623-S002-P024,2026-06-23,S002,P024,4,597.6
SALE-20260623-S002-P025,2026-06-23,S002,P025,1,690.47
SALE-20260623-S002-P026,2026-06-23,S002,P026,22,18037.36
SALE-20260623-S002-P027,2026-06-23,S002,P027,15,8840.7
SALE-20260623-S002-P028,2026-06-23,S002,P028,7,389.69
SALE-20260623-S002-P029,2026-06-23,S002,P029,8,1881.04
SALE-20260623-S002-P030,2026-06-23,S002,P030,3,691.98
SALE-20260623-S002-P031,2026-06-23,S002,P031,12,3497.04
SALE-20260623-S002-P032,2026-06-23,S002,P032,5,3133.0
SALE-20260623-S002-P033,2026-06-23,S002,P033,9,6074.19
SALE-20260623-S002-P034,2026-06-23,S002,P034,15,2540.85
SALE-20260623-S002-P035,2026-06-23,S002,P035,16,1961.28
SALE-20260623-S002-P036,2026-06-23,S002,P036,2,374.78
SALE-20260623-S002-P037,2026-06-23,S002,P037,20,3747.0
SALE-20260623-S002-P038,2026-06-23,S002,P038,9,3481.47
SALE-20260623-S002-P039,2026-06-23,S002,P039,3,1902.3
SALE-20260623-S002-P040,2026-06-23,S002,P040,11,1771.55
SALE-20260623-S002-P041,2026-06-23,S002,P041,6,5906.34
SALE-20260623-S002-P042,2026-06-23,S002,P042,20,21369.8
SALE-20260623-S002-P043,2026-06-23,S002,P043,17,12487.52
SALE-20260623-S002-P044,2026-06-23,S002,P044,5,674.75
SALE-20260623-S002-P045,2026-06-23,S002,P045,13,5793.45
SALE-20260623-S002-P046,2026-06-23,S002,P046,7,3891.51
SALE-20260623-S002-P047,2026-06-23,S002,P047,10,9429.9
SALE-20260623-S002-P048,2026-06-23,S002,P048,6,2842.68
SALE-20260623-S002-P049,2026-06-23,S002,P049,14,8885.24
SALE-20260623-S002-P050,2026-06-23,S002,P050,5,1951.9
SALE-20260623-S003-P001,2026-06-23,S003,P001,8,6310.88
SALE-20260623-S003-P002,2026-06-23,S003,P002,4,2596.6
SALE-20260623-S003-P003,2026-06-23,S003,P003,0,0.0
SALE-20260623-S003-P004,2026-06-23,S003,P004,3,456.45
SALE-20260623-S003-P005,2026-06-23,S003,P005,9,3968.1
SALE-20260623-S003-P006,2026-06-23,S003,P006,3,2513.97
SALE-20260623-S003-P007,2026-06-23,S003,P007,14,3598.28
SALE-20260623-S003-P008,2026-06-23,S003,P008,5,4420.75
SALE-20260623-S003-P009,2026-06-23,S003,P009,4,3024.76
SALE-20260623-S003-P010,2026-06-23,S003,P010,3,2960.1
SALE-20260623-S003-P011,2026-06-23,S003,P011,2,437.8
SALE-20260623-S003-P012,2026-06-23,S003,P012,11,2077.13
SALE-20260623-S003-P013,2026-06-23,S003,P013,6,5189.28
SALE-20260623-S003-P014,2026-06-23,S003,P014,6,2363.46
SALE-20260623-S003-P015,2026-06-23,S003,P015,2,390.24
SALE-20260623-S003-P016,2026-06-23,S003,P016,9,2377.53
SALE-20260623-S003-P017,2026-06-23,S003,P017,7,3524.43
SALE-20260623-S003-P018,2026-06-23,S003,P018,6,2206.2
SALE-20260623-S003-P019,2026-06-23,S003,P019,14,11315.78
SALE-20260623-S003-P020,2026-06-23,S003,P020,4,2576.44
SALE-20260623-S003-P021,2026-06-23,S003,P021,7,1382.29
SALE-20260623-S003-P022,2026-06-23,S003,P022,6,4371.24
SALE-20260623-S003-P023,2026-06-23,S003,P023,5,3998.5
SALE-20260623-S003-P024,2026-06-23,S003,P024,9,1344.6
SALE-20260623-S003-P025,2026-06-23,S003,P025,1,690.47
SALE-20260623-S003-P026,2026-06-23,S003,P026,10,8198.8
SALE-20260623-S003-P027,2026-06-23,S003,P027,12,7072.56
SALE-20260623-S003-P028,2026-06-23,S003,P028,3,167.01
SALE-20260623-S003-P029,2026-06-23,S003,P029,9,2116.17
SALE-20260623-S003-P030,2026-06-23,S003,P030,6,1383.96
SALE-20260623-S003-P031,2026-06-23,S003,P031,12,3497.04
SALE-20260623-S003-P032,2026-06-23,S003,P032,5,3133.0
SALE-20260623-S003-P033,2026-06-23,S003,P033,5,3374.55
SALE-20260623-S003-P034,2026-06-23,S003,P034,14,2371.46
SALE-20260623-S003-P035,2026-06-23,S003,P035,9,1103.22
SALE-20260623-S003-P036,2026-06-23,S003,P036,4,749.56
SALE-20260623-S003-P037,2026-06-23,S003,P037,14,2622.9
SALE-20260623-S003-P038,2026-06-23,S003,P038,2,773.66
SALE-20260623-S003-P039,2026-06-23,S003,P039,0,0.0
SALE-20260623-S003-P040,2026-06-23,S003,P040,8,1288.4
SALE-20260623-S003-P041,2026-06-23,S003,P041,4,3937.56
SALE-20260623-S003-P042,2026-06-23,S003,P042,7,7479.43
SALE-20260623-S003-P043,2026-06-23,S003,P043,10,7345.6
SALE-20260623-S003-P044,2026-06-23,S003,P044,5,674.75
SALE-20260623-S003-P045,2026-06-23,S003,P045,15,6684.75
SALE-20260623-S003-P046,2026-06-23,S003,P046,1,555.93
SALE-20260623-S003-P047,2026-06-23,S003,P047,7,6600.93
SALE-20260623-S003-P048,2026-06-23,S003,P048,8,3790.24
SALE-20260623-S003-P049,2026-06-23,S003,P049,17,10789.22
SALE-20260624-S001-P001,2026-06-24,S001,P001,8,6310.88
SALE-20260624-S001-P002,2026-06-24,S001,P002,6,3894.9
SALE-20260624-S001-P003,2026-06-24,S001,P003,5,5354.35
SALE-20260624-S001-P004,2026-06-24,S001,P004,3,456.45
SALE-20260624-S001-P005,2026-06-24,S001,P005,11,4849.9
SALE-20260624-S001-P006,2026-06-24,S001,P006,2,1675.98
SALE-20260624-S001-P007,2026-06-24,S001,P007,8,2056.16
SALE-20260624-S001-P008,2026-06-24,S001,P008,4,3536.6
SALE-20260624-S001-P009,2026-06-24,S001,P009,4,3024.76
SALE-20260624-S001-P010,2026-06-24,S001,P010,8,7893.6
SALE-20260624-S001-P011,2026-06-24,S001,P011,2,437.8
SALE-20260624-S001-P012,2026-06-24,S001,P012,10,1888.3
SALE-20260624-S001-P013,2026-06-24,S001,P013,8,6919.04
SALE-20260624-S001-P014,2026-06-24,S001,P014,8,3151.28
SALE-20260624-S001-P015,2026-06-24,S001,P015,0,0.0
SALE-20260624-S001-P016,2026-06-24,S001,P016,2,528.34
SALE-20260624-S001-P017,2026-06-24,S001,P017,8,4027.92
SALE-20260624-S001-P018,2026-06-24,S001,P018,12,4412.4
SALE-20260624-S001-P019,2026-06-24,S001,P019,10,8082.7
SALE-20260624-S001-P020,2026-06-24,S001,P020,5,3220.55
SALE-20260624-S001-P021,2026-06-24,S001,P021,8,1579.76
SALE-20260624-S001-P022,2026-06-24,S001,P022,5,3642.7
SALE-20260624-S001-P023,2026-06-24,S001,P023,13,10396.1
SALE-20260624-S001-P024,2026-06-24,S001,P024,5,747.0
SALE-20260624-S001-P025,2026-06-24,S001,P025,1,690.47
SALE-20260624-S001-P026,2026-06-24,S001,P026,11,9018.68
SALE-20260624-S001-P027,2026-06-24,S001,P027,13,7661.94
SALE-20260624-S001-P028,2026-06-24,S001,P028,2,111.34
SALE-20260624-S001-P029,2026-06-24,S001,P029,11,2586.43
SALE-20260624-S001-P030,2026-06-24,S001,P030,5,1153.3
SALE-20260624-S001-P031,2026-06-24,S001,P031,5,1457.1
SALE-20260624-S001-P032,2026-06-24,S001,P032,3,1879.8
SALE-20260624-S001-P033,2026-06-24,S001,P033,12,8098.92
SALE-20260624-S001-P034,2026-06-24,S001,P034,10,1693.9
SALE-20260624-S001-P035,2026-06-24,S001,P035,16,1961.28
SALE-20260624-S001-P036,2026-06-24,S001,P036,0,0.0
SALE-20260624-S001-P037,2026-06-24,S001,P037,8,1498.8
SALE-20260624-S001-P038,2026-06-24,S001,P038,4,1547.32
SALE-20260624-S001-P039,2026-06-24,S001,P039,2,1268.2
SALE-20260624-S001-P040,2026-06-24,S001,P040,6,966.3
SALE-20260624-S001-P041,2026-06-24,S001,P041,8,7875.12
SALE-20260624-S001-P042,2026-06-24,S001,P042,11,11753.39
SALE-20260624-S001-P043,2026-06-24,S001,P043,11,8080.16
SALE-20260624-S001-P044,2026-06-24,S001,P044,5,674.75
SALE-20260624-S001-P045,2026-06-24,S001,P045,12,5347.8
SALE-20260624-S001-P046,2026-06-24,S001,P046,2,1111.86
SALE-20260624-S001-P047,2026-06-24,S001,P047,6,5657.94
SALE-20260624-S001-P048,2026-06-24,S001,P048,13,6159.14
SALE-20260624-S001-P049,2026-06-24,S001,P049,14,8885.24
SALE-20260624-S001-P050,2026-06-24,S001,P050,4,1561.52
SALE-20260624-S002-P001,2026-06-24,S002,P001,10,7888.6
SALE-20260624-S002-P002,2026-06-24,S002,P002,4,2596.6
SALE-20260624-S002-P003,2026-06-24,S002,P003,1,1070.87
SALE-20260624-S002-P004,2026-06-24,S002,P004,0,0.0
SALE-20260624-S002-P005,2026-06-24,S002,P005,12,5290.8
SALE-20260624-S002-P006,2026-06-24,S002,P006,7,5865.93
SALE-20260624-S002-P007,2026-06-24,S002,P007,0,0.0
SALE-20260624-S002-P008,2026-06-24,S002,P008,8,7073.2
SALE-20260624-S002-P009,2026-06-24,S002,P009,4,3024.76
SALE-20260624-S002-P010,2026-06-24,S002,P010,14,13813.8
SALE-20260624-S002-P011,2026-06-24,S002,P011,2,437.8
SALE-20260624-S002-P012,2026-06-24,S002,P012,17,3210.11
SALE-20260624-S002-P013,2026-06-24,S002,P013,11,9513.68
SALE-20260624-S002-P014,2026-06-24,S002,P014,8,3151.28
SALE-20260624-S002-P015,2026-06-24,S002,P015,1,195.12
SALE-20260624-S002-P016,2026-06-24,S002,P016,2,528.34
SALE-20260624-S002-P017,2026-06-24,S002,P017,16,8055.84
SALE-20260624-S002-P018,2026-06-24,S002,P018,22,8089.4
SALE-20260624-S002-P019,2026-06-24,S002,P019,6,4849.62
SALE-20260624-S002-P020,2026-06-24,S002,P020,8,5152.88
SALE-20260624-S002-P021,2026-06-24,S002,P021,7,1382.29
SALE-20260624-S002-P022,2026-06-24,S002,P022,6,4371.24
SALE-20260624-S002-P023,2026-06-24,S002,P023,14,11195.8
SALE-20260624-S002-P024,2026-06-24,S002,P024,10,1494.0
SALE-20260624-S002-P025,2026-06-24,S002,P025,1,690.47
SALE-20260624-S002-P026,2026-06-24,S002,P026,15,12298.2
SALE-20260624-S002-P027,2026-06-24,S002,P027,26,15323.88
SALE-20260624-S002-P028,2026-06-24,S002,P028,4,222.68
SALE-20260624-S002-P029,2026-06-24,S002,P029,13,3056.69
SALE-20260624-S002-P030,2026-06-24,S002,P030,3,691.98
SALE-20260624-S002-P031,2026-06-24,S002,P031,13,3788.46
SALE-20260624-S002-P032,2026-06-24,S002,P032,3,1879.8
SALE-20260624-S002-P033,2026-06-24,S002,P033,9,6074.19
SALE-20260624-S002-P034,2026-06-24,S002,P034,7,1185.73
SALE-20260624-S002-P035,2026-06-24,S002,P035,9,1103.22
SALE-20260624-S002-P036,2026-06-24,S002,P036,3,562.17
SALE-20260624-S002-P037,2026-06-24,S002,P037,21,3934.35
SALE-20260624-S002-P038,2026-06-24,S002,P038,3,1160.49
SALE-20260624-S002-P039,2026-06-24,S002,P039,2,1268.2
SALE-20260624-S002-P040,2026-06-24,S002,P040,7,1127.35
SALE-20260624-S002-P041,2026-06-24,S002,P041,11,10828.29
SALE-20260624-S002-P042,2026-06-24,S002,P042,18,19232.82
SALE-20260624-S002-P043,2026-06-24,S002,P043,15,11018.4
SALE-20260624-S002-P044,2026-06-24,S002,P044,5,674.75
SALE-20260624-S002-P045,2026-06-24,S002,P045,17,7576.05
SALE-20260624-S002-P046,2026-06-24,S002,P046,6,3335.58
SALE-20260624-S002-P047,2026-06-24,S002,P047,11,10372.89
SALE-20260624-S002-P048,2026-06-24,S002,P048,6,2842.68
SALE-20260624-S002-P049,2026-06-24,S002,P049,13,8250.58
SALE-20260624-S002-P050,2026-06-24,S002,P050,1,390.38
SALE-20260624-S003-P001,2026-06-24,S003,P001,3,2366.58
SALE-20260624-S003-P002,2026-06-24,S003,P002,7,4544.05
SALE-20260624-S003-P003,2026-06-24,S003,P003,3,3212.61
SALE-20260624-S003-P004,2026-06-24,S003,P004,5,760.75
SALE-20260624-S003-P005,2026-06-24,S003,P005,6,2645.4
SALE-20260624-S003-P006,2026-06-24,S003,P006,5,4189.95
SALE-20260624-S003-P007,2026-06-24,S003,P007,9,2313.18
SALE-20260624-S003-P008,2026-06-24,S003,P008,7,6189.05
SALE-20260624-S003-P009,2026-06-24,S003,P009,8,6049.52
SALE-20260624-S003-P010,2026-06-24,S003,P010,10,9867.0
SALE-20260624-S003-P011,2026-06-24,S003,P011,0,0.0
SALE-20260624-S003-P012,2026-06-24,S003,P012,14,2643.62
SALE-20260624-S003-P013,2026-06-24,S003,P013,5,4324.4
SALE-20260624-S003-P014,2026-06-24,S003,P014,16,6302.56
SALE-20260624-S003-P015,2026-06-24,S003,P015,3,585.36
SALE-20260624-S003-P016,2026-06-24,S003,P016,5,1320.85
SALE-20260624-S003-P017,2026-06-24,S003,P017,3,1510.47
SALE-20260624-S003-P018,2026-06-24,S003,P018,11,4044.7
SALE-20260624-S003-P019,2026-06-24,S003,P019,4,3233.08
SALE-20260624-S003-P020,2026-06-24,S003,P020,10,6441.1
SALE-20260624-S003-P021,2026-06-24,S003,P021,2,394.94
SALE-20260624-S003-P022,2026-06-24,S003,P022,4,2914.16
SALE-20260624-S003-P023,2026-06-24,S003,P023,4,3198.8
SALE-20260624-S003-P024,2026-06-24,S003,P024,7,1045.8
SALE-20260624-S003-P025,2026-06-24,S003,P025,1,690.47
SALE-20260624-S003-P026,2026-06-24,S003,P026,13,10658.44
SALE-20260624-S003-P027,2026-06-24,S003,P027,15,8840.7
SALE-20260624-S003-P028,2026-06-24,S003,P028,1,55.67
SALE-20260624-S003-P029,2026-06-24,S003,P029,9,2116.17
SALE-20260624-S003-P030,2026-06-24,S003,P030,2,461.32
SALE-20260624-S003-P031,2026-06-24,S003,P031,7,2039.94
SALE-20260624-S003-P032,2026-06-24,S003,P032,4,2506.4
SALE-20260624-S003-P033,2026-06-24,S003,P033,6,4049.46
SALE-20260624-S003-P034,2026-06-24,S003,P034,6,1016.34
SALE-20260624-S003-P035,2026-06-24,S003,P035,12,1470.96
SALE-20260624-S003-P036,2026-06-24,S003,P036,4,749.56
SALE-20260624-S003-P037,2026-06-24,S003,P037,12,2248.2
SALE-20260624-S003-P038,2026-06-24,S003,P038,1,386.83
SALE-20260624-S003-P039,2026-06-24,S003,P039,3,1902.3
SALE-20260624-S003-P040,2026-06-24,S003,P040,7,1127.35
SALE-20260624-S003-P041,2026-06-24,S003,P041,6,5906.34
SALE-20260624-S003-P042,2026-06-24,S003,P042,9,9616.41
SALE-20260624-S003-P043,2026-06-24,S003,P043,10,7345.6
SALE-20260624-S003-P044,2026-06-24,S003,P044,1,134.95
SALE-20260624-S003-P045,2026-06-24,S003,P045,13,5793.45
SALE-20260624-S003-P046,2026-06-24,S003,P046,1,555.93
SALE-20260624-S003-P047,2026-06-24,S003,P047,3,2828.97
SALE-20260624-S003-P048,2026-06-24,S003,P048,3,1421.34
SALE-20260624-S003-P049,2026-06-24,S003,P049,14,8885.24
SALE-20260625-S001-P001,2026-06-25,S001,P001,9,7099.74
SALE-20260625-S001-P002,2026-06-25,S001,P002,8,5193.2
SALE-20260625-S001-P003,2026-06-25,S001,P003,3,3212.61
SALE-20260625-S001-P004,2026-06-25,S001,P004,4,608.6
SALE-20260625-S001-P005,2026-06-25,S001,P005,7,3086.3
SALE-20260625-S001-P006,2026-06-25,S001,P006,1,837.99
SALE-20260625-S001-P007,2026-06-25,S001,P007,15,3855.3
SALE-20260625-S001-P008,2026-06-25,S001,P008,3,2652.45
SALE-20260625-S001-P009,2026-06-25,S001,P009,4,3024.76
SALE-20260625-S001-P010,2026-06-25,S001,P010,8,7893.6
SALE-20260625-S001-P011,2026-06-25,S001,P011,3,656.7
SALE-20260625-S001-P012,2026-06-25,S001,P012,7,1321.81
SALE-20260625-S001-P013,2026-06-25,S001,P013,8,6919.04
SALE-20260625-S001-P014,2026-06-25,S001,P014,13,5120.83
SALE-20260625-S001-P015,2026-06-25,S001,P015,2,390.24
SALE-20260625-S001-P016,2026-06-25,S001,P016,8,2113.36
SALE-20260625-S001-P017,2026-06-25,S001,P017,4,2013.96
SALE-20260625-S001-P018,2026-06-25,S001,P018,16,5883.2
SALE-20260625-S001-P019,2026-06-25,S001,P019,9,7274.43
SALE-20260625-S001-P020,2026-06-25,S001,P020,15,9661.65
SALE-20260625-S001-P021,2026-06-25,S001,P021,11,2172.17
SALE-20260625-S001-P022,2026-06-25,S001,P022,4,2914.16
SALE-20260625-S001-P023,2026-06-25,S001,P023,7,5597.9
SALE-20260625-S001-P024,2026-06-25,S001,P024,7,1045.8
SALE-20260625-S001-P025,2026-06-25,S001,P025,2,1380.94
SALE-20260625-S001-P026,2026-06-25,S001,P026,13,10658.44
SALE-20260625-S001-P027,2026-06-25,S001,P027,7,4125.66
SALE-20260625-S001-P028,2026-06-25,S001,P028,8,445.36
SALE-20260625-S001-P029,2026-06-25,S001,P029,7,1645.91
SALE-20260625-S001-P030,2026-06-25,S001,P030,5,1153.3
SALE-20260625-S001-P031,2026-06-25,S001,P031,6,1748.52
SALE-20260625-S001-P032,2026-06-25,S001,P032,9,5639.4
SALE-20260625-S001-P033,2026-06-25,S001,P033,6,4049.46
SALE-20260625-S001-P034,2026-06-25,S001,P034,15,2540.85
SALE-20260625-S001-P035,2026-06-25,S001,P035,11,1348.38
SALE-20260625-S001-P036,2026-06-25,S001,P036,2,374.78
SALE-20260625-S001-P037,2026-06-25,S001,P037,16,2997.6
SALE-20260625-S001-P038,2026-06-25,S001,P038,7,2707.81
SALE-20260625-S001-P039,2026-06-25,S001,P039,2,1268.2
SALE-20260625-S001-P040,2026-06-25,S001,P040,8,1288.4
SALE-20260625-S001-P041,2026-06-25,S001,P041,8,7875.12
SALE-20260625-S001-P042,2026-06-25,S001,P042,9,9616.41
SALE-20260625-S001-P043,2026-06-25,S001,P043,10,7345.6
SALE-20260625-S001-P044,2026-06-25,S001,P044,4,539.8
SALE-20260625-S001-P045,2026-06-25,S001,P045,15,6684.75
SALE-20260625-S001-P046,2026-06-25,S001,P046,4,2223.72
SALE-20260625-S001-P047,2026-06-25,S001,P047,6,5657.94
SALE-20260625-S001-P048,2026-06-25,S001,P048,2,947.56
SALE-20260625-S001-P049,2026-06-25,S001,P049,18,11423.88
SALE-20260625-S001-P050,2026-06-25,S001,P050,3,1171.14
SALE-20260625-S002-P001,2026-06-25,S002,P001,5,3944.3
SALE-20260625-S002-P002,2026-06-25,S002,P002,6,3894.9
SALE-20260625-S002-P003,2026-06-25,S002,P003,4,4283.48
SALE-20260625-S002-P004,2026-06-25,S002,P004,0,0.0
SALE-20260625-S002-P005,2026-06-25,S002,P005,9,3968.1
SALE-20260625-S002-P006,2026-06-25,S002,P006,5,4189.95
SALE-20260625-S002-P007,2026-06-25,S002,P007,0,0.0
SALE-20260625-S002-P008,2026-06-25,S002,P008,11,9725.65
SALE-20260625-S002-P009,2026-06-25,S002,P009,6,4537.14
SALE-20260625-S002-P010,2026-06-25,S002,P010,11,10853.7
SALE-20260625-S002-P011,2026-06-25,S002,P011,1,218.9
SALE-20260625-S002-P012,2026-06-25,S002,P012,23,4343.09
SALE-20260625-S002-P013,2026-06-25,S002,P013,11,9513.68
SALE-20260625-S002-P014,2026-06-25,S002,P014,12,4726.92
SALE-20260625-S002-P015,2026-06-25,S002,P015,2,390.24
SALE-20260625-S002-P016,2026-06-25,S002,P016,4,1056.68
SALE-20260625-S002-P017,2026-06-25,S002,P017,8,4027.92
SALE-20260625-S002-P018,2026-06-25,S002,P018,19,6986.3
SALE-20260625-S002-P019,2026-06-25,S002,P019,6,4849.62
SALE-20260625-S002-P020,2026-06-25,S002,P020,14,9017.54
SALE-20260625-S002-P021,2026-06-25,S002,P021,7,1382.29
SALE-20260625-S002-P022,2026-06-25,S002,P022,10,7285.4
SALE-20260625-S002-P023,2026-06-25,S002,P023,4,3198.8
SALE-20260625-S002-P024,2026-06-25,S002,P024,16,2390.4
SALE-20260625-S002-P025,2026-06-25,S002,P025,0,0.0
SALE-20260625-S002-P026,2026-06-25,S002,P026,17,13937.96
SALE-20260625-S002-P027,2026-06-25,S002,P027,16,9430.08
SALE-20260625-S002-P028,2026-06-25,S002,P028,5,278.35
SALE-20260625-S002-P029,2026-06-25,S002,P029,9,2116.17
SALE-20260625-S002-P030,2026-06-25,S002,P030,4,922.64
SALE-20260625-S002-P031,2026-06-25,S002,P031,8,2331.36
SALE-20260625-S002-P032,2026-06-25,S002,P032,11,6892.6
SALE-20260625-S002-P033,2026-06-25,S002,P033,12,8098.92
SALE-20260625-S002-P034,2026-06-25,S002,P034,13,2202.07
SALE-20260625-S002-P035,2026-06-25,S002,P035,13,1593.54
SALE-20260625-S002-P036,2026-06-25,S002,P036,4,749.56
SALE-20260625-S002-P037,2026-06-25,S002,P037,15,2810.25
SALE-20260625-S002-P038,2026-06-25,S002,P038,5,1934.15
SALE-20260625-S002-P039,2026-06-25,S002,P039,2,1268.2
SALE-20260625-S002-P040,2026-06-25,S002,P040,9,1449.45
SALE-20260625-S002-P041,2026-06-25,S002,P041,10,9843.9
SALE-20260625-S002-P042,2026-06-25,S002,P042,20,21369.8
SALE-20260625-S002-P043,2026-06-25,S002,P043,11,8080.16
SALE-20260625-S002-P044,2026-06-25,S002,P044,8,1079.6
SALE-20260625-S002-P045,2026-06-25,S002,P045,19,8467.35
SALE-20260625-S002-P046,2026-06-25,S002,P046,5,2779.65
SALE-20260625-S002-P047,2026-06-25,S002,P047,8,7543.92
SALE-20260625-S002-P048,2026-06-25,S002,P048,8,3790.24
SALE-20260625-S002-P049,2026-06-25,S002,P049,18,11423.88
SALE-20260625-S002-P050,2026-06-25,S002,P050,7,2732.66
SALE-20260625-S003-P001,2026-06-25,S003,P001,4,3155.44
SALE-20260625-S003-P002,2026-06-25,S003,P002,6,3894.9
SALE-20260625-S003-P003,2026-06-25,S003,P003,2,2141.74
SALE-20260625-S003-P004,2026-06-25,S003,P004,1,152.15
SALE-20260625-S003-P005,2026-06-25,S003,P005,4,1763.6
SALE-20260625-S003-P006,2026-06-25,S003,P006,1,837.99
SALE-20260625-S003-P007,2026-06-25,S003,P007,11,2827.22
SALE-20260625-S003-P008,2026-06-25,S003,P008,7,6189.05
SALE-20260625-S003-P009,2026-06-25,S003,P009,3,2268.57
SALE-20260625-S003-P010,2026-06-25,S003,P010,4,3946.8
SALE-20260625-S003-P011,2026-06-25,S003,P011,1,218.9
SALE-20260625-S003-P012,2026-06-25,S003,P012,7,1321.81
SALE-20260625-S003-P013,2026-06-25,S003,P013,9,7783.92
SALE-20260625-S003-P014,2026-06-25,S003,P014,11,4333.01
SALE-20260625-S003-P015,2026-06-25,S003,P015,2,390.24
SALE-20260625-S003-P016,2026-06-25,S003,P016,3,792.51
SALE-20260625-S003-P017,2026-06-25,S003,P017,3,1510.47
SALE-20260625-S003-P018,2026-06-25,S003,P018,15,5515.5
SALE-20260625-S003-P019,2026-06-25,S003,P019,6,4849.62
SALE-20260625-S003-P020,2026-06-25,S003,P020,6,3864.66
SALE-20260625-S003-P021,2026-06-25,S003,P021,5,987.35
SALE-20260625-S003-P022,2026-06-25,S003,P022,5,3642.7
SALE-20260625-S003-P023,2026-06-25,S003,P023,3,2399.1
SALE-20260625-S003-P024,2026-06-25,S003,P024,5,747.0
SALE-20260625-S003-P025,2026-06-25,S003,P025,2,1380.94
SALE-20260625-S003-P026,2026-06-25,S003,P026,10,8198.8
SALE-20260625-S003-P027,2026-06-25,S003,P027,7,4125.66
SALE-20260625-S003-P028,2026-06-25,S003,P028,4,222.68
SALE-20260625-S003-P029,2026-06-25,S003,P029,7,1645.91
SALE-20260625-S003-P030,2026-06-25,S003,P030,0,0.0
SALE-20260625-S003-P031,2026-06-25,S003,P031,6,1748.52
SALE-20260625-S003-P032,2026-06-25,S003,P032,2,1253.2
SALE-20260625-S003-P033,2026-06-25,S003,P033,9,6074.19
SALE-20260625-S003-P034,2026-06-25,S003,P034,13,2202.07
SALE-20260625-S003-P035,2026-06-25,S003,P035,8,980.64
SALE-20260625-S003-P036,2026-06-25,S003,P036,3,562.17
SALE-20260625-S003-P037,2026-06-25,S003,P037,15,2810.25
SALE-20260625-S003-P038,2026-06-25,S003,P038,3,1160.49
SALE-20260625-S003-P039,2026-06-25,S003,P039,1,634.1
SALE-20260625-S003-P040,2026-06-25,S003,P040,9,1449.45
SALE-20260625-S003-P041,2026-06-25,S003,P041,3,2953.17
SALE-20260625-S003-P042,2026-06-25,S003,P042,10,10684.9
SALE-20260625-S003-P043,2026-06-25,S003,P043,12,8814.72
SALE-20260625-S003-P044,2026-06-25,S003,P044,3,404.85
SALE-20260625-S003-P045,2026-06-25,S003,P045,12,5347.8
SALE-20260625-S003-P046,2026-06-25,S003,P046,2,1111.86
SALE-20260625-S003-P047,2026-06-25,S003,P047,7,6600.93
SALE-20260625-S003-P048,2026-06-25,S003,P048,3,1421.34
SALE-20260625-S003-P049,2026-06-25,S003,P049,14,8885.24
SALE-20260626-S001-P001,2026-06-26,S001,P001,4,3155.44
SALE-20260626-S001-P002,2026-06-26,S001,P002,7,4544.05
SALE-20260626-S001-P003,2026-06-26,S001,P003,3,3212.61
SALE-20260626-S001-P004,2026-06-26,S001,P004,1,152.15
SALE-20260626-S001-P005,2026-06-26,S001,P005,10,4409.0
SALE-20260626-S001-P006,2026-06-26,S001,P006,4,3351.96
SALE-20260626-S001-P007,2026-06-26,S001,P007,14,3598.28
SALE-20260626-S001-P008,2026-06-26,S001,P008,10,8841.5
SALE-20260626-S001-P009,2026-06-26,S001,P009,3,2268.57
SALE-20260626-S001-P010,2026-06-26,S001,P010,12,11840.4
SALE-20260626-S001-P011,2026-06-26,S001,P011,1,218.9
SALE-20260626-S001-P012,2026-06-26,S001,P012,20,3776.6
SALE-20260626-S001-P013,2026-06-26,S001,P013,11,9513.68
SALE-20260626-S001-P014,2026-06-26,S001,P014,15,5908.65
SALE-20260626-S001-P015,2026-06-26,S001,P015,5,975.6
SALE-20260626-S001-P016,2026-06-26,S001,P016,4,1056.68
SALE-20260626-S001-P017,2026-06-26,S001,P017,16,8055.84
SALE-20260626-S001-P018,2026-06-26,S001,P018,11,4044.7
SALE-20260626-S001-P019,2026-06-26,S001,P019,13,10507.51
SALE-20260626-S001-P020,2026-06-26,S001,P020,11,7085.21
SALE-20260626-S001-P021,2026-06-26,S001,P021,4,789.88
SALE-20260626-S001-P022,2026-06-26,S001,P022,10,7285.4
SALE-20260626-S001-P023,2026-06-26,S001,P023,7,5597.9
SALE-20260626-S001-P024,2026-06-26,S001,P024,6,896.4
SALE-20260626-S001-P025,2026-06-26,S001,P025,2,1380.94
SALE-20260626-S001-P026,2026-06-26,S001,P026,14,11478.32
SALE-20260626-S001-P027,2026-06-26,S001,P027,11,6483.18
SALE-20260626-S001-P028,2026-06-26,S001,P028,3,167.01
SALE-20260626-S001-P029,2026-06-26,S001,P029,7,1645.91
SALE-20260626-S001-P030,2026-06-26,S001,P030,2,461.32
SALE-20260626-S001-P031,2026-06-26,S001,P031,11,3205.62
SALE-20260626-S001-P032,2026-06-26,S001,P032,5,3133.0
SALE-20260626-S001-P033,2026-06-26,S001,P033,10,6749.1
SALE-20260626-S001-P034,2026-06-26,S001,P034,16,2710.24
SALE-20260626-S001-P035,2026-06-26,S001,P035,16,1961.28
SALE-20260626-S001-P036,2026-06-26,S001,P036,4,749.56
SALE-20260626-S001-P037,2026-06-26,S001,P037,15,2810.25
SALE-20260626-S001-P038,2026-06-26,S001,P038,7,2707.81
SALE-20260626-S001-P039,2026-06-26,S001,P039,5,3170.5
SALE-20260626-S001-P040,2026-06-26,S001,P040,9,1449.45
SALE-20260626-S001-P041,2026-06-26,S001,P041,4,3937.56
SALE-20260626-S001-P042,2026-06-26,S001,P042,11,11753.39
SALE-20260626-S001-P043,2026-06-26,S001,P043,17,12487.52
SALE-20260626-S001-P044,2026-06-26,S001,P044,2,269.9
SALE-20260626-S001-P045,2026-06-26,S001,P045,13,5793.45
SALE-20260626-S001-P046,2026-06-26,S001,P046,6,3335.58
SALE-20260626-S001-P047,2026-06-26,S001,P047,13,12258.87
SALE-20260626-S001-P048,2026-06-26,S001,P048,4,1895.12
SALE-20260626-S001-P049,2026-06-26,S001,P049,10,6346.6
SALE-20260626-S001-P050,2026-06-26,S001,P050,1,390.38
SALE-20260626-S002-P001,2026-06-26,S002,P001,5,3944.3
SALE-20260626-S002-P002,2026-06-26,S002,P002,6,3894.9
SALE-20260626-S002-P003,2026-06-26,S002,P003,0,0.0
SALE-20260626-S002-P004,2026-06-26,S002,P004,0,0.0
SALE-20260626-S002-P005,2026-06-26,S002,P005,21,9258.9
SALE-20260626-S002-P006,2026-06-26,S002,P006,5,4189.95
SALE-20260626-S002-P007,2026-06-26,S002,P007,0,0.0
SALE-20260626-S002-P008,2026-06-26,S002,P008,16,14146.4
SALE-20260626-S002-P009,2026-06-26,S002,P009,7,5293.33
SALE-20260626-S002-P010,2026-06-26,S002,P010,9,8880.3
SALE-20260626-S002-P011,2026-06-26,S002,P011,1,218.9
SALE-20260626-S002-P012,2026-06-26,S002,P012,15,2832.45
SALE-20260626-S002-P013,2026-06-26,S002,P013,15,12973.2
SALE-20260626-S002-P014,2026-06-26,S002,P014,24,9453.84
SALE-20260626-S002-P015,2026-06-26,S002,P015,2,390.24
SALE-20260626-S002-P016,2026-06-26,S002,P016,8,2113.36
SALE-20260626-S002-P017,2026-06-26,S002,P017,11,5538.39
SALE-20260626-S002-P018,2026-06-26,S002,P018,12,4412.4
SALE-20260626-S002-P019,2026-06-26,S002,P019,20,16165.4
SALE-20260626-S002-P020,2026-06-26,S002,P020,9,5796.99
SALE-20260626-S002-P021,2026-06-26,S002,P021,8,1579.76
SALE-20260626-S002-P022,2026-06-26,S002,P022,7,5099.78
SALE-20260626-S002-P023,2026-06-26,S002,P023,11,8796.7
SALE-20260626-S002-P024,2026-06-26,S002,P024,14,2091.6
SALE-20260626-S002-P025,2026-06-26,S002,P025,0,0.0
SALE-20260626-S002-P026,2026-06-26,S002,P026,25,20497.0
SALE-20260626-S002-P027,2026-06-26,S002,P027,20,11787.6
SALE-20260626-S002-P028,2026-06-26,S002,P028,2,111.34
SALE-20260626-S002-P029,2026-06-26,S002,P029,8,1881.04
SALE-20260626-S002-P030,2026-06-26,S002,P030,4,922.64
SALE-20260626-S002-P031,2026-06-26,S002,P031,19,5536.98
SALE-20260626-S002-P032,2026-06-26,S002,P032,5,3133.0
SALE-20260626-S002-P033,2026-06-26,S002,P033,13,8773.83
SALE-20260626-S002-P034,2026-06-26,S002,P034,21,3557.19
SALE-20260626-S002-P035,2026-06-26,S002,P035,14,1716.12
SALE-20260626-S002-P036,2026-06-26,S002,P036,4,749.56
SALE-20260626-S002-P037,2026-06-26,S002,P037,26,4871.1
SALE-20260626-S002-P038,2026-06-26,S002,P038,4,1547.32
SALE-20260626-S002-P039,2026-06-26,S002,P039,3,1902.3
SALE-20260626-S002-P040,2026-06-26,S002,P040,16,2576.8
SALE-20260626-S002-P041,2026-06-26,S002,P041,11,10828.29
SALE-20260626-S002-P042,2026-06-26,S002,P042,15,16027.35
SALE-20260626-S002-P043,2026-06-26,S002,P043,17,12487.52
SALE-20260626-S002-P044,2026-06-26,S002,P044,7,944.65
SALE-20260626-S002-P045,2026-06-26,S002,P045,18,8021.7
SALE-20260626-S002-P046,2026-06-26,S002,P046,8,4447.44
SALE-20260626-S002-P047,2026-06-26,S002,P047,12,11315.88
SALE-20260626-S002-P048,2026-06-26,S002,P048,3,1421.34
SALE-20260626-S002-P049,2026-06-26,S002,P049,15,9519.9
SALE-20260626-S002-P050,2026-06-26,S002,P050,5,1951.9
SALE-20260626-S003-P001,2026-06-26,S003,P001,6,4733.16
SALE-20260626-S003-P002,2026-06-26,S003,P002,7,4544.05
SALE-20260626-S003-P003,2026-06-26,S003,P003,2,2141.74
SALE-20260626-S003-P004,2026-06-26,S003,P004,1,152.15
SALE-20260626-S003-P005,2026-06-26,S003,P005,13,5731.7
SALE-20260626-S003-P006,2026-06-26,S003,P006,3,2513.97
SALE-20260626-S003-P007,2026-06-26,S003,P007,20,5140.4
SALE-20260626-S003-P008,2026-06-26,S003,P008,10,8841.5
SALE-20260626-S003-P009,2026-06-26,S003,P009,5,3780.95
SALE-20260626-S003-P010,2026-06-26,S003,P010,7,6906.9
SALE-20260626-S003-P011,2026-06-26,S003,P011,0,0.0
SALE-20260626-S003-P012,2026-06-26,S003,P012,6,1132.98
SALE-20260626-S003-P013,2026-06-26,S003,P013,9,7783.92
SALE-20260626-S003-P014,2026-06-26,S003,P014,17,6696.47
SALE-20260626-S003-P015,2026-06-26,S003,P015,1,195.12
SALE-20260626-S003-P016,2026-06-26,S003,P016,7,1849.19
SALE-20260626-S003-P017,2026-06-26,S003,P017,4,2013.96
SALE-20260626-S003-P018,2026-06-26,S003,P018,15,5515.5
SALE-20260626-S003-P019,2026-06-26,S003,P019,8,6466.16
SALE-20260626-S003-P020,2026-06-26,S003,P020,1,644.11
SALE-20260626-S003-P021,2026-06-26,S003,P021,3,592.41
SALE-20260626-S003-P022,2026-06-26,S003,P022,2,1457.08
SALE-20260626-S003-P023,2026-06-26,S003,P023,5,3998.5
SALE-20260626-S003-P024,2026-06-26,S003,P024,8,1195.2
SALE-20260626-S003-P025,2026-06-26,S003,P025,0,0.0
SALE-20260626-S003-P026,2026-06-26,S003,P026,7,5739.16
SALE-20260626-S003-P027,2026-06-26,S003,P027,10,5893.8
SALE-20260626-S003-P028,2026-06-26,S003,P028,2,111.34
SALE-20260626-S003-P029,2026-06-26,S003,P029,12,2821.56
SALE-20260626-S003-P030,2026-06-26,S003,P030,2,461.32
SALE-20260626-S003-P031,2026-06-26,S003,P031,13,3788.46
SALE-20260626-S003-P032,2026-06-26,S003,P032,5,3133.0
SALE-20260626-S003-P033,2026-06-26,S003,P033,4,2699.64
SALE-20260626-S003-P034,2026-06-26,S003,P034,12,2032.68
SALE-20260626-S003-P035,2026-06-26,S003,P035,12,1470.96
SALE-20260626-S003-P036,2026-06-26,S003,P036,3,562.17
SALE-20260626-S003-P037,2026-06-26,S003,P037,19,3559.65
SALE-20260626-S003-P038,2026-06-26,S003,P038,10,3868.3
SALE-20260626-S003-P039,2026-06-26,S003,P039,2,1268.2
SALE-20260626-S003-P040,2026-06-26,S003,P040,7,1127.35
SALE-20260626-S003-P041,2026-06-26,S003,P041,8,7875.12
SALE-20260626-S003-P042,2026-06-26,S003,P042,9,9616.41
SALE-20260626-S003-P043,2026-06-26,S003,P043,10,7345.6
SALE-20260626-S003-P044,2026-06-26,S003,P044,5,674.75
SALE-20260626-S003-P045,2026-06-26,S003,P045,14,6239.1
SALE-20260626-S003-P046,2026-06-26,S003,P046,5,2779.65
SALE-20260626-S003-P047,2026-06-26,S003,P047,7,6600.93
SALE-20260626-S003-P048,2026-06-26,S003,P048,7,3316.46
SALE-20260626-S003-P049,2026-06-26,S003,P049,12,7615.92
SALE-20260627-S001-P001,2026-06-27,S001,P001,11,8677.46
SALE-20260627-S001-P002,2026-06-27,S001,P002,7,4544.05
SALE-20260627-S001-P003,2026-06-27,S001,P003,4,4283.48
SALE-20260627-S001-P004,2026-06-27,S001,P004,5,760.75
SALE-20260627-S001-P005,2026-06-27,S001,P005,15,6613.5
SALE-20260627-S001-P006,2026-06-27,S001,P006,6,5027.94
SALE-20260627-S001-P007,2026-06-27,S001,P007,10,2570.2
SALE-20260627-S001-P008,2026-06-27,S001,P008,12,10609.8
SALE-20260627-S001-P009,2026-06-27,S001,P009,6,4537.14
SALE-20260627-S001-P010,2026-06-27,S001,P010,12,11840.4
SALE-20260627-S001-P011,2026-06-27,S001,P011,1,218.9
SALE-20260627-S001-P012,2026-06-27,S001,P012,9,1699.47
SALE-20260627-S001-P013,2026-06-27,S001,P013,13,11243.44
SALE-20260627-S001-P014,2026-06-27,S001,P014,11,4333.01
SALE-20260627-S001-P015,2026-06-27,S001,P015,2,390.24
SALE-20260627-S001-P016,2026-06-27,S001,P016,9,2377.53
SALE-20260627-S001-P017,2026-06-27,S001,P017,12,6041.88
SALE-20260627-S001-P018,2026-06-27,S001,P018,19,6986.3
SALE-20260627-S001-P019,2026-06-27,S001,P019,19,15357.13
SALE-20260627-S001-P020,2026-06-27,S001,P020,9,5796.99
SALE-20260627-S001-P021,2026-06-27,S001,P021,4,789.88
SALE-20260627-S001-P022,2026-06-27,S001,P022,8,5828.32
SALE-20260627-S001-P023,2026-06-27,S001,P023,8,6397.6
SALE-20260627-S001-P024,2026-06-27,S001,P024,3,448.2
SALE-20260627-S001-P025,2026-06-27,S001,P025,1,690.47
SALE-20260627-S001-P026,2026-06-27,S001,P026,18,14757.84
SALE-20260627-S001-P027,2026-06-27,S001,P027,16,9430.08
SALE-20260627-S001-P028,2026-06-27,S001,P028,4,222.68
SALE-20260627-S001-P029,2026-06-27,S001,P029,10,2351.3
SALE-20260627-S001-P030,2026-06-27,S001,P030,1,230.66
SALE-20260627-S001-P031,2026-06-27,S001,P031,12,3497.04
SALE-20260627-S001-P032,2026-06-27,S001,P032,9,5639.4
SALE-20260627-S001-P033,2026-06-27,S001,P033,7,4724.37
SALE-20260627-S001-P034,2026-06-27,S001,P034,7,1185.73
SALE-20260627-S001-P035,2026-06-27,S001,P035,15,1838.7
SALE-20260627-S001-P036,2026-06-27,S001,P036,1,187.39
SALE-20260627-S001-P037,2026-06-27,S001,P037,21,3934.35
SALE-20260627-S001-P038,2026-06-27,S001,P038,7,2707.81
SALE-20260627-S001-P039,2026-06-27,S001,P039,0,0.0
SALE-20260627-S001-P040,2026-06-27,S001,P040,10,1610.5
SALE-20260627-S001-P041,2026-06-27,S001,P041,2,1968.78
SALE-20260627-S001-P042,2026-06-27,S001,P042,14,14958.86
SALE-20260627-S001-P043,2026-06-27,S001,P043,14,10283.84
SALE-20260627-S001-P044,2026-06-27,S001,P044,0,0.0
SALE-20260627-S001-P045,2026-06-27,S001,P045,20,8913.0
SALE-20260627-S001-P046,2026-06-27,S001,P046,7,3891.51
SALE-20260627-S001-P047,2026-06-27,S001,P047,9,8486.91
SALE-20260627-S001-P048,2026-06-27,S001,P048,2,947.56
SALE-20260627-S001-P049,2026-06-27,S001,P049,12,7615.92
SALE-20260627-S001-P050,2026-06-27,S001,P050,3,1171.14
SALE-20260627-S002-P001,2026-06-27,S002,P001,10,7888.6
SALE-20260627-S002-P002,2026-06-27,S002,P002,15,9737.25
SALE-20260627-S002-P003,2026-06-27,S002,P003,4,4283.48
SALE-20260627-S002-P004,2026-06-27,S002,P004,0,0.0
SALE-20260627-S002-P005,2026-06-27,S002,P005,1,440.9
SALE-20260627-S002-P006,2026-06-27,S002,P006,6,5027.94
SALE-20260627-S002-P007,2026-06-27,S002,P007,0,0.0
SALE-20260627-S002-P008,2026-06-27,S002,P008,15,13262.25
SALE-20260627-S002-P009,2026-06-27,S002,P009,11,8318.09
SALE-20260627-S002-P010,2026-06-27,S002,P010,13,12827.1
SALE-20260627-S002-P011,2026-06-27,S002,P011,6,1313.4
SALE-20260627-S002-P012,2026-06-27,S002,P012,15,2832.45
SALE-20260627-S002-P013,2026-06-27,S002,P013,11,9513.68
SALE-20260627-S002-P014,2026-06-27,S002,P014,17,6696.47
SALE-20260627-S002-P015,2026-06-27,S002,P015,1,195.12
SALE-20260627-S002-P016,2026-06-27,S002,P016,16,4226.72
SALE-20260627-S002-P017,2026-06-27,S002,P017,5,2517.45
SALE-20260627-S002-P018,2026-06-27,S002,P018,20,7354.0
SALE-20260627-S002-P019,2026-06-27,S002,P019,16,12932.32
SALE-20260627-S002-P020,2026-06-27,S002,P020,14,9017.54
SALE-20260627-S002-P021,2026-06-27,S002,P021,4,789.88
SALE-20260627-S002-P022,2026-06-27,S002,P022,5,3642.7
SALE-20260627-S002-P023,2026-06-27,S002,P023,13,10396.1
SALE-20260627-S002-P024,2026-06-27,S002,P024,11,1643.4
SALE-20260627-S002-P025,2026-06-27,S002,P025,1,690.47
SALE-20260627-S002-P026,2026-06-27,S002,P026,16,13118.08
SALE-20260627-S002-P027,2026-06-27,S002,P027,13,7661.94
SALE-20260627-S002-P028,2026-06-27,S002,P028,4,222.68
SALE-20260627-S002-P029,2026-06-27,S002,P029,16,3762.08
SALE-20260627-S002-P030,2026-06-27,S002,P030,6,1383.96
SALE-20260627-S002-P031,2026-06-27,S002,P031,13,3788.46
SALE-20260627-S002-P032,2026-06-27,S002,P032,10,6266.0
SALE-20260627-S002-P033,2026-06-27,S002,P033,20,13498.2
SALE-20260627-S002-P034,2026-06-27,S002,P034,12,2032.68
SALE-20260627-S002-P035,2026-06-27,S002,P035,13,1593.54
SALE-20260627-S002-P036,2026-06-27,S002,P036,2,374.78
SALE-20260627-S002-P037,2026-06-27,S002,P037,17,3184.95
SALE-20260627-S002-P038,2026-06-27,S002,P038,8,3094.64
SALE-20260627-S002-P039,2026-06-27,S002,P039,1,634.1
SALE-20260627-S002-P040,2026-06-27,S002,P040,14,2254.7
SALE-20260627-S002-P041,2026-06-27,S002,P041,12,11812.68
SALE-20260627-S002-P042,2026-06-27,S002,P042,18,19232.82
SALE-20260627-S002-P043,2026-06-27,S002,P043,22,16160.32
SALE-20260627-S002-P044,2026-06-27,S002,P044,7,944.65
SALE-20260627-S002-P045,2026-06-27,S002,P045,19,8467.35
SALE-20260627-S002-P046,2026-06-27,S002,P046,12,6671.16
SALE-20260627-S002-P047,2026-06-27,S002,P047,12,11315.88
SALE-20260627-S002-P048,2026-06-27,S002,P048,8,3790.24
SALE-20260627-S002-P049,2026-06-27,S002,P049,23,14597.18
SALE-20260627-S002-P050,2026-06-27,S002,P050,5,1951.9
SALE-20260627-S003-P001,2026-06-27,S003,P001,11,8677.46
SALE-20260627-S003-P002,2026-06-27,S003,P002,11,7140.65
SALE-20260627-S003-P003,2026-06-27,S003,P003,5,5354.35
SALE-20260627-S003-P004,2026-06-27,S003,P004,3,456.45
SALE-20260627-S003-P005,2026-06-27,S003,P005,9,3968.1
SALE-20260627-S003-P006,2026-06-27,S003,P006,2,1675.98
SALE-20260627-S003-P007,2026-06-27,S003,P007,24,6168.48
SALE-20260627-S003-P008,2026-06-27,S003,P008,11,9725.65
SALE-20260627-S003-P009,2026-06-27,S003,P009,6,4537.14
SALE-20260627-S003-P010,2026-06-27,S003,P010,12,11840.4
SALE-20260627-S003-P011,2026-06-27,S003,P011,1,218.9
SALE-20260627-S003-P012,2026-06-27,S003,P012,18,3398.94
SALE-20260627-S003-P013,2026-06-27,S003,P013,9,7783.92
SALE-20260627-S003-P014,2026-06-27,S003,P014,7,2757.37
SALE-20260627-S003-P015,2026-06-27,S003,P015,5,975.6
SALE-20260627-S003-P016,2026-06-27,S003,P016,4,1056.68
SALE-20260627-S003-P017,2026-06-27,S003,P017,4,2013.96
SALE-20260627-S003-P018,2026-06-27,S003,P018,14,5147.8
SALE-20260627-S003-P019,2026-06-27,S003,P019,8,6466.16
SALE-20260627-S003-P020,2026-06-27,S003,P020,8,5152.88
SALE-20260627-S003-P021,2026-06-27,S003,P021,4,789.88
SALE-20260627-S003-P022,2026-06-27,S003,P022,4,2914.16
SALE-20260627-S003-P023,2026-06-27,S003,P023,4,3198.8
SALE-20260627-S003-P024,2026-06-27,S003,P024,8,1195.2
SALE-20260627-S003-P025,2026-06-27,S003,P025,3,2071.41
SALE-20260627-S003-P026,2026-06-27,S003,P026,12,9838.56
SALE-20260627-S003-P027,2026-06-27,S003,P027,10,5893.8
SALE-20260627-S003-P028,2026-06-27,S003,P028,3,167.01
SALE-20260627-S003-P029,2026-06-27,S003,P029,12,2821.56
SALE-20260627-S003-P030,2026-06-27,S003,P030,2,461.32
SALE-20260627-S003-P031,2026-06-27,S003,P031,15,4371.3
SALE-20260627-S003-P032,2026-06-27,S003,P032,5,3133.0
SALE-20260627-S003-P033,2026-06-27,S003,P033,17,11473.47
SALE-20260627-S003-P034,2026-06-27,S003,P034,8,1355.12
SALE-20260627-S003-P035,2026-06-27,S003,P035,8,980.64
SALE-20260627-S003-P036,2026-06-27,S003,P036,1,187.39
SALE-20260627-S003-P037,2026-06-27,S003,P037,8,1498.8
SALE-20260627-S003-P038,2026-06-27,S003,P038,3,1160.49
SALE-20260627-S003-P039,2026-06-27,S003,P039,0,0.0
SALE-20260627-S003-P040,2026-06-27,S003,P040,12,1932.6
SALE-20260627-S003-P041,2026-06-27,S003,P041,6,5906.34
SALE-20260627-S003-P042,2026-06-27,S003,P042,11,11753.39
SALE-20260627-S003-P043,2026-06-27,S003,P043,11,8080.16
SALE-20260627-S003-P044,2026-06-27,S003,P044,3,404.85
SALE-20260627-S003-P045,2026-06-27,S003,P045,15,6684.75
SALE-20260627-S003-P046,2026-06-27,S003,P046,6,3335.58
SALE-20260627-S003-P047,2026-06-27,S003,P047,12,11315.88
SALE-20260627-S003-P048,2026-06-27,S003,P048,1,473.78
SALE-20260627-S003-P049,2026-06-27,S003,P049,11,6981.26
SALE-20260628-S001-P001,2026-06-28,S001,P001,10,7888.6
SALE-20260628-S001-P002,2026-06-28,S001,P002,5,3245.75
SALE-20260628-S001-P003,2026-06-28,S001,P003,4,4283.48
SALE-20260628-S001-P004,2026-06-28,S001,P004,4,608.6
SALE-20260628-S001-P005,2026-06-28,S001,P005,5,2204.5
SALE-20260628-S001-P006,2026-06-28,S001,P006,3,2513.97
SALE-20260628-S001-P007,2026-06-28,S001,P007,14,3598.28
SALE-20260628-S001-P008,2026-06-28,S001,P008,5,4420.75
SALE-20260628-S001-P009,2026-06-28,S001,P009,7,5293.33
SALE-20260628-S001-P010,2026-06-28,S001,P010,14,13813.8
SALE-20260628-S001-P011,2026-06-28,S001,P011,3,656.7
SALE-20260628-S001-P012,2026-06-28,S001,P012,24,4531.92
SALE-20260628-S001-P013,2026-06-28,S001,P013,6,5189.28
SALE-20260628-S001-P014,2026-06-28,S001,P014,17,6696.47
SALE-20260628-S001-P015,2026-06-28,S001,P015,2,390.24
SALE-20260628-S001-P016,2026-06-28,S001,P016,7,1849.19
SALE-20260628-S001-P017,2026-06-28,S001,P017,7,3524.43
SALE-20260628-S001-P018,2026-06-28,S001,P018,21,7721.7
SALE-20260628-S001-P019,2026-06-28,S001,P019,11,8890.97
SALE-20260628-S001-P020,2026-06-28,S001,P020,6,3864.66
SALE-20260628-S001-P021,2026-06-28,S001,P021,10,1974.7
SALE-20260628-S001-P022,2026-06-28,S001,P022,6,4371.24
SALE-20260628-S001-P023,2026-06-28,S001,P023,10,7997.0
SALE-20260628-S001-P024,2026-06-28,S001,P024,10,1494.0
SALE-20260628-S001-P025,2026-06-28,S001,P025,1,690.47
SALE-20260628-S001-P026,2026-06-28,S001,P026,16,13118.08
SALE-20260628-S001-P027,2026-06-28,S001,P027,14,8251.32
SALE-20260628-S001-P028,2026-06-28,S001,P028,1,55.67
SALE-20260628-S001-P029,2026-06-28,S001,P029,8,1881.04
SALE-20260628-S001-P030,2026-06-28,S001,P030,3,691.98
SALE-20260628-S001-P031,2026-06-28,S001,P031,15,4371.3
SALE-20260628-S001-P032,2026-06-28,S001,P032,4,2506.4
SALE-20260628-S001-P033,2026-06-28,S001,P033,12,8098.92
SALE-20260628-S001-P034,2026-06-28,S001,P034,13,2202.07
SALE-20260628-S001-P035,2026-06-28,S001,P035,15,1838.7
SALE-20260628-S001-P036,2026-06-28,S001,P036,3,562.17
SALE-20260628-S001-P037,2026-06-28,S001,P037,14,2622.9
SALE-20260628-S001-P038,2026-06-28,S001,P038,6,2320.98
SALE-20260628-S001-P039,2026-06-28,S001,P039,4,2536.4
SALE-20260628-S001-P040,2026-06-28,S001,P040,3,483.15
SALE-20260628-S001-P041,2026-06-28,S001,P041,8,7875.12
SALE-20260628-S001-P042,2026-06-28,S001,P042,12,12821.88
SALE-20260628-S001-P043,2026-06-28,S001,P043,14,10283.84
SALE-20260628-S001-P044,2026-06-28,S001,P044,5,674.75
SALE-20260628-S001-P045,2026-06-28,S001,P045,14,6239.1
SALE-20260628-S001-P046,2026-06-28,S001,P046,5,2779.65
SALE-20260628-S001-P047,2026-06-28,S001,P047,13,12258.87
SALE-20260628-S001-P048,2026-06-28,S001,P048,15,7106.7
SALE-20260628-S001-P049,2026-06-28,S001,P049,12,7615.92
SALE-20260628-S001-P050,2026-06-28,S001,P050,4,1561.52
SALE-20260628-S002-P001,2026-06-28,S002,P001,9,7099.74
SALE-20260628-S002-P002,2026-06-28,S002,P002,15,9737.25
SALE-20260628-S002-P003,2026-06-28,S002,P003,6,6425.22
SALE-20260628-S002-P004,2026-06-28,S002,P004,2,304.3
SALE-20260628-S002-P005,2026-06-28,S002,P005,12,5290.8
SALE-20260628-S002-P006,2026-06-28,S002,P006,2,1675.98
SALE-20260628-S002-P007,2026-06-28,S002,P007,0,0.0
SALE-20260628-S002-P008,2026-06-28,S002,P008,11,9725.65
SALE-20260628-S002-P009,2026-06-28,S002,P009,8,6049.52
SALE-20260628-S002-P010,2026-06-28,S002,P010,12,11840.4
SALE-20260628-S002-P011,2026-06-28,S002,P011,1,218.9
SALE-20260628-S002-P012,2026-06-28,S002,P012,13,2454.79
SALE-20260628-S002-P013,2026-06-28,S002,P013,8,6919.04
SALE-20260628-S002-P014,2026-06-28,S002,P014,20,7878.2
SALE-20260628-S002-P015,2026-06-28,S002,P015,3,585.36
SALE-20260628-S002-P016,2026-06-28,S002,P016,10,2641.7
SALE-20260628-S002-P017,2026-06-28,S002,P017,9,4531.41
SALE-20260628-S002-P018,2026-06-28,S002,P018,24,8824.8
SALE-20260628-S002-P019,2026-06-28,S002,P019,18,14548.86
SALE-20260628-S002-P020,2026-06-28,S002,P020,5,3220.55
SALE-20260628-S002-P021,2026-06-28,S002,P021,7,1382.29
SALE-20260628-S002-P022,2026-06-28,S002,P022,13,9471.02
SALE-20260628-S002-P023,2026-06-28,S002,P023,16,12795.2
SALE-20260628-S002-P024,2026-06-28,S002,P024,7,1045.8
SALE-20260628-S002-P025,2026-06-28,S002,P025,1,690.47
SALE-20260628-S002-P026,2026-06-28,S002,P026,21,17217.48
SALE-20260628-S002-P027,2026-06-28,S002,P027,20,11787.6
SALE-20260628-S002-P028,2026-06-28,S002,P028,5,278.35
SALE-20260628-S002-P029,2026-06-28,S002,P029,12,2821.56
SALE-20260628-S002-P030,2026-06-28,S002,P030,3,691.98
SALE-20260628-S002-P031,2026-06-28,S002,P031,8,2331.36
SALE-20260628-S002-P032,2026-06-28,S002,P032,11,6892.6
SALE-20260628-S002-P033,2026-06-28,S002,P033,16,10798.56
SALE-20260628-S002-P034,2026-06-28,S002,P034,11,1863.29
SALE-20260628-S002-P035,2026-06-28,S002,P035,15,1838.7
SALE-20260628-S002-P036,2026-06-28,S002,P036,3,562.17
SALE-20260628-S002-P037,2026-06-28,S002,P037,13,2435.55
SALE-20260628-S002-P038,2026-06-28,S002,P038,6,2320.98
SALE-20260628-S002-P039,2026-06-28,S002,P039,1,634.1
SALE-20260628-S002-P040,2026-06-28,S002,P040,13,2093.65
SALE-20260628-S002-P041,2026-06-28,S002,P041,12,11812.68
SALE-20260628-S002-P042,2026-06-28,S002,P042,23,24575.27
SALE-20260628-S002-P043,2026-06-28,S002,P043,15,11018.4
SALE-20260628-S002-P044,2026-06-28,S002,P044,10,1349.5
SALE-20260628-S002-P045,2026-06-28,S002,P045,17,7576.05
SALE-20260628-S002-P046,2026-06-28,S002,P046,8,4447.44
SALE-20260628-S002-P047,2026-06-28,S002,P047,16,15087.84
SALE-20260628-S002-P048,2026-06-28,S002,P048,7,3316.46
SALE-20260628-S002-P049,2026-06-28,S002,P049,17,10789.22
SALE-20260628-S002-P050,2026-06-28,S002,P050,6,2342.28
SALE-20260628-S003-P001,2026-06-28,S003,P001,8,6310.88
SALE-20260628-S003-P002,2026-06-28,S003,P002,2,1298.3
SALE-20260628-S003-P003,2026-06-28,S003,P003,3,3212.61
SALE-20260628-S003-P004,2026-06-28,S003,P004,3,456.45
SALE-20260628-S003-P005,2026-06-28,S003,P005,9,3968.1
SALE-20260628-S003-P006,2026-06-28,S003,P006,2,1675.98
SALE-20260628-S003-P007,2026-06-28,S003,P007,15,3855.3
SALE-20260628-S003-P008,2026-06-28,S003,P008,10,8841.5
SALE-20260628-S003-P009,2026-06-28,S003,P009,4,3024.76
SALE-20260628-S003-P010,2026-06-28,S003,P010,15,14800.5
SALE-20260628-S003-P011,2026-06-28,S003,P011,1,218.9
SALE-20260628-S003-P012,2026-06-28,S003,P012,15,2832.45
SALE-20260628-S003-P013,2026-06-28,S003,P013,7,6054.16
SALE-20260628-S003-P014,2026-06-28,S003,P014,14,5514.74
SALE-20260628-S003-P015,2026-06-28,S003,P015,2,390.24
SALE-20260628-S003-P016,2026-06-28,S003,P016,7,1849.19
SALE-20260628-S003-P017,2026-06-28,S003,P017,5,2517.45
SALE-20260628-S003-P018,2026-06-28,S003,P018,13,4780.1
SALE-20260628-S003-P019,2026-06-28,S003,P019,12,9699.24
SALE-20260628-S003-P020,2026-06-28,S003,P020,10,6441.1
SALE-20260628-S003-P021,2026-06-28,S003,P021,9,1777.23
SALE-20260628-S003-P022,2026-06-28,S003,P022,4,2914.16
SALE-20260628-S003-P023,2026-06-28,S003,P023,13,10396.1
SALE-20260628-S003-P024,2026-06-28,S003,P024,8,1195.2
SALE-20260628-S003-P025,2026-06-28,S003,P025,0,0.0
SALE-20260628-S003-P026,2026-06-28,S003,P026,11,9018.68
SALE-20260628-S003-P027,2026-06-28,S003,P027,19,11198.22
SALE-20260628-S003-P028,2026-06-28,S003,P028,5,278.35
SALE-20260628-S003-P029,2026-06-28,S003,P029,9,2116.17
SALE-20260628-S003-P030,2026-06-28,S003,P030,2,461.32
SALE-20260628-S003-P031,2026-06-28,S003,P031,3,874.26
SALE-20260628-S003-P032,2026-06-28,S003,P032,5,3133.0
SALE-20260628-S003-P033,2026-06-28,S003,P033,11,7424.01
SALE-20260628-S003-P034,2026-06-28,S003,P034,15,2540.85
SALE-20260628-S003-P035,2026-06-28,S003,P035,17,2083.86
SALE-20260628-S003-P036,2026-06-28,S003,P036,4,749.56
SALE-20260628-S003-P037,2026-06-28,S003,P037,14,2622.9
SALE-20260628-S003-P038,2026-06-28,S003,P038,4,1547.32
SALE-20260628-S003-P039,2026-06-28,S003,P039,3,1902.3
SALE-20260628-S003-P040,2026-06-28,S003,P040,11,1771.55
SALE-20260628-S003-P041,2026-06-28,S003,P041,7,6890.73
SALE-20260628-S003-P042,2026-06-28,S003,P042,10,10684.9
SALE-20260628-S003-P043,2026-06-28,S003,P043,13,9549.28
SALE-20260628-S003-P044,2026-06-28,S003,P044,9,1214.55
SALE-20260628-S003-P045,2026-06-28,S003,P045,17,7576.05
SALE-20260628-S003-P046,2026-06-28,S003,P046,7,3891.51
SALE-20260628-S003-P047,2026-06-28,S003,P047,6,5657.94
SALE-20260628-S003-P048,2026-06-28,S003,P048,5,2368.9
SALE-20260628-S003-P049,2026-06-28,S003,P049,15,9519.9
SALE-20260629-S001-P001,2026-06-29,S001,P001,10,7888.6
SALE-20260629-S001-P002,2026-06-29,S001,P002,6,3894.9
SALE-20260629-S001-P003,2026-06-29,S001,P003,3,3212.61
SALE-20260629-S001-P004,2026-06-29,S001,P004,0,0.0
SALE-20260629-S001-P005,2026-06-29,S001,P005,16,7054.4
SALE-20260629-S001-P006,2026-06-29,S001,P006,5,4189.95
SALE-20260629-S001-P007,2026-06-29,S001,P007,15,3855.3
SALE-20260629-S001-P008,2026-06-29,S001,P008,7,6189.05
SALE-20260629-S001-P009,2026-06-29,S001,P009,10,7561.9
SALE-20260629-S001-P010,2026-06-29,S001,P010,11,10853.7
SALE-20260629-S001-P011,2026-06-29,S001,P011,3,656.7
SALE-20260629-S001-P012,2026-06-29,S001,P012,15,2832.45
SALE-20260629-S001-P013,2026-06-29,S001,P013,7,6054.16
SALE-20260629-S001-P014,2026-06-29,S001,P014,10,3939.1
SALE-20260629-S001-P015,2026-06-29,S001,P015,1,195.12
SALE-20260629-S001-P016,2026-06-29,S001,P016,3,792.51
SALE-20260629-S001-P017,2026-06-29,S001,P017,10,5034.9
SALE-20260629-S001-P018,2026-06-29,S001,P018,19,6986.3
SALE-20260629-S001-P019,2026-06-29,S001,P019,11,8890.97
SALE-20260629-S001-P020,2026-06-29,S001,P020,4,2576.44
SALE-20260629-S001-P021,2026-06-29,S001,P021,9,1777.23
SALE-20260629-S001-P022,2026-06-29,S001,P022,5,3642.7
SALE-20260629-S001-P023,2026-06-29,S001,P023,14,11195.8
SALE-20260629-S001-P024,2026-06-29,S001,P024,5,747.0
SALE-20260629-S001-P025,2026-06-29,S001,P025,4,2761.88
SALE-20260629-S001-P026,2026-06-29,S001,P026,12,9838.56
SALE-20260629-S001-P027,2026-06-29,S001,P027,14,8251.32
SALE-20260629-S001-P028,2026-06-29,S001,P028,2,111.34
SALE-20260629-S001-P029,2026-06-29,S001,P029,9,2116.17
SALE-20260629-S001-P030,2026-06-29,S001,P030,2,461.32
SALE-20260629-S001-P031,2026-06-29,S001,P031,18,5245.56
SALE-20260629-S001-P032,2026-06-29,S001,P032,4,2506.4
SALE-20260629-S001-P033,2026-06-29,S001,P033,11,7424.01
SALE-20260629-S001-P034,2026-06-29,S001,P034,12,2032.68
SALE-20260629-S001-P035,2026-06-29,S001,P035,15,1838.7
SALE-20260629-S001-P036,2026-06-29,S001,P036,2,374.78
SALE-20260629-S001-P037,2026-06-29,S001,P037,21,3934.35
SALE-20260629-S001-P038,2026-06-29,S001,P038,6,2320.98
SALE-20260629-S001-P039,2026-06-29,S001,P039,4,2536.4
SALE-20260629-S001-P040,2026-06-29,S001,P040,13,2093.65
SALE-20260629-S001-P041,2026-06-29,S001,P041,9,8859.51
SALE-20260629-S001-P042,2026-06-29,S001,P042,13,13890.37
SALE-20260629-S001-P043,2026-06-29,S001,P043,21,15425.76
SALE-20260629-S001-P044,2026-06-29,S001,P044,6,809.7
SALE-20260629-S001-P045,2026-06-29,S001,P045,19,8467.35
SALE-20260629-S001-P046,2026-06-29,S001,P046,9,5003.37
SALE-20260629-S001-P047,2026-06-29,S001,P047,8,7543.92
SALE-20260629-S001-P048,2026-06-29,S001,P048,0,0.0
SALE-20260629-S001-P049,2026-06-29,S001,P049,13,8250.58
SALE-20260629-S001-P050,2026-06-29,S001,P050,4,1561.52
SALE-20260629-S002-P001,2026-06-29,S002,P001,14,11044.04
SALE-20260629-S002-P002,2026-06-29,S002,P002,7,4544.05
SALE-20260629-S002-P003,2026-06-29,S002,P003,5,5354.35
SALE-20260629-S002-P004,2026-06-29,S002,P004,1,152.15
SALE-20260629-S002-P005,2026-06-29,S002,P005,9,3968.1
SALE-20260629-S002-P006,2026-06-29,S002,P006,6,5027.94
SALE-20260629-S002-P007,2026-06-29,S002,P007,0,0.0
SALE-20260629-S002-P008,2026-06-29,S002,P008,8,7073.2
SALE-20260629-S002-P009,2026-06-29,S002,P009,6,4537.14
SALE-20260629-S002-P010,2026-06-29,S002,P010,13,12827.1
SALE-20260629-S002-P011,2026-06-29,S002,P011,4,875.6
SALE-20260629-S002-P012,2026-06-29,S002,P012,19,3587.77
SALE-20260629-S002-P013,2026-06-29,S002,P013,11,9513.68
SALE-20260629-S002-P014,2026-06-29,S002,P014,22,8666.02
SALE-20260629-S002-P015,2026-06-29,S002,P015,2,390.24
SALE-20260629-S002-P016,2026-06-29,S002,P016,10,2641.7
SALE-20260629-S002-P017,2026-06-29,S002,P017,11,5538.39
SALE-20260629-S002-P018,2026-06-29,S002,P018,22,8089.4
SALE-20260629-S002-P019,2026-06-29,S002,P019,9,7274.43
SALE-20260629-S002-P020,2026-06-29,S002,P020,9,5796.99
SALE-20260629-S002-P021,2026-06-29,S002,P021,3,592.41
SALE-20260629-S002-P022,2026-06-29,S002,P022,10,7285.4
SALE-20260629-S002-P023,2026-06-29,S002,P023,11,8796.7
SALE-20260629-S002-P024,2026-06-29,S002,P024,8,1195.2
SALE-20260629-S002-P025,2026-06-29,S002,P025,1,690.47
SALE-20260629-S002-P026,2026-06-29,S002,P026,18,14757.84
SALE-20260629-S002-P027,2026-06-29,S002,P027,19,11198.22
SALE-20260629-S002-P028,2026-06-29,S002,P028,3,167.01
SALE-20260629-S002-P029,2026-06-29,S002,P029,12,2821.56
SALE-20260629-S002-P030,2026-06-29,S002,P030,3,691.98
SALE-20260629-S002-P031,2026-06-29,S002,P031,8,2331.36
SALE-20260629-S002-P032,2026-06-29,S002,P032,10,6266.0
SALE-20260629-S002-P033,2026-06-29,S002,P033,14,9448.74
SALE-20260629-S002-P034,2026-06-29,S002,P034,19,3218.41
SALE-20260629-S002-P035,2026-06-29,S002,P035,18,2206.44
SALE-20260629-S002-P036,2026-06-29,S002,P036,3,562.17
SALE-20260629-S002-P037,2026-06-29,S002,P037,23,4309.05
SALE-20260629-S002-P038,2026-06-29,S002,P038,5,1934.15
SALE-20260629-S002-P039,2026-06-29,S002,P039,0,0.0
SALE-20260629-S002-P040,2026-06-29,S002,P040,6,966.3
SALE-20260629-S002-P041,2026-06-29,S002,P041,11,10828.29
SALE-20260629-S002-P042,2026-06-29,S002,P042,11,11753.39
SALE-20260629-S002-P043,2026-06-29,S002,P043,15,11018.4
SALE-20260629-S002-P044,2026-06-29,S002,P044,2,269.9
SALE-20260629-S002-P045,2026-06-29,S002,P045,27,12032.55
SALE-20260629-S002-P046,2026-06-29,S002,P046,5,2779.65
SALE-20260629-S002-P047,2026-06-29,S002,P047,9,8486.91
SALE-20260629-S002-P048,2026-06-29,S002,P048,2,947.56
SALE-20260629-S002-P049,2026-06-29,S002,P049,11,6981.26
SALE-20260629-S002-P050,2026-06-29,S002,P050,5,1951.9
SALE-20260629-S003-P001,2026-06-29,S003,P001,4,3155.44
SALE-20260629-S003-P002,2026-06-29,S003,P002,4,2596.6
SALE-20260629-S003-P003,2026-06-29,S003,P003,4,4283.48
SALE-20260629-S003-P004,2026-06-29,S003,P004,2,304.3
SALE-20260629-S003-P005,2026-06-29,S003,P005,4,1763.6
SALE-20260629-S003-P006,2026-06-29,S003,P006,4,3351.96
SALE-20260629-S003-P007,2026-06-29,S003,P007,19,4883.38
SALE-20260629-S003-P008,2026-06-29,S003,P008,3,2652.45
SALE-20260629-S003-P009,2026-06-29,S003,P009,4,3024.76
SALE-20260629-S003-P010,2026-06-29,S003,P010,10,9867.0
SALE-20260629-S003-P011,2026-06-29,S003,P011,5,1094.5
SALE-20260629-S003-P012,2026-06-29,S003,P012,7,1321.81
SALE-20260629-S003-P013,2026-06-29,S003,P013,6,5189.28
SALE-20260629-S003-P014,2026-06-29,S003,P014,12,4726.92
SALE-20260629-S003-P015,2026-06-29,S003,P015,1,195.12
SALE-20260629-S003-P016,2026-06-29,S003,P016,6,1585.02
SALE-20260629-S003-P017,2026-06-29,S003,P017,7,3524.43
SALE-20260629-S003-P018,2026-06-29,S003,P018,17,6250.9
SALE-20260629-S003-P019,2026-06-29,S003,P019,5,4041.35
SALE-20260629-S003-P020,2026-06-29,S003,P020,9,5796.99
SALE-20260629-S003-P021,2026-06-29,S003,P021,3,592.41
SALE-20260629-S003-P022,2026-06-29,S003,P022,7,5099.78
SALE-20260629-S003-P023,2026-06-29,S003,P023,7,5597.9
SALE-20260629-S003-P024,2026-06-29,S003,P024,5,747.0
SALE-20260629-S003-P025,2026-06-29,S003,P025,1,690.47
SALE-20260629-S003-P026,2026-06-29,S003,P026,10,8198.8
SALE-20260629-S003-P027,2026-06-29,S003,P027,13,7661.94
SALE-20260629-S003-P028,2026-06-29,S003,P028,2,111.34
SALE-20260629-S003-P029,2026-06-29,S003,P029,6,1410.78
SALE-20260629-S003-P030,2026-06-29,S003,P030,0,0.0
SALE-20260629-S003-P031,2026-06-29,S003,P031,16,4662.72
SALE-20260629-S003-P032,2026-06-29,S003,P032,9,5639.4
SALE-20260629-S003-P033,2026-06-29,S003,P033,5,3374.55
SALE-20260629-S003-P034,2026-06-29,S003,P034,15,2540.85
SALE-20260629-S003-P035,2026-06-29,S003,P035,21,2574.18
SALE-20260629-S003-P036,2026-06-29,S003,P036,2,374.78
SALE-20260629-S003-P037,2026-06-29,S003,P037,12,2248.2
SALE-20260629-S003-P038,2026-06-29,S003,P038,5,1934.15
SALE-20260629-S003-P039,2026-06-29,S003,P039,2,1268.2
SALE-20260629-S003-P040,2026-06-29,S003,P040,5,805.25
SALE-20260629-S003-P041,2026-06-29,S003,P041,6,5906.34
SALE-20260629-S003-P042,2026-06-29,S003,P042,10,10684.9
SALE-20260629-S003-P043,2026-06-29,S003,P043,12,8814.72
SALE-20260629-S003-P044,2026-06-29,S003,P044,10,1349.5
SALE-20260629-S003-P045,2026-06-29,S003,P045,12,5347.8
SALE-20260629-S003-P046,2026-06-29,S003,P046,6,3335.58
SALE-20260629-S003-P047,2026-06-29,S003,P047,11,10372.89
SALE-20260629-S003-P048,2026-06-29,S003,P048,11,5211.58
SALE-20260629-S003-P049,2026-06-29,S003,P049,10,6346.6
SALE-20260630-S001-P001,2026-06-30,S001,P001,8,6310.88
SALE-20260630-S001-P002,2026-06-30,S001,P002,4,2596.6
SALE-20260630-S001-P003,2026-06-30,S001,P003,1,1070.87
SALE-20260630-S001-P004,2026-06-30,S001,P004,3,456.45
SALE-20260630-S001-P005,2026-06-30,S001,P005,10,4409.0
SALE-20260630-S001-P006,2026-06-30,S001,P006,7,5865.93
SALE-20260630-S001-P007,2026-06-30,S001,P007,16,4112.32
SALE-20260630-S001-P008,2026-06-30,S001,P008,10,8841.5
SALE-20260630-S001-P009,2026-06-30,S001,P009,5,3780.95
SALE-20260630-S001-P010,2026-06-30,S001,P010,8,7893.6
SALE-20260630-S001-P011,2026-06-30,S001,P011,1,218.9
SALE-20260630-S001-P012,2026-06-30,S001,P012,7,1321.81
SALE-20260630-S001-P013,2026-06-30,S001,P013,10,8648.8
SALE-20260630-S001-P014,2026-06-30,S001,P014,9,3545.19
SALE-20260630-S001-P015,2026-06-30,S001,P015,6,1170.72
SALE-20260630-S001-P016,2026-06-30,S001,P016,9,2377.53
SALE-20260630-S001-P017,2026-06-30,S001,P017,10,5034.9
SALE-20260630-S001-P018,2026-06-30,S001,P018,18,6618.6
SALE-20260630-S001-P019,2026-06-30,S001,P019,12,9699.24
SALE-20260630-S001-P020,2026-06-30,S001,P020,4,2576.44
SALE-20260630-S001-P021,2026-06-30,S001,P021,5,987.35
SALE-20260630-S001-P022,2026-06-30,S001,P022,4,2914.16
SALE-20260630-S001-P023,2026-06-30,S001,P023,9,7197.3
SALE-20260630-S001-P024,2026-06-30,S001,P024,8,1195.2
SALE-20260630-S001-P025,2026-06-30,S001,P025,2,1380.94
SALE-20260630-S001-P026,2026-06-30,S001,P026,7,5739.16
SALE-20260630-S001-P027,2026-06-30,S001,P027,4,2357.52
SALE-20260630-S001-P028,2026-06-30,S001,P028,3,167.01
SALE-20260630-S001-P029,2026-06-30,S001,P029,11,2586.43
SALE-20260630-S001-P030,2026-06-30,S001,P030,3,691.98
SALE-20260630-S001-P031,2026-06-30,S001,P031,7,2039.94
SALE-20260630-S001-P032,2026-06-30,S001,P032,7,4386.2
SALE-20260630-S001-P033,2026-06-30,S001,P033,11,7424.01
SALE-20260630-S001-P034,2026-06-30,S001,P034,13,2202.07
SALE-20260630-S001-P035,2026-06-30,S001,P035,13,1593.54
SALE-20260630-S001-P036,2026-06-30,S001,P036,3,562.17
SALE-20260630-S001-P037,2026-06-30,S001,P037,16,2997.6
SALE-20260630-S001-P038,2026-06-30,S001,P038,2,773.66
SALE-20260630-S001-P039,2026-06-30,S001,P039,1,634.1
SALE-20260630-S001-P040,2026-06-30,S001,P040,11,1771.55
SALE-20260630-S001-P041,2026-06-30,S001,P041,7,6890.73
SALE-20260630-S001-P042,2026-06-30,S001,P042,8,8547.92
SALE-20260630-S001-P043,2026-06-30,S001,P043,13,9549.28
SALE-20260630-S001-P044,2026-06-30,S001,P044,5,674.75
SALE-20260630-S001-P045,2026-06-30,S001,P045,14,6239.1
SALE-20260630-S001-P046,2026-06-30,S001,P046,4,2223.72
SALE-20260630-S001-P047,2026-06-30,S001,P047,9,8486.91
SALE-20260630-S001-P048,2026-06-30,S001,P048,9,4264.02
SALE-20260630-S001-P049,2026-06-30,S001,P049,13,8250.58
SALE-20260630-S001-P050,2026-06-30,S001,P050,3,1171.14
SALE-20260630-S002-P001,2026-06-30,S002,P001,15,11832.9
SALE-20260630-S002-P002,2026-06-30,S002,P002,9,5842.35
SALE-20260630-S002-P003,2026-06-30,S002,P003,2,2141.74
SALE-20260630-S002-P004,2026-06-30,S002,P004,0,0.0
SALE-20260630-S002-P005,2026-06-30,S002,P005,12,5290.8
SALE-20260630-S002-P006,2026-06-30,S002,P006,3,2513.97
SALE-20260630-S002-P007,2026-06-30,S002,P007,0,0.0
SALE-20260630-S002-P008,2026-06-30,S002,P008,15,13262.25
SALE-20260630-S002-P009,2026-06-30,S002,P009,8,6049.52
SALE-20260630-S002-P010,2026-06-30,S002,P010,15,14800.5
SALE-20260630-S002-P011,2026-06-30,S002,P011,2,437.8
SALE-20260630-S002-P012,2026-06-30,S002,P012,16,3021.28
SALE-20260630-S002-P013,2026-06-30,S002,P013,7,6054.16
SALE-20260630-S002-P014,2026-06-30,S002,P014,13,5120.83
SALE-20260630-S002-P015,2026-06-30,S002,P015,3,585.36
SALE-20260630-S002-P016,2026-06-30,S002,P016,8,2113.36
SALE-20260630-S002-P017,2026-06-30,S002,P017,11,5538.39
SALE-20260630-S002-P018,2026-06-30,S002,P018,22,8089.4
SALE-20260630-S002-P019,2026-06-30,S002,P019,14,11315.78
SALE-20260630-S002-P020,2026-06-30,S002,P020,11,7085.21
SALE-20260630-S002-P021,2026-06-30,S002,P021,4,789.88
SALE-20260630-S002-P022,2026-06-30,S002,P022,7,5099.78
SALE-20260630-S002-P023,2026-06-30,S002,P023,8,6397.6
SALE-20260630-S002-P024,2026-06-30,S002,P024,10,1494.0
SALE-20260630-S002-P025,2026-06-30,S002,P025,2,1380.94
SALE-20260630-S002-P026,2026-06-30,S002,P026,14,11478.32
SALE-20260630-S002-P027,2026-06-30,S002,P027,17,10019.46
SALE-20260630-S002-P028,2026-06-30,S002,P028,3,167.01
SALE-20260630-S002-P029,2026-06-30,S002,P029,9,2116.17
SALE-20260630-S002-P030,2026-06-30,S002,P030,5,1153.3
SALE-20260630-S002-P031,2026-06-30,S002,P031,19,5536.98
SALE-20260630-S002-P032,2026-06-30,S002,P032,9,5639.4
SALE-20260630-S002-P033,2026-06-30,S002,P033,17,11473.47
SALE-20260630-S002-P034,2026-06-30,S002,P034,9,1524.51
SALE-20260630-S002-P035,2026-06-30,S002,P035,12,1470.96
SALE-20260630-S002-P036,2026-06-30,S002,P036,8,1499.12
SALE-20260630-S002-P037,2026-06-30,S002,P037,16,2997.6
SALE-20260630-S002-P038,2026-06-30,S002,P038,2,773.66
SALE-20260630-S002-P039,2026-06-30,S002,P039,6,3804.6
SALE-20260630-S002-P040,2026-06-30,S002,P040,6,966.3
SALE-20260630-S002-P041,2026-06-30,S002,P041,8,7875.12
SALE-20260630-S002-P042,2026-06-30,S002,P042,21,22438.29
SALE-20260630-S002-P043,2026-06-30,S002,P043,9,6611.04
SALE-20260630-S002-P044,2026-06-30,S002,P044,6,809.7
SALE-20260630-S002-P045,2026-06-30,S002,P045,15,6684.75
SALE-20260630-S002-P046,2026-06-30,S002,P046,5,2779.65
SALE-20260630-S002-P047,2026-06-30,S002,P047,12,11315.88
SALE-20260630-S002-P048,2026-06-30,S002,P048,7,3316.46
SALE-20260630-S002-P049,2026-06-30,S002,P049,16,10154.56
SALE-20260630-S002-P050,2026-06-30,S002,P050,2,780.76
SALE-20260630-S003-P001,2026-06-30,S003,P001,11,8677.46
SALE-20260630-S003-P002,2026-06-30,S003,P002,3,1947.45
SALE-20260630-S003-P003,2026-06-30,S003,P003,3,3212.61
SALE-20260630-S003-P004,2026-06-30,S003,P004,0,0.0
SALE-20260630-S003-P005,2026-06-30,S003,P005,3,1322.7
SALE-20260630-S003-P006,2026-06-30,S003,P006,4,3351.96
SALE-20260630-S003-P007,2026-06-30,S003,P007,5,1285.1
SALE-20260630-S003-P008,2026-06-30,S003,P008,14,12378.1
SALE-20260630-S003-P009,2026-06-30,S003,P009,4,3024.76
SALE-20260630-S003-P010,2026-06-30,S003,P010,9,8880.3
SALE-20260630-S003-P011,2026-06-30,S003,P011,1,218.9
SALE-20260630-S003-P012,2026-06-30,S003,P012,18,3398.94
SALE-20260630-S003-P013,2026-06-30,S003,P013,7,6054.16
SALE-20260630-S003-P014,2026-06-30,S003,P014,10,3939.1
SALE-20260630-S003-P015,2026-06-30,S003,P015,1,195.12
SALE-20260630-S003-P016,2026-06-30,S003,P016,8,2113.36
SALE-20260630-S003-P017,2026-06-30,S003,P017,6,3020.94
SALE-20260630-S003-P018,2026-06-30,S003,P018,14,5147.8
SALE-20260630-S003-P019,2026-06-30,S003,P019,5,4041.35
SALE-20260630-S003-P020,2026-06-30,S003,P020,11,7085.21
SALE-20260630-S003-P021,2026-06-30,S003,P021,5,987.35
SALE-20260630-S003-P022,2026-06-30,S003,P022,3,2185.62
SALE-20260630-S003-P023,2026-06-30,S003,P023,6,4798.2
SALE-20260630-S003-P024,2026-06-30,S003,P024,6,896.4
SALE-20260630-S003-P025,2026-06-30,S003,P025,1,690.47
SALE-20260630-S003-P026,2026-06-30,S003,P026,12,9838.56
SALE-20260630-S003-P027,2026-06-30,S003,P027,16,9430.08
SALE-20260630-S003-P028,2026-06-30,S003,P028,2,111.34
SALE-20260630-S003-P029,2026-06-30,S003,P029,7,1645.91
SALE-20260630-S003-P030,2026-06-30,S003,P030,3,691.98
SALE-20260630-S003-P031,2026-06-30,S003,P031,7,2039.94
SALE-20260630-S003-P032,2026-06-30,S003,P032,4,2506.4
SALE-20260630-S003-P033,2026-06-30,S003,P033,6,4049.46
SALE-20260630-S003-P034,2026-06-30,S003,P034,8,1355.12
SALE-20260630-S003-P035,2026-06-30,S003,P035,16,1961.28
SALE-20260630-S003-P036,2026-06-30,S003,P036,3,562.17
SALE-20260630-S003-P037,2026-06-30,S003,P037,11,2060.85
SALE-20260630-S003-P038,2026-06-30,S003,P038,4,1547.32
SALE-20260630-S003-P039,2026-06-30,S003,P039,0,0.0
SALE-20260630-S003-P040,2026-06-30,S003,P040,10,1610.5
SALE-20260630-S003-P041,2026-06-30,S003,P041,7,6890.73
SALE-20260630-S003-P042,2026-06-30,S003,P042,8,8547.92
SALE-20260630-S003-P043,2026-06-30,S003,P043,19,13956.64
SALE-20260630-S003-P044,2026-06-30,S003,P044,7,944.65
SALE-20260630-S003-P045,2026-06-30,S003,P045,12,5347.8
SALE-20260630-S003-P046,2026-06-30,S003,P046,2,1111.86
SALE-20260630-S003-P047,2026-06-30,S003,P047,6,5657.94
SALE-20260630-S003-P048,2026-06-30,S003,P048,8,3790.24
SALE-20260630-S003-P049,2026-06-30,S003,P049,15,9519.9
SALE-20260701-S001-P001,2026-07-01,S001,P001,10,7888.6
SALE-20260701-S001-P002,2026-07-01,S001,P002,5,3245.75
SALE-20260701-S001-P003,2026-07-01,S001,P003,4,4283.48
SALE-20260701-S001-P004,2026-07-01,S001,P004,0,0.0
SALE-20260701-S001-P005,2026-07-01,S001,P005,9,3968.1
SALE-20260701-S001-P006,2026-07-01,S001,P006,3,2513.97
SALE-20260701-S001-P007,2026-07-01,S001,P007,14,3598.28
SALE-20260701-S001-P008,2026-07-01,S001,P008,4,3536.6
SALE-20260701-S001-P009,2026-07-01,S001,P009,4,3024.76
SALE-20260701-S001-P010,2026-07-01,S001,P010,6,5920.2
SALE-20260701-S001-P011,2026-07-01,S001,P011,1,218.9
SALE-20260701-S001-P012,2026-07-01,S001,P012,9,1699.47
SALE-20260701-S001-P013,2026-07-01,S001,P013,7,6054.16
SALE-20260701-S001-P014,2026-07-01,S001,P014,15,5908.65
SALE-20260701-S001-P015,2026-07-01,S001,P015,5,975.6
SALE-20260701-S001-P016,2026-07-01,S001,P016,6,1585.02
SALE-20260701-S001-P017,2026-07-01,S001,P017,4,2013.96
SALE-20260701-S001-P018,2026-07-01,S001,P018,13,4780.1
SALE-20260701-S001-P019,2026-07-01,S001,P019,6,4849.62
SALE-20260701-S001-P020,2026-07-01,S001,P020,12,7729.32
SALE-20260701-S001-P021,2026-07-01,S001,P021,9,1777.23
SALE-20260701-S001-P022,2026-07-01,S001,P022,6,4371.24
SALE-20260701-S001-P023,2026-07-01,S001,P023,3,2399.1
SALE-20260701-S001-P024,2026-07-01,S001,P024,10,1494.0
SALE-20260701-S001-P025,2026-07-01,S001,P025,4,2761.88
SALE-20260701-S001-P026,2026-07-01,S001,P026,16,13118.08
SALE-20260701-S001-P027,2026-07-01,S001,P027,8,4715.04
SALE-20260701-S001-P028,2026-07-01,S001,P028,0,0.0
SALE-20260701-S001-P029,2026-07-01,S001,P029,6,1410.78
SALE-20260701-S001-P030,2026-07-01,S001,P030,1,230.66
SALE-20260701-S001-P031,2026-07-01,S001,P031,13,3788.46
SALE-20260701-S001-P032,2026-07-01,S001,P032,6,3759.6
SALE-20260701-S001-P033,2026-07-01,S001,P033,9,6074.19
SALE-20260701-S001-P034,2026-07-01,S001,P034,11,1863.29
SALE-20260701-S001-P035,2026-07-01,S001,P035,5,612.9
SALE-20260701-S001-P036,2026-07-01,S001,P036,1,187.39
SALE-20260701-S001-P037,2026-07-01,S001,P037,10,1873.5
SALE-20260701-S001-P038,2026-07-01,S001,P038,4,1547.32
SALE-20260701-S001-P039,2026-07-01,S001,P039,1,634.1
SALE-20260701-S001-P040,2026-07-01,S001,P040,9,1449.45
SALE-20260701-S001-P041,2026-07-01,S001,P041,7,6890.73
SALE-20260701-S001-P042,2026-07-01,S001,P042,16,17095.84
SALE-20260701-S001-P043,2026-07-01,S001,P043,12,8814.72
SALE-20260701-S001-P044,2026-07-01,S001,P044,4,539.8
SALE-20260701-S001-P045,2026-07-01,S001,P045,17,7576.05
SALE-20260701-S001-P046,2026-07-01,S001,P046,8,4447.44
SALE-20260701-S001-P047,2026-07-01,S001,P047,14,13201.86
SALE-20260701-S001-P048,2026-07-01,S001,P048,7,3316.46
SALE-20260701-S001-P049,2026-07-01,S001,P049,9,5711.94
SALE-20260701-S001-P050,2026-07-01,S001,P050,7,2732.66
SALE-20260701-S002-P001,2026-07-01,S002,P001,6,4733.16
SALE-20260701-S002-P002,2026-07-01,S002,P002,4,2596.6
SALE-20260701-S002-P003,2026-07-01,S002,P003,3,3212.61
SALE-20260701-S002-P004,2026-07-01,S002,P004,0,0.0
SALE-20260701-S002-P005,2026-07-01,S002,P005,9,3968.1
SALE-20260701-S002-P006,2026-07-01,S002,P006,3,2513.97
SALE-20260701-S002-P007,2026-07-01,S002,P007,0,0.0
SALE-20260701-S002-P008,2026-07-01,S002,P008,8,7073.2
SALE-20260701-S002-P009,2026-07-01,S002,P009,4,3024.76
SALE-20260701-S002-P010,2026-07-01,S002,P010,10,9867.0
SALE-20260701-S002-P011,2026-07-01,S002,P011,1,218.9
SALE-20260701-S002-P012,2026-07-01,S002,P012,18,3398.94
SALE-20260701-S002-P013,2026-07-01,S002,P013,10,8648.8
SALE-20260701-S002-P014,2026-07-01,S002,P014,9,3545.19
SALE-20260701-S002-P015,2026-07-01,S002,P015,4,780.48
SALE-20260701-S002-P016,2026-07-01,S002,P016,8,2113.36
SALE-20260701-S002-P017,2026-07-01,S002,P017,14,7048.86
SALE-20260701-S002-P018,2026-07-01,S002,P018,15,5515.5
SALE-20260701-S002-P019,2026-07-01,S002,P019,11,8890.97
SALE-20260701-S002-P020,2026-07-01,S002,P020,6,3864.66
SALE-20260701-S002-P021,2026-07-01,S002,P021,5,987.35
SALE-20260701-S002-P022,2026-07-01,S002,P022,5,3642.7
SALE-20260701-S002-P023,2026-07-01,S002,P023,14,11195.8
SALE-20260701-S002-P024,2026-07-01,S002,P024,11,1643.4
SALE-20260701-S002-P025,2026-07-01,S002,P025,2,1380.94
SALE-20260701-S002-P026,2026-07-01,S002,P026,11,9018.68
SALE-20260701-S002-P027,2026-07-01,S002,P027,16,9430.08
SALE-20260701-S002-P028,2026-07-01,S002,P028,3,167.01
SALE-20260701-S002-P029,2026-07-01,S002,P029,10,2351.3
SALE-20260701-S002-P030,2026-07-01,S002,P030,1,230.66
SALE-20260701-S002-P031,2026-07-01,S002,P031,19,5536.98
SALE-20260701-S002-P032,2026-07-01,S002,P032,2,1253.2
SALE-20260701-S002-P033,2026-07-01,S002,P033,12,8098.92
SALE-20260701-S002-P034,2026-07-01,S002,P034,11,1863.29
SALE-20260701-S002-P035,2026-07-01,S002,P035,17,2083.86
SALE-20260701-S002-P036,2026-07-01,S002,P036,6,1124.34
SALE-20260701-S002-P037,2026-07-01,S002,P037,12,2248.2
SALE-20260701-S002-P038,2026-07-01,S002,P038,7,2707.81
SALE-20260701-S002-P039,2026-07-01,S002,P039,2,1268.2
SALE-20260701-S002-P040,2026-07-01,S002,P040,6,966.3
SALE-20260701-S002-P041,2026-07-01,S002,P041,8,7875.12
SALE-20260701-S002-P042,2026-07-01,S002,P042,18,19232.82
SALE-20260701-S002-P043,2026-07-01,S002,P043,11,8080.16
SALE-20260701-S002-P044,2026-07-01,S002,P044,5,674.75
SALE-20260701-S002-P045,2026-07-01,S002,P045,16,7130.4
SALE-20260701-S002-P046,2026-07-01,S002,P046,3,1667.79
SALE-20260701-S002-P047,2026-07-01,S002,P047,14,13201.86
SALE-20260701-S002-P048,2026-07-01,S002,P048,3,1421.34
SALE-20260701-S002-P049,2026-07-01,S002,P049,18,11423.88
SALE-20260701-S002-P050,2026-07-01,S002,P050,2,780.76
SALE-20260701-S003-P001,2026-07-01,S003,P001,7,5522.02
SALE-20260701-S003-P002,2026-07-01,S003,P002,10,6491.5
SALE-20260701-S003-P003,2026-07-01,S003,P003,2,2141.74
SALE-20260701-S003-P004,2026-07-01,S003,P004,3,456.45
SALE-20260701-S003-P005,2026-07-01,S003,P005,3,1322.7
SALE-20260701-S003-P006,2026-07-01,S003,P006,0,0.0
SALE-20260701-S003-P007,2026-07-01,S003,P007,9,2313.18
SALE-20260701-S003-P008,2026-07-01,S003,P008,10,8841.5
SALE-20260701-S003-P009,2026-07-01,S003,P009,4,3024.76
SALE-20260701-S003-P010,2026-07-01,S003,P010,9,8880.3
SALE-20260701-S003-P011,2026-07-01,S003,P011,2,437.8
SALE-20260701-S003-P012,2026-07-01,S003,P012,15,2832.45
SALE-20260701-S003-P013,2026-07-01,S003,P013,7,6054.16
SALE-20260701-S003-P014,2026-07-01,S003,P014,9,3545.19
SALE-20260701-S003-P015,2026-07-01,S003,P015,3,585.36
SALE-20260701-S003-P016,2026-07-01,S003,P016,6,1585.02
SALE-20260701-S003-P017,2026-07-01,S003,P017,6,3020.94
SALE-20260701-S003-P018,2026-07-01,S003,P018,8,2941.6
SALE-20260701-S003-P019,2026-07-01,S003,P019,5,4041.35
SALE-20260701-S003-P020,2026-07-01,S003,P020,2,1288.22
SALE-20260701-S003-P021,2026-07-01,S003,P021,2,394.94
SALE-20260701-S003-P022,2026-07-01,S003,P022,3,2185.62
SALE-20260701-S003-P023,2026-07-01,S003,P023,7,5597.9
SALE-20260701-S003-P024,2026-07-01,S003,P024,8,1195.2
SALE-20260701-S003-P025,2026-07-01,S003,P025,0,0.0
SALE-20260701-S003-P026,2026-07-01,S003,P026,9,7378.92
SALE-20260701-S003-P027,2026-07-01,S003,P027,8,4715.04
SALE-20260701-S003-P028,2026-07-01,S003,P028,4,222.68
SALE-20260701-S003-P029,2026-07-01,S003,P029,12,2821.56
SALE-20260701-S003-P030,2026-07-01,S003,P030,3,691.98
SALE-20260701-S003-P031,2026-07-01,S003,P031,7,2039.94
SALE-20260701-S003-P032,2026-07-01,S003,P032,6,3759.6
SALE-20260701-S003-P033,2026-07-01,S003,P033,8,5399.28
SALE-20260701-S003-P034,2026-07-01,S003,P034,4,677.56
SALE-20260701-S003-P035,2026-07-01,S003,P035,11,1348.38
SALE-20260701-S003-P036,2026-07-01,S003,P036,3,562.17
SALE-20260701-S003-P037,2026-07-01,S003,P037,9,1686.15
SALE-20260701-S003-P038,2026-07-01,S003,P038,3,1160.49
SALE-20260701-S003-P039,2026-07-01,S003,P039,1,634.1
SALE-20260701-S003-P040,2026-07-01,S003,P040,9,1449.45
SALE-20260701-S003-P041,2026-07-01,S003,P041,2,1968.78
SALE-20260701-S003-P042,2026-07-01,S003,P042,7,7479.43
SALE-20260701-S003-P043,2026-07-01,S003,P043,7,5141.92
SALE-20260701-S003-P044,2026-07-01,S003,P044,5,674.75
SALE-20260701-S003-P045,2026-07-01,S003,P045,11,4902.15
SALE-20260701-S003-P046,2026-07-01,S003,P046,1,555.93
SALE-20260701-S003-P047,2026-07-01,S003,P047,5,4714.95
SALE-20260701-S003-P048,2026-07-01,S003,P048,3,1421.34
SALE-20260701-S003-P049,2026-07-01,S003,P049,4,2538.64
SALE-20260702-S001-P001,2026-07-02,S001,P001,4,3155.44
SALE-20260702-S001-P002,2026-07-02,S001,P002,5,3245.75
SALE-20260702-S001-P003,2026-07-02,S001,P003,3,3212.61
SALE-20260702-S001-P004,2026-07-02,S001,P004,2,304.3
SALE-20260702-S001-P005,2026-07-02,S001,P005,16,7054.4
SALE-20260702-S001-P006,2026-07-02,S001,P006,2,1675.98
SALE-20260702-S001-P007,2026-07-02,S001,P007,13,3341.26
SALE-20260702-S001-P008,2026-07-02,S001,P008,9,7957.35
SALE-20260702-S001-P009,2026-07-02,S001,P009,5,3780.95
SALE-20260702-S001-P010,2026-07-02,S001,P010,6,5920.2
SALE-20260702-S001-P011,2026-07-02,S001,P011,1,218.9
SALE-20260702-S001-P012,2026-07-02,S001,P012,11,2077.13
SALE-20260702-S001-P013,2026-07-02,S001,P013,5,4324.4
SALE-20260702-S001-P014,2026-07-02,S001,P014,10,3939.1
SALE-20260702-S001-P015,2026-07-02,S001,P015,1,195.12
SALE-20260702-S001-P016,2026-07-02,S001,P016,9,2377.53
SALE-20260702-S001-P017,2026-07-02,S001,P017,6,3020.94
SALE-20260702-S001-P018,2026-07-02,S001,P018,16,5883.2
SALE-20260702-S001-P019,2026-07-02,S001,P019,12,9699.24
SALE-20260702-S001-P020,2026-07-02,S001,P020,9,5796.99
SALE-20260702-S001-P021,2026-07-02,S001,P021,0,0.0
SALE-20260702-S001-P022,2026-07-02,S001,P022,10,7285.4
SALE-20260702-S001-P023,2026-07-02,S001,P023,7,5597.9
SALE-20260702-S001-P024,2026-07-02,S001,P024,10,1494.0
SALE-20260702-S001-P025,2026-07-02,S001,P025,2,1380.94
SALE-20260702-S001-P026,2026-07-02,S001,P026,11,9018.68
SALE-20260702-S001-P027,2026-07-02,S001,P027,19,11198.22
SALE-20260702-S001-P028,2026-07-02,S001,P028,2,111.34
SALE-20260702-S001-P029,2026-07-02,S001,P029,15,3526.95
SALE-20260702-S001-P030,2026-07-02,S001,P030,1,230.66
SALE-20260702-S001-P031,2026-07-02,S001,P031,5,1457.1
SALE-20260702-S001-P032,2026-07-02,S001,P032,5,3133.0
SALE-20260702-S001-P033,2026-07-02,S001,P033,3,2024.73
SALE-20260702-S001-P034,2026-07-02,S001,P034,14,2371.46
SALE-20260702-S001-P035,2026-07-02,S001,P035,12,1470.96
SALE-20260702-S001-P036,2026-07-02,S001,P036,0,0.0
SALE-20260702-S001-P037,2026-07-02,S001,P037,9,1686.15
SALE-20260702-S001-P038,2026-07-02,S001,P038,2,773.66
SALE-20260702-S001-P039,2026-07-02,S001,P039,4,2536.4
SALE-20260702-S001-P040,2026-07-02,S001,P040,4,644.2
SALE-20260702-S001-P041,2026-07-02,S001,P041,4,3937.56
SALE-20260702-S001-P042,2026-07-02,S001,P042,10,10684.9
SALE-20260702-S001-P043,2026-07-02,S001,P043,18,13222.08
SALE-20260702-S001-P044,2026-07-02,S001,P044,4,539.8
SALE-20260702-S001-P045,2026-07-02,S001,P045,14,6239.1
SALE-20260702-S001-P046,2026-07-02,S001,P046,5,2779.65
SALE-20260702-S001-P047,2026-07-02,S001,P047,9,8486.91
SALE-20260702-S001-P048,2026-07-02,S001,P048,6,2842.68
SALE-20260702-S001-P049,2026-07-02,S001,P049,14,8885.24
SALE-20260702-S001-P050,2026-07-02,S001,P050,1,390.38
SALE-20260702-S002-P001,2026-07-02,S002,P001,8,6310.88
SALE-20260702-S002-P002,2026-07-02,S002,P002,6,3894.9
SALE-20260702-S002-P003,2026-07-02,S002,P003,3,3212.61
SALE-20260702-S002-P004,2026-07-02,S002,P004,0,0.0
SALE-20260702-S002-P005,2026-07-02,S002,P005,12,5290.8
SALE-20260702-S002-P006,2026-07-02,S002,P006,9,7541.91
SALE-20260702-S002-P007,2026-07-02,S002,P007,0,0.0
SALE-20260702-S002-P008,2026-07-02,S002,P008,8,7073.2
SALE-20260702-S002-P009,2026-07-02,S002,P009,8,6049.52
SALE-20260702-S002-P010,2026-07-02,S002,P010,11,10853.7
SALE-20260702-S002-P011,2026-07-02,S002,P011,1,218.9
SALE-20260702-S002-P012,2026-07-02,S002,P012,22,4154.26
SALE-20260702-S002-P013,2026-07-02,S002,P013,9,7783.92
SALE-20260702-S002-P014,2026-07-02,S002,P014,10,3939.1
SALE-20260702-S002-P015,2026-07-02,S002,P015,2,390.24
SALE-20260702-S002-P016,2026-07-02,S002,P016,9,2377.53
SALE-20260702-S002-P017,2026-07-02,S002,P017,8,4027.92
SALE-20260702-S002-P018,2026-07-02,S002,P018,19,6986.3
SALE-20260702-S002-P019,2026-07-02,S002,P019,19,15357.13
SALE-20260702-S002-P020,2026-07-02,S002,P020,10,6441.1
SALE-20260702-S002-P021,2026-07-02,S002,P021,7,1382.29
SALE-20260702-S002-P022,2026-07-02,S002,P022,9,6556.86
SALE-20260702-S002-P023,2026-07-02,S002,P023,9,7197.3
SALE-20260702-S002-P024,2026-07-02,S002,P024,7,1045.8
SALE-20260702-S002-P025,2026-07-02,S002,P025,2,1380.94
SALE-20260702-S002-P026,2026-07-02,S002,P026,11,9018.68
SALE-20260702-S002-P027,2026-07-02,S002,P027,11,6483.18
SALE-20260702-S002-P028,2026-07-02,S002,P028,2,111.34
SALE-20260702-S002-P029,2026-07-02,S002,P029,8,1881.04
SALE-20260702-S002-P030,2026-07-02,S002,P030,7,1614.62
SALE-20260702-S002-P031,2026-07-02,S002,P031,15,4371.3
SALE-20260702-S002-P032,2026-07-02,S002,P032,6,3759.6
SALE-20260702-S002-P033,2026-07-02,S002,P033,13,8773.83
SALE-20260702-S002-P034,2026-07-02,S002,P034,14,2371.46
SALE-20260702-S002-P035,2026-07-02,S002,P035,16,1961.28
SALE-20260702-S002-P036,2026-07-02,S002,P036,4,749.56
SALE-20260702-S002-P037,2026-07-02,S002,P037,15,2810.25
SALE-20260702-S002-P038,2026-07-02,S002,P038,7,2707.81
SALE-20260702-S002-P039,2026-07-02,S002,P039,2,1268.2
SALE-20260702-S002-P040,2026-07-02,S002,P040,12,1932.6
SALE-20260702-S002-P041,2026-07-02,S002,P041,6,5906.34
SALE-20260702-S002-P042,2026-07-02,S002,P042,15,16027.35
SALE-20260702-S002-P043,2026-07-02,S002,P043,12,8814.72
SALE-20260702-S002-P044,2026-07-02,S002,P044,11,1484.45
SALE-20260702-S002-P045,2026-07-02,S002,P045,18,8021.7
SALE-20260702-S002-P046,2026-07-02,S002,P046,3,1667.79
SALE-20260702-S002-P047,2026-07-02,S002,P047,13,12258.87
SALE-20260702-S002-P048,2026-07-02,S002,P048,2,947.56
SALE-20260702-S002-P049,2026-07-02,S002,P049,10,6346.6
SALE-20260702-S002-P050,2026-07-02,S002,P050,4,1561.52
SALE-20260702-S003-P001,2026-07-02,S003,P001,6,4733.16
SALE-20260702-S003-P002,2026-07-02,S003,P002,4,2596.6
SALE-20260702-S003-P003,2026-07-02,S003,P003,0,0.0
SALE-20260702-S003-P004,2026-07-02,S003,P004,3,456.45
SALE-20260702-S003-P005,2026-07-02,S003,P005,8,3527.2
SALE-20260702-S003-P006,2026-07-02,S003,P006,1,837.99
SALE-20260702-S003-P007,2026-07-02,S003,P007,16,4112.32
SALE-20260702-S003-P008,2026-07-02,S003,P008,2,1768.3
SALE-20260702-S003-P009,2026-07-02,S003,P009,1,756.19
SALE-20260702-S003-P010,2026-07-02,S003,P010,7,6906.9
SALE-20260702-S003-P011,2026-07-02,S003,P011,2,437.8
SALE-20260702-S003-P012,2026-07-02,S003,P012,15,2832.45
SALE-20260702-S003-P013,2026-07-02,S003,P013,8,6919.04
SALE-20260702-S003-P014,2026-07-02,S003,P014,4,1575.64
SALE-20260702-S003-P015,2026-07-02,S003,P015,2,390.24
SALE-20260702-S003-P016,2026-07-02,S003,P016,5,1320.85
SALE-20260702-S003-P017,2026-07-02,S003,P017,6,3020.94
SALE-20260702-S003-P018,2026-07-02,S003,P018,4,1470.8
SALE-20260702-S003-P019,2026-07-02,S003,P019,10,8082.7
SALE-20260702-S003-P020,2026-07-02,S003,P020,6,3864.66
SALE-20260702-S003-P021,2026-07-02,S003,P021,5,987.35
SALE-20260702-S003-P022,2026-07-02,S003,P022,2,1457.08
SALE-20260702-S003-P023,2026-07-02,S003,P023,4,3198.8
SALE-20260702-S003-P024,2026-07-02,S003,P024,5,747.0
SALE-20260702-S003-P025,2026-07-02,S003,P025,1,690.47
SALE-20260702-S003-P026,2026-07-02,S003,P026,14,11478.32
SALE-20260702-S003-P027,2026-07-02,S003,P027,12,7072.56
SALE-20260702-S003-P028,2026-07-02,S003,P028,5,278.35
SALE-20260702-S003-P029,2026-07-02,S003,P029,9,2116.17
SALE-20260702-S003-P030,2026-07-02,S003,P030,1,230.66
SALE-20260702-S003-P031,2026-07-02,S003,P031,4,1165.68
SALE-20260702-S003-P032,2026-07-02,S003,P032,7,4386.2
SALE-20260702-S003-P033,2026-07-02,S003,P033,9,6074.19
SALE-20260702-S003-P034,2026-07-02,S003,P034,8,1355.12
SALE-20260702-S003-P035,2026-07-02,S003,P035,8,980.64
SALE-20260702-S003-P036,2026-07-02,S003,P036,0,0.0
SALE-20260702-S003-P037,2026-07-02,S003,P037,14,2622.9
SALE-20260702-S003-P038,2026-07-02,S003,P038,4,1547.32
SALE-20260702-S003-P039,2026-07-02,S003,P039,1,634.1
SALE-20260702-S003-P040,2026-07-02,S003,P040,7,1127.35
SALE-20260702-S003-P041,2026-07-02,S003,P041,3,2953.17
SALE-20260702-S003-P042,2026-07-02,S003,P042,7,7479.43
SALE-20260702-S003-P043,2026-07-02,S003,P043,13,9549.28
SALE-20260702-S003-P044,2026-07-02,S003,P044,5,674.75
SALE-20260702-S003-P045,2026-07-02,S003,P045,12,5347.8
SALE-20260702-S003-P046,2026-07-02,S003,P046,4,2223.72
SALE-20260702-S003-P047,2026-07-02,S003,P047,7,6600.93
SALE-20260702-S003-P048,2026-07-02,S003,P048,4,1895.12
SALE-20260702-S003-P049,2026-07-02,S003,P049,17,10789.22
SALE-20260703-S001-P001,2026-07-03,S001,P001,9,7099.74
SALE-20260703-S001-P002,2026-07-03,S001,P002,5,3245.75
SALE-20260703-S001-P003,2026-07-03,S001,P003,2,2141.74
SALE-20260703-S001-P004,2026-07-03,S001,P004,3,456.45
SALE-20260703-S001-P005,2026-07-03,S001,P005,9,3968.1
SALE-20260703-S001-P006,2026-07-03,S001,P006,6,5027.94
SALE-20260703-S001-P007,2026-07-03,S001,P007,24,6168.48
SALE-20260703-S001-P008,2026-07-03,S001,P008,10,8841.5
SALE-20260703-S001-P009,2026-07-03,S001,P009,7,5293.33
SALE-20260703-S001-P010,2026-07-03,S001,P010,9,8880.3
SALE-20260703-S001-P011,2026-07-03,S001,P011,1,218.9
SALE-20260703-S001-P012,2026-07-03,S001,P012,15,2832.45
SALE-20260703-S001-P013,2026-07-03,S001,P013,11,9513.68
SALE-20260703-S001-P014,2026-07-03,S001,P014,16,6302.56
SALE-20260703-S001-P015,2026-07-03,S001,P015,3,585.36
SALE-20260703-S001-P016,2026-07-03,S001,P016,5,1320.85
SALE-20260703-S001-P017,2026-07-03,S001,P017,6,3020.94
SALE-20260703-S001-P018,2026-07-03,S001,P018,14,5147.8
SALE-20260703-S001-P019,2026-07-03,S001,P019,9,7274.43
SALE-20260703-S001-P020,2026-07-03,S001,P020,11,7085.21
SALE-20260703-S001-P021,2026-07-03,S001,P021,4,789.88
SALE-20260703-S001-P022,2026-07-03,S001,P022,7,5099.78
SALE-20260703-S001-P023,2026-07-03,S001,P023,9,7197.3
SALE-20260703-S001-P024,2026-07-03,S001,P024,9,1344.6
SALE-20260703-S001-P025,2026-07-03,S001,P025,1,690.47
SALE-20260703-S001-P026,2026-07-03,S001,P026,8,6559.04
SALE-20260703-S001-P027,2026-07-03,S001,P027,15,8840.7
SALE-20260703-S001-P028,2026-07-03,S001,P028,1,55.67
SALE-20260703-S001-P029,2026-07-03,S001,P029,8,1881.04
SALE-20260703-S001-P030,2026-07-03,S001,P030,3,691.98
SALE-20260703-S001-P031,2026-07-03,S001,P031,5,1457.1
SALE-20260703-S001-P032,2026-07-03,S001,P032,3,1879.8
SALE-20260703-S001-P033,2026-07-03,S001,P033,8,5399.28
SALE-20260703-S001-P034,2026-07-03,S001,P034,13,2202.07
SALE-20260703-S001-P035,2026-07-03,S001,P035,16,1961.28
SALE-20260703-S001-P036,2026-07-03,S001,P036,3,562.17
SALE-20260703-S001-P037,2026-07-03,S001,P037,17,3184.95
SALE-20260703-S001-P038,2026-07-03,S001,P038,3,1160.49
SALE-20260703-S001-P039,2026-07-03,S001,P039,1,634.1
SALE-20260703-S001-P040,2026-07-03,S001,P040,7,1127.35
SALE-20260703-S001-P041,2026-07-03,S001,P041,4,3937.56
SALE-20260703-S001-P042,2026-07-03,S001,P042,19,20301.31
SALE-20260703-S001-P043,2026-07-03,S001,P043,13,9549.28
SALE-20260703-S001-P044,2026-07-03,S001,P044,8,1079.6
SALE-20260703-S001-P045,2026-07-03,S001,P045,15,6684.75
SALE-20260703-S001-P046,2026-07-03,S001,P046,2,1111.86
SALE-20260703-S001-P047,2026-07-03,S001,P047,12,11315.88
SALE-20260703-S001-P048,2026-07-03,S001,P048,6,2842.68
SALE-20260703-S001-P049,2026-07-03,S001,P049,16,10154.56
SALE-20260703-S001-P050,2026-07-03,S001,P050,8,3123.04
SALE-20260703-S002-P001,2026-07-03,S002,P001,12,9466.32
SALE-20260703-S002-P002,2026-07-03,S002,P002,3,1947.45
SALE-20260703-S002-P003,2026-07-03,S002,P003,7,7496.09
SALE-20260703-S002-P004,2026-07-03,S002,P004,0,0.0
SALE-20260703-S002-P005,2026-07-03,S002,P005,15,6613.5
SALE-20260703-S002-P006,2026-07-03,S002,P006,6,5027.94
SALE-20260703-S002-P007,2026-07-03,S002,P007,0,0.0
SALE-20260703-S002-P008,2026-07-03,S002,P008,16,14146.4
SALE-20260703-S002-P009,2026-07-03,S002,P009,9,6805.71
SALE-20260703-S002-P010,2026-07-03,S002,P010,16,15787.2
SALE-20260703-S002-P011,2026-07-03,S002,P011,5,1094.5
SALE-20260703-S002-P012,2026-07-03,S002,P012,19,3587.77
SALE-20260703-S002-P013,2026-07-03,S002,P013,11,9513.68
SALE-20260703-S002-P014,2026-07-03,S002,P014,11,4333.01
SALE-20260703-S002-P015,2026-07-03,S002,P015,8,1560.96
SALE-20260703-S002-P016,2026-07-03,S002,P016,8,2113.36
SALE-20260703-S002-P017,2026-07-03,S002,P017,8,4027.92
SALE-20260703-S002-P018,2026-07-03,S002,P018,23,8457.1
SALE-20260703-S002-P019,2026-07-03,S002,P019,7,5657.89
SALE-20260703-S002-P020,2026-07-03,S002,P020,8,5152.88
SALE-20260703-S002-P021,2026-07-03,S002,P021,5,987.35
SALE-20260703-S002-P022,2026-07-03,S002,P022,14,10199.56
SALE-20260703-S002-P023,2026-07-03,S002,P023,10,7997.0
SALE-20260703-S002-P024,2026-07-03,S002,P024,11,1643.4
SALE-20260703-S002-P025,2026-07-03,S002,P025,0,0.0
SALE-20260703-S002-P026,2026-07-03,S002,P026,15,12298.2
SALE-20260703-S002-P027,2026-07-03,S002,P027,12,7072.56
SALE-20260703-S002-P028,2026-07-03,S002,P028,4,222.68
SALE-20260703-S002-P029,2026-07-03,S002,P029,17,3997.21
SALE-20260703-S002-P030,2026-07-03,S002,P030,4,922.64
SALE-20260703-S002-P031,2026-07-03,S002,P031,21,6119.82
SALE-20260703-S002-P032,2026-07-03,S002,P032,10,6266.0
SALE-20260703-S002-P033,2026-07-03,S002,P033,9,6074.19
SALE-20260703-S002-P034,2026-07-03,S002,P034,10,1693.9
SALE-20260703-S002-P035,2026-07-03,S002,P035,22,2696.76
SALE-20260703-S002-P036,2026-07-03,S002,P036,2,374.78
SALE-20260703-S002-P037,2026-07-03,S002,P037,14,2622.9
SALE-20260703-S002-P038,2026-07-03,S002,P038,2,773.66
SALE-20260703-S002-P039,2026-07-03,S002,P039,2,1268.2
SALE-20260703-S002-P040,2026-07-03,S002,P040,14,2254.7
SALE-20260703-S002-P041,2026-07-03,S002,P041,9,8859.51
SALE-20260703-S002-P042,2026-07-03,S002,P042,21,22438.29
SALE-20260703-S002-P043,2026-07-03,S002,P043,23,16894.88
SALE-20260703-S002-P044,2026-07-03,S002,P044,5,674.75
SALE-20260703-S002-P045,2026-07-03,S002,P045,20,8913.0
SALE-20260703-S002-P046,2026-07-03,S002,P046,7,3891.51
SALE-20260703-S002-P047,2026-07-03,S002,P047,6,5657.94
SALE-20260703-S002-P048,2026-07-03,S002,P048,5,2368.9
SALE-20260703-S002-P049,2026-07-03,S002,P049,15,9519.9
SALE-20260703-S002-P050,2026-07-03,S002,P050,4,1561.52
SALE-20260703-S003-P001,2026-07-03,S003,P001,5,3944.3
SALE-20260703-S003-P002,2026-07-03,S003,P002,5,3245.75
SALE-20260703-S003-P003,2026-07-03,S003,P003,6,6425.22
SALE-20260703-S003-P004,2026-07-03,S003,P004,1,152.15
SALE-20260703-S003-P005,2026-07-03,S003,P005,6,2645.4
SALE-20260703-S003-P006,2026-07-03,S003,P006,1,837.99
SALE-20260703-S003-P007,2026-07-03,S003,P007,13,3341.26
SALE-20260703-S003-P008,2026-07-03,S003,P008,6,5304.9
SALE-20260703-S003-P009,2026-07-03,S003,P009,6,4537.14
SALE-20260703-S003-P010,2026-07-03,S003,P010,9,8880.3
SALE-20260703-S003-P011,2026-07-03,S003,P011,1,218.9
SALE-20260703-S003-P012,2026-07-03,S003,P012,14,2643.62
SALE-20260703-S003-P013,2026-07-03,S003,P013,8,6919.04
SALE-20260703-S003-P014,2026-07-03,S003,P014,14,5514.74
SALE-20260703-S003-P015,2026-07-03,S003,P015,1,195.12
SALE-20260703-S003-P016,2026-07-03,S003,P016,6,1585.02
SALE-20260703-S003-P017,2026-07-03,S003,P017,8,4027.92
SALE-20260703-S003-P018,2026-07-03,S003,P018,10,3677.0
SALE-20260703-S003-P019,2026-07-03,S003,P019,6,4849.62
SALE-20260703-S003-P020,2026-07-03,S003,P020,6,3864.66
SALE-20260703-S003-P021,2026-07-03,S003,P021,4,789.88
SALE-20260703-S003-P022,2026-07-03,S003,P022,5,3642.7
SALE-20260703-S003-P023,2026-07-03,S003,P023,8,6397.6
SALE-20260703-S003-P024,2026-07-03,S003,P024,10,1494.0
SALE-20260703-S003-P025,2026-07-03,S003,P025,0,0.0
SALE-20260703-S003-P026,2026-07-03,S003,P026,7,5739.16
SALE-20260703-S003-P027,2026-07-03,S003,P027,13,7661.94
SALE-20260703-S003-P028,2026-07-03,S003,P028,3,167.01
SALE-20260703-S003-P029,2026-07-03,S003,P029,8,1881.04
SALE-20260703-S003-P030,2026-07-03,S003,P030,3,691.98
SALE-20260703-S003-P031,2026-07-03,S003,P031,15,4371.3
SALE-20260703-S003-P032,2026-07-03,S003,P032,5,3133.0
SALE-20260703-S003-P033,2026-07-03,S003,P033,12,8098.92
SALE-20260703-S003-P034,2026-07-03,S003,P034,9,1524.51
SALE-20260703-S003-P035,2026-07-03,S003,P035,10,1225.8
SALE-20260703-S003-P036,2026-07-03,S003,P036,2,374.78
SALE-20260703-S003-P037,2026-07-03,S003,P037,13,2435.55
SALE-20260703-S003-P038,2026-07-03,S003,P038,4,1547.32
SALE-20260703-S003-P039,2026-07-03,S003,P039,0,0.0
SALE-20260703-S003-P040,2026-07-03,S003,P040,10,1610.5
SALE-20260703-S003-P041,2026-07-03,S003,P041,8,7875.12
SALE-20260703-S003-P042,2026-07-03,S003,P042,9,9616.41
SALE-20260703-S003-P043,2026-07-03,S003,P043,13,9549.28
SALE-20260703-S003-P044,2026-07-03,S003,P044,8,1079.6
SALE-20260703-S003-P045,2026-07-03,S003,P045,12,5347.8
SALE-20260703-S003-P046,2026-07-03,S003,P046,6,3335.58
SALE-20260703-S003-P047,2026-07-03,S003,P047,7,6600.93
SALE-20260703-S003-P048,2026-07-03,S003,P048,5,2368.9
SALE-20260703-S003-P049,2026-07-03,S003,P049,11,6981.26
SALE-20260704-S001-P001,2026-07-04,S001,P001,7,5522.02
SALE-20260704-S001-P002,2026-07-04,S001,P002,6,3894.9
SALE-20260704-S001-P003,2026-07-04,S001,P003,6,6425.22
SALE-20260704-S001-P004,2026-07-04,S001,P004,4,608.6
SALE-20260704-S001-P005,2026-07-04,S001,P005,10,4409.0
SALE-20260704-S001-P006,2026-07-04,S001,P006,6,5027.94
SALE-20260704-S001-P007,2026-07-04,S001,P007,11,2827.22
SALE-20260704-S001-P008,2026-07-04,S001,P008,10,8841.5
SALE-20260704-S001-P009,2026-07-04,S001,P009,10,7561.9
SALE-20260704-S001-P010,2026-07-04,S001,P010,12,11840.4
SALE-20260704-S001-P011,2026-07-04,S001,P011,1,218.9
SALE-20260704-S001-P012,2026-07-04,S001,P012,20,3776.6
SALE-20260704-S001-P013,2026-07-04,S001,P013,6,5189.28
SALE-20260704-S001-P014,2026-07-04,S001,P014,14,5514.74
SALE-20260704-S001-P015,2026-07-04,S001,P015,0,0.0
SALE-20260704-S001-P016,2026-07-04,S001,P016,9,2377.53
SALE-20260704-S001-P017,2026-07-04,S001,P017,13,6545.37
SALE-20260704-S001-P018,2026-07-04,S001,P018,24,8824.8
SALE-20260704-S001-P019,2026-07-04,S001,P019,7,5657.89
SALE-20260704-S001-P020,2026-07-04,S001,P020,5,3220.55
SALE-20260704-S001-P021,2026-07-04,S001,P021,5,987.35
SALE-20260704-S001-P022,2026-07-04,S001,P022,11,8013.94
SALE-20260704-S001-P023,2026-07-04,S001,P023,10,7997.0
SALE-20260704-S001-P024,2026-07-04,S001,P024,9,1344.6
SALE-20260704-S001-P025,2026-07-04,S001,P025,2,1380.94
SALE-20260704-S001-P026,2026-07-04,S001,P026,9,7378.92
SALE-20260704-S001-P027,2026-07-04,S001,P027,20,11787.6
SALE-20260704-S001-P028,2026-07-04,S001,P028,6,334.02
SALE-20260704-S001-P029,2026-07-04,S001,P029,13,3056.69
SALE-20260704-S001-P030,2026-07-04,S001,P030,3,691.98
SALE-20260704-S001-P031,2026-07-04,S001,P031,7,2039.94
SALE-20260704-S001-P032,2026-07-04,S001,P032,8,5012.8
SALE-20260704-S001-P033,2026-07-04,S001,P033,20,13498.2
SALE-20260704-S001-P034,2026-07-04,S001,P034,14,2371.46
SALE-20260704-S001-P035,2026-07-04,S001,P035,13,1593.54
SALE-20260704-S001-P036,2026-07-04,S001,P036,0,0.0
SALE-20260704-S001-P037,2026-07-04,S001,P037,19,3559.65
SALE-20260704-S001-P038,2026-07-04,S001,P038,6,2320.98
SALE-20260704-S001-P039,2026-07-04,S001,P039,0,0.0
SALE-20260704-S001-P040,2026-07-04,S001,P040,14,2254.7
SALE-20260704-S001-P041,2026-07-04,S001,P041,13,12797.07
SALE-20260704-S001-P042,2026-07-04,S001,P042,15,16027.35
SALE-20260704-S001-P043,2026-07-04,S001,P043,9,6611.04
SALE-20260704-S001-P044,2026-07-04,S001,P044,6,809.7
SALE-20260704-S001-P045,2026-07-04,S001,P045,15,6684.75
SALE-20260704-S001-P046,2026-07-04,S001,P046,8,4447.44
SALE-20260704-S001-P047,2026-07-04,S001,P047,11,10372.89
SALE-20260704-S001-P048,2026-07-04,S001,P048,4,1895.12
SALE-20260704-S001-P049,2026-07-04,S001,P049,18,11423.88
SALE-20260704-S001-P050,2026-07-04,S001,P050,4,1561.52
SALE-20260704-S002-P001,2026-07-04,S002,P001,10,7888.6
SALE-20260704-S002-P002,2026-07-04,S002,P002,8,5193.2
SALE-20260704-S002-P003,2026-07-04,S002,P003,3,3212.61
SALE-20260704-S002-P004,2026-07-04,S002,P004,0,0.0
SALE-20260704-S002-P005,2026-07-04,S002,P005,12,5290.8
SALE-20260704-S002-P006,2026-07-04,S002,P006,5,4189.95
SALE-20260704-S002-P007,2026-07-04,S002,P007,0,0.0
SALE-20260704-S002-P008,2026-07-04,S002,P008,16,14146.4
SALE-20260704-S002-P009,2026-07-04,S002,P009,13,9830.47
SALE-20260704-S002-P010,2026-07-04,S002,P010,17,16773.9
SALE-20260704-S002-P011,2026-07-04,S002,P011,0,0.0
SALE-20260704-S002-P012,2026-07-04,S002,P012,11,2077.13
SALE-20260704-S002-P013,2026-07-04,S002,P013,14,12108.32
SALE-20260704-S002-P014,2026-07-04,S002,P014,12,4726.92
SALE-20260704-S002-P015,2026-07-04,S002,P015,4,780.48
SALE-20260704-S002-P016,2026-07-04,S002,P016,9,2377.53
SALE-20260704-S002-P017,2026-07-04,S002,P017,11,5538.39
SALE-20260704-S002-P018,2026-07-04,S002,P018,13,4780.1
SALE-20260704-S002-P019,2026-07-04,S002,P019,13,10507.51
SALE-20260704-S002-P020,2026-07-04,S002,P020,10,6441.1
SALE-20260704-S002-P021,2026-07-04,S002,P021,5,987.35
SALE-20260704-S002-P022,2026-07-04,S002,P022,6,4371.24
SALE-20260704-S002-P023,2026-07-04,S002,P023,15,11995.5
SALE-20260704-S002-P024,2026-07-04,S002,P024,7,1045.8
SALE-20260704-S002-P025,2026-07-04,S002,P025,3,2071.41
SALE-20260704-S002-P026,2026-07-04,S002,P026,16,13118.08
SALE-20260704-S002-P027,2026-07-04,S002,P027,19,11198.22
SALE-20260704-S002-P028,2026-07-04,S002,P028,2,111.34
SALE-20260704-S002-P029,2026-07-04,S002,P029,13,3056.69
SALE-20260704-S002-P030,2026-07-04,S002,P030,3,691.98
SALE-20260704-S002-P031,2026-07-04,S002,P031,10,2914.2
SALE-20260704-S002-P032,2026-07-04,S002,P032,4,2506.4
SALE-20260704-S002-P033,2026-07-04,S002,P033,18,12148.38
SALE-20260704-S002-P034,2026-07-04,S002,P034,12,2032.68
SALE-20260704-S002-P035,2026-07-04,S002,P035,14,1716.12
SALE-20260704-S002-P036,2026-07-04,S002,P036,5,936.95
SALE-20260704-S002-P037,2026-07-04,S002,P037,20,3747.0
SALE-20260704-S002-P038,2026-07-04,S002,P038,8,3094.64
SALE-20260704-S002-P039,2026-07-04,S002,P039,1,634.1
SALE-20260704-S002-P040,2026-07-04,S002,P040,10,1610.5
SALE-20260704-S002-P041,2026-07-04,S002,P041,7,6890.73
SALE-20260704-S002-P042,2026-07-04,S002,P042,15,16027.35
SALE-20260704-S002-P043,2026-07-04,S002,P043,14,10283.84
SALE-20260704-S002-P044,2026-07-04,S002,P044,7,944.65
SALE-20260704-S002-P045,2026-07-04,S002,P045,20,8913.0
SALE-20260704-S002-P046,2026-07-04,S002,P046,9,5003.37
SALE-20260704-S002-P047,2026-07-04,S002,P047,15,14144.85
SALE-20260704-S002-P048,2026-07-04,S002,P048,10,4737.8
SALE-20260704-S002-P049,2026-07-04,S002,P049,14,8885.24
SALE-20260704-S002-P050,2026-07-04,S002,P050,5,1951.9
SALE-20260704-S003-P001,2026-07-04,S003,P001,8,6310.88
SALE-20260704-S003-P002,2026-07-04,S003,P002,3,1947.45
SALE-20260704-S003-P003,2026-07-04,S003,P003,3,3212.61
SALE-20260704-S003-P004,2026-07-04,S003,P004,2,304.3
SALE-20260704-S003-P005,2026-07-04,S003,P005,8,3527.2
SALE-20260704-S003-P006,2026-07-04,S003,P006,5,4189.95
SALE-20260704-S003-P007,2026-07-04,S003,P007,12,3084.24
SALE-20260704-S003-P008,2026-07-04,S003,P008,7,6189.05
SALE-20260704-S003-P009,2026-07-04,S003,P009,6,4537.14
SALE-20260704-S003-P010,2026-07-04,S003,P010,10,9867.0
SALE-20260704-S003-P011,2026-07-04,S003,P011,0,0.0
SALE-20260704-S003-P012,2026-07-04,S003,P012,11,2077.13
SALE-20260704-S003-P013,2026-07-04,S003,P013,10,8648.8
SALE-20260704-S003-P014,2026-07-04,S003,P014,14,5514.74
SALE-20260704-S003-P015,2026-07-04,S003,P015,1,195.12
SALE-20260704-S003-P016,2026-07-04,S003,P016,8,2113.36
SALE-20260704-S003-P017,2026-07-04,S003,P017,6,3020.94
SALE-20260704-S003-P018,2026-07-04,S003,P018,9,3309.3
SALE-20260704-S003-P019,2026-07-04,S003,P019,7,5657.89
SALE-20260704-S003-P020,2026-07-04,S003,P020,7,4508.77
SALE-20260704-S003-P021,2026-07-04,S003,P021,5,987.35
SALE-20260704-S003-P022,2026-07-04,S003,P022,5,3642.7
SALE-20260704-S003-P023,2026-07-04,S003,P023,8,6397.6
SALE-20260704-S003-P024,2026-07-04,S003,P024,5,747.0
SALE-20260704-S003-P025,2026-07-04,S003,P025,0,0.0
SALE-20260704-S003-P026,2026-07-04,S003,P026,9,7378.92
SALE-20260704-S003-P027,2026-07-04,S003,P027,16,9430.08
SALE-20260704-S003-P028,2026-07-04,S003,P028,2,111.34
SALE-20260704-S003-P029,2026-07-04,S003,P029,12,2821.56
SALE-20260704-S003-P030,2026-07-04,S003,P030,2,461.32
SALE-20260704-S003-P031,2026-07-04,S003,P031,10,2914.2
SALE-20260704-S003-P032,2026-07-04,S003,P032,1,626.6
SALE-20260704-S003-P033,2026-07-04,S003,P033,11,7424.01
SALE-20260704-S003-P034,2026-07-04,S003,P034,6,1016.34
SALE-20260704-S003-P035,2026-07-04,S003,P035,14,1716.12
SALE-20260704-S003-P036,2026-07-04,S003,P036,7,1311.73
SALE-20260704-S003-P037,2026-07-04,S003,P037,10,1873.5
SALE-20260704-S003-P038,2026-07-04,S003,P038,0,0.0
SALE-20260704-S003-P039,2026-07-04,S003,P039,1,634.1
SALE-20260704-S003-P040,2026-07-04,S003,P040,11,1771.55
SALE-20260704-S003-P041,2026-07-04,S003,P041,4,3937.56
SALE-20260704-S003-P042,2026-07-04,S003,P042,12,12821.88
SALE-20260704-S003-P043,2026-07-04,S003,P043,11,8080.16
SALE-20260704-S003-P044,2026-07-04,S003,P044,5,674.75
SALE-20260704-S003-P045,2026-07-04,S003,P045,14,6239.1
SALE-20260704-S003-P046,2026-07-04,S003,P046,7,3891.51
SALE-20260704-S003-P047,2026-07-04,S003,P047,8,7543.92
SALE-20260704-S003-P048,2026-07-04,S003,P048,4,1895.12
SALE-20260704-S003-P049,2026-07-04,S003,P049,10,6346.6
SALE-20260705-S001-P001,2026-07-05,S001,P001,7,5522.02
SALE-20260705-S001-P002,2026-07-05,S001,P002,3,1947.45
SALE-20260705-S001-P003,2026-07-05,S001,P003,5,5354.35
SALE-20260705-S001-P004,2026-07-05,S001,P004,3,456.45
SALE-20260705-S001-P005,2026-07-05,S001,P005,8,3527.2
SALE-20260705-S001-P006,2026-07-05,S001,P006,3,2513.97
SALE-20260705-S001-P007,2026-07-05,S001,P007,16,4112.32
SALE-20260705-S001-P008,2026-07-05,S001,P008,7,6189.05
SALE-20260705-S001-P009,2026-07-05,S001,P009,9,6805.71
SALE-20260705-S001-P010,2026-07-05,S001,P010,10,9867.0
SALE-20260705-S001-P011,2026-07-05,S001,P011,3,656.7
SALE-20260705-S001-P012,2026-07-05,S001,P012,23,4343.09
SALE-20260705-S001-P013,2026-07-05,S001,P013,7,6054.16
SALE-20260705-S001-P014,2026-07-05,S001,P014,16,6302.56
SALE-20260705-S001-P015,2026-07-05,S001,P015,8,1560.96
SALE-20260705-S001-P016,2026-07-05,S001,P016,12,3170.04
SALE-20260705-S001-P017,2026-07-05,S001,P017,8,4027.92
SALE-20260705-S001-P018,2026-07-05,S001,P018,13,4780.1
SALE-20260705-S001-P019,2026-07-05,S001,P019,14,11315.78
SALE-20260705-S001-P020,2026-07-05,S001,P020,5,3220.55
SALE-20260705-S001-P021,2026-07-05,S001,P021,8,1579.76
SALE-20260705-S001-P022,2026-07-05,S001,P022,6,4371.24
SALE-20260705-S001-P023,2026-07-05,S001,P023,14,11195.8
SALE-20260705-S001-P024,2026-07-05,S001,P024,9,1344.6
SALE-20260705-S001-P025,2026-07-05,S001,P025,4,2761.88
SALE-20260705-S001-P026,2026-07-05,S001,P026,12,9838.56
SALE-20260705-S001-P027,2026-07-05,S001,P027,13,7661.94
SALE-20260705-S001-P028,2026-07-05,S001,P028,4,222.68
SALE-20260705-S001-P029,2026-07-05,S001,P029,6,1410.78
SALE-20260705-S001-P030,2026-07-05,S001,P030,2,461.32
SALE-20260705-S001-P031,2026-07-05,S001,P031,11,3205.62
SALE-20260705-S001-P032,2026-07-05,S001,P032,3,1879.8
SALE-20260705-S001-P033,2026-07-05,S001,P033,13,8773.83
SALE-20260705-S001-P034,2026-07-05,S001,P034,9,1524.51
SALE-20260705-S001-P035,2026-07-05,S001,P035,15,1838.7
SALE-20260705-S001-P036,2026-07-05,S001,P036,2,374.78
SALE-20260705-S001-P037,2026-07-05,S001,P037,15,2810.25
SALE-20260705-S001-P038,2026-07-05,S001,P038,5,1934.15
SALE-20260705-S001-P039,2026-07-05,S001,P039,2,1268.2
SALE-20260705-S001-P040,2026-07-05,S001,P040,9,1449.45
SALE-20260705-S001-P041,2026-07-05,S001,P041,9,8859.51
SALE-20260705-S001-P042,2026-07-05,S001,P042,16,17095.84
SALE-20260705-S001-P043,2026-07-05,S001,P043,17,12487.52
SALE-20260705-S001-P044,2026-07-05,S001,P044,6,809.7
SALE-20260705-S001-P045,2026-07-05,S001,P045,13,5793.45
SALE-20260705-S001-P046,2026-07-05,S001,P046,12,6671.16
SALE-20260705-S001-P047,2026-07-05,S001,P047,7,6600.93
SALE-20260705-S001-P048,2026-07-05,S001,P048,7,3316.46
SALE-20260705-S001-P049,2026-07-05,S001,P049,12,7615.92
SALE-20260705-S001-P050,2026-07-05,S001,P050,5,1951.9
SALE-20260705-S002-P001,2026-07-05,S002,P001,14,11044.04
SALE-20260705-S002-P002,2026-07-05,S002,P002,10,6491.5
SALE-20260705-S002-P003,2026-07-05,S002,P003,6,6425.22
SALE-20260705-S002-P004,2026-07-05,S002,P004,1,152.15
SALE-20260705-S002-P005,2026-07-05,S002,P005,17,7495.3
SALE-20260705-S002-P006,2026-07-05,S002,P006,5,4189.95
SALE-20260705-S002-P007,2026-07-05,S002,P007,0,0.0
SALE-20260705-S002-P008,2026-07-05,S002,P008,14,12378.1
SALE-20260705-S002-P009,2026-07-05,S002,P009,16,12099.04
SALE-20260705-S002-P010,2026-07-05,S002,P010,9,8880.3
SALE-20260705-S002-P011,2026-07-05,S002,P011,2,437.8
SALE-20260705-S002-P012,2026-07-05,S002,P012,16,3021.28
SALE-20260705-S002-P013,2026-07-05,S002,P013,15,12973.2
SALE-20260705-S002-P014,2026-07-05,S002,P014,10,3939.1
SALE-20260705-S002-P015,2026-07-05,S002,P015,0,0.0
SALE-20260705-S002-P016,2026-07-05,S002,P016,13,3434.21
SALE-20260705-S002-P017,2026-07-05,S002,P017,8,4027.92
SALE-20260705-S002-P018,2026-07-05,S002,P018,15,5515.5
SALE-20260705-S002-P019,2026-07-05,S002,P019,19,15357.13
SALE-20260705-S002-P020,2026-07-05,S002,P020,17,10949.87
SALE-20260705-S002-P021,2026-07-05,S002,P021,4,789.88
SALE-20260705-S002-P022,2026-07-05,S002,P022,5,3642.7
SALE-20260705-S002-P023,2026-07-05,S002,P023,11,8796.7
SALE-20260705-S002-P024,2026-07-05,S002,P024,12,1792.8
SALE-20260705-S002-P025,2026-07-05,S002,P025,1,690.47
SALE-20260705-S002-P026,2026-07-05,S002,P026,13,10658.44
SALE-20260705-S002-P027,2026-07-05,S002,P027,15,8840.7
SALE-20260705-S002-P028,2026-07-05,S002,P028,3,167.01
SALE-20260705-S002-P029,2026-07-05,S002,P029,12,2821.56
SALE-20260705-S002-P030,2026-07-05,S002,P030,2,461.32
SALE-20260705-S002-P031,2026-07-05,S002,P031,13,3788.46
SALE-20260705-S002-P032,2026-07-05,S002,P032,7,4386.2
SALE-20260705-S002-P033,2026-07-05,S002,P033,17,11473.47
SALE-20260705-S002-P034,2026-07-05,S002,P034,21,3557.19
SALE-20260705-S002-P035,2026-07-05,S002,P035,9,1103.22
SALE-20260705-S002-P036,2026-07-05,S002,P036,7,1311.73
SALE-20260705-S002-P037,2026-07-05,S002,P037,21,3934.35
SALE-20260705-S002-P038,2026-07-05,S002,P038,7,2707.81
SALE-20260705-S002-P039,2026-07-05,S002,P039,3,1902.3
SALE-20260705-S002-P040,2026-07-05,S002,P040,21,3382.05
SALE-20260705-S002-P041,2026-07-05,S002,P041,11,10828.29
SALE-20260705-S002-P042,2026-07-05,S002,P042,16,17095.84
SALE-20260705-S002-P043,2026-07-05,S002,P043,8,5876.48
SALE-20260705-S002-P044,2026-07-05,S002,P044,12,1619.4
SALE-20260705-S002-P045,2026-07-05,S002,P045,18,8021.7
SALE-20260705-S002-P046,2026-07-05,S002,P046,12,6671.16
SALE-20260705-S002-P047,2026-07-05,S002,P047,10,9429.9
SALE-20260705-S002-P048,2026-07-05,S002,P048,6,2842.68
SALE-20260705-S002-P049,2026-07-05,S002,P049,21,13327.86
SALE-20260705-S002-P050,2026-07-05,S002,P050,5,1951.9
SALE-20260705-S003-P001,2026-07-05,S003,P001,9,7099.74
SALE-20260705-S003-P002,2026-07-05,S003,P002,8,5193.2
SALE-20260705-S003-P003,2026-07-05,S003,P003,4,4283.48
SALE-20260705-S003-P004,2026-07-05,S003,P004,2,304.3
SALE-20260705-S003-P005,2026-07-05,S003,P005,15,6613.5
SALE-20260705-S003-P006,2026-07-05,S003,P006,3,2513.97
SALE-20260705-S003-P007,2026-07-05,S003,P007,14,3598.28
SALE-20260705-S003-P008,2026-07-05,S003,P008,8,7073.2
SALE-20260705-S003-P009,2026-07-05,S003,P009,8,6049.52
SALE-20260705-S003-P010,2026-07-05,S003,P010,6,5920.2
SALE-20260705-S003-P011,2026-07-05,S003,P011,1,218.9
SALE-20260705-S003-P012,2026-07-05,S003,P012,12,2265.96
SALE-20260705-S003-P013,2026-07-05,S003,P013,10,8648.8
SALE-20260705-S003-P014,2026-07-05,S003,P014,16,6302.56
SALE-20260705-S003-P015,2026-07-05,S003,P015,2,390.24
SALE-20260705-S003-P016,2026-07-05,S003,P016,15,3962.55
SALE-20260705-S003-P017,2026-07-05,S003,P017,5,2517.45
SALE-20260705-S003-P018,2026-07-05,S003,P018,15,5515.5
SALE-20260705-S003-P019,2026-07-05,S003,P019,8,6466.16
SALE-20260705-S003-P020,2026-07-05,S003,P020,8,5152.88
SALE-20260705-S003-P021,2026-07-05,S003,P021,2,394.94
SALE-20260705-S003-P022,2026-07-05,S003,P022,9,6556.86
SALE-20260705-S003-P023,2026-07-05,S003,P023,15,11995.5
SALE-20260705-S003-P024,2026-07-05,S003,P024,6,896.4
SALE-20260705-S003-P025,2026-07-05,S003,P025,1,690.47
SALE-20260705-S003-P026,2026-07-05,S003,P026,15,12298.2
SALE-20260705-S003-P027,2026-07-05,S003,P027,16,9430.08
SALE-20260705-S003-P028,2026-07-05,S003,P028,0,0.0
SALE-20260705-S003-P029,2026-07-05,S003,P029,12,2821.56
SALE-20260705-S003-P030,2026-07-05,S003,P030,3,691.98
SALE-20260705-S003-P031,2026-07-05,S003,P031,9,2622.78
SALE-20260705-S003-P032,2026-07-05,S003,P032,6,3759.6
SALE-20260705-S003-P033,2026-07-05,S003,P033,10,6749.1
SALE-20260705-S003-P034,2026-07-05,S003,P034,14,2371.46
SALE-20260705-S003-P035,2026-07-05,S003,P035,17,2083.86
SALE-20260705-S003-P036,2026-07-05,S003,P036,4,749.56
SALE-20260705-S003-P037,2026-07-05,S003,P037,16,2997.6
SALE-20260705-S003-P038,2026-07-05,S003,P038,5,1934.15
SALE-20260705-S003-P039,2026-07-05,S003,P039,3,1902.3
SALE-20260705-S003-P040,2026-07-05,S003,P040,13,2093.65
SALE-20260705-S003-P041,2026-07-05,S003,P041,5,4921.95
SALE-20260705-S003-P042,2026-07-05,S003,P042,17,18164.33
SALE-20260705-S003-P043,2026-07-05,S003,P043,16,11752.96
SALE-20260705-S003-P044,2026-07-05,S003,P044,5,674.75
SALE-20260705-S003-P045,2026-07-05,S003,P045,12,5347.8
SALE-20260705-S003-P046,2026-07-05,S003,P046,7,3891.51
SALE-20260705-S003-P047,2026-07-05,S003,P047,5,4714.95
SALE-20260705-S003-P048,2026-07-05,S003,P048,3,1421.34
SALE-20260705-S003-P049,2026-07-05,S003,P049,10,6346.6
SALE-20260706-S001-P001,2026-07-06,S001,P001,7,5522.02
SALE-20260706-S001-P002,2026-07-06,S001,P002,11,7140.65
SALE-20260706-S001-P003,2026-07-06,S001,P003,3,3212.61
SALE-20260706-S001-P004,2026-07-06,S001,P004,3,456.45
SALE-20260706-S001-P005,2026-07-06,S001,P005,10,4409.0
SALE-20260706-S001-P006,2026-07-06,S001,P006,4,3351.96
SALE-20260706-S001-P007,2026-07-06,S001,P007,13,3341.26
SALE-20260706-S001-P008,2026-07-06,S001,P008,8,7073.2
SALE-20260706-S001-P009,2026-07-06,S001,P009,8,6049.52
SALE-20260706-S001-P010,2026-07-06,S001,P010,8,7893.6
SALE-20260706-S001-P011,2026-07-06,S001,P011,1,218.9
SALE-20260706-S001-P012,2026-07-06,S001,P012,23,4343.09
SALE-20260706-S001-P013,2026-07-06,S001,P013,19,16432.72
SALE-20260706-S001-P014,2026-07-06,S001,P014,6,2363.46
SALE-20260706-S001-P015,2026-07-06,S001,P015,3,585.36
SALE-20260706-S001-P016,2026-07-06,S001,P016,4,1056.68
SALE-20260706-S001-P017,2026-07-06,S001,P017,12,6041.88
SALE-20260706-S001-P018,2026-07-06,S001,P018,12,4412.4
SALE-20260706-S001-P019,2026-07-06,S001,P019,12,9699.24
SALE-20260706-S001-P020,2026-07-06,S001,P020,9,5796.99
SALE-20260706-S001-P021,2026-07-06,S001,P021,5,987.35
SALE-20260706-S001-P022,2026-07-06,S001,P022,12,8742.48
SALE-20260706-S001-P023,2026-07-06,S001,P023,11,8796.7
SALE-20260706-S001-P024,2026-07-06,S001,P024,12,1792.8
SALE-20260706-S001-P025,2026-07-06,S001,P025,0,0.0
SALE-20260706-S001-P026,2026-07-06,S001,P026,20,16397.6
SALE-20260706-S001-P027,2026-07-06,S001,P027,12,7072.56
SALE-20260706-S001-P028,2026-07-06,S001,P028,4,222.68
SALE-20260706-S001-P029,2026-07-06,S001,P029,3,705.39
SALE-20260706-S001-P030,2026-07-06,S001,P030,1,230.66
SALE-20260706-S001-P031,2026-07-06,S001,P031,11,3205.62
SALE-20260706-S001-P032,2026-07-06,S001,P032,5,3133.0
SALE-20260706-S001-P033,2026-07-06,S001,P033,9,6074.19
SALE-20260706-S001-P034,2026-07-06,S001,P034,17,2879.63
SALE-20260706-S001-P035,2026-07-06,S001,P035,11,1348.38
SALE-20260706-S001-P036,2026-07-06,S001,P036,3,562.17
SALE-20260706-S001-P037,2026-07-06,S001,P037,15,2810.25
SALE-20260706-S001-P038,2026-07-06,S001,P038,5,1934.15
SALE-20260706-S001-P039,2026-07-06,S001,P039,2,1268.2
SALE-20260706-S001-P040,2026-07-06,S001,P040,9,1449.45
SALE-20260706-S001-P041,2026-07-06,S001,P041,8,7875.12
SALE-20260706-S001-P042,2026-07-06,S001,P042,13,13890.37
SALE-20260706-S001-P043,2026-07-06,S001,P043,14,10283.84
SALE-20260706-S001-P044,2026-07-06,S001,P044,8,1079.6
SALE-20260706-S001-P045,2026-07-06,S001,P045,19,8467.35
SALE-20260706-S001-P046,2026-07-06,S001,P046,7,3891.51
SALE-20260706-S001-P047,2026-07-06,S001,P047,6,5657.94
SALE-20260706-S001-P048,2026-07-06,S001,P048,10,4737.8
SALE-20260706-S001-P049,2026-07-06,S001,P049,12,7615.92
SALE-20260706-S001-P050,2026-07-06,S001,P050,3,1171.14
SALE-20260706-S002-P001,2026-07-06,S002,P001,6,4733.16
SALE-20260706-S002-P002,2026-07-06,S002,P002,13,8438.95
SALE-20260706-S002-P003,2026-07-06,S002,P003,8,8566.96
SALE-20260706-S002-P004,2026-07-06,S002,P004,0,0.0
SALE-20260706-S002-P005,2026-07-06,S002,P005,10,4409.0
SALE-20260706-S002-P006,2026-07-06,S002,P006,6,5027.94
SALE-20260706-S002-P007,2026-07-06,S002,P007,0,0.0
SALE-20260706-S002-P008,2026-07-06,S002,P008,11,9725.65
SALE-20260706-S002-P009,2026-07-06,S002,P009,7,5293.33
SALE-20260706-S002-P010,2026-07-06,S002,P010,12,11840.4
SALE-20260706-S002-P011,2026-07-06,S002,P011,3,656.7
SALE-20260706-S002-P012,2026-07-06,S002,P012,15,2832.45
SALE-20260706-S002-P013,2026-07-06,S002,P013,8,6919.04
SALE-20260706-S002-P014,2026-07-06,S002,P014,12,4726.92
SALE-20260706-S002-P015,2026-07-06,S002,P015,5,975.6
SALE-20260706-S002-P016,2026-07-06,S002,P016,11,2905.87
SALE-20260706-S002-P017,2026-07-06,S002,P017,6,3020.94
SALE-20260706-S002-P018,2026-07-06,S002,P018,15,5515.5
SALE-20260706-S002-P019,2026-07-06,S002,P019,9,7274.43
SALE-20260706-S002-P020,2026-07-06,S002,P020,8,5152.88
SALE-20260706-S002-P021,2026-07-06,S002,P021,5,987.35
SALE-20260706-S002-P022,2026-07-06,S002,P022,9,6556.86
SALE-20260706-S002-P023,2026-07-06,S002,P023,10,7997.0
SALE-20260706-S002-P024,2026-07-06,S002,P024,9,1344.6
SALE-20260706-S002-P025,2026-07-06,S002,P025,1,690.47
SALE-20260706-S002-P026,2026-07-06,S002,P026,16,13118.08
SALE-20260706-S002-P027,2026-07-06,S002,P027,14,8251.32
SALE-20260706-S002-P028,2026-07-06,S002,P028,6,334.02
SALE-20260706-S002-P029,2026-07-06,S002,P029,21,4937.73
SALE-20260706-S002-P030,2026-07-06,S002,P030,0,0.0
SALE-20260706-S002-P031,2026-07-06,S002,P031,13,3788.46
SALE-20260706-S002-P032,2026-07-06,S002,P032,4,2506.4
SALE-20260706-S002-P033,2026-07-06,S002,P033,15,10123.65
SALE-20260706-S002-P034,2026-07-06,S002,P034,21,3557.19
SALE-20260706-S002-P035,2026-07-06,S002,P035,12,1470.96
SALE-20260706-S002-P036,2026-07-06,S002,P036,1,187.39
SALE-20260706-S002-P037,2026-07-06,S002,P037,25,4683.75
SALE-20260706-S002-P038,2026-07-06,S002,P038,5,1934.15
SALE-20260706-S002-P039,2026-07-06,S002,P039,8,5072.8
SALE-20260706-S002-P040,2026-07-06,S002,P040,14,2254.7
SALE-20260706-S002-P041,2026-07-06,S002,P041,8,7875.12
SALE-20260706-S002-P042,2026-07-06,S002,P042,18,19232.82
SALE-20260706-S002-P043,2026-07-06,S002,P043,23,16894.88
SALE-20260706-S002-P044,2026-07-06,S002,P044,6,809.7
SALE-20260706-S002-P045,2026-07-06,S002,P045,18,8021.7
SALE-20260706-S002-P046,2026-07-06,S002,P046,8,4447.44
SALE-20260706-S002-P047,2026-07-06,S002,P047,12,11315.88
SALE-20260706-S002-P048,2026-07-06,S002,P048,8,3790.24
SALE-20260706-S002-P049,2026-07-06,S002,P049,32,20309.12
SALE-20260706-S002-P050,2026-07-06,S002,P050,2,780.76
SALE-20260706-S003-P001,2026-07-06,S003,P001,14,11044.04
SALE-20260706-S003-P002,2026-07-06,S003,P002,3,1947.45
SALE-20260706-S003-P003,2026-07-06,S003,P003,1,1070.87
SALE-20260706-S003-P004,2026-07-06,S003,P004,6,912.9
SALE-20260706-S003-P005,2026-07-06,S003,P005,10,4409.0
SALE-20260706-S003-P006,2026-07-06,S003,P006,4,3351.96
SALE-20260706-S003-P007,2026-07-06,S003,P007,18,4626.36
SALE-20260706-S003-P008,2026-07-06,S003,P008,8,7073.2
SALE-20260706-S003-P009,2026-07-06,S003,P009,4,3024.76
SALE-20260706-S003-P010,2026-07-06,S003,P010,5,4933.5
SALE-20260706-S003-P011,2026-07-06,S003,P011,4,875.6
SALE-20260706-S003-P012,2026-07-06,S003,P012,15,2832.45
SALE-20260706-S003-P013,2026-07-06,S003,P013,5,4324.4
SALE-20260706-S003-P014,2026-07-06,S003,P014,11,4333.01
SALE-20260706-S003-P015,2026-07-06,S003,P015,2,390.24
SALE-20260706-S003-P016,2026-07-06,S003,P016,2,528.34
SALE-20260706-S003-P017,2026-07-06,S003,P017,5,2517.45
SALE-20260706-S003-P018,2026-07-06,S003,P018,9,3309.3
SALE-20260706-S003-P019,2026-07-06,S003,P019,17,13740.59
SALE-20260706-S003-P020,2026-07-06,S003,P020,3,1932.33
SALE-20260706-S003-P021,2026-07-06,S003,P021,3,592.41
SALE-20260706-S003-P022,2026-07-06,S003,P022,7,5099.78
SALE-20260706-S003-P023,2026-07-06,S003,P023,17,13594.9
SALE-20260706-S003-P024,2026-07-06,S003,P024,6,896.4
SALE-20260706-S003-P025,2026-07-06,S003,P025,0,0.0
SALE-20260706-S003-P026,2026-07-06,S003,P026,8,6559.04
SALE-20260706-S003-P027,2026-07-06,S003,P027,14,8251.32
SALE-20260706-S003-P028,2026-07-06,S003,P028,3,167.01
SALE-20260706-S003-P029,2026-07-06,S003,P029,11,2586.43
SALE-20260706-S003-P030,2026-07-06,S003,P030,0,0.0
SALE-20260706-S003-P031,2026-07-06,S003,P031,9,2622.78
SALE-20260706-S003-P032,2026-07-06,S003,P032,4,2506.4
SALE-20260706-S003-P033,2026-07-06,S003,P033,14,9448.74
SALE-20260706-S003-P034,2026-07-06,S003,P034,10,1693.9
SALE-20260706-S003-P035,2026-07-06,S003,P035,9,1103.22
SALE-20260706-S003-P036,2026-07-06,S003,P036,3,562.17
SALE-20260706-S003-P037,2026-07-06,S003,P037,15,2810.25
SALE-20260706-S003-P038,2026-07-06,S003,P038,2,773.66
SALE-20260706-S003-P039,2026-07-06,S003,P039,2,1268.2
SALE-20260706-S003-P040,2026-07-06,S003,P040,13,2093.65
SALE-20260706-S003-P041,2026-07-06,S003,P041,7,6890.73
SALE-20260706-S003-P042,2026-07-06,S003,P042,9,9616.41
SALE-20260706-S003-P043,2026-07-06,S003,P043,19,13956.64
SALE-20260706-S003-P044,2026-07-06,S003,P044,5,674.75
SALE-20260706-S003-P045,2026-07-06,S003,P045,12,5347.8
SALE-20260706-S003-P046,2026-07-06,S003,P046,4,2223.72
SALE-20260706-S003-P047,2026-07-06,S003,P047,5,4714.95
SALE-20260706-S003-P048,2026-07-06,S003,P048,4,1895.12
SALE-20260706-S003-P049,2026-07-06,S003,P049,15,9519.9
SALE-20260707-S001-P001,2026-07-07,S001,P001,9,7099.74
SALE-20260707-S001-P002,2026-07-07,S001,P002,9,5842.35
SALE-20260707-S001-P003,2026-07-07,S001,P003,5,5354.35
SALE-20260707-S001-P004,2026-07-07,S001,P004,1,152.15
SALE-20260707-S001-P005,2026-07-07,S001,P005,5,2204.5
SALE-20260707-S001-P006,2026-07-07,S001,P006,2,1675.98
SALE-20260707-S001-P007,2026-07-07,S001,P007,14,3598.28
SALE-20260707-S001-P008,2026-07-07,S001,P008,7,6189.05
SALE-20260707-S001-P009,2026-07-07,S001,P009,10,7561.9
SALE-20260707-S001-P010,2026-07-07,S001,P010,9,8880.3
SALE-20260707-S001-P011,2026-07-07,S001,P011,2,437.8
SALE-20260707-S001-P012,2026-07-07,S001,P012,14,2643.62
SALE-20260707-S001-P013,2026-07-07,S001,P013,7,6054.16
SALE-20260707-S001-P014,2026-07-07,S001,P014,10,3939.1
SALE-20260707-S001-P015,2026-07-07,S001,P015,0,0.0
SALE-20260707-S001-P016,2026-07-07,S001,P016,9,2377.53
SALE-20260707-S001-P017,2026-07-07,S001,P017,8,4027.92
SALE-20260707-S001-P018,2026-07-07,S001,P018,14,5147.8
SALE-20260707-S001-P019,2026-07-07,S001,P019,11,8890.97
SALE-20260707-S001-P020,2026-07-07,S001,P020,4,2576.44
SALE-20260707-S001-P021,2026-07-07,S001,P021,4,789.88
SALE-20260707-S001-P022,2026-07-07,S001,P022,5,3642.7
SALE-20260707-S001-P023,2026-07-07,S001,P023,7,5597.9
SALE-20260707-S001-P024,2026-07-07,S001,P024,7,1045.8
SALE-20260707-S001-P025,2026-07-07,S001,P025,1,690.47
SALE-20260707-S001-P026,2026-07-07,S001,P026,15,12298.2
SALE-20260707-S001-P027,2026-07-07,S001,P027,12,7072.56
SALE-20260707-S001-P028,2026-07-07,S001,P028,2,111.34
SALE-20260707-S001-P029,2026-07-07,S001,P029,9,2116.17
SALE-20260707-S001-P030,2026-07-07,S001,P030,5,1153.3
SALE-20260707-S001-P031,2026-07-07,S001,P031,12,3497.04
SALE-20260707-S001-P032,2026-07-07,S001,P032,7,4386.2
SALE-20260707-S001-P033,2026-07-07,S001,P033,14,9448.74
SALE-20260707-S001-P034,2026-07-07,S001,P034,12,2032.68
SALE-20260707-S001-P035,2026-07-07,S001,P035,19,2329.02
SALE-20260707-S001-P036,2026-07-07,S001,P036,4,749.56
SALE-20260707-S001-P037,2026-07-07,S001,P037,9,1686.15
SALE-20260707-S001-P038,2026-07-07,S001,P038,4,1547.32
SALE-20260707-S001-P039,2026-07-07,S001,P039,1,634.1
SALE-20260707-S001-P040,2026-07-07,S001,P040,7,1127.35
SALE-20260707-S001-P041,2026-07-07,S001,P041,7,6890.73
SALE-20260707-S001-P042,2026-07-07,S001,P042,12,12821.88
SALE-20260707-S001-P043,2026-07-07,S001,P043,15,11018.4
SALE-20260707-S001-P044,2026-07-07,S001,P044,13,1754.35
SALE-20260707-S001-P045,2026-07-07,S001,P045,16,7130.4
SALE-20260707-S001-P046,2026-07-07,S001,P046,6,3335.58
SALE-20260707-S001-P047,2026-07-07,S001,P047,7,6600.93
SALE-20260707-S001-P048,2026-07-07,S001,P048,3,1421.34
SALE-20260707-S001-P049,2026-07-07,S001,P049,12,7615.92
SALE-20260707-S001-P050,2026-07-07,S001,P050,5,1951.9
SALE-20260707-S002-P001,2026-07-07,S002,P001,8,6310.88
SALE-20260707-S002-P002,2026-07-07,S002,P002,4,2596.6
SALE-20260707-S002-P003,2026-07-07,S002,P003,2,2141.74
SALE-20260707-S002-P004,2026-07-07,S002,P004,0,0.0
SALE-20260707-S002-P005,2026-07-07,S002,P005,7,3086.3
SALE-20260707-S002-P006,2026-07-07,S002,P006,4,3351.96
SALE-20260707-S002-P007,2026-07-07,S002,P007,0,0.0
SALE-20260707-S002-P008,2026-07-07,S002,P008,13,11493.95
SALE-20260707-S002-P009,2026-07-07,S002,P009,12,9074.28
SALE-20260707-S002-P010,2026-07-07,S002,P010,11,10853.7
SALE-20260707-S002-P011,2026-07-07,S002,P011,3,656.7
SALE-20260707-S002-P012,2026-07-07,S002,P012,20,3776.6
SALE-20260707-S002-P013,2026-07-07,S002,P013,9,7783.92
SALE-20260707-S002-P014,2026-07-07,S002,P014,18,7090.38
SALE-20260707-S002-P015,2026-07-07,S002,P015,2,390.24
SALE-20260707-S002-P016,2026-07-07,S002,P016,10,2641.7
SALE-20260707-S002-P017,2026-07-07,S002,P017,15,7552.35
SALE-20260707-S002-P018,2026-07-07,S002,P018,14,5147.8
SALE-20260707-S002-P019,2026-07-07,S002,P019,15,12124.05
SALE-20260707-S002-P020,2026-07-07,S002,P020,6,3864.66
SALE-20260707-S002-P021,2026-07-07,S002,P021,8,1579.76
SALE-20260707-S002-P022,2026-07-07,S002,P022,8,5828.32
SALE-20260707-S002-P023,2026-07-07,S002,P023,14,11195.8
SALE-20260707-S002-P024,2026-07-07,S002,P024,10,1494.0
SALE-20260707-S002-P025,2026-07-07,S002,P025,1,690.47
SALE-20260707-S002-P026,2026-07-07,S002,P026,13,10658.44
SALE-20260707-S002-P027,2026-07-07,S002,P027,24,14145.12
SALE-20260707-S002-P028,2026-07-07,S002,P028,1,55.67
SALE-20260707-S002-P029,2026-07-07,S002,P029,12,2821.56
SALE-20260707-S002-P030,2026-07-07,S002,P030,1,230.66
SALE-20260707-S002-P031,2026-07-07,S002,P031,19,5536.98
SALE-20260707-S002-P032,2026-07-07,S002,P032,5,3133.0
SALE-20260707-S002-P033,2026-07-07,S002,P033,10,6749.1
SALE-20260707-S002-P034,2026-07-07,S002,P034,14,2371.46
SALE-20260707-S002-P035,2026-07-07,S002,P035,13,1593.54
SALE-20260707-S002-P036,2026-07-07,S002,P036,2,374.78
SALE-20260707-S002-P037,2026-07-07,S002,P037,21,3934.35
SALE-20260707-S002-P038,2026-07-07,S002,P038,7,2707.81
SALE-20260707-S002-P039,2026-07-07,S002,P039,4,2536.4
SALE-20260707-S002-P040,2026-07-07,S002,P040,11,1771.55
SALE-20260707-S002-P041,2026-07-07,S002,P041,5,4921.95
SALE-20260707-S002-P042,2026-07-07,S002,P042,18,19232.82
SALE-20260707-S002-P043,2026-07-07,S002,P043,17,12487.52
SALE-20260707-S002-P044,2026-07-07,S002,P044,10,1349.5
SALE-20260707-S002-P045,2026-07-07,S002,P045,24,10695.6
SALE-20260707-S002-P046,2026-07-07,S002,P046,4,2223.72
SALE-20260707-S002-P047,2026-07-07,S002,P047,9,8486.91
SALE-20260707-S002-P048,2026-07-07,S002,P048,2,947.56
SALE-20260707-S002-P049,2026-07-07,S002,P049,15,9519.9
SALE-20260707-S002-P050,2026-07-07,S002,P050,4,1561.52
SALE-20260707-S003-P001,2026-07-07,S003,P001,8,6310.88
SALE-20260707-S003-P002,2026-07-07,S003,P002,1,649.15
SALE-20260707-S003-P003,2026-07-07,S003,P003,3,3212.61
SALE-20260707-S003-P004,2026-07-07,S003,P004,0,0.0
SALE-20260707-S003-P005,2026-07-07,S003,P005,11,4849.9
SALE-20260707-S003-P006,2026-07-07,S003,P006,2,1675.98
SALE-20260707-S003-P007,2026-07-07,S003,P007,11,2827.22
SALE-20260707-S003-P008,2026-07-07,S003,P008,7,6189.05
SALE-20260707-S003-P009,2026-07-07,S003,P009,7,5293.33
SALE-20260707-S003-P010,2026-07-07,S003,P010,6,5920.2
SALE-20260707-S003-P011,2026-07-07,S003,P011,1,218.9
SALE-20260707-S003-P012,2026-07-07,S003,P012,11,2077.13
SALE-20260707-S003-P013,2026-07-07,S003,P013,5,4324.4
SALE-20260707-S003-P014,2026-07-07,S003,P014,13,5120.83
SALE-20260707-S003-P015,2026-07-07,S003,P015,4,780.48
SALE-20260707-S003-P016,2026-07-07,S003,P016,8,2113.36
SALE-20260707-S003-P017,2026-07-07,S003,P017,5,2517.45
SALE-20260707-S003-P018,2026-07-07,S003,P018,15,5515.5
SALE-20260707-S003-P019,2026-07-07,S003,P019,6,4849.62
SALE-20260707-S003-P020,2026-07-07,S003,P020,10,6441.1
SALE-20260707-S003-P021,2026-07-07,S003,P021,4,789.88
SALE-20260707-S003-P022,2026-07-07,S003,P022,5,3642.7
SALE-20260707-S003-P023,2026-07-07,S003,P023,1,799.7
SALE-20260707-S003-P024,2026-07-07,S003,P024,6,896.4
SALE-20260707-S003-P025,2026-07-07,S003,P025,0,0.0
SALE-20260707-S003-P026,2026-07-07,S003,P026,11,9018.68
SALE-20260707-S003-P027,2026-07-07,S003,P027,17,10019.46
SALE-20260707-S003-P028,2026-07-07,S003,P028,5,278.35
SALE-20260707-S003-P029,2026-07-07,S003,P029,9,2116.17
SALE-20260707-S003-P030,2026-07-07,S003,P030,2,461.32
SALE-20260707-S003-P031,2026-07-07,S003,P031,7,2039.94
SALE-20260707-S003-P032,2026-07-07,S003,P032,5,3133.0
SALE-20260707-S003-P033,2026-07-07,S003,P033,11,7424.01
SALE-20260707-S003-P034,2026-07-07,S003,P034,4,677.56
SALE-20260707-S003-P035,2026-07-07,S003,P035,6,735.48
SALE-20260707-S003-P036,2026-07-07,S003,P036,3,562.17
SALE-20260707-S003-P037,2026-07-07,S003,P037,12,2248.2
SALE-20260707-S003-P038,2026-07-07,S003,P038,4,1547.32
SALE-20260707-S003-P039,2026-07-07,S003,P039,3,1902.3
SALE-20260707-S003-P040,2026-07-07,S003,P040,8,1288.4
SALE-20260707-S003-P041,2026-07-07,S003,P041,5,4921.95
SALE-20260707-S003-P042,2026-07-07,S003,P042,9,9616.41
SALE-20260707-S003-P043,2026-07-07,S003,P043,9,6611.04
SALE-20260707-S003-P044,2026-07-07,S003,P044,2,269.9
SALE-20260707-S003-P045,2026-07-07,S003,P045,8,3565.2
SALE-20260707-S003-P046,2026-07-07,S003,P046,6,3335.58
SALE-20260707-S003-P047,2026-07-07,S003,P047,4,3771.96
SALE-20260707-S003-P048,2026-07-07,S003,P048,3,1421.34
SALE-20260707-S003-P049,2026-07-07,S003,P049,13,8250.58
SALE-20260708-S001-P001,2026-07-08,S001,P001,6,4733.16
SALE-20260708-S001-P002,2026-07-08,S001,P002,8,5193.2
SALE-20260708-S001-P003,2026-07-08,S001,P003,2,2141.74
SALE-20260708-S001-P004,2026-07-08,S001,P004,3,456.45
SALE-20260708-S001-P005,2026-07-08,S001,P005,6,2645.4
SALE-20260708-S001-P006,2026-07-08,S001,P006,3,2513.97
SALE-20260708-S001-P007,2026-07-08,S001,P007,13,3341.26
SALE-20260708-S001-P008,2026-07-08,S001,P008,8,7073.2
SALE-20260708-S001-P009,2026-07-08,S001,P009,6,4537.14
SALE-20260708-S001-P010,2026-07-08,S001,P010,10,9867.0
SALE-20260708-S001-P011,2026-07-08,S001,P011,0,0.0
SALE-20260708-S001-P012,2026-07-08,S001,P012,12,2265.96
SALE-20260708-S001-P013,2026-07-08,S001,P013,8,6919.04
SALE-20260708-S001-P014,2026-07-08,S001,P014,4,1575.64
SALE-20260708-S001-P015,2026-07-08,S001,P015,3,585.36
SALE-20260708-S001-P016,2026-07-08,S001,P016,4,1056.68
SALE-20260708-S001-P017,2026-07-08,S001,P017,5,2517.45
SALE-20260708-S001-P018,2026-07-08,S001,P018,16,5883.2
SALE-20260708-S001-P019,2026-07-08,S001,P019,12,9699.24
SALE-20260708-S001-P020,2026-07-08,S001,P020,3,1932.33
SALE-20260708-S001-P021,2026-07-08,S001,P021,5,987.35
SALE-20260708-S001-P022,2026-07-08,S001,P022,7,5099.78
SALE-20260708-S001-P023,2026-07-08,S001,P023,5,3998.5
SALE-20260708-S001-P024,2026-07-08,S001,P024,5,747.0
SALE-20260708-S001-P025,2026-07-08,S001,P025,1,690.47
SALE-20260708-S001-P026,2026-07-08,S001,P026,13,10658.44
SALE-20260708-S001-P027,2026-07-08,S001,P027,7,4125.66
SALE-20260708-S001-P028,2026-07-08,S001,P028,2,111.34
SALE-20260708-S001-P029,2026-07-08,S001,P029,3,705.39
SALE-20260708-S001-P030,2026-07-08,S001,P030,2,461.32
SALE-20260708-S001-P031,2026-07-08,S001,P031,12,3497.04
SALE-20260708-S001-P032,2026-07-08,S001,P032,1,626.6
SALE-20260708-S001-P033,2026-07-08,S001,P033,10,6749.1
SALE-20260708-S001-P034,2026-07-08,S001,P034,11,1863.29
SALE-20260708-S001-P035,2026-07-08,S001,P035,10,1225.8
SALE-20260708-S001-P036,2026-07-08,S001,P036,2,374.78
SALE-20260708-S001-P037,2026-07-08,S001,P037,10,1873.5
SALE-20260708-S001-P038,2026-07-08,S001,P038,5,1934.15
SALE-20260708-S001-P039,2026-07-08,S001,P039,0,0.0
SALE-20260708-S001-P040,2026-07-08,S001,P040,13,2093.65
SALE-20260708-S001-P041,2026-07-08,S001,P041,6,5906.34
SALE-20260708-S001-P042,2026-07-08,S001,P042,16,17095.84
SALE-20260708-S001-P043,2026-07-08,S001,P043,14,10283.84
SALE-20260708-S001-P044,2026-07-08,S001,P044,7,944.65
SALE-20260708-S001-P045,2026-07-08,S001,P045,7,3119.55
SALE-20260708-S001-P046,2026-07-08,S001,P046,4,2223.72
SALE-20260708-S001-P047,2026-07-08,S001,P047,9,8486.91
SALE-20260708-S001-P048,2026-07-08,S001,P048,4,1895.12
SALE-20260708-S001-P049,2026-07-08,S001,P049,9,5711.94
SALE-20260708-S001-P050,2026-07-08,S001,P050,5,1951.9
SALE-20260708-S002-P001,2026-07-08,S002,P001,8,6310.88
SALE-20260708-S002-P002,2026-07-08,S002,P002,7,4544.05
SALE-20260708-S002-P003,2026-07-08,S002,P003,5,5354.35
SALE-20260708-S002-P004,2026-07-08,S002,P004,2,304.3
SALE-20260708-S002-P005,2026-07-08,S002,P005,13,5731.7
SALE-20260708-S002-P006,2026-07-08,S002,P006,7,5865.93
SALE-20260708-S002-P007,2026-07-08,S002,P007,0,0.0
SALE-20260708-S002-P008,2026-07-08,S002,P008,10,8841.5
SALE-20260708-S002-P009,2026-07-08,S002,P009,10,7561.9
SALE-20260708-S002-P010,2026-07-08,S002,P010,11,10853.7
SALE-20260708-S002-P011,2026-07-08,S002,P011,3,656.7
SALE-20260708-S002-P012,2026-07-08,S002,P012,9,1699.47
SALE-20260708-S002-P013,2026-07-08,S002,P013,3,2594.64
SALE-20260708-S002-P014,2026-07-08,S002,P014,12,4726.92
SALE-20260708-S002-P015,2026-07-08,S002,P015,3,585.36
SALE-20260708-S002-P016,2026-07-08,S002,P016,8,2113.36
SALE-20260708-S002-P017,2026-07-08,S002,P017,11,5538.39
SALE-20260708-S002-P018,2026-07-08,S002,P018,17,6250.9
SALE-20260708-S002-P019,2026-07-08,S002,P019,9,7274.43
SALE-20260708-S002-P020,2026-07-08,S002,P020,4,2576.44
SALE-20260708-S002-P021,2026-07-08,S002,P021,3,592.41
SALE-20260708-S002-P022,2026-07-08,S002,P022,11,8013.94
SALE-20260708-S002-P023,2026-07-08,S002,P023,16,12795.2
SALE-20260708-S002-P024,2026-07-08,S002,P024,9,1344.6
SALE-20260708-S002-P025,2026-07-08,S002,P025,0,0.0
SALE-20260708-S002-P026,2026-07-08,S002,P026,14,11478.32
SALE-20260708-S002-P027,2026-07-08,S002,P027,16,9430.08
SALE-20260708-S002-P028,2026-07-08,S002,P028,4,222.68
SALE-20260708-S002-P029,2026-07-08,S002,P029,13,3056.69
SALE-20260708-S002-P030,2026-07-08,S002,P030,4,922.64
SALE-20260708-S002-P031,2026-07-08,S002,P031,8,2331.36
SALE-20260708-S002-P032,2026-07-08,S002,P032,6,3759.6
SALE-20260708-S002-P033,2026-07-08,S002,P033,15,10123.65
SALE-20260708-S002-P034,2026-07-08,S002,P034,13,2202.07
SALE-20260708-S002-P035,2026-07-08,S002,P035,10,1225.8
SALE-20260708-S002-P036,2026-07-08,S002,P036,3,562.17
SALE-20260708-S002-P037,2026-07-08,S002,P037,16,2997.6
SALE-20260708-S002-P038,2026-07-08,S002,P038,2,773.66
SALE-20260708-S002-P039,2026-07-08,S002,P039,3,1902.3
SALE-20260708-S002-P040,2026-07-08,S002,P040,4,644.2
SALE-20260708-S002-P041,2026-07-08,S002,P041,6,5906.34
SALE-20260708-S002-P042,2026-07-08,S002,P042,14,14958.86
SALE-20260708-S002-P043,2026-07-08,S002,P043,16,11752.96
SALE-20260708-S002-P044,2026-07-08,S002,P044,3,404.85
SALE-20260708-S002-P045,2026-07-08,S002,P045,14,6239.1
SALE-20260708-S002-P046,2026-07-08,S002,P046,5,2779.65
SALE-20260708-S002-P047,2026-07-08,S002,P047,7,6600.93
SALE-20260708-S002-P048,2026-07-08,S002,P048,5,2368.9
SALE-20260708-S002-P049,2026-07-08,S002,P049,16,10154.56
SALE-20260708-S002-P050,2026-07-08,S002,P050,10,3903.8
SALE-20260708-S003-P001,2026-07-08,S003,P001,8,6310.88
SALE-20260708-S003-P002,2026-07-08,S003,P002,4,2596.6
SALE-20260708-S003-P003,2026-07-08,S003,P003,4,4283.48
SALE-20260708-S003-P004,2026-07-08,S003,P004,1,152.15
SALE-20260708-S003-P005,2026-07-08,S003,P005,10,4409.0
SALE-20260708-S003-P006,2026-07-08,S003,P006,1,837.99
SALE-20260708-S003-P007,2026-07-08,S003,P007,13,3341.26
SALE-20260708-S003-P008,2026-07-08,S003,P008,9,7957.35
SALE-20260708-S003-P009,2026-07-08,S003,P009,6,4537.14
SALE-20260708-S003-P010,2026-07-08,S003,P010,6,5920.2
SALE-20260708-S003-P011,2026-07-08,S003,P011,2,437.8
SALE-20260708-S003-P012,2026-07-08,S003,P012,12,2265.96
SALE-20260708-S003-P013,2026-07-08,S003,P013,10,8648.8
SALE-20260708-S003-P014,2026-07-08,S003,P014,14,5514.74
SALE-20260708-S003-P015,2026-07-08,S003,P015,2,390.24
SALE-20260708-S003-P016,2026-07-08,S003,P016,5,1320.85
SALE-20260708-S003-P017,2026-07-08,S003,P017,12,6041.88
SALE-20260708-S003-P018,2026-07-08,S003,P018,14,5147.8
SALE-20260708-S003-P019,2026-07-08,S003,P019,5,4041.35
SALE-20260708-S003-P020,2026-07-08,S003,P020,3,1932.33
SALE-20260708-S003-P021,2026-07-08,S003,P021,6,1184.82
SALE-20260708-S003-P022,2026-07-08,S003,P022,2,1457.08
SALE-20260708-S003-P023,2026-07-08,S003,P023,8,6397.6
SALE-20260708-S003-P024,2026-07-08,S003,P024,0,0.0
SALE-20260708-S003-P025,2026-07-08,S003,P025,4,2761.88
SALE-20260708-S003-P026,2026-07-08,S003,P026,12,9838.56
SALE-20260708-S003-P027,2026-07-08,S003,P027,11,6483.18
SALE-20260708-S003-P028,2026-07-08,S003,P028,3,167.01
SALE-20260708-S003-P029,2026-07-08,S003,P029,8,1881.04
SALE-20260708-S003-P030,2026-07-08,S003,P030,4,922.64
SALE-20260708-S003-P031,2026-07-08,S003,P031,8,2331.36
SALE-20260708-S003-P032,2026-07-08,S003,P032,3,1879.8
SALE-20260708-S003-P033,2026-07-08,S003,P033,8,5399.28
SALE-20260708-S003-P034,2026-07-08,S003,P034,2,338.78
SALE-20260708-S003-P035,2026-07-08,S003,P035,13,1593.54
SALE-20260708-S003-P036,2026-07-08,S003,P036,2,374.78
SALE-20260708-S003-P037,2026-07-08,S003,P037,9,1686.15
SALE-20260708-S003-P038,2026-07-08,S003,P038,1,386.83
SALE-20260708-S003-P039,2026-07-08,S003,P039,1,634.1
SALE-20260708-S003-P040,2026-07-08,S003,P040,14,2254.7
SALE-20260708-S003-P041,2026-07-08,S003,P041,6,5906.34
SALE-20260708-S003-P042,2026-07-08,S003,P042,10,10684.9
SALE-20260708-S003-P043,2026-07-08,S003,P043,8,5876.48
SALE-20260708-S003-P044,2026-07-08,S003,P044,5,674.75
SALE-20260708-S003-P045,2026-07-08,S003,P045,15,6684.75
SALE-20260708-S003-P046,2026-07-08,S003,P046,3,1667.79
SALE-20260708-S003-P047,2026-07-08,S003,P047,10,9429.9
SALE-20260708-S003-P048,2026-07-08,S003,P048,3,1421.34
SALE-20260708-S003-P049,2026-07-08,S003,P049,13,8250.58
SALE-20260709-S001-P001,2026-07-09,S001,P001,7,5522.02
SALE-20260709-S001-P002,2026-07-09,S001,P002,5,3245.75
SALE-20260709-S001-P003,2026-07-09,S001,P003,2,2141.74
SALE-20260709-S001-P004,2026-07-09,S001,P004,4,608.6
SALE-20260709-S001-P005,2026-07-09,S001,P005,11,4849.9
SALE-20260709-S001-P006,2026-07-09,S001,P006,1,837.99
SALE-20260709-S001-P007,2026-07-09,S001,P007,12,3084.24
SALE-20260709-S001-P008,2026-07-09,S001,P008,12,10609.8
SALE-20260709-S001-P009,2026-07-09,S001,P009,6,4537.14
SALE-20260709-S001-P010,2026-07-09,S001,P010,4,3946.8
SALE-20260709-S001-P011,2026-07-09,S001,P011,1,218.9
SALE-20260709-S001-P012,2026-07-09,S001,P012,12,2265.96
SALE-20260709-S001-P013,2026-07-09,S001,P013,12,10378.56
SALE-20260709-S001-P014,2026-07-09,S001,P014,9,3545.19
SALE-20260709-S001-P015,2026-07-09,S001,P015,3,585.36
SALE-20260709-S001-P016,2026-07-09,S001,P016,11,2905.87
SALE-20260709-S001-P017,2026-07-09,S001,P017,11,5538.39
SALE-20260709-S001-P018,2026-07-09,S001,P018,19,6986.3
SALE-20260709-S001-P019,2026-07-09,S001,P019,14,11315.78
SALE-20260709-S001-P020,2026-07-09,S001,P020,7,4508.77
SALE-20260709-S001-P021,2026-07-09,S001,P021,5,987.35
SALE-20260709-S001-P022,2026-07-09,S001,P022,9,6556.86
SALE-20260709-S001-P023,2026-07-09,S001,P023,4,3198.8
SALE-20260709-S001-P024,2026-07-09,S001,P024,5,747.0
SALE-20260709-S001-P025,2026-07-09,S001,P025,0,0.0
SALE-20260709-S001-P026,2026-07-09,S001,P026,10,8198.8
SALE-20260709-S001-P027,2026-07-09,S001,P027,10,5893.8
SALE-20260709-S001-P028,2026-07-09,S001,P028,5,278.35
SALE-20260709-S001-P029,2026-07-09,S001,P029,12,2821.56
SALE-20260709-S001-P030,2026-07-09,S001,P030,3,691.98
SALE-20260709-S001-P031,2026-07-09,S001,P031,7,2039.94
SALE-20260709-S001-P032,2026-07-09,S001,P032,5,3133.0
SALE-20260709-S001-P033,2026-07-09,S001,P033,8,5399.28
SALE-20260709-S001-P034,2026-07-09,S001,P034,8,1355.12
SALE-20260709-S001-P035,2026-07-09,S001,P035,12,1470.96
SALE-20260709-S001-P036,2026-07-09,S001,P036,2,374.78
SALE-20260709-S001-P037,2026-07-09,S001,P037,14,2622.9
SALE-20260709-S001-P038,2026-07-09,S001,P038,5,1934.15
SALE-20260709-S001-P039,2026-07-09,S001,P039,2,1268.2
SALE-20260709-S001-P040,2026-07-09,S001,P040,7,1127.35
SALE-20260709-S001-P041,2026-07-09,S001,P041,4,3937.56
SALE-20260709-S001-P042,2026-07-09,S001,P042,15,16027.35
SALE-20260709-S001-P043,2026-07-09,S001,P043,18,13222.08
SALE-20260709-S001-P044,2026-07-09,S001,P044,3,404.85
SALE-20260709-S001-P045,2026-07-09,S001,P045,14,6239.1
SALE-20260709-S001-P046,2026-07-09,S001,P046,5,2779.65
SALE-20260709-S001-P047,2026-07-09,S001,P047,6,5657.94
SALE-20260709-S001-P048,2026-07-09,S001,P048,9,4264.02
SALE-20260709-S001-P049,2026-07-09,S001,P049,7,4442.62
SALE-20260709-S001-P050,2026-07-09,S001,P050,5,1951.9
SALE-20260709-S002-P001,2026-07-09,S002,P001,11,8677.46
SALE-20260709-S002-P002,2026-07-09,S002,P002,9,5842.35
SALE-20260709-S002-P003,2026-07-09,S002,P003,6,6425.22
SALE-20260709-S002-P004,2026-07-09,S002,P004,0,0.0
SALE-20260709-S002-P005,2026-07-09,S002,P005,11,4849.9
SALE-20260709-S002-P006,2026-07-09,S002,P006,2,1675.98
SALE-20260709-S002-P007,2026-07-09,S002,P007,0,0.0
SALE-20260709-S002-P008,2026-07-09,S002,P008,14,12378.1
SALE-20260709-S002-P009,2026-07-09,S002,P009,7,5293.33
SALE-20260709-S002-P010,2026-07-09,S002,P010,13,12827.1
SALE-20260709-S002-P011,2026-07-09,S002,P011,1,218.9
SALE-20260709-S002-P012,2026-07-09,S002,P012,16,3021.28
SALE-20260709-S002-P013,2026-07-09,S002,P013,7,6054.16
SALE-20260709-S002-P014,2026-07-09,S002,P014,11,4333.01
SALE-20260709-S002-P015,2026-07-09,S002,P015,3,585.36
SALE-20260709-S002-P016,2026-07-09,S002,P016,7,1849.19
SALE-20260709-S002-P017,2026-07-09,S002,P017,12,6041.88
SALE-20260709-S002-P018,2026-07-09,S002,P018,23,8457.1
SALE-20260709-S002-P019,2026-07-09,S002,P019,10,8082.7
SALE-20260709-S002-P020,2026-07-09,S002,P020,10,6441.1
SALE-20260709-S002-P021,2026-07-09,S002,P021,2,394.94
SALE-20260709-S002-P022,2026-07-09,S002,P022,9,6556.86
SALE-20260709-S002-P023,2026-07-09,S002,P023,6,4798.2
SALE-20260709-S002-P024,2026-07-09,S002,P024,11,1643.4
SALE-20260709-S002-P025,2026-07-09,S002,P025,3,2071.41
SALE-20260709-S002-P026,2026-07-09,S002,P026,14,11478.32
SALE-20260709-S002-P027,2026-07-09,S002,P027,10,5893.8
SALE-20260709-S002-P028,2026-07-09,S002,P028,6,334.02
SALE-20260709-S002-P029,2026-07-09,S002,P029,20,4702.6
SALE-20260709-S002-P030,2026-07-09,S002,P030,1,230.66
SALE-20260709-S002-P031,2026-07-09,S002,P031,12,3497.04
SALE-20260709-S002-P032,2026-07-09,S002,P032,2,1253.2
SALE-20260709-S002-P033,2026-07-09,S002,P033,9,6074.19
SALE-20260709-S002-P034,2026-07-09,S002,P034,11,1863.29
SALE-20260709-S002-P035,2026-07-09,S002,P035,20,2451.6
SALE-20260709-S002-P036,2026-07-09,S002,P036,3,562.17
SALE-20260709-S002-P037,2026-07-09,S002,P037,13,2435.55
SALE-20260709-S002-P038,2026-07-09,S002,P038,10,3868.3
SALE-20260709-S002-P039,2026-07-09,S002,P039,3,1902.3
SALE-20260709-S002-P040,2026-07-09,S002,P040,3,483.15
SALE-20260709-S002-P041,2026-07-09,S002,P041,8,7875.12
SALE-20260709-S002-P042,2026-07-09,S002,P042,13,13890.37
SALE-20260709-S002-P043,2026-07-09,S002,P043,11,8080.16
SALE-20260709-S002-P044,2026-07-09,S002,P044,3,404.85
SALE-20260709-S002-P045,2026-07-09,S002,P045,16,7130.4
SALE-20260709-S002-P046,2026-07-09,S002,P046,3,1667.79
SALE-20260709-S002-P047,2026-07-09,S002,P047,10,9429.9
SALE-20260709-S002-P048,2026-07-09,S002,P048,3,1421.34
SALE-20260709-S002-P049,2026-07-09,S002,P049,15,9519.9
SALE-20260709-S002-P050,2026-07-09,S002,P050,1,390.38
SALE-20260709-S003-P001,2026-07-09,S003,P001,4,3155.44
SALE-20260709-S003-P002,2026-07-09,S003,P002,5,3245.75
SALE-20260709-S003-P003,2026-07-09,S003,P003,4,4283.48
SALE-20260709-S003-P004,2026-07-09,S003,P004,2,304.3
SALE-20260709-S003-P005,2026-07-09,S003,P005,3,1322.7
SALE-20260709-S003-P006,2026-07-09,S003,P006,4,3351.96
SALE-20260709-S003-P007,2026-07-09,S003,P007,11,2827.22
SALE-20260709-S003-P008,2026-07-09,S003,P008,8,7073.2
SALE-20260709-S003-P009,2026-07-09,S003,P009,6,4537.14
SALE-20260709-S003-P010,2026-07-09,S003,P010,3,2960.1
SALE-20260709-S003-P011,2026-07-09,S003,P011,4,875.6
SALE-20260709-S003-P012,2026-07-09,S003,P012,12,2265.96
SALE-20260709-S003-P013,2026-07-09,S003,P013,9,7783.92
SALE-20260709-S003-P014,2026-07-09,S003,P014,12,4726.92
SALE-20260709-S003-P015,2026-07-09,S003,P015,1,195.12
SALE-20260709-S003-P016,2026-07-09,S003,P016,7,1849.19
SALE-20260709-S003-P017,2026-07-09,S003,P017,0,0.0
SALE-20260709-S003-P018,2026-07-09,S003,P018,14,5147.8
SALE-20260709-S003-P019,2026-07-09,S003,P019,14,11315.78
SALE-20260709-S003-P020,2026-07-09,S003,P020,2,1288.22
SALE-20260709-S003-P021,2026-07-09,S003,P021,4,789.88
SALE-20260709-S003-P022,2026-07-09,S003,P022,5,3642.7
SALE-20260709-S003-P023,2026-07-09,S003,P023,8,6397.6
SALE-20260709-S003-P024,2026-07-09,S003,P024,1,149.4
SALE-20260709-S003-P025,2026-07-09,S003,P025,0,0.0
SALE-20260709-S003-P026,2026-07-09,S003,P026,12,9838.56
SALE-20260709-S003-P027,2026-07-09,S003,P027,12,7072.56
SALE-20260709-S003-P028,2026-07-09,S003,P028,1,55.67
SALE-20260709-S003-P029,2026-07-09,S003,P029,5,1175.65
SALE-20260709-S003-P030,2026-07-09,S003,P030,0,0.0
SALE-20260709-S003-P031,2026-07-09,S003,P031,9,2622.78
SALE-20260709-S003-P032,2026-07-09,S003,P032,3,1879.8
SALE-20260709-S003-P033,2026-07-09,S003,P033,5,3374.55
SALE-20260709-S003-P034,2026-07-09,S003,P034,6,1016.34
SALE-20260709-S003-P035,2026-07-09,S003,P035,6,735.48
SALE-20260709-S003-P036,2026-07-09,S003,P036,4,749.56
SALE-20260709-S003-P037,2026-07-09,S003,P037,6,1124.1
SALE-20260709-S003-P038,2026-07-09,S003,P038,5,1934.15
SALE-20260709-S003-P039,2026-07-09,S003,P039,0,0.0
SALE-20260709-S003-P040,2026-07-09,S003,P040,5,805.25
SALE-20260709-S003-P041,2026-07-09,S003,P041,4,3937.56
SALE-20260709-S003-P042,2026-07-09,S003,P042,11,11753.39
SALE-20260709-S003-P043,2026-07-09,S003,P043,12,8814.72
SALE-20260709-S003-P044,2026-07-09,S003,P044,4,539.8
SALE-20260709-S003-P045,2026-07-09,S003,P045,15,6684.75
SALE-20260709-S003-P046,2026-07-09,S003,P046,4,2223.72
SALE-20260709-S003-P047,2026-07-09,S003,P047,8,7543.92
SALE-20260709-S003-P048,2026-07-09,S003,P048,3,1421.34
SALE-20260709-S003-P049,2026-07-09,S003,P049,9,5711.94
SALE-20260710-S001-P001,2026-07-10,S001,P001,5,3944.3
SALE-20260710-S001-P002,2026-07-10,S001,P002,7,4544.05
SALE-20260710-S001-P003,2026-07-10,S001,P003,2,2141.74
SALE-20260710-S001-P004,2026-07-10,S001,P004,8,1217.2
SALE-20260710-S001-P005,2026-07-10,S001,P005,15,6613.5
SALE-20260710-S001-P006,2026-07-10,S001,P006,12,10055.88
SALE-20260710-S001-P007,2026-07-10,S001,P007,19,4883.38
SALE-20260710-S001-P008,2026-07-10,S001,P008,10,8841.5
SALE-20260710-S001-P009,2026-07-10,S001,P009,4,3024.76
SALE-20260710-S001-P010,2026-07-10,S001,P010,7,6906.9
SALE-20260710-S001-P011,2026-07-10,S001,P011,1,218.9
SALE-20260710-S001-P012,2026-07-10,S001,P012,20,3776.6
SALE-20260710-S001-P013,2026-07-10,S001,P013,9,7783.92
SALE-20260710-S001-P014,2026-07-10,S001,P014,11,4333.01
SALE-20260710-S001-P015,2026-07-10,S001,P015,7,1365.84
SALE-20260710-S001-P016,2026-07-10,S001,P016,11,2905.87
SALE-20260710-S001-P017,2026-07-10,S001,P017,12,6041.88
SALE-20260710-S001-P018,2026-07-10,S001,P018,15,5515.5
SALE-20260710-S001-P019,2026-07-10,S001,P019,6,4849.62
SALE-20260710-S001-P020,2026-07-10,S001,P020,11,7085.21
SALE-20260710-S001-P021,2026-07-10,S001,P021,6,1184.82
SALE-20260710-S001-P022,2026-07-10,S001,P022,4,2914.16
SALE-20260710-S001-P023,2026-07-10,S001,P023,11,8796.7
SALE-20260710-S001-P024,2026-07-10,S001,P024,5,747.0
SALE-20260710-S001-P025,2026-07-10,S001,P025,3,2071.41
SALE-20260710-S001-P026,2026-07-10,S001,P026,9,7378.92
SALE-20260710-S001-P027,2026-07-10,S001,P027,13,7661.94
SALE-20260710-S001-P028,2026-07-10,S001,P028,3,167.01
SALE-20260710-S001-P029,2026-07-10,S001,P029,10,2351.3
SALE-20260710-S001-P030,2026-07-10,S001,P030,2,461.32
SALE-20260710-S001-P031,2026-07-10,S001,P031,15,4371.3
SALE-20260710-S001-P032,2026-07-10,S001,P032,8,5012.8
SALE-20260710-S001-P033,2026-07-10,S001,P033,13,8773.83
SALE-20260710-S001-P034,2026-07-10,S001,P034,15,2540.85
SALE-20260710-S001-P035,2026-07-10,S001,P035,12,1470.96
SALE-20260710-S001-P036,2026-07-10,S001,P036,0,0.0
SALE-20260710-S001-P037,2026-07-10,S001,P037,13,2435.55
SALE-20260710-S001-P038,2026-07-10,S001,P038,6,2320.98
SALE-20260710-S001-P039,2026-07-10,S001,P039,5,3170.5
SALE-20260710-S001-P040,2026-07-10,S001,P040,10,1610.5
SALE-20260710-S001-P041,2026-07-10,S001,P041,6,5906.34
SALE-20260710-S001-P042,2026-07-10,S001,P042,12,12821.88
SALE-20260710-S001-P043,2026-07-10,S001,P043,10,7345.6
SALE-20260710-S001-P044,2026-07-10,S001,P044,10,1349.5
SALE-20260710-S001-P045,2026-07-10,S001,P045,15,6684.75
SALE-20260710-S001-P046,2026-07-10,S001,P046,6,3335.58
SALE-20260710-S001-P047,2026-07-10,S001,P047,14,13201.86
SALE-20260710-S001-P048,2026-07-10,S001,P048,6,2842.68
SALE-20260710-S001-P049,2026-07-10,S001,P049,19,12058.54
SALE-20260710-S001-P050,2026-07-10,S001,P050,2,780.76
SALE-20260710-S002-P001,2026-07-10,S002,P001,7,5522.02
SALE-20260710-S002-P002,2026-07-10,S002,P002,10,6491.5
SALE-20260710-S002-P003,2026-07-10,S002,P003,3,3212.61
SALE-20260710-S002-P004,2026-07-10,S002,P004,0,0.0
SALE-20260710-S002-P005,2026-07-10,S002,P005,16,7054.4
SALE-20260710-S002-P006,2026-07-10,S002,P006,2,1675.98
SALE-20260710-S002-P007,2026-07-10,S002,P007,0,0.0
SALE-20260710-S002-P008,2026-07-10,S002,P008,12,10609.8
SALE-20260710-S002-P009,2026-07-10,S002,P009,6,4537.14
SALE-20260710-S002-P010,2026-07-10,S002,P010,16,15787.2
SALE-20260710-S002-P011,2026-07-10,S002,P011,2,437.8
SALE-20260710-S002-P012,2026-07-10,S002,P012,12,2265.96
SALE-20260710-S002-P013,2026-07-10,S002,P013,10,8648.8
SALE-20260710-S002-P014,2026-07-10,S002,P014,16,6302.56
SALE-20260710-S002-P015,2026-07-10,S002,P015,10,1951.2
SALE-20260710-S002-P016,2026-07-10,S002,P016,12,3170.04
SALE-20260710-S002-P017,2026-07-10,S002,P017,11,5538.39
SALE-20260710-S002-P018,2026-07-10,S002,P018,20,7354.0
SALE-20260710-S002-P019,2026-07-10,S002,P019,8,6466.16
SALE-20260710-S002-P020,2026-07-10,S002,P020,14,9017.54
SALE-20260710-S002-P021,2026-07-10,S002,P021,2,394.94
SALE-20260710-S002-P022,2026-07-10,S002,P022,6,4371.24
SALE-20260710-S002-P023,2026-07-10,S002,P023,12,9596.4
SALE-20260710-S002-P024,2026-07-10,S002,P024,11,1643.4
SALE-20260710-S002-P025,2026-07-10,S002,P025,2,1380.94
SALE-20260710-S002-P026,2026-07-10,S002,P026,12,9838.56
SALE-20260710-S002-P027,2026-07-10,S002,P027,17,10019.46
SALE-20260710-S002-P028,2026-07-10,S002,P028,8,445.36
SALE-20260710-S002-P029,2026-07-10,S002,P029,11,2586.43
SALE-20260710-S002-P030,2026-07-10,S002,P030,5,1153.3
SALE-20260710-S002-P031,2026-07-10,S002,P031,7,2039.94
SALE-20260710-S002-P032,2026-07-10,S002,P032,6,3759.6
SALE-20260710-S002-P033,2026-07-10,S002,P033,9,6074.19
SALE-20260710-S002-P034,2026-07-10,S002,P034,12,2032.68
SALE-20260710-S002-P035,2026-07-10,S002,P035,10,1225.8
SALE-20260710-S002-P036,2026-07-10,S002,P036,4,749.56
SALE-20260710-S002-P037,2026-07-10,S002,P037,12,2248.2
SALE-20260710-S002-P038,2026-07-10,S002,P038,3,1160.49
SALE-20260710-S002-P039,2026-07-10,S002,P039,1,634.1
SALE-20260710-S002-P040,2026-07-10,S002,P040,12,1932.6
SALE-20260710-S002-P041,2026-07-10,S002,P041,11,10828.29
SALE-20260710-S002-P042,2026-07-10,S002,P042,18,19232.82
SALE-20260710-S002-P043,2026-07-10,S002,P043,15,11018.4
SALE-20260710-S002-P044,2026-07-10,S002,P044,5,674.75
SALE-20260710-S002-P045,2026-07-10,S002,P045,17,7576.05
SALE-20260710-S002-P046,2026-07-10,S002,P046,7,3891.51
SALE-20260710-S002-P047,2026-07-10,S002,P047,7,6600.93
SALE-20260710-S002-P048,2026-07-10,S002,P048,4,1895.12
SALE-20260710-S002-P049,2026-07-10,S002,P049,18,11423.88
SALE-20260710-S002-P050,2026-07-10,S002,P050,4,1561.52
SALE-20260710-S003-P001,2026-07-10,S003,P001,8,6310.88
SALE-20260710-S003-P002,2026-07-10,S003,P002,4,2596.6
SALE-20260710-S003-P003,2026-07-10,S003,P003,8,8566.96
SALE-20260710-S003-P004,2026-07-10,S003,P004,2,304.3
SALE-20260710-S003-P005,2026-07-10,S003,P005,7,3086.3
SALE-20260710-S003-P006,2026-07-10,S003,P006,1,837.99
SALE-20260710-S003-P007,2026-07-10,S003,P007,11,2827.22
SALE-20260710-S003-P008,2026-07-10,S003,P008,6,5304.9
SALE-20260710-S003-P009,2026-07-10,S003,P009,6,4537.14
SALE-20260710-S003-P010,2026-07-10,S003,P010,5,4933.5
SALE-20260710-S003-P011,2026-07-10,S003,P011,0,0.0
SALE-20260710-S003-P012,2026-07-10,S003,P012,11,2077.13
SALE-20260710-S003-P013,2026-07-10,S003,P013,6,5189.28
SALE-20260710-S003-P014,2026-07-10,S003,P014,9,3545.19
SALE-20260710-S003-P015,2026-07-10,S003,P015,2,390.24
SALE-20260710-S003-P016,2026-07-10,S003,P016,5,1320.85
SALE-20260710-S003-P017,2026-07-10,S003,P017,4,2013.96
SALE-20260710-S003-P018,2026-07-10,S003,P018,12,4412.4
SALE-20260710-S003-P019,2026-07-10,S003,P019,5,4041.35
SALE-20260710-S003-P020,2026-07-10,S003,P020,12,7729.32
SALE-20260710-S003-P021,2026-07-10,S003,P021,4,789.88
SALE-20260710-S003-P022,2026-07-10,S003,P022,4,2914.16
SALE-20260710-S003-P023,2026-07-10,S003,P023,11,8796.7
SALE-20260710-S003-P024,2026-07-10,S003,P024,1,149.4
SALE-20260710-S003-P025,2026-07-10,S003,P025,3,2071.41
SALE-20260710-S003-P026,2026-07-10,S003,P026,10,8198.8
SALE-20260710-S003-P027,2026-07-10,S003,P027,9,5304.42
SALE-20260710-S003-P028,2026-07-10,S003,P028,3,167.01
SALE-20260710-S003-P029,2026-07-10,S003,P029,8,1881.04
SALE-20260710-S003-P030,2026-07-10,S003,P030,2,461.32
SALE-20260710-S003-P031,2026-07-10,S003,P031,9,2622.78
SALE-20260710-S003-P032,2026-07-10,S003,P032,2,1253.2
SALE-20260710-S003-P033,2026-07-10,S003,P033,4,2699.64
SALE-20260710-S003-P034,2026-07-10,S003,P034,8,1355.12
SALE-20260710-S003-P035,2026-07-10,S003,P035,12,1470.96
SALE-20260710-S003-P036,2026-07-10,S003,P036,1,187.39
SALE-20260710-S003-P037,2026-07-10,S003,P037,12,2248.2
SALE-20260710-S003-P038,2026-07-10,S003,P038,5,1934.15
SALE-20260710-S003-P039,2026-07-10,S003,P039,3,1902.3
SALE-20260710-S003-P040,2026-07-10,S003,P040,8,1288.4
SALE-20260710-S003-P041,2026-07-10,S003,P041,6,5906.34
SALE-20260710-S003-P042,2026-07-10,S003,P042,8,8547.92
SALE-20260710-S003-P043,2026-07-10,S003,P043,15,11018.4
SALE-20260710-S003-P044,2026-07-10,S003,P044,5,674.75
SALE-20260710-S003-P045,2026-07-10,S003,P045,18,8021.7
SALE-20260710-S003-P046,2026-07-10,S003,P046,7,3891.51
SALE-20260710-S003-P047,2026-07-10,S003,P047,13,12258.87
SALE-20260710-S003-P048,2026-07-10,S003,P048,5,2368.9
SALE-20260710-S003-P049,2026-07-10,S003,P049,9,5711.94
SALE-20260711-S001-P001,2026-07-11,S001,P001,6,4733.16
SALE-20260711-S001-P002,2026-07-11,S001,P002,3,1947.45
SALE-20260711-S001-P003,2026-07-11,S001,P003,3,3212.61
SALE-20260711-S001-P004,2026-07-11,S001,P004,4,608.6
SALE-20260711-S001-P005,2026-07-11,S001,P005,6,2645.4
SALE-20260711-S001-P006,2026-07-11,S001,P006,2,1675.98
SALE-20260711-S001-P007,2026-07-11,S001,P007,11,2827.22
SALE-20260711-S001-P008,2026-07-11,S001,P008,9,7957.35
SALE-20260711-S001-P009,2026-07-11,S001,P009,8,6049.52
SALE-20260711-S001-P010,2026-07-11,S001,P010,11,10853.7
SALE-20260711-S001-P011,2026-07-11,S001,P011,3,656.7
SALE-20260711-S001-P012,2026-07-11,S001,P012,15,2832.45
SALE-20260711-S001-P013,2026-07-11,S001,P013,12,10378.56
SALE-20260711-S001-P014,2026-07-11,S001,P014,19,7484.29
SALE-20260711-S001-P015,2026-07-11,S001,P015,3,585.36
SALE-20260711-S001-P016,2026-07-11,S001,P016,9,2377.53
SALE-20260711-S001-P017,2026-07-11,S001,P017,13,6545.37
SALE-20260711-S001-P018,2026-07-11,S001,P018,19,6986.3
SALE-20260711-S001-P019,2026-07-11,S001,P019,11,8890.97
SALE-20260711-S001-P020,2026-07-11,S001,P020,9,5796.99
SALE-20260711-S001-P021,2026-07-11,S001,P021,10,1974.7
SALE-20260711-S001-P022,2026-07-11,S001,P022,5,3642.7
SALE-20260711-S001-P023,2026-07-11,S001,P023,8,6397.6
SALE-20260711-S001-P024,2026-07-11,S001,P024,8,1195.2
SALE-20260711-S001-P025,2026-07-11,S001,P025,0,0.0
SALE-20260711-S001-P026,2026-07-11,S001,P026,14,11478.32
SALE-20260711-S001-P027,2026-07-11,S001,P027,15,8840.7
SALE-20260711-S001-P028,2026-07-11,S001,P028,3,167.01
SALE-20260711-S001-P029,2026-07-11,S001,P029,6,1410.78
SALE-20260711-S001-P030,2026-07-11,S001,P030,5,1153.3
SALE-20260711-S001-P031,2026-07-11,S001,P031,11,3205.62
SALE-20260711-S001-P032,2026-07-11,S001,P032,4,2506.4
SALE-20260711-S001-P033,2026-07-11,S001,P033,12,8098.92
SALE-20260711-S001-P034,2026-07-11,S001,P034,11,1863.29
SALE-20260711-S001-P035,2026-07-11,S001,P035,12,1470.96
SALE-20260711-S001-P036,2026-07-11,S001,P036,5,936.95
SALE-20260711-S001-P037,2026-07-11,S001,P037,24,4496.4
SALE-20260711-S001-P038,2026-07-11,S001,P038,6,2320.98
SALE-20260711-S001-P039,2026-07-11,S001,P039,1,634.1
SALE-20260711-S001-P040,2026-07-11,S001,P040,12,1932.6
SALE-20260711-S001-P041,2026-07-11,S001,P041,4,3937.56
SALE-20260711-S001-P042,2026-07-11,S001,P042,16,17095.84
SALE-20260711-S001-P043,2026-07-11,S001,P043,6,4407.36
SALE-20260711-S001-P044,2026-07-11,S001,P044,6,809.7
SALE-20260711-S001-P045,2026-07-11,S001,P045,16,7130.4
SALE-20260711-S001-P046,2026-07-11,S001,P046,7,3891.51
SALE-20260711-S001-P047,2026-07-11,S001,P047,14,13201.86
SALE-20260711-S001-P048,2026-07-11,S001,P048,6,2842.68
SALE-20260711-S001-P049,2026-07-11,S001,P049,15,9519.9
SALE-20260711-S001-P050,2026-07-11,S001,P050,8,3123.04
SALE-20260711-S002-P001,2026-07-11,S002,P001,10,7888.6
SALE-20260711-S002-P002,2026-07-11,S002,P002,5,3245.75
SALE-20260711-S002-P003,2026-07-11,S002,P003,5,5354.35
SALE-20260711-S002-P004,2026-07-11,S002,P004,0,0.0
SALE-20260711-S002-P005,2026-07-11,S002,P005,13,5731.7
SALE-20260711-S002-P006,2026-07-11,S002,P006,8,6703.92
SALE-20260711-S002-P007,2026-07-11,S002,P007,0,0.0
SALE-20260711-S002-P008,2026-07-11,S002,P008,16,14146.4
SALE-20260711-S002-P009,2026-07-11,S002,P009,7,5293.33
SALE-20260711-S002-P010,2026-07-11,S002,P010,8,7893.6
SALE-20260711-S002-P011,2026-07-11,S002,P011,3,656.7
SALE-20260711-S002-P012,2026-07-11,S002,P012,17,3210.11
SALE-20260711-S002-P013,2026-07-11,S002,P013,9,7783.92
SALE-20260711-S002-P014,2026-07-11,S002,P014,15,5908.65
SALE-20260711-S002-P015,2026-07-11,S002,P015,5,975.6
SALE-20260711-S002-P016,2026-07-11,S002,P016,12,3170.04
SALE-20260711-S002-P017,2026-07-11,S002,P017,12,6041.88
SALE-20260711-S002-P018,2026-07-11,S002,P018,21,7721.7
SALE-20260711-S002-P019,2026-07-11,S002,P019,7,5657.89
SALE-20260711-S002-P020,2026-07-11,S002,P020,13,8373.43
SALE-20260711-S002-P021,2026-07-11,S002,P021,6,1184.82
SALE-20260711-S002-P022,2026-07-11,S002,P022,9,6556.86
SALE-20260711-S002-P023,2026-07-11,S002,P023,14,11195.8
SALE-20260711-S002-P024,2026-07-11,S002,P024,9,1344.6
SALE-20260711-S002-P025,2026-07-11,S002,P025,1,690.47
SALE-20260711-S002-P026,2026-07-11,S002,P026,20,16397.6
SALE-20260711-S002-P027,2026-07-11,S002,P027,26,15323.88
SALE-20260711-S002-P028,2026-07-11,S002,P028,5,278.35
SALE-20260711-S002-P029,2026-07-11,S002,P029,9,2116.17
SALE-20260711-S002-P030,2026-07-11,S002,P030,2,461.32
SALE-20260711-S002-P031,2026-07-11,S002,P031,15,4371.3
SALE-20260711-S002-P032,2026-07-11,S002,P032,5,3133.0
SALE-20260711-S002-P033,2026-07-11,S002,P033,19,12823.29
SALE-20260711-S002-P034,2026-07-11,S002,P034,22,3726.58
SALE-20260711-S002-P035,2026-07-11,S002,P035,12,1470.96
SALE-20260711-S002-P036,2026-07-11,S002,P036,2,374.78
SALE-20260711-S002-P037,2026-07-11,S002,P037,25,4683.75
SALE-20260711-S002-P038,2026-07-11,S002,P038,10,3868.3
SALE-20260711-S002-P039,2026-07-11,S002,P039,4,2536.4
SALE-20260711-S002-P040,2026-07-11,S002,P040,4,644.2
SALE-20260711-S002-P041,2026-07-11,S002,P041,11,10828.29
SALE-20260711-S002-P042,2026-07-11,S002,P042,15,16027.35
SALE-20260711-S002-P043,2026-07-11,S002,P043,17,12487.52
SALE-20260711-S002-P044,2026-07-11,S002,P044,8,1079.6
SALE-20260711-S002-P045,2026-07-11,S002,P045,23,10249.95
SALE-20260711-S002-P046,2026-07-11,S002,P046,2,1111.86
SALE-20260711-S002-P047,2026-07-11,S002,P047,6,5657.94
SALE-20260711-S002-P048,2026-07-11,S002,P048,6,2842.68
SALE-20260711-S002-P049,2026-07-11,S002,P049,24,15231.84
SALE-20260711-S002-P050,2026-07-11,S002,P050,3,1171.14
SALE-20260711-S003-P001,2026-07-11,S003,P001,6,4733.16
SALE-20260711-S003-P002,2026-07-11,S003,P002,2,1298.3
SALE-20260711-S003-P003,2026-07-11,S003,P003,1,1070.87
SALE-20260711-S003-P004,2026-07-11,S003,P004,3,456.45
SALE-20260711-S003-P005,2026-07-11,S003,P005,7,3086.3
SALE-20260711-S003-P006,2026-07-11,S003,P006,3,2513.97
SALE-20260711-S003-P007,2026-07-11,S003,P007,9,2313.18
SALE-20260711-S003-P008,2026-07-11,S003,P008,6,5304.9
SALE-20260711-S003-P009,2026-07-11,S003,P009,0,0.0
SALE-20260711-S003-P010,2026-07-11,S003,P010,10,9867.0
SALE-20260711-S003-P011,2026-07-11,S003,P011,0,0.0
SALE-20260711-S003-P012,2026-07-11,S003,P012,13,2454.79
SALE-20260711-S003-P013,2026-07-11,S003,P013,13,11243.44
SALE-20260711-S003-P014,2026-07-11,S003,P014,14,5514.74
SALE-20260711-S003-P015,2026-07-11,S003,P015,1,195.12
SALE-20260711-S003-P016,2026-07-11,S003,P016,7,1849.19
SALE-20260711-S003-P017,2026-07-11,S003,P017,12,6041.88
SALE-20260711-S003-P018,2026-07-11,S003,P018,13,4780.1
SALE-20260711-S003-P019,2026-07-11,S003,P019,12,9699.24
SALE-20260711-S003-P020,2026-07-11,S003,P020,11,7085.21
SALE-20260711-S003-P021,2026-07-11,S003,P021,1,197.47
SALE-20260711-S003-P022,2026-07-11,S003,P022,9,6556.86
SALE-20260711-S003-P023,2026-07-11,S003,P023,13,10396.1
SALE-20260711-S003-P024,2026-07-11,S003,P024,3,448.2
SALE-20260711-S003-P025,2026-07-11,S003,P025,1,690.47
SALE-20260711-S003-P026,2026-07-11,S003,P026,9,7378.92
SALE-20260711-S003-P027,2026-07-11,S003,P027,24,14145.12
SALE-20260711-S003-P028,2026-07-11,S003,P028,6,334.02
SALE-20260711-S003-P029,2026-07-11,S003,P029,11,2586.43
SALE-20260711-S003-P030,2026-07-11,S003,P030,3,691.98
SALE-20260711-S003-P031,2026-07-11,S003,P031,9,2622.78
SALE-20260711-S003-P032,2026-07-11,S003,P032,4,2506.4
SALE-20260711-S003-P033,2026-07-11,S003,P033,6,4049.46
SALE-20260711-S003-P034,2026-07-11,S003,P034,8,1355.12
SALE-20260711-S003-P035,2026-07-11,S003,P035,12,1470.96
SALE-20260711-S003-P036,2026-07-11,S003,P036,3,562.17
SALE-20260711-S003-P037,2026-07-11,S003,P037,13,2435.55
SALE-20260711-S003-P038,2026-07-11,S003,P038,7,2707.81
SALE-20260711-S003-P039,2026-07-11,S003,P039,2,1268.2
SALE-20260711-S003-P040,2026-07-11,S003,P040,5,805.25
SALE-20260711-S003-P041,2026-07-11,S003,P041,3,2953.17
SALE-20260711-S003-P042,2026-07-11,S003,P042,12,12821.88
SALE-20260711-S003-P043,2026-07-11,S003,P043,12,8814.72
SALE-20260711-S003-P044,2026-07-11,S003,P044,3,404.85
SALE-20260711-S003-P045,2026-07-11,S003,P045,12,5347.8
SALE-20260711-S003-P046,2026-07-11,S003,P046,2,1111.86
SALE-20260711-S003-P047,2026-07-11,S003,P047,9,8486.91
SALE-20260711-S003-P048,2026-07-11,S003,P048,9,4264.02
SALE-20260711-S003-P049,2026-07-11,S003,P049,16,10154.56
SALE-20260712-S001-P001,2026-07-12,S001,P001,13,10255.18
SALE-20260712-S001-P002,2026-07-12,S001,P002,9,5842.35
SALE-20260712-S001-P003,2026-07-12,S001,P003,5,5354.35
SALE-20260712-S001-P004,2026-07-12,S001,P004,2,304.3
SALE-20260712-S001-P005,2026-07-12,S001,P005,11,4849.9
SALE-20260712-S001-P006,2026-07-12,S001,P006,5,4189.95
SALE-20260712-S001-P007,2026-07-12,S001,P007,18,4626.36
SALE-20260712-S001-P008,2026-07-12,S001,P008,16,14146.4
SALE-20260712-S001-P009,2026-07-12,S001,P009,3,2268.57
SALE-20260712-S001-P010,2026-07-12,S001,P010,12,11840.4
SALE-20260712-S001-P011,2026-07-12,S001,P011,1,218.9
SALE-20260712-S001-P012,2026-07-12,S001,P012,16,3021.28
SALE-20260712-S001-P013,2026-07-12,S001,P013,10,8648.8
SALE-20260712-S001-P014,2026-07-12,S001,P014,18,7090.38
SALE-20260712-S001-P015,2026-07-12,S001,P015,2,390.24
SALE-20260712-S001-P016,2026-07-12,S001,P016,4,1056.68
SALE-20260712-S001-P017,2026-07-12,S001,P017,13,6545.37
SALE-20260712-S001-P018,2026-07-12,S001,P018,14,5147.8
SALE-20260712-S001-P019,2026-07-12,S001,P019,6,4849.62
SALE-20260712-S001-P020,2026-07-12,S001,P020,11,7085.21
SALE-20260712-S001-P021,2026-07-12,S001,P021,6,1184.82
SALE-20260712-S001-P022,2026-07-12,S001,P022,12,8742.48
SALE-20260712-S001-P023,2026-07-12,S001,P023,7,5597.9
SALE-20260712-S001-P024,2026-07-12,S001,P024,7,1045.8
SALE-20260712-S001-P025,2026-07-12,S001,P025,1,690.47
SALE-20260712-S001-P026,2026-07-12,S001,P026,20,16397.6
SALE-20260712-S001-P027,2026-07-12,S001,P027,17,10019.46
SALE-20260712-S001-P028,2026-07-12,S001,P028,4,222.68
SALE-20260712-S001-P029,2026-07-12,S001,P029,10,2351.3
SALE-20260712-S001-P030,2026-07-12,S001,P030,4,922.64
SALE-20260712-S001-P031,2026-07-12,S001,P031,12,3497.04
SALE-20260712-S001-P032,2026-07-12,S001,P032,9,5639.4
SALE-20260712-S001-P033,2026-07-12,S001,P033,11,7424.01
SALE-20260712-S001-P034,2026-07-12,S001,P034,18,3049.02
SALE-20260712-S001-P035,2026-07-12,S001,P035,11,1348.38
SALE-20260712-S001-P036,2026-07-12,S001,P036,1,187.39
SALE-20260712-S001-P037,2026-07-12,S001,P037,18,3372.3
SALE-20260712-S001-P038,2026-07-12,S001,P038,3,1160.49
SALE-20260712-S001-P039,2026-07-12,S001,P039,2,1268.2
SALE-20260712-S001-P040,2026-07-12,S001,P040,11,1771.55
SALE-20260712-S001-P041,2026-07-12,S001,P041,3,2953.17
SALE-20260712-S001-P042,2026-07-12,S001,P042,17,18164.33
SALE-20260712-S001-P043,2026-07-12,S001,P043,13,9549.28
SALE-20260712-S001-P044,2026-07-12,S001,P044,1,134.95
SALE-20260712-S001-P045,2026-07-12,S001,P045,22,9804.3
SALE-20260712-S001-P046,2026-07-12,S001,P046,3,1667.79
SALE-20260712-S001-P047,2026-07-12,S001,P047,12,11315.88
SALE-20260712-S001-P048,2026-07-12,S001,P048,6,2842.68
SALE-20260712-S001-P049,2026-07-12,S001,P049,17,10789.22
SALE-20260712-S001-P050,2026-07-12,S001,P050,5,1951.9
SALE-20260712-S002-P001,2026-07-12,S002,P001,7,5522.02
SALE-20260712-S002-P002,2026-07-12,S002,P002,13,8438.95
SALE-20260712-S002-P003,2026-07-12,S002,P003,4,4283.48
SALE-20260712-S002-P004,2026-07-12,S002,P004,1,152.15
SALE-20260712-S002-P005,2026-07-12,S002,P005,9,3968.1
SALE-20260712-S002-P006,2026-07-12,S002,P006,6,5027.94
SALE-20260712-S002-P007,2026-07-12,S002,P007,0,0.0
SALE-20260712-S002-P008,2026-07-12,S002,P008,14,12378.1
SALE-20260712-S002-P009,2026-07-12,S002,P009,12,9074.28
SALE-20260712-S002-P010,2026-07-12,S002,P010,17,16773.9
SALE-20260712-S002-P011,2026-07-12,S002,P011,4,875.6
SALE-20260712-S002-P012,2026-07-12,S002,P012,15,2832.45
SALE-20260712-S002-P013,2026-07-12,S002,P013,11,9513.68
SALE-20260712-S002-P014,2026-07-12,S002,P014,25,9847.75
SALE-20260712-S002-P015,2026-07-12,S002,P015,8,1560.96
SALE-20260712-S002-P016,2026-07-12,S002,P016,5,1320.85
SALE-20260712-S002-P017,2026-07-12,S002,P017,12,6041.88
SALE-20260712-S002-P018,2026-07-12,S002,P018,19,6986.3
SALE-20260712-S002-P019,2026-07-12,S002,P019,17,13740.59
SALE-20260712-S002-P020,2026-07-12,S002,P020,9,5796.99
SALE-20260712-S002-P021,2026-07-12,S002,P021,6,1184.82
SALE-20260712-S002-P022,2026-07-12,S002,P022,12,8742.48
SALE-20260712-S002-P023,2026-07-12,S002,P023,18,14394.6
SALE-20260712-S002-P024,2026-07-12,S002,P024,7,1045.8
SALE-20260712-S002-P025,2026-07-12,S002,P025,3,2071.41
SALE-20260712-S002-P026,2026-07-12,S002,P026,16,13118.08
SALE-20260712-S002-P027,2026-07-12,S002,P027,18,10608.84
SALE-20260712-S002-P028,2026-07-12,S002,P028,6,334.02
SALE-20260712-S002-P029,2026-07-12,S002,P029,14,3291.82
SALE-20260712-S002-P030,2026-07-12,S002,P030,3,691.98
SALE-20260712-S002-P031,2026-07-12,S002,P031,20,5828.4
SALE-20260712-S002-P032,2026-07-12,S002,P032,6,3759.6
SALE-20260712-S002-P033,2026-07-12,S002,P033,14,9448.74
SALE-20260712-S002-P034,2026-07-12,S002,P034,24,4065.36
SALE-20260712-S002-P035,2026-07-12,S002,P035,17,2083.86
SALE-20260712-S002-P036,2026-07-12,S002,P036,4,749.56
SALE-20260712-S002-P037,2026-07-12,S002,P037,27,5058.45
SALE-20260712-S002-P038,2026-07-12,S002,P038,8,3094.64
SALE-20260712-S002-P039,2026-07-12,S002,P039,0,0.0
SALE-20260712-S002-P040,2026-07-12,S002,P040,7,1127.35
SALE-20260712-S002-P041,2026-07-12,S002,P041,16,15750.24
SALE-20260712-S002-P042,2026-07-12,S002,P042,21,22438.29
SALE-20260712-S002-P043,2026-07-12,S002,P043,11,8080.16
SALE-20260712-S002-P044,2026-07-12,S002,P044,6,809.7
SALE-20260712-S002-P045,2026-07-12,S002,P045,15,6684.75
SALE-20260712-S002-P046,2026-07-12,S002,P046,11,6115.23
SALE-20260712-S002-P047,2026-07-12,S002,P047,15,14144.85
SALE-20260712-S002-P048,2026-07-12,S002,P048,3,1421.34
SALE-20260712-S002-P049,2026-07-12,S002,P049,17,10789.22
SALE-20260712-S002-P050,2026-07-12,S002,P050,6,2342.28
SALE-20260712-S003-P001,2026-07-12,S003,P001,7,5522.02
SALE-20260712-S003-P002,2026-07-12,S003,P002,9,5842.35
SALE-20260712-S003-P003,2026-07-12,S003,P003,4,4283.48
SALE-20260712-S003-P004,2026-07-12,S003,P004,2,304.3
SALE-20260712-S003-P005,2026-07-12,S003,P005,9,3968.1
SALE-20260712-S003-P006,2026-07-12,S003,P006,2,1675.98
SALE-20260712-S003-P007,2026-07-12,S003,P007,9,2313.18
SALE-20260712-S003-P008,2026-07-12,S003,P008,11,9725.65
SALE-20260712-S003-P009,2026-07-12,S003,P009,8,6049.52
SALE-20260712-S003-P010,2026-07-12,S003,P010,4,3946.8
SALE-20260712-S003-P011,2026-07-12,S003,P011,3,656.7
SALE-20260712-S003-P012,2026-07-12,S003,P012,16,3021.28
SALE-20260712-S003-P013,2026-07-12,S003,P013,7,6054.16
SALE-20260712-S003-P014,2026-07-12,S003,P014,16,6302.56
SALE-20260712-S003-P015,2026-07-12,S003,P015,5,975.6
SALE-20260712-S003-P016,2026-07-12,S003,P016,5,1320.85
SALE-20260712-S003-P017,2026-07-12,S003,P017,8,4027.92
SALE-20260712-S003-P018,2026-07-12,S003,P018,16,5883.2
SALE-20260712-S003-P019,2026-07-12,S003,P019,13,10507.51
SALE-20260712-S003-P020,2026-07-12,S003,P020,4,2576.44
SALE-20260712-S003-P021,2026-07-12,S003,P021,3,592.41
SALE-20260712-S003-P022,2026-07-12,S003,P022,4,2914.16
SALE-20260712-S003-P023,2026-07-12,S003,P023,5,3998.5
SALE-20260712-S003-P024,2026-07-12,S003,P024,10,1494.0
SALE-20260712-S003-P025,2026-07-12,S003,P025,2,1380.94
SALE-20260712-S003-P026,2026-07-12,S003,P026,10,8198.8
SALE-20260712-S003-P027,2026-07-12,S003,P027,17,10019.46
SALE-20260712-S003-P028,2026-07-12,S003,P028,2,111.34
SALE-20260712-S003-P029,2026-07-12,S003,P029,10,2351.3
SALE-20260712-S003-P030,2026-07-12,S003,P030,3,691.98
SALE-20260712-S003-P031,2026-07-12,S003,P031,9,2622.78
SALE-20260712-S003-P032,2026-07-12,S003,P032,3,1879.8
SALE-20260712-S003-P033,2026-07-12,S003,P033,7,4724.37
SALE-20260712-S003-P034,2026-07-12,S003,P034,18,3049.02
SALE-20260712-S003-P035,2026-07-12,S003,P035,11,1348.38
SALE-20260712-S003-P036,2026-07-12,S003,P036,2,374.78
SALE-20260712-S003-P037,2026-07-12,S003,P037,10,1873.5
SALE-20260712-S003-P038,2026-07-12,S003,P038,6,2320.98
SALE-20260712-S003-P039,2026-07-12,S003,P039,1,634.1
SALE-20260712-S003-P040,2026-07-12,S003,P040,5,805.25
SALE-20260712-S003-P041,2026-07-12,S003,P041,4,3937.56
SALE-20260712-S003-P042,2026-07-12,S003,P042,13,13890.37
SALE-20260712-S003-P043,2026-07-12,S003,P043,7,5141.92
SALE-20260712-S003-P044,2026-07-12,S003,P044,2,269.9
SALE-20260712-S003-P045,2026-07-12,S003,P045,11,4902.15
SALE-20260712-S003-P046,2026-07-12,S003,P046,3,1667.79
SALE-20260712-S003-P047,2026-07-12,S003,P047,7,6600.93
SALE-20260712-S003-P048,2026-07-12,S003,P048,4,1895.12
SALE-20260712-S003-P049,2026-07-12,S003,P049,11,6981.26
SALE-20260713-S001-P001,2026-07-13,S001,P001,9,7099.74
SALE-20260713-S001-P002,2026-07-13,S001,P002,7,4544.05
SALE-20260713-S001-P003,2026-07-13,S001,P003,4,4283.48
SALE-20260713-S001-P004,2026-07-13,S001,P004,3,456.45
SALE-20260713-S001-P005,2026-07-13,S001,P005,8,3527.2
SALE-20260713-S001-P006,2026-07-13,S001,P006,4,3351.96
SALE-20260713-S001-P007,2026-07-13,S001,P007,19,4883.38
SALE-20260713-S001-P008,2026-07-13,S001,P008,11,9725.65
SALE-20260713-S001-P009,2026-07-13,S001,P009,4,3024.76
SALE-20260713-S001-P010,2026-07-13,S001,P010,11,10853.7
SALE-20260713-S001-P011,2026-07-13,S001,P011,2,437.8
SALE-20260713-S001-P012,2026-07-13,S001,P012,25,4720.75
SALE-20260713-S001-P013,2026-07-13,S001,P013,6,5189.28
SALE-20260713-S001-P014,2026-07-13,S001,P014,11,4333.01
SALE-20260713-S001-P015,2026-07-13,S001,P015,1,195.12
SALE-20260713-S001-P016,2026-07-13,S001,P016,9,2377.53
SALE-20260713-S001-P017,2026-07-13,S001,P017,11,5538.39
SALE-20260713-S001-P018,2026-07-13,S001,P018,10,3677.0
SALE-20260713-S001-P019,2026-07-13,S001,P019,11,8890.97
SALE-20260713-S001-P020,2026-07-13,S001,P020,3,1932.33
SALE-20260713-S001-P021,2026-07-13,S001,P021,7,1382.29
SALE-20260713-S001-P022,2026-07-13,S001,P022,4,2914.16
SALE-20260713-S001-P023,2026-07-13,S001,P023,10,7997.0
SALE-20260713-S001-P024,2026-07-13,S001,P024,11,1643.4
SALE-20260713-S001-P025,2026-07-13,S001,P025,0,0.0
SALE-20260713-S001-P026,2026-07-13,S001,P026,15,12298.2
SALE-20260713-S001-P027,2026-07-13,S001,P027,19,11198.22
SALE-20260713-S001-P028,2026-07-13,S001,P028,2,111.34
SALE-20260713-S001-P029,2026-07-13,S001,P029,8,1881.04
SALE-20260713-S001-P030,2026-07-13,S001,P030,1,230.66
SALE-20260713-S001-P031,2026-07-13,S001,P031,10,2914.2
SALE-20260713-S001-P032,2026-07-13,S001,P032,8,5012.8
SALE-20260713-S001-P033,2026-07-13,S001,P033,14,9448.74
SALE-20260713-S001-P034,2026-07-13,S001,P034,16,2710.24
SALE-20260713-S001-P035,2026-07-13,S001,P035,8,980.64
SALE-20260713-S001-P036,2026-07-13,S001,P036,5,936.95
SALE-20260713-S001-P037,2026-07-13,S001,P037,12,2248.2
SALE-20260713-S001-P038,2026-07-13,S001,P038,10,3868.3
SALE-20260713-S001-P039,2026-07-13,S001,P039,3,1902.3
SALE-20260713-S001-P040,2026-07-13,S001,P040,15,2415.75
SALE-20260713-S001-P041,2026-07-13,S001,P041,6,5906.34
SALE-20260713-S001-P042,2026-07-13,S001,P042,11,11753.39
SALE-20260713-S001-P043,2026-07-13,S001,P043,13,9549.28
SALE-20260713-S001-P044,2026-07-13,S001,P044,7,944.65
SALE-20260713-S001-P045,2026-07-13,S001,P045,20,8913.0
SALE-20260713-S001-P046,2026-07-13,S001,P046,5,2779.65
SALE-20260713-S001-P047,2026-07-13,S001,P047,8,7543.92
SALE-20260713-S001-P048,2026-07-13,S001,P048,8,3790.24
SALE-20260713-S001-P049,2026-07-13,S001,P049,17,10789.22
SALE-20260713-S001-P050,2026-07-13,S001,P050,7,2732.66
SALE-20260713-S002-P001,2026-07-13,S002,P001,12,9466.32
SALE-20260713-S002-P002,2026-07-13,S002,P002,6,3894.9
SALE-20260713-S002-P003,2026-07-13,S002,P003,6,6425.22
SALE-20260713-S002-P004,2026-07-13,S002,P004,0,0.0
SALE-20260713-S002-P005,2026-07-13,S002,P005,17,7495.3
SALE-20260713-S002-P006,2026-07-13,S002,P006,7,5865.93
SALE-20260713-S002-P007,2026-07-13,S002,P007,0,0.0
SALE-20260713-S002-P008,2026-07-13,S002,P008,12,10609.8
SALE-20260713-S002-P009,2026-07-13,S002,P009,13,9830.47
SALE-20260713-S002-P010,2026-07-13,S002,P010,17,16773.9
SALE-20260713-S002-P011,2026-07-13,S002,P011,8,1751.2
SALE-20260713-S002-P012,2026-07-13,S002,P012,24,4531.92
SALE-20260713-S002-P013,2026-07-13,S002,P013,8,6919.04
SALE-20260713-S002-P014,2026-07-13,S002,P014,17,6696.47
SALE-20260713-S002-P015,2026-07-13,S002,P015,4,780.48
SALE-20260713-S002-P016,2026-07-13,S002,P016,7,1849.19
SALE-20260713-S002-P017,2026-07-13,S002,P017,13,6545.37
SALE-20260713-S002-P018,2026-07-13,S002,P018,22,8089.4
SALE-20260713-S002-P019,2026-07-13,S002,P019,15,12124.05
SALE-20260713-S002-P020,2026-07-13,S002,P020,11,7085.21
SALE-20260713-S002-P021,2026-07-13,S002,P021,7,1382.29
SALE-20260713-S002-P022,2026-07-13,S002,P022,9,6556.86
SALE-20260713-S002-P023,2026-07-13,S002,P023,12,9596.4
SALE-20260713-S002-P024,2026-07-13,S002,P024,18,2689.2
SALE-20260713-S002-P025,2026-07-13,S002,P025,4,2761.88
SALE-20260713-S002-P026,2026-07-13,S002,P026,15,12298.2
SALE-20260713-S002-P027,2026-07-13,S002,P027,14,8251.32
SALE-20260713-S002-P028,2026-07-13,S002,P028,5,278.35
SALE-20260713-S002-P029,2026-07-13,S002,P029,17,3997.21
SALE-20260713-S002-P030,2026-07-13,S002,P030,7,1614.62
SALE-20260713-S002-P031,2026-07-13,S002,P031,12,3497.04
SALE-20260713-S002-P032,2026-07-13,S002,P032,11,6892.6
SALE-20260713-S002-P033,2026-07-13,S002,P033,15,10123.65
SALE-20260713-S002-P034,2026-07-13,S002,P034,15,2540.85
SALE-20260713-S002-P035,2026-07-13,S002,P035,20,2451.6
SALE-20260713-S002-P036,2026-07-13,S002,P036,1,187.39
SALE-20260713-S002-P037,2026-07-13,S002,P037,24,4496.4
SALE-20260713-S002-P038,2026-07-13,S002,P038,7,2707.81
SALE-20260713-S002-P039,2026-07-13,S002,P039,2,1268.2
SALE-20260713-S002-P040,2026-07-13,S002,P040,10,1610.5
SALE-20260713-S002-P041,2026-07-13,S002,P041,11,10828.29
SALE-20260713-S002-P042,2026-07-13,S002,P042,18,19232.82
SALE-20260713-S002-P043,2026-07-13,S002,P043,15,11018.4
SALE-20260713-S002-P044,2026-07-13,S002,P044,10,1349.5
SALE-20260713-S002-P045,2026-07-13,S002,P045,19,8467.35
SALE-20260713-S002-P046,2026-07-13,S002,P046,8,4447.44
SALE-20260713-S002-P047,2026-07-13,S002,P047,8,7543.92
SALE-20260713-S002-P048,2026-07-13,S002,P048,9,4264.02
SALE-20260713-S002-P049,2026-07-13,S002,P049,13,8250.58
SALE-20260713-S002-P050,2026-07-13,S002,P050,1,390.38
SALE-20260713-S003-P001,2026-07-13,S003,P001,5,3944.3
SALE-20260713-S003-P002,2026-07-13,S003,P002,5,3245.75
SALE-20260713-S003-P003,2026-07-13,S003,P003,0,0.0
SALE-20260713-S003-P004,2026-07-13,S003,P004,0,0.0
SALE-20260713-S003-P005,2026-07-13,S003,P005,8,3527.2
SALE-20260713-S003-P006,2026-07-13,S003,P006,0,0.0
SALE-20260713-S003-P007,2026-07-13,S003,P007,9,2313.18
SALE-20260713-S003-P008,2026-07-13,S003,P008,11,9725.65
SALE-20260713-S003-P009,2026-07-13,S003,P009,10,7561.9
SALE-20260713-S003-P010,2026-07-13,S003,P010,7,6906.9
SALE-20260713-S003-P011,2026-07-13,S003,P011,0,0.0
SALE-20260713-S003-P012,2026-07-13,S003,P012,14,2643.62
SALE-20260713-S003-P013,2026-07-13,S003,P013,4,3459.52
SALE-20260713-S003-P014,2026-07-13,S003,P014,15,5908.65
SALE-20260713-S003-P015,2026-07-13,S003,P015,1,195.12
SALE-20260713-S003-P016,2026-07-13,S003,P016,10,2641.7
SALE-20260713-S003-P017,2026-07-13,S003,P017,10,5034.9
SALE-20260713-S003-P018,2026-07-13,S003,P018,15,5515.5
SALE-20260713-S003-P019,2026-07-13,S003,P019,8,6466.16
SALE-20260713-S003-P020,2026-07-13,S003,P020,8,5152.88
SALE-20260713-S003-P021,2026-07-13,S003,P021,3,592.41
SALE-20260713-S003-P022,2026-07-13,S003,P022,7,5099.78
SALE-20260713-S003-P023,2026-07-13,S003,P023,8,6397.6
SALE-20260713-S003-P024,2026-07-13,S003,P024,5,747.0
SALE-20260713-S003-P025,2026-07-13,S003,P025,1,690.47
SALE-20260713-S003-P026,2026-07-13,S003,P026,8,6559.04
SALE-20260713-S003-P027,2026-07-13,S003,P027,15,8840.7
SALE-20260713-S003-P028,2026-07-13,S003,P028,0,0.0
SALE-20260713-S003-P029,2026-07-13,S003,P029,7,1645.91
SALE-20260713-S003-P030,2026-07-13,S003,P030,4,922.64
SALE-20260713-S003-P031,2026-07-13,S003,P031,7,2039.94
SALE-20260713-S003-P032,2026-07-13,S003,P032,5,3133.0
SALE-20260713-S003-P033,2026-07-13,S003,P033,4,2699.64
SALE-20260713-S003-P034,2026-07-13,S003,P034,7,1185.73
SALE-20260713-S003-P035,2026-07-13,S003,P035,14,1716.12
SALE-20260713-S003-P036,2026-07-13,S003,P036,0,0.0
SALE-20260713-S003-P037,2026-07-13,S003,P037,13,2435.55
SALE-20260713-S003-P038,2026-07-13,S003,P038,2,773.66
SALE-20260713-S003-P039,2026-07-13,S003,P039,0,0.0
SALE-20260713-S003-P040,2026-07-13,S003,P040,7,1127.35
SALE-20260713-S003-P041,2026-07-13,S003,P041,7,6890.73
SALE-20260713-S003-P042,2026-07-13,S003,P042,11,11753.39
SALE-20260713-S003-P043,2026-07-13,S003,P043,12,8814.72
SALE-20260713-S003-P044,2026-07-13,S003,P044,11,1484.45
SALE-20260713-S003-P045,2026-07-13,S003,P045,11,4902.15
SALE-20260713-S003-P046,2026-07-13,S003,P046,6,3335.58
SALE-20260713-S003-P047,2026-07-13,S003,P047,8,7543.92
SALE-20260713-S003-P048,2026-07-13,S003,P048,4,1895.12
SALE-20260713-S003-P049,2026-07-13,S003,P049,11,6981.26
SALE-20260714-S001-P001,2026-07-14,S001,P001,9,7099.74
SALE-20260714-S001-P002,2026-07-14,S001,P002,8,5193.2
SALE-20260714-S001-P003,2026-07-14,S001,P003,4,4283.48
SALE-20260714-S001-P004,2026-07-14,S001,P004,2,304.3
SALE-20260714-S001-P005,2026-07-14,S001,P005,12,5290.8
SALE-20260714-S001-P006,2026-07-14,S001,P006,2,1675.98
SALE-20260714-S001-P007,2026-07-14,S001,P007,17,4369.34
SALE-20260714-S001-P008,2026-07-14,S001,P008,2,1768.3
SALE-20260714-S001-P009,2026-07-14,S001,P009,8,6049.52
SALE-20260714-S001-P010,2026-07-14,S001,P010,10,9867.0
SALE-20260714-S001-P011,2026-07-14,S001,P011,2,437.8
SALE-20260714-S001-P012,2026-07-14,S001,P012,15,2832.45
SALE-20260714-S001-P013,2026-07-14,S001,P013,11,9513.68
SALE-20260714-S001-P014,2026-07-14,S001,P014,12,4726.92
SALE-20260714-S001-P015,2026-07-14,S001,P015,4,780.48
SALE-20260714-S001-P016,2026-07-14,S001,P016,7,1849.19
SALE-20260714-S001-P017,2026-07-14,S001,P017,8,4027.92
SALE-20260714-S001-P018,2026-07-14,S001,P018,14,5147.8
SALE-20260714-S001-P019,2026-07-14,S001,P019,6,4849.62
SALE-20260714-S001-P020,2026-07-14,S001,P020,9,5796.99
SALE-20260714-S001-P021,2026-07-14,S001,P021,7,1382.29
SALE-20260714-S001-P022,2026-07-14,S001,P022,6,4371.24
SALE-20260714-S001-P023,2026-07-14,S001,P023,11,8796.7
SALE-20260714-S001-P024,2026-07-14,S001,P024,8,1195.2
SALE-20260714-S001-P025,2026-07-14,S001,P025,1,690.47
SALE-20260714-S001-P026,2026-07-14,S001,P026,9,7378.92
SALE-20260714-S001-P027,2026-07-14,S001,P027,10,5893.8
SALE-20260714-S001-P028,2026-07-14,S001,P028,2,111.34
SALE-20260714-S001-P029,2026-07-14,S001,P029,10,2351.3
SALE-20260714-S001-P030,2026-07-14,S001,P030,6,1383.96
SALE-20260714-S001-P031,2026-07-14,S001,P031,18,5245.56
SALE-20260714-S001-P032,2026-07-14,S001,P032,6,3759.6
SALE-20260714-S001-P033,2026-07-14,S001,P033,8,5399.28
SALE-20260714-S001-P034,2026-07-14,S001,P034,13,2202.07
SALE-20260714-S001-P035,2026-07-14,S001,P035,8,980.64
SALE-20260714-S001-P036,2026-07-14,S001,P036,1,187.39
SALE-20260714-S001-P037,2026-07-14,S001,P037,8,1498.8
SALE-20260714-S001-P038,2026-07-14,S001,P038,1,386.83
SALE-20260714-S001-P039,2026-07-14,S001,P039,1,634.1
SALE-20260714-S001-P040,2026-07-14,S001,P040,5,805.25
SALE-20260714-S001-P041,2026-07-14,S001,P041,4,3937.56
SALE-20260714-S001-P042,2026-07-14,S001,P042,10,10684.9
SALE-20260714-S001-P043,2026-07-14,S001,P043,11,8080.16
SALE-20260714-S001-P044,2026-07-14,S001,P044,6,809.7
SALE-20260714-S001-P045,2026-07-14,S001,P045,19,8467.35
SALE-20260714-S001-P046,2026-07-14,S001,P046,4,2223.72
SALE-20260714-S001-P047,2026-07-14,S001,P047,12,11315.88
SALE-20260714-S001-P048,2026-07-14,S001,P048,7,3316.46
SALE-20260714-S001-P049,2026-07-14,S001,P049,21,13327.86
SALE-20260714-S001-P050,2026-07-14,S001,P050,5,1951.9
SALE-20260714-S002-P001,2026-07-14,S002,P001,13,10255.18
SALE-20260714-S002-P002,2026-07-14,S002,P002,9,5842.35
SALE-20260714-S002-P003,2026-07-14,S002,P003,3,3212.61
SALE-20260714-S002-P004,2026-07-14,S002,P004,0,0.0
SALE-20260714-S002-P005,2026-07-14,S002,P005,11,4849.9
SALE-20260714-S002-P006,2026-07-14,S002,P006,5,4189.95
SALE-20260714-S002-P007,2026-07-14,S002,P007,0,0.0
SALE-20260714-S002-P008,2026-07-14,S002,P008,8,7073.2
SALE-20260714-S002-P009,2026-07-14,S002,P009,8,6049.52
SALE-20260714-S002-P010,2026-07-14,S002,P010,9,8880.3
SALE-20260714-S002-P011,2026-07-14,S002,P011,1,218.9
SALE-20260714-S002-P012,2026-07-14,S002,P012,15,2832.45
SALE-20260714-S002-P013,2026-07-14,S002,P013,8,6919.04
SALE-20260714-S002-P014,2026-07-14,S002,P014,18,7090.38
SALE-20260714-S002-P015,2026-07-14,S002,P015,2,390.24
SALE-20260714-S002-P016,2026-07-14,S002,P016,10,2641.7
SALE-20260714-S002-P017,2026-07-14,S002,P017,7,3524.43
SALE-20260714-S002-P018,2026-07-14,S002,P018,14,5147.8
SALE-20260714-S002-P019,2026-07-14,S002,P019,12,9699.24
SALE-20260714-S002-P020,2026-07-14,S002,P020,10,6441.1
SALE-20260714-S002-P021,2026-07-14,S002,P021,10,1974.7
SALE-20260714-S002-P022,2026-07-14,S002,P022,7,5099.78
SALE-20260714-S002-P023,2026-07-14,S002,P023,10,7997.0
SALE-20260714-S002-P024,2026-07-14,S002,P024,10,1494.0
SALE-20260714-S002-P025,2026-07-14,S002,P025,2,1380.94
SALE-20260714-S002-P026,2026-07-14,S002,P026,11,9018.68
SALE-20260714-S002-P027,2026-07-14,S002,P027,25,14734.5
SALE-20260714-S002-P028,2026-07-14,S002,P028,2,111.34
SALE-20260714-S002-P029,2026-07-14,S002,P029,13,3056.69
SALE-20260714-S002-P030,2026-07-14,S002,P030,3,691.98
SALE-20260714-S002-P031,2026-07-14,S002,P031,16,4662.72
SALE-20260714-S002-P032,2026-07-14,S002,P032,8,5012.8
SALE-20260714-S002-P033,2026-07-14,S002,P033,10,6749.1
SALE-20260714-S002-P034,2026-07-14,S002,P034,11,1863.29
SALE-20260714-S002-P035,2026-07-14,S002,P035,15,1838.7
SALE-20260714-S002-P036,2026-07-14,S002,P036,5,936.95
SALE-20260714-S002-P037,2026-07-14,S002,P037,16,2997.6
SALE-20260714-S002-P038,2026-07-14,S002,P038,6,2320.98
SALE-20260714-S002-P039,2026-07-14,S002,P039,2,1268.2
SALE-20260714-S002-P040,2026-07-14,S002,P040,7,1127.35
SALE-20260714-S002-P041,2026-07-14,S002,P041,5,4921.95
SALE-20260714-S002-P042,2026-07-14,S002,P042,16,17095.84
SALE-20260714-S002-P043,2026-07-14,S002,P043,12,8814.72
SALE-20260714-S002-P044,2026-07-14,S002,P044,9,1214.55
SALE-20260714-S002-P045,2026-07-14,S002,P045,19,8467.35
SALE-20260714-S002-P046,2026-07-14,S002,P046,4,2223.72
SALE-20260714-S002-P047,2026-07-14,S002,P047,11,10372.89
SALE-20260714-S002-P048,2026-07-14,S002,P048,5,2368.9
SALE-20260714-S002-P049,2026-07-14,S002,P049,20,12693.2
SALE-20260714-S002-P050,2026-07-14,S002,P050,5,1951.9
SALE-20260714-S003-P001,2026-07-14,S003,P001,7,5522.02
SALE-20260714-S003-P002,2026-07-14,S003,P002,4,2596.6
SALE-20260714-S003-P003,2026-07-14,S003,P003,2,2141.74
SALE-20260714-S003-P004,2026-07-14,S003,P004,3,456.45
SALE-20260714-S003-P005,2026-07-14,S003,P005,8,3527.2
SALE-20260714-S003-P006,2026-07-14,S003,P006,2,1675.98
SALE-20260714-S003-P007,2026-07-14,S003,P007,12,3084.24
SALE-20260714-S003-P008,2026-07-14,S003,P008,4,3536.6
SALE-20260714-S003-P009,2026-07-14,S003,P009,5,3780.95
SALE-20260714-S003-P010,2026-07-14,S003,P010,7,6906.9
SALE-20260714-S003-P011,2026-07-14,S003,P011,1,218.9
SALE-20260714-S003-P012,2026-07-14,S003,P012,6,1132.98
SALE-20260714-S003-P013,2026-07-14,S003,P013,2,1729.76
SALE-20260714-S003-P014,2026-07-14,S003,P014,4,1575.64
SALE-20260714-S003-P015,2026-07-14,S003,P015,4,780.48
SALE-20260714-S003-P016,2026-07-14,S003,P016,5,1320.85
SALE-20260714-S003-P017,2026-07-14,S003,P017,3,1510.47
SALE-20260714-S003-P018,2026-07-14,S003,P018,8,2941.6
SALE-20260714-S003-P019,2026-07-14,S003,P019,8,6466.16
SALE-20260714-S003-P020,2026-07-14,S003,P020,10,6441.1
SALE-20260714-S003-P021,2026-07-14,S003,P021,4,789.88
SALE-20260714-S003-P022,2026-07-14,S003,P022,3,2185.62
SALE-20260714-S003-P023,2026-07-14,S003,P023,6,4798.2
SALE-20260714-S003-P024,2026-07-14,S003,P024,7,1045.8
SALE-20260714-S003-P025,2026-07-14,S003,P025,3,2071.41
SALE-20260714-S003-P026,2026-07-14,S003,P026,7,5739.16
SALE-20260714-S003-P027,2026-07-14,S003,P027,7,4125.66
SALE-20260714-S003-P028,2026-07-14,S003,P028,3,167.01
SALE-20260714-S003-P029,2026-07-14,S003,P029,5,1175.65
SALE-20260714-S003-P030,2026-07-14,S003,P030,1,230.66
SALE-20260714-S003-P031,2026-07-14,S003,P031,8,2331.36
SALE-20260714-S003-P032,2026-07-14,S003,P032,7,4386.2
SALE-20260714-S003-P033,2026-07-14,S003,P033,4,2699.64
SALE-20260714-S003-P034,2026-07-14,S003,P034,9,1524.51
SALE-20260714-S003-P035,2026-07-14,S003,P035,10,1225.8
SALE-20260714-S003-P036,2026-07-14,S003,P036,1,187.39
SALE-20260714-S003-P037,2026-07-14,S003,P037,8,1498.8
SALE-20260714-S003-P038,2026-07-14,S003,P038,5,1934.15
SALE-20260714-S003-P039,2026-07-14,S003,P039,1,634.1
SALE-20260714-S003-P040,2026-07-14,S003,P040,11,1771.55
SALE-20260714-S003-P041,2026-07-14,S003,P041,9,8859.51
SALE-20260714-S003-P042,2026-07-14,S003,P042,7,7479.43
SALE-20260714-S003-P043,2026-07-14,S003,P043,14,10283.84
SALE-20260714-S003-P044,2026-07-14,S003,P044,6,809.7
SALE-20260714-S003-P045,2026-07-14,S003,P045,11,4902.15
SALE-20260714-S003-P046,2026-07-14,S003,P046,5,2779.65
SALE-20260714-S003-P047,2026-07-14,S003,P047,13,12258.87
SALE-20260714-S003-P048,2026-07-14,S003,P048,4,1895.12
SALE-20260714-S003-P049,2026-07-14,S003,P049,9,5711.94
SALE-20260715-S001-P001,2026-07-15,S001,P001,8,6310.88
SALE-20260715-S001-P002,2026-07-15,S001,P002,3,1947.45
SALE-20260715-S001-P003,2026-07-15,S001,P003,4,4283.48
SALE-20260715-S001-P004,2026-07-15,S001,P004,2,304.3
SALE-20260715-S001-P005,2026-07-15,S001,P005,8,3527.2
SALE-20260715-S001-P006,2026-07-15,S001,P006,4,3351.96
SALE-20260715-S001-P007,2026-07-15,S001,P007,17,4369.34
SALE-20260715-S001-P008,2026-07-15,S001,P008,6,5304.9
SALE-20260715-S001-P009,2026-07-15,S001,P009,2,1512.38
SALE-20260715-S001-P010,2026-07-15,S001,P010,14,13813.8
SALE-20260715-S001-P011,2026-07-15,S001,P011,2,437.8
SALE-20260715-S001-P012,2026-07-15,S001,P012,17,3210.11
SALE-20260715-S001-P013,2026-07-15,S001,P013,8,6919.04
SALE-20260715-S001-P014,2026-07-15,S001,P014,11,4333.01
SALE-20260715-S001-P015,2026-07-15,S001,P015,6,1170.72
SALE-20260715-S001-P016,2026-07-15,S001,P016,5,1320.85
SALE-20260715-S001-P017,2026-07-15,S001,P017,8,4027.92
SALE-20260715-S001-P018,2026-07-15,S001,P018,9,3309.3
SALE-20260715-S001-P019,2026-07-15,S001,P019,6,4849.62
SALE-20260715-S001-P020,2026-07-15,S001,P020,4,2576.44
SALE-20260715-S001-P021,2026-07-15,S001,P021,6,1184.82
SALE-20260715-S001-P022,2026-07-15,S001,P022,3,2185.62
SALE-20260715-S001-P023,2026-07-15,S001,P023,3,2399.1
SALE-20260715-S001-P024,2026-07-15,S001,P024,5,747.0
SALE-20260715-S001-P025,2026-07-15,S001,P025,3,2071.41
SALE-20260715-S001-P026,2026-07-15,S001,P026,13,10658.44
SALE-20260715-S001-P027,2026-07-15,S001,P027,12,7072.56
SALE-20260715-S001-P028,2026-07-15,S001,P028,1,55.67
SALE-20260715-S001-P029,2026-07-15,S001,P029,5,1175.65
SALE-20260715-S001-P030,2026-07-15,S001,P030,5,1153.3
SALE-20260715-S001-P031,2026-07-15,S001,P031,8,2331.36
SALE-20260715-S001-P032,2026-07-15,S001,P032,4,2506.4
SALE-20260715-S001-P033,2026-07-15,S001,P033,11,7424.01
SALE-20260715-S001-P034,2026-07-15,S001,P034,8,1355.12
SALE-20260715-S001-P035,2026-07-15,S001,P035,7,858.06
SALE-20260715-S001-P036,2026-07-15,S001,P036,3,562.17
SALE-20260715-S001-P037,2026-07-15,S001,P037,11,2060.85
SALE-20260715-S001-P038,2026-07-15,S001,P038,5,1934.15
SALE-20260715-S001-P039,2026-07-15,S001,P039,0,0.0
SALE-20260715-S001-P040,2026-07-15,S001,P040,4,644.2
SALE-20260715-S001-P041,2026-07-15,S001,P041,3,2953.17
SALE-20260715-S001-P042,2026-07-15,S001,P042,11,11753.39
SALE-20260715-S001-P043,2026-07-15,S001,P043,12,8814.72
SALE-20260715-S001-P044,2026-07-15,S001,P044,2,269.9
SALE-20260715-S001-P045,2026-07-15,S001,P045,11,4902.15
SALE-20260715-S001-P046,2026-07-15,S001,P046,3,1667.79
SALE-20260715-S001-P047,2026-07-15,S001,P047,5,4714.95
SALE-20260715-S001-P048,2026-07-15,S001,P048,8,3790.24
SALE-20260715-S001-P049,2026-07-15,S001,P049,9,5711.94
SALE-20260715-S001-P050,2026-07-15,S001,P050,3,1171.14
SALE-20260715-S002-P001,2026-07-15,S002,P001,7,5522.02
SALE-20260715-S002-P002,2026-07-15,S002,P002,3,1947.45
SALE-20260715-S002-P003,2026-07-15,S002,P003,5,5354.35
SALE-20260715-S002-P004,2026-07-15,S002,P004,1,152.15
SALE-20260715-S002-P005,2026-07-15,S002,P005,8,3527.2
SALE-20260715-S002-P006,2026-07-15,S002,P006,2,1675.98
SALE-20260715-S002-P007,2026-07-15,S002,P007,0,0.0
SALE-20260715-S002-P008,2026-07-15,S002,P008,14,12378.1
SALE-20260715-S002-P009,2026-07-15,S002,P009,4,3024.76
SALE-20260715-S002-P010,2026-07-15,S002,P010,5,4933.5
SALE-20260715-S002-P011,2026-07-15,S002,P011,2,437.8
SALE-20260715-S002-P012,2026-07-15,S002,P012,11,2077.13
SALE-20260715-S002-P013,2026-07-15,S002,P013,5,4324.4
SALE-20260715-S002-P014,2026-07-15,S002,P014,12,4726.92
SALE-20260715-S002-P015,2026-07-15,S002,P015,1,195.12
SALE-20260715-S002-P016,2026-07-15,S002,P016,14,3698.38
SALE-20260715-S002-P017,2026-07-15,S002,P017,7,3524.43
SALE-20260715-S002-P018,2026-07-15,S002,P018,19,6986.3
SALE-20260715-S002-P019,2026-07-15,S002,P019,16,12932.32
SALE-20260715-S002-P020,2026-07-15,S002,P020,7,4508.77
SALE-20260715-S002-P021,2026-07-15,S002,P021,9,1777.23
SALE-20260715-S002-P022,2026-07-15,S002,P022,9,6556.86
SALE-20260715-S002-P023,2026-07-15,S002,P023,9,7197.3
SALE-20260715-S002-P024,2026-07-15,S002,P024,9,1344.6
SALE-20260715-S002-P025,2026-07-15,S002,P025,2,1380.94
SALE-20260715-S002-P026,2026-07-15,S002,P026,19,15577.72
SALE-20260715-S002-P027,2026-07-15,S002,P027,10,5893.8
SALE-20260715-S002-P028,2026-07-15,S002,P028,6,334.02
SALE-20260715-S002-P029,2026-07-15,S002,P029,15,3526.95
SALE-20260715-S002-P030,2026-07-15,S002,P030,3,691.98
SALE-20260715-S002-P031,2026-07-15,S002,P031,12,3497.04
SALE-20260715-S002-P032,2026-07-15,S002,P032,4,2506.4
SALE-20260715-S002-P033,2026-07-15,S002,P033,10,6749.1
SALE-20260715-S002-P034,2026-07-15,S002,P034,19,3218.41
SALE-20260715-S002-P035,2026-07-15,S002,P035,18,2206.44
SALE-20260715-S002-P036,2026-07-15,S002,P036,5,936.95
SALE-20260715-S002-P037,2026-07-15,S002,P037,13,2435.55
SALE-20260715-S002-P038,2026-07-15,S002,P038,3,1160.49
SALE-20260715-S002-P039,2026-07-15,S002,P039,2,1268.2
SALE-20260715-S002-P040,2026-07-15,S002,P040,17,2737.85
SALE-20260715-S002-P041,2026-07-15,S002,P041,8,7875.12
SALE-20260715-S002-P042,2026-07-15,S002,P042,19,20301.31
SALE-20260715-S002-P043,2026-07-15,S002,P043,14,10283.84
SALE-20260715-S002-P044,2026-07-15,S002,P044,4,539.8
SALE-20260715-S002-P045,2026-07-15,S002,P045,26,11586.9
SALE-20260715-S002-P046,2026-07-15,S002,P046,4,2223.72
SALE-20260715-S002-P047,2026-07-15,S002,P047,7,6600.93
SALE-20260715-S002-P048,2026-07-15,S002,P048,8,3790.24
SALE-20260715-S002-P049,2026-07-15,S002,P049,17,10789.22
SALE-20260715-S002-P050,2026-07-15,S002,P050,5,1951.9
SALE-20260715-S003-P001,2026-07-15,S003,P001,4,3155.44
SALE-20260715-S003-P002,2026-07-15,S003,P002,4,2596.6
SALE-20260715-S003-P003,2026-07-15,S003,P003,3,3212.61
SALE-20260715-S003-P004,2026-07-15,S003,P004,0,0.0
SALE-20260715-S003-P005,2026-07-15,S003,P005,7,3086.3
SALE-20260715-S003-P006,2026-07-15,S003,P006,2,1675.98
SALE-20260715-S003-P007,2026-07-15,S003,P007,10,2570.2
SALE-20260715-S003-P008,2026-07-15,S003,P008,6,5304.9
SALE-20260715-S003-P009,2026-07-15,S003,P009,4,3024.76
SALE-20260715-S003-P010,2026-07-15,S003,P010,11,10853.7
SALE-20260715-S003-P011,2026-07-15,S003,P011,1,218.9
SALE-20260715-S003-P012,2026-07-15,S003,P012,6,1132.98
SALE-20260715-S003-P013,2026-07-15,S003,P013,8,6919.04
SALE-20260715-S003-P014,2026-07-15,S003,P014,12,4726.92
SALE-20260715-S003-P015,2026-07-15,S003,P015,1,195.12
SALE-20260715-S003-P016,2026-07-15,S003,P016,7,1849.19
SALE-20260715-S003-P017,2026-07-15,S003,P017,3,1510.47
SALE-20260715-S003-P018,2026-07-15,S003,P018,14,5147.8
SALE-20260715-S003-P019,2026-07-15,S003,P019,5,4041.35
SALE-20260715-S003-P020,2026-07-15,S003,P020,6,3864.66
SALE-20260715-S003-P021,2026-07-15,S003,P021,0,0.0
SALE-20260715-S003-P022,2026-07-15,S003,P022,1,728.54
SALE-20260715-S003-P023,2026-07-15,S003,P023,7,5597.9
SALE-20260715-S003-P024,2026-07-15,S003,P024,3,448.2
SALE-20260715-S003-P025,2026-07-15,S003,P025,2,1380.94
SALE-20260715-S003-P026,2026-07-15,S003,P026,13,10658.44
SALE-20260715-S003-P027,2026-07-15,S003,P027,10,5893.8
SALE-20260715-S003-P028,2026-07-15,S003,P028,2,111.34
SALE-20260715-S003-P029,2026-07-15,S003,P029,13,3056.69
SALE-20260715-S003-P030,2026-07-15,S003,P030,1,230.66
SALE-20260715-S003-P031,2026-07-15,S003,P031,7,2039.94
SALE-20260715-S003-P032,2026-07-15,S003,P032,6,3759.6
SALE-20260715-S003-P033,2026-07-15,S003,P033,7,4724.37
SALE-20260715-S003-P034,2026-07-15,S003,P034,8,1355.12
SALE-20260715-S003-P035,2026-07-15,S003,P035,17,2083.86
SALE-20260715-S003-P036,2026-07-15,S003,P036,1,187.39
SALE-20260715-S003-P037,2026-07-15,S003,P037,13,2435.55
SALE-20260715-S003-P038,2026-07-15,S003,P038,0,0.0
SALE-20260715-S003-P039,2026-07-15,S003,P039,1,634.1
SALE-20260715-S003-P040,2026-07-15,S003,P040,5,805.25
SALE-20260715-S003-P041,2026-07-15,S003,P041,3,2953.17
SALE-20260715-S003-P042,2026-07-15,S003,P042,7,7479.43
SALE-20260715-S003-P043,2026-07-15,S003,P043,8,5876.48
SALE-20260715-S003-P044,2026-07-15,S003,P044,5,674.75
SALE-20260715-S003-P045,2026-07-15,S003,P045,7,3119.55
SALE-20260715-S003-P046,2026-07-15,S003,P046,5,2779.65
SALE-20260715-S003-P047,2026-07-15,S003,P047,5,4714.95
SALE-20260715-S003-P048,2026-07-15,S003,P048,3,1421.34
SALE-20260715-S003-P049,2026-07-15,S003,P049,10,6346.6
SALE-20260716-S001-P001,2026-07-16,S001,P001,8,6310.88
SALE-20260716-S001-P002,2026-07-16,S001,P002,3,1947.45
SALE-20260716-S001-P003,2026-07-16,S001,P003,7,7496.09
SALE-20260716-S001-P004,2026-07-16,S001,P004,3,456.45
SALE-20260716-S001-P005,2026-07-16,S001,P005,5,2204.5
SALE-20260716-S001-P006,2026-07-16,S001,P006,2,1675.98
SALE-20260716-S001-P007,2026-07-16,S001,P007,8,2056.16
SALE-20260716-S001-P008,2026-07-16,S001,P008,13,11493.95
SALE-20260716-S001-P009,2026-07-16,S001,P009,7,5293.33
SALE-20260716-S001-P010,2026-07-16,S001,P010,9,8880.3
SALE-20260716-S001-P011,2026-07-16,S001,P011,3,656.7
SALE-20260716-S001-P012,2026-07-16,S001,P012,14,2643.62
SALE-20260716-S001-P013,2026-07-16,S001,P013,9,7783.92
SALE-20260716-S001-P014,2026-07-16,S001,P014,16,6302.56
SALE-20260716-S001-P015,2026-07-16,S001,P015,1,195.12
SALE-20260716-S001-P016,2026-07-16,S001,P016,5,1320.85
SALE-20260716-S001-P017,2026-07-16,S001,P017,5,2517.45
SALE-20260716-S001-P018,2026-07-16,S001,P018,8,2941.6
SALE-20260716-S001-P019,2026-07-16,S001,P019,8,6466.16
SALE-20260716-S001-P020,2026-07-16,S001,P020,6,3864.66
SALE-20260716-S001-P021,2026-07-16,S001,P021,5,987.35
SALE-20260716-S001-P022,2026-07-16,S001,P022,5,3642.7
SALE-20260716-S001-P023,2026-07-16,S001,P023,7,5597.9
SALE-20260716-S001-P024,2026-07-16,S001,P024,6,896.4
SALE-20260716-S001-P025,2026-07-16,S001,P025,4,2761.88
SALE-20260716-S001-P026,2026-07-16,S001,P026,8,6559.04
SALE-20260716-S001-P027,2026-07-16,S001,P027,11,6483.18
SALE-20260716-S001-P028,2026-07-16,S001,P028,3,167.01
SALE-20260716-S001-P029,2026-07-16,S001,P029,6,1410.78
SALE-20260716-S001-P030,2026-07-16,S001,P030,1,230.66
SALE-20260716-S001-P031,2026-07-16,S001,P031,9,2622.78
SALE-20260716-S001-P032,2026-07-16,S001,P032,6,3759.6
SALE-20260716-S001-P033,2026-07-16,S001,P033,7,4724.37
SALE-20260716-S001-P034,2026-07-16,S001,P034,10,1693.9
SALE-20260716-S001-P035,2026-07-16,S001,P035,6,735.48
SALE-20260716-S001-P036,2026-07-16,S001,P036,2,374.78
SALE-20260716-S001-P037,2026-07-16,S001,P037,18,3372.3
SALE-20260716-S001-P038,2026-07-16,S001,P038,3,1160.49
SALE-20260716-S001-P039,2026-07-16,S001,P039,2,1268.2
SALE-20260716-S001-P040,2026-07-16,S001,P040,3,483.15
SALE-20260716-S001-P041,2026-07-16,S001,P041,4,3937.56
SALE-20260716-S001-P042,2026-07-16,S001,P042,8,8547.92
SALE-20260716-S001-P043,2026-07-16,S001,P043,8,5876.48
SALE-20260716-S001-P044,2026-07-16,S001,P044,5,674.75
SALE-20260716-S001-P045,2026-07-16,S001,P045,13,5793.45
SALE-20260716-S001-P046,2026-07-16,S001,P046,8,4447.44
SALE-20260716-S001-P047,2026-07-16,S001,P047,6,5657.94
SALE-20260716-S001-P048,2026-07-16,S001,P048,5,2368.9
SALE-20260716-S001-P049,2026-07-16,S001,P049,16,10154.56
SALE-20260716-S001-P050,2026-07-16,S001,P050,2,780.76
SALE-20260716-S002-P001,2026-07-16,S002,P001,7,5522.02
SALE-20260716-S002-P002,2026-07-16,S002,P002,2,1298.3
SALE-20260716-S002-P003,2026-07-16,S002,P003,4,4283.48
SALE-20260716-S002-P004,2026-07-16,S002,P004,0,0.0
SALE-20260716-S002-P005,2026-07-16,S002,P005,12,5290.8
SALE-20260716-S002-P006,2026-07-16,S002,P006,2,1675.98
SALE-20260716-S002-P007,2026-07-16,S002,P007,0,0.0
SALE-20260716-S002-P008,2026-07-16,S002,P008,11,9725.65
SALE-20260716-S002-P009,2026-07-16,S002,P009,4,3024.76
SALE-20260716-S002-P010,2026-07-16,S002,P010,10,9867.0
SALE-20260716-S002-P011,2026-07-16,S002,P011,4,875.6
SALE-20260716-S002-P012,2026-07-16,S002,P012,21,3965.43
SALE-20260716-S002-P013,2026-07-16,S002,P013,8,6919.04
SALE-20260716-S002-P014,2026-07-16,S002,P014,16,6302.56
SALE-20260716-S002-P015,2026-07-16,S002,P015,1,195.12
SALE-20260716-S002-P016,2026-07-16,S002,P016,11,2905.87
SALE-20260716-S002-P017,2026-07-16,S002,P017,10,5034.9
SALE-20260716-S002-P018,2026-07-16,S002,P018,20,7354.0
SALE-20260716-S002-P019,2026-07-16,S002,P019,16,12932.32
SALE-20260716-S002-P020,2026-07-16,S002,P020,6,3864.66
SALE-20260716-S002-P021,2026-07-16,S002,P021,12,2369.64
SALE-20260716-S002-P022,2026-07-16,S002,P022,6,4371.24
SALE-20260716-S002-P023,2026-07-16,S002,P023,11,8796.7
SALE-20260716-S002-P024,2026-07-16,S002,P024,6,896.4
SALE-20260716-S002-P025,2026-07-16,S002,P025,1,690.47
SALE-20260716-S002-P026,2026-07-16,S002,P026,15,12298.2
SALE-20260716-S002-P027,2026-07-16,S002,P027,9,5304.42
SALE-20260716-S002-P028,2026-07-16,S002,P028,5,278.35
SALE-20260716-S002-P029,2026-07-16,S002,P029,9,2116.17
SALE-20260716-S002-P030,2026-07-16,S002,P030,3,691.98
SALE-20260716-S002-P031,2026-07-16,S002,P031,11,3205.62
SALE-20260716-S002-P032,2026-07-16,S002,P032,5,3133.0
SALE-20260716-S002-P033,2026-07-16,S002,P033,8,5399.28
SALE-20260716-S002-P034,2026-07-16,S002,P034,13,2202.07
SALE-20260716-S002-P035,2026-07-16,S002,P035,17,2083.86
SALE-20260716-S002-P036,2026-07-16,S002,P036,3,562.17
SALE-20260716-S002-P037,2026-07-16,S002,P037,14,2622.9
SALE-20260716-S002-P038,2026-07-16,S002,P038,8,3094.64
SALE-20260716-S002-P039,2026-07-16,S002,P039,5,3170.5
SALE-20260716-S002-P040,2026-07-16,S002,P040,6,966.3
SALE-20260716-S002-P041,2026-07-16,S002,P041,7,6890.73
SALE-20260716-S002-P042,2026-07-16,S002,P042,11,11753.39
SALE-20260716-S002-P043,2026-07-16,S002,P043,14,10283.84
SALE-20260716-S002-P044,2026-07-16,S002,P044,6,809.7
SALE-20260716-S002-P045,2026-07-16,S002,P045,24,10695.6
SALE-20260716-S002-P046,2026-07-16,S002,P046,2,1111.86
SALE-20260716-S002-P047,2026-07-16,S002,P047,5,4714.95
SALE-20260716-S002-P048,2026-07-16,S002,P048,2,947.56
SALE-20260716-S002-P049,2026-07-16,S002,P049,16,10154.56
SALE-20260716-S002-P050,2026-07-16,S002,P050,7,2732.66
SALE-20260716-S003-P001,2026-07-16,S003,P001,10,7888.6
SALE-20260716-S003-P002,2026-07-16,S003,P002,2,1298.3
SALE-20260716-S003-P003,2026-07-16,S003,P003,2,2141.74
SALE-20260716-S003-P004,2026-07-16,S003,P004,3,456.45
SALE-20260716-S003-P005,2026-07-16,S003,P005,2,881.8
SALE-20260716-S003-P006,2026-07-16,S003,P006,0,0.0
SALE-20260716-S003-P007,2026-07-16,S003,P007,10,2570.2
SALE-20260716-S003-P008,2026-07-16,S003,P008,8,7073.2
SALE-20260716-S003-P009,2026-07-16,S003,P009,11,8318.09
SALE-20260716-S003-P010,2026-07-16,S003,P010,9,8880.3
SALE-20260716-S003-P011,2026-07-16,S003,P011,3,656.7
SALE-20260716-S003-P012,2026-07-16,S003,P012,11,2077.13
SALE-20260716-S003-P013,2026-07-16,S003,P013,10,8648.8
SALE-20260716-S003-P014,2026-07-16,S003,P014,13,5120.83
SALE-20260716-S003-P015,2026-07-16,S003,P015,1,195.12
SALE-20260716-S003-P016,2026-07-16,S003,P016,8,2113.36
SALE-20260716-S003-P017,2026-07-16,S003,P017,8,4027.92
SALE-20260716-S003-P018,2026-07-16,S003,P018,8,2941.6
SALE-20260716-S003-P019,2026-07-16,S003,P019,7,5657.89
SALE-20260716-S003-P020,2026-07-16,S003,P020,10,6441.1
SALE-20260716-S003-P021,2026-07-16,S003,P021,4,789.88
SALE-20260716-S003-P022,2026-07-16,S003,P022,6,4371.24
SALE-20260716-S003-P023,2026-07-16,S003,P023,7,5597.9
SALE-20260716-S003-P024,2026-07-16,S003,P024,7,1045.8
SALE-20260716-S003-P025,2026-07-16,S003,P025,2,1380.94
SALE-20260716-S003-P026,2026-07-16,S003,P026,13,10658.44
SALE-20260716-S003-P027,2026-07-16,S003,P027,12,7072.56
SALE-20260716-S003-P028,2026-07-16,S003,P028,2,111.34
SALE-20260716-S003-P029,2026-07-16,S003,P029,4,940.52
SALE-20260716-S003-P030,2026-07-16,S003,P030,2,461.32
SALE-20260716-S003-P031,2026-07-16,S003,P031,11,3205.62
SALE-20260716-S003-P032,2026-07-16,S003,P032,5,3133.0
SALE-20260716-S003-P033,2026-07-16,S003,P033,7,4724.37
SALE-20260716-S003-P034,2026-07-16,S003,P034,10,1693.9
SALE-20260716-S003-P035,2026-07-16,S003,P035,11,1348.38
SALE-20260716-S003-P036,2026-07-16,S003,P036,5,936.95
SALE-20260716-S003-P037,2026-07-16,S003,P037,9,1686.15
SALE-20260716-S003-P038,2026-07-16,S003,P038,2,773.66
SALE-20260716-S003-P039,2026-07-16,S003,P039,4,2536.4
SALE-20260716-S003-P040,2026-07-16,S003,P040,6,966.3
SALE-20260716-S003-P041,2026-07-16,S003,P041,9,8859.51
SALE-20260716-S003-P042,2026-07-16,S003,P042,6,6410.94
SALE-20260716-S003-P043,2026-07-16,S003,P043,6,4407.36
SALE-20260716-S003-P044,2026-07-16,S003,P044,2,269.9
SALE-20260716-S003-P045,2026-07-16,S003,P045,12,5347.8
SALE-20260716-S003-P046,2026-07-16,S003,P046,4,2223.72
SALE-20260716-S003-P047,2026-07-16,S003,P047,6,5657.94
SALE-20260716-S003-P048,2026-07-16,S003,P048,2,947.56
SALE-20260716-S003-P049,2026-07-16,S003,P049,8,5077.28
SALE-20260717-S001-P001,2026-07-17,S001,P001,7,5522.02
SALE-20260717-S001-P002,2026-07-17,S001,P002,12,7789.8
SALE-20260717-S001-P003,2026-07-17,S001,P003,2,2141.74
SALE-20260717-S001-P004,2026-07-17,S001,P004,2,304.3
SALE-20260717-S001-P005,2026-07-17,S001,P005,10,4409.0
SALE-20260717-S001-P006,2026-07-17,S001,P006,8,6703.92
SALE-20260717-S001-P007,2026-07-17,S001,P007,10,2570.2
SALE-20260717-S001-P008,2026-07-17,S001,P008,9,7957.35
SALE-20260717-S001-P009,2026-07-17,S001,P009,3,2268.57
SALE-20260717-S001-P010,2026-07-17,S001,P010,16,15787.2
SALE-20260717-S001-P011,2026-07-17,S001,P011,3,656.7
SALE-20260717-S001-P012,2026-07-17,S001,P012,12,2265.96
SALE-20260717-S001-P013,2026-07-17,S001,P013,5,4324.4
SALE-20260717-S001-P014,2026-07-17,S001,P014,11,4333.01
SALE-20260717-S001-P015,2026-07-17,S001,P015,1,195.12
SALE-20260717-S001-P016,2026-07-17,S001,P016,9,2377.53
SALE-20260717-S001-P017,2026-07-17,S001,P017,8,4027.92
SALE-20260717-S001-P018,2026-07-17,S001,P018,14,5147.8
SALE-20260717-S001-P019,2026-07-17,S001,P019,7,5657.89
SALE-20260717-S001-P020,2026-07-17,S001,P020,9,5796.99
SALE-20260717-S001-P021,2026-07-17,S001,P021,5,987.35
SALE-20260717-S001-P022,2026-07-17,S001,P022,3,2185.62
SALE-20260717-S001-P023,2026-07-17,S001,P023,9,7197.3
SALE-20260717-S001-P024,2026-07-17,S001,P024,9,1344.6
SALE-20260717-S001-P025,2026-07-17,S001,P025,2,1380.94
SALE-20260717-S001-P026,2026-07-17,S001,P026,16,13118.08
SALE-20260717-S001-P027,2026-07-17,S001,P027,13,7661.94
SALE-20260717-S001-P028,2026-07-17,S001,P028,5,278.35
SALE-20260717-S001-P029,2026-07-17,S001,P029,9,2116.17
SALE-20260717-S001-P030,2026-07-17,S001,P030,0,0.0
SALE-20260717-S001-P031,2026-07-17,S001,P031,13,3788.46
SALE-20260717-S001-P032,2026-07-17,S001,P032,8,5012.8
SALE-20260717-S001-P033,2026-07-17,S001,P033,19,12823.29
SALE-20260717-S001-P034,2026-07-17,S001,P034,12,2032.68
SALE-20260717-S001-P035,2026-07-17,S001,P035,9,1103.22
SALE-20260717-S001-P036,2026-07-17,S001,P036,2,374.78
SALE-20260717-S001-P037,2026-07-17,S001,P037,11,2060.85
SALE-20260717-S001-P038,2026-07-17,S001,P038,4,1547.32
SALE-20260717-S001-P039,2026-07-17,S001,P039,2,1268.2
SALE-20260717-S001-P040,2026-07-17,S001,P040,10,1610.5
SALE-20260717-S001-P041,2026-07-17,S001,P041,10,9843.9
SALE-20260717-S001-P042,2026-07-17,S001,P042,12,12821.88
SALE-20260717-S001-P043,2026-07-17,S001,P043,9,6611.04
SALE-20260717-S001-P044,2026-07-17,S001,P044,3,404.85
SALE-20260717-S001-P045,2026-07-17,S001,P045,25,11141.25
SALE-20260717-S001-P046,2026-07-17,S001,P046,6,3335.58
SALE-20260717-S001-P047,2026-07-17,S001,P047,10,9429.9
SALE-20260717-S001-P048,2026-07-17,S001,P048,7,3316.46
SALE-20260717-S001-P049,2026-07-17,S001,P049,17,10789.22
SALE-20260717-S001-P050,2026-07-17,S001,P050,4,1561.52
SALE-20260717-S002-P001,2026-07-17,S002,P001,4,3155.44
SALE-20260717-S002-P002,2026-07-17,S002,P002,10,6491.5
SALE-20260717-S002-P003,2026-07-17,S002,P003,3,3212.61
SALE-20260717-S002-P004,2026-07-17,S002,P004,1,152.15
SALE-20260717-S002-P005,2026-07-17,S002,P005,13,5731.7
SALE-20260717-S002-P006,2026-07-17,S002,P006,3,2513.97
SALE-20260717-S002-P007,2026-07-17,S002,P007,0,0.0
SALE-20260717-S002-P008,2026-07-17,S002,P008,10,8841.5
SALE-20260717-S002-P009,2026-07-17,S002,P009,5,3780.95
SALE-20260717-S002-P010,2026-07-17,S002,P010,22,21707.4
SALE-20260717-S002-P011,2026-07-17,S002,P011,1,218.9
SALE-20260717-S002-P012,2026-07-17,S002,P012,20,3776.6
SALE-20260717-S002-P013,2026-07-17,S002,P013,9,7783.92
SALE-20260717-S002-P014,2026-07-17,S002,P014,22,8666.02
SALE-20260717-S002-P015,2026-07-17,S002,P015,2,390.24
SALE-20260717-S002-P016,2026-07-17,S002,P016,9,2377.53
SALE-20260717-S002-P017,2026-07-17,S002,P017,9,4531.41
SALE-20260717-S002-P018,2026-07-17,S002,P018,13,4780.1
SALE-20260717-S002-P019,2026-07-17,S002,P019,11,8890.97
SALE-20260717-S002-P020,2026-07-17,S002,P020,10,6441.1
SALE-20260717-S002-P021,2026-07-17,S002,P021,7,1382.29
SALE-20260717-S002-P022,2026-07-17,S002,P022,2,1457.08
SALE-20260717-S002-P023,2026-07-17,S002,P023,15,11995.5
SALE-20260717-S002-P024,2026-07-17,S002,P024,11,1643.4
SALE-20260717-S002-P025,2026-07-17,S002,P025,3,2071.41
SALE-20260717-S002-P026,2026-07-17,S002,P026,16,13118.08
SALE-20260717-S002-P027,2026-07-17,S002,P027,13,7661.94
SALE-20260717-S002-P028,2026-07-17,S002,P028,2,111.34
SALE-20260717-S002-P029,2026-07-17,S002,P029,13,3056.69
SALE-20260717-S002-P030,2026-07-17,S002,P030,3,691.98
SALE-20260717-S002-P031,2026-07-17,S002,P031,16,4662.72
SALE-20260717-S002-P032,2026-07-17,S002,P032,7,4386.2
SALE-20260717-S002-P033,2026-07-17,S002,P033,19,12823.29
SALE-20260717-S002-P034,2026-07-17,S002,P034,11,1863.29
SALE-20260717-S002-P035,2026-07-17,S002,P035,11,1348.38
SALE-20260717-S002-P036,2026-07-17,S002,P036,3,562.17
SALE-20260717-S002-P037,2026-07-17,S002,P037,21,3934.35
SALE-20260717-S002-P038,2026-07-17,S002,P038,3,1160.49
SALE-20260717-S002-P039,2026-07-17,S002,P039,1,634.1
SALE-20260717-S002-P040,2026-07-17,S002,P040,13,2093.65
SALE-20260717-S002-P041,2026-07-17,S002,P041,7,6890.73
SALE-20260717-S002-P042,2026-07-17,S002,P042,18,19232.82
SALE-20260717-S002-P043,2026-07-17,S002,P043,18,13222.08
SALE-20260717-S002-P044,2026-07-17,S002,P044,9,1214.55
SALE-20260717-S002-P045,2026-07-17,S002,P045,20,8913.0
SALE-20260717-S002-P046,2026-07-17,S002,P046,3,1667.79
SALE-20260717-S002-P047,2026-07-17,S002,P047,9,8486.91
SALE-20260717-S002-P048,2026-07-17,S002,P048,6,2842.68
SALE-20260717-S002-P049,2026-07-17,S002,P049,14,8885.24
SALE-20260717-S002-P050,2026-07-17,S002,P050,4,1561.52
SALE-20260717-S003-P001,2026-07-17,S003,P001,10,7888.6
SALE-20260717-S003-P002,2026-07-17,S003,P002,9,5842.35
SALE-20260717-S003-P003,2026-07-17,S003,P003,2,2141.74
SALE-20260717-S003-P004,2026-07-17,S003,P004,0,0.0
SALE-20260717-S003-P005,2026-07-17,S003,P005,9,3968.1
SALE-20260717-S003-P006,2026-07-17,S003,P006,3,2513.97
SALE-20260717-S003-P007,2026-07-17,S003,P007,8,2056.16
SALE-20260717-S003-P008,2026-07-17,S003,P008,6,5304.9
SALE-20260717-S003-P009,2026-07-17,S003,P009,3,2268.57
SALE-20260717-S003-P010,2026-07-17,S003,P010,9,8880.3
SALE-20260717-S003-P011,2026-07-17,S003,P011,4,875.6
SALE-20260717-S003-P012,2026-07-17,S003,P012,15,2832.45
SALE-20260717-S003-P013,2026-07-17,S003,P013,9,7783.92
SALE-20260717-S003-P014,2026-07-17,S003,P014,12,4726.92
SALE-20260717-S003-P015,2026-07-17,S003,P015,0,0.0
SALE-20260717-S003-P016,2026-07-17,S003,P016,9,2377.53
SALE-20260717-S003-P017,2026-07-17,S003,P017,5,2517.45
SALE-20260717-S003-P018,2026-07-17,S003,P018,19,6986.3
SALE-20260717-S003-P019,2026-07-17,S003,P019,4,3233.08
SALE-20260717-S003-P020,2026-07-17,S003,P020,7,4508.77
SALE-20260717-S003-P021,2026-07-17,S003,P021,6,1184.82
SALE-20260717-S003-P022,2026-07-17,S003,P022,0,0.0
SALE-20260717-S003-P023,2026-07-17,S003,P023,6,4798.2
SALE-20260717-S003-P024,2026-07-17,S003,P024,8,1195.2
SALE-20260717-S003-P025,2026-07-17,S003,P025,2,1380.94
SALE-20260717-S003-P026,2026-07-17,S003,P026,9,7378.92
SALE-20260717-S003-P027,2026-07-17,S003,P027,8,4715.04
SALE-20260717-S003-P028,2026-07-17,S003,P028,2,111.34
SALE-20260717-S003-P029,2026-07-17,S003,P029,9,2116.17
SALE-20260717-S003-P030,2026-07-17,S003,P030,1,230.66
SALE-20260717-S003-P031,2026-07-17,S003,P031,11,3205.62
SALE-20260717-S003-P032,2026-07-17,S003,P032,5,3133.0
SALE-20260717-S003-P033,2026-07-17,S003,P033,10,6749.1
SALE-20260717-S003-P034,2026-07-17,S003,P034,7,1185.73
SALE-20260717-S003-P035,2026-07-17,S003,P035,11,1348.38
SALE-20260717-S003-P036,2026-07-17,S003,P036,5,936.95
SALE-20260717-S003-P037,2026-07-17,S003,P037,12,2248.2
SALE-20260717-S003-P038,2026-07-17,S003,P038,3,1160.49
SALE-20260717-S003-P039,2026-07-17,S003,P039,2,1268.2
SALE-20260717-S003-P040,2026-07-17,S003,P040,11,1771.55
SALE-20260717-S003-P041,2026-07-17,S003,P041,3,2953.17
SALE-20260717-S003-P042,2026-07-17,S003,P042,12,12821.88
SALE-20260717-S003-P043,2026-07-17,S003,P043,10,7345.6
SALE-20260717-S003-P044,2026-07-17,S003,P044,5,674.75
SALE-20260717-S003-P045,2026-07-17,S003,P045,10,4456.5
SALE-20260717-S003-P046,2026-07-17,S003,P046,2,1111.86
SALE-20260717-S003-P047,2026-07-17,S003,P047,13,12258.87
SALE-20260717-S003-P048,2026-07-17,S003,P048,3,1421.34
SALE-20260717-S003-P049,2026-07-17,S003,P049,11,6981.26
SALE-20260718-S001-P001,2026-07-18,S001,P001,10,7888.6
SALE-20260718-S001-P002,2026-07-18,S001,P002,10,6491.5
SALE-20260718-S001-P003,2026-07-18,S001,P003,3,3212.61
SALE-20260718-S001-P004,2026-07-18,S001,P004,4,608.6
SALE-20260718-S001-P005,2026-07-18,S001,P005,13,5731.7
SALE-20260718-S001-P006,2026-07-18,S001,P006,6,5027.94
SALE-20260718-S001-P007,2026-07-18,S001,P007,15,3855.3
SALE-20260718-S001-P008,2026-07-18,S001,P008,11,9725.65
SALE-20260718-S001-P009,2026-07-18,S001,P009,11,8318.09
SALE-20260718-S001-P010,2026-07-18,S001,P010,14,13813.8
SALE-20260718-S001-P011,2026-07-18,S001,P011,4,875.6
SALE-20260718-S001-P012,2026-07-18,S001,P012,20,3776.6
SALE-20260718-S001-P013,2026-07-18,S001,P013,12,10378.56
SALE-20260718-S001-P014,2026-07-18,S001,P014,9,3545.19
SALE-20260718-S001-P015,2026-07-18,S001,P015,3,585.36
SALE-20260718-S001-P016,2026-07-18,S001,P016,14,3698.38
SALE-20260718-S001-P017,2026-07-18,S001,P017,6,3020.94
SALE-20260718-S001-P018,2026-07-18,S001,P018,18,6618.6
SALE-20260718-S001-P019,2026-07-18,S001,P019,10,8082.7
SALE-20260718-S001-P020,2026-07-18,S001,P020,9,5796.99
SALE-20260718-S001-P021,2026-07-18,S001,P021,8,1579.76
SALE-20260718-S001-P022,2026-07-18,S001,P022,9,6556.86
SALE-20260718-S001-P023,2026-07-18,S001,P023,8,6397.6
SALE-20260718-S001-P024,2026-07-18,S001,P024,8,1195.2
SALE-20260718-S001-P025,2026-07-18,S001,P025,2,1380.94
SALE-20260718-S001-P026,2026-07-18,S001,P026,14,11478.32
SALE-20260718-S001-P027,2026-07-18,S001,P027,14,8251.32
SALE-20260718-S001-P028,2026-07-18,S001,P028,5,278.35
SALE-20260718-S001-P029,2026-07-18,S001,P029,11,2586.43
SALE-20260718-S001-P030,2026-07-18,S001,P030,7,1614.62
SALE-20260718-S001-P031,2026-07-18,S001,P031,10,2914.2
SALE-20260718-S001-P032,2026-07-18,S001,P032,4,2506.4
SALE-20260718-S001-P033,2026-07-18,S001,P033,7,4724.37
SALE-20260718-S001-P034,2026-07-18,S001,P034,10,1693.9
SALE-20260718-S001-P035,2026-07-18,S001,P035,18,2206.44
SALE-20260718-S001-P036,2026-07-18,S001,P036,4,749.56
SALE-20260718-S001-P037,2026-07-18,S001,P037,19,3559.65
SALE-20260718-S001-P038,2026-07-18,S001,P038,6,2320.98
SALE-20260718-S001-P039,2026-07-18,S001,P039,3,1902.3
SALE-20260718-S001-P040,2026-07-18,S001,P040,8,1288.4
SALE-20260718-S001-P041,2026-07-18,S001,P041,9,8859.51
SALE-20260718-S001-P042,2026-07-18,S001,P042,12,12821.88
SALE-20260718-S001-P043,2026-07-18,S001,P043,21,15425.76
SALE-20260718-S001-P044,2026-07-18,S001,P044,9,1214.55
SALE-20260718-S001-P045,2026-07-18,S001,P045,21,9358.65
SALE-20260718-S001-P046,2026-07-18,S001,P046,5,2779.65
SALE-20260718-S001-P047,2026-07-18,S001,P047,10,9429.9
SALE-20260718-S001-P048,2026-07-18,S001,P048,0,0.0
SALE-20260718-S001-P049,2026-07-18,S001,P049,22,13962.52
SALE-20260718-S001-P050,2026-07-18,S001,P050,1,390.38
SALE-20260718-S002-P001,2026-07-18,S002,P001,11,8677.46
SALE-20260718-S002-P002,2026-07-18,S002,P002,6,3894.9
SALE-20260718-S002-P003,2026-07-18,S002,P003,2,2141.74
SALE-20260718-S002-P004,2026-07-18,S002,P004,0,0.0
SALE-20260718-S002-P005,2026-07-18,S002,P005,9,3968.1
SALE-20260718-S002-P006,2026-07-18,S002,P006,4,3351.96
SALE-20260718-S002-P007,2026-07-18,S002,P007,0,0.0
SALE-20260718-S002-P008,2026-07-18,S002,P008,9,7957.35
SALE-20260718-S002-P009,2026-07-18,S002,P009,8,6049.52
SALE-20260718-S002-P010,2026-07-18,S002,P010,18,17760.6
SALE-20260718-S002-P011,2026-07-18,S002,P011,5,1094.5
SALE-20260718-S002-P012,2026-07-18,S002,P012,24,4531.92
SALE-20260718-S002-P013,2026-07-18,S002,P013,7,6054.16
SALE-20260718-S002-P014,2026-07-18,S002,P014,10,3939.1
SALE-20260718-S002-P015,2026-07-18,S002,P015,1,195.12
SALE-20260718-S002-P016,2026-07-18,S002,P016,5,1320.85
SALE-20260718-S002-P017,2026-07-18,S002,P017,16,8055.84
SALE-20260718-S002-P018,2026-07-18,S002,P018,18,6618.6
SALE-20260718-S002-P019,2026-07-18,S002,P019,11,8890.97
SALE-20260718-S002-P020,2026-07-18,S002,P020,13,8373.43
SALE-20260718-S002-P021,2026-07-18,S002,P021,7,1382.29
SALE-20260718-S002-P022,2026-07-18,S002,P022,10,7285.4
SALE-20260718-S002-P023,2026-07-18,S002,P023,14,11195.8
SALE-20260718-S002-P024,2026-07-18,S002,P024,9,1344.6
SALE-20260718-S002-P025,2026-07-18,S002,P025,4,2761.88
SALE-20260718-S002-P026,2026-07-18,S002,P026,15,12298.2
SALE-20260718-S002-P027,2026-07-18,S002,P027,14,8251.32
SALE-20260718-S002-P028,2026-07-18,S002,P028,5,278.35
SALE-20260718-S002-P029,2026-07-18,S002,P029,13,3056.69
SALE-20260718-S002-P030,2026-07-18,S002,P030,1,230.66
SALE-20260718-S002-P031,2026-07-18,S002,P031,15,4371.3
SALE-20260718-S002-P032,2026-07-18,S002,P032,6,3759.6
SALE-20260718-S002-P033,2026-07-18,S002,P033,13,8773.83
SALE-20260718-S002-P034,2026-07-18,S002,P034,17,2879.63
SALE-20260718-S002-P035,2026-07-18,S002,P035,24,2941.92
SALE-20260718-S002-P036,2026-07-18,S002,P036,4,749.56
SALE-20260718-S002-P037,2026-07-18,S002,P037,17,3184.95
SALE-20260718-S002-P038,2026-07-18,S002,P038,3,1160.49
SALE-20260718-S002-P039,2026-07-18,S002,P039,3,1902.3
SALE-20260718-S002-P040,2026-07-18,S002,P040,9,1449.45
SALE-20260718-S002-P041,2026-07-18,S002,P041,13,12797.07
SALE-20260718-S002-P042,2026-07-18,S002,P042,11,11753.39
SALE-20260718-S002-P043,2026-07-18,S002,P043,22,16160.32
SALE-20260718-S002-P044,2026-07-18,S002,P044,9,1214.55
SALE-20260718-S002-P045,2026-07-18,S002,P045,27,12032.55
SALE-20260718-S002-P046,2026-07-18,S002,P046,6,3335.58
SALE-20260718-S002-P047,2026-07-18,S002,P047,6,5657.94
SALE-20260718-S002-P048,2026-07-18,S002,P048,8,3790.24
SALE-20260718-S002-P049,2026-07-18,S002,P049,24,15231.84
SALE-20260718-S002-P050,2026-07-18,S002,P050,2,780.76
SALE-20260718-S003-P001,2026-07-18,S003,P001,8,6310.88
SALE-20260718-S003-P002,2026-07-18,S003,P002,5,3245.75
SALE-20260718-S003-P003,2026-07-18,S003,P003,4,4283.48
SALE-20260718-S003-P004,2026-07-18,S003,P004,2,304.3
SALE-20260718-S003-P005,2026-07-18,S003,P005,6,2645.4
SALE-20260718-S003-P006,2026-07-18,S003,P006,1,837.99
SALE-20260718-S003-P007,2026-07-18,S003,P007,12,3084.24
SALE-20260718-S003-P008,2026-07-18,S003,P008,10,8841.5
SALE-20260718-S003-P009,2026-07-18,S003,P009,4,3024.76
SALE-20260718-S003-P010,2026-07-18,S003,P010,11,10853.7
SALE-20260718-S003-P011,2026-07-18,S003,P011,1,218.9
SALE-20260718-S003-P012,2026-07-18,S003,P012,13,2454.79
SALE-20260718-S003-P013,2026-07-18,S003,P013,5,4324.4
SALE-20260718-S003-P014,2026-07-18,S003,P014,4,1575.64
SALE-20260718-S003-P015,2026-07-18,S003,P015,5,975.6
SALE-20260718-S003-P016,2026-07-18,S003,P016,2,528.34
SALE-20260718-S003-P017,2026-07-18,S003,P017,7,3524.43
SALE-20260718-S003-P018,2026-07-18,S003,P018,14,5147.8
SALE-20260718-S003-P019,2026-07-18,S003,P019,7,5657.89
SALE-20260718-S003-P020,2026-07-18,S003,P020,10,6441.1
SALE-20260718-S003-P021,2026-07-18,S003,P021,1,197.47
SALE-20260718-S003-P022,2026-07-18,S003,P022,2,1457.08
SALE-20260718-S003-P023,2026-07-18,S003,P023,11,8796.7
SALE-20260718-S003-P024,2026-07-18,S003,P024,11,1643.4
SALE-20260718-S003-P025,2026-07-18,S003,P025,0,0.0
SALE-20260718-S003-P026,2026-07-18,S003,P026,16,13118.08
SALE-20260718-S003-P027,2026-07-18,S003,P027,10,5893.8
SALE-20260718-S003-P028,2026-07-18,S003,P028,1,55.67
SALE-20260718-S003-P029,2026-07-18,S003,P029,7,1645.91
SALE-20260718-S003-P030,2026-07-18,S003,P030,2,461.32
SALE-20260718-S003-P031,2026-07-18,S003,P031,11,3205.62
SALE-20260718-S003-P032,2026-07-18,S003,P032,4,2506.4
SALE-20260718-S003-P033,2026-07-18,S003,P033,11,7424.01
SALE-20260718-S003-P034,2026-07-18,S003,P034,10,1693.9
SALE-20260718-S003-P035,2026-07-18,S003,P035,11,1348.38
SALE-20260718-S003-P036,2026-07-18,S003,P036,3,562.17
SALE-20260718-S003-P037,2026-07-18,S003,P037,20,3747.0
SALE-20260718-S003-P038,2026-07-18,S003,P038,1,386.83
SALE-20260718-S003-P039,2026-07-18,S003,P039,3,1902.3
SALE-20260718-S003-P040,2026-07-18,S003,P040,8,1288.4
SALE-20260718-S003-P041,2026-07-18,S003,P041,6,5906.34
SALE-20260718-S003-P042,2026-07-18,S003,P042,8,8547.92
SALE-20260718-S003-P043,2026-07-18,S003,P043,11,8080.16
SALE-20260718-S003-P044,2026-07-18,S003,P044,10,1349.5
SALE-20260718-S003-P045,2026-07-18,S003,P045,9,4010.85
SALE-20260718-S003-P046,2026-07-18,S003,P046,5,2779.65
SALE-20260718-S003-P047,2026-07-18,S003,P047,7,6600.93
SALE-20260718-S003-P048,2026-07-18,S003,P048,1,473.78
SALE-20260718-S003-P049,2026-07-18,S003,P049,14,8885.24
SALE-20260719-S001-P001,2026-07-19,S001,P001,12,9466.32
SALE-20260719-S001-P002,2026-07-19,S001,P002,7,4544.05
SALE-20260719-S001-P003,2026-07-19,S001,P003,3,3212.61
SALE-20260719-S001-P004,2026-07-19,S001,P004,3,456.45
SALE-20260719-S001-P005,2026-07-19,S001,P005,17,7495.3
SALE-20260719-S001-P006,2026-07-19,S001,P006,3,2513.97
SALE-20260719-S001-P007,2026-07-19,S001,P007,16,4112.32
SALE-20260719-S001-P008,2026-07-19,S001,P008,9,7957.35
SALE-20260719-S001-P009,2026-07-19,S001,P009,7,5293.33
SALE-20260719-S001-P010,2026-07-19,S001,P010,11,10853.7
SALE-20260719-S001-P011,2026-07-19,S001,P011,4,875.6
SALE-20260719-S001-P012,2026-07-19,S001,P012,15,2832.45
SALE-20260719-S001-P013,2026-07-19,S001,P013,9,7783.92
SALE-20260719-S001-P014,2026-07-19,S001,P014,11,4333.01
SALE-20260719-S001-P015,2026-07-19,S001,P015,5,975.6
SALE-20260719-S001-P016,2026-07-19,S001,P016,6,1585.02
SALE-20260719-S001-P017,2026-07-19,S001,P017,7,3524.43
SALE-20260719-S001-P018,2026-07-19,S001,P018,21,7721.7
SALE-20260719-S001-P019,2026-07-19,S001,P019,9,7274.43
SALE-20260719-S001-P020,2026-07-19,S001,P020,9,5796.99
SALE-20260719-S001-P021,2026-07-19,S001,P021,9,1777.23
SALE-20260719-S001-P022,2026-07-19,S001,P022,11,8013.94
SALE-20260719-S001-P023,2026-07-19,S001,P023,12,9596.4
SALE-20260719-S001-P024,2026-07-19,S001,P024,9,1344.6
SALE-20260719-S001-P025,2026-07-19,S001,P025,3,2071.41
SALE-20260719-S001-P026,2026-07-19,S001,P026,9,7378.92
SALE-20260719-S001-P027,2026-07-19,S001,P027,18,10608.84
SALE-20260719-S001-P028,2026-07-19,S001,P028,3,167.01
SALE-20260719-S001-P029,2026-07-19,S001,P029,10,2351.3
SALE-20260719-S001-P030,2026-07-19,S001,P030,4,922.64
SALE-20260719-S001-P031,2026-07-19,S001,P031,12,3497.04
SALE-20260719-S001-P032,2026-07-19,S001,P032,1,626.6
SALE-20260719-S001-P033,2026-07-19,S001,P033,15,10123.65
SALE-20260719-S001-P034,2026-07-19,S001,P034,18,3049.02
SALE-20260719-S001-P035,2026-07-19,S001,P035,18,2206.44
SALE-20260719-S001-P036,2026-07-19,S001,P036,1,187.39
SALE-20260719-S001-P037,2026-07-19,S001,P037,22,4121.7
SALE-20260719-S001-P038,2026-07-19,S001,P038,4,1547.32
SALE-20260719-S001-P039,2026-07-19,S001,P039,4,2536.4
SALE-20260719-S001-P040,2026-07-19,S001,P040,13,2093.65
SALE-20260719-S001-P041,2026-07-19,S001,P041,4,3937.56
SALE-20260719-S001-P042,2026-07-19,S001,P042,21,22438.29
SALE-20260719-S001-P043,2026-07-19,S001,P043,17,12487.52
SALE-20260719-S001-P044,2026-07-19,S001,P044,4,539.8
SALE-20260719-S001-P045,2026-07-19,S001,P045,19,8467.35
SALE-20260719-S001-P046,2026-07-19,S001,P046,6,3335.58
SALE-20260719-S001-P047,2026-07-19,S001,P047,11,10372.89
SALE-20260719-S001-P048,2026-07-19,S001,P048,5,2368.9
SALE-20260719-S001-P049,2026-07-19,S001,P049,16,10154.56
SALE-20260719-S001-P050,2026-07-19,S001,P050,3,1171.14
SALE-20260719-S002-P001,2026-07-19,S002,P001,8,6310.88
SALE-20260719-S002-P002,2026-07-19,S002,P002,10,6491.5
SALE-20260719-S002-P003,2026-07-19,S002,P003,4,4283.48
SALE-20260719-S002-P004,2026-07-19,S002,P004,0,0.0
SALE-20260719-S002-P005,2026-07-19,S002,P005,18,7936.2
SALE-20260719-S002-P006,2026-07-19,S002,P006,2,1675.98
SALE-20260719-S002-P007,2026-07-19,S002,P007,0,0.0
SALE-20260719-S002-P008,2026-07-19,S002,P008,12,10609.8
SALE-20260719-S002-P009,2026-07-19,S002,P009,7,5293.33
SALE-20260719-S002-P010,2026-07-19,S002,P010,13,12827.1
SALE-20260719-S002-P011,2026-07-19,S002,P011,2,437.8
SALE-20260719-S002-P012,2026-07-19,S002,P012,19,3587.77
SALE-20260719-S002-P013,2026-07-19,S002,P013,7,6054.16
SALE-20260719-S002-P014,2026-07-19,S002,P014,24,9453.84
SALE-20260719-S002-P015,2026-07-19,S002,P015,3,585.36
SALE-20260719-S002-P016,2026-07-19,S002,P016,8,2113.36
SALE-20260719-S002-P017,2026-07-19,S002,P017,6,3020.94
SALE-20260719-S002-P018,2026-07-19,S002,P018,26,9560.2
SALE-20260719-S002-P019,2026-07-19,S002,P019,14,11315.78
SALE-20260719-S002-P020,2026-07-19,S002,P020,9,5796.99
SALE-20260719-S002-P021,2026-07-19,S002,P021,5,987.35
SALE-20260719-S002-P022,2026-07-19,S002,P022,10,7285.4
SALE-20260719-S002-P023,2026-07-19,S002,P023,12,9596.4
SALE-20260719-S002-P024,2026-07-19,S002,P024,16,2390.4
SALE-20260719-S002-P025,2026-07-19,S002,P025,4,2761.88
SALE-20260719-S002-P026,2026-07-19,S002,P026,22,18037.36
SALE-20260719-S002-P027,2026-07-19,S002,P027,22,12966.36
SALE-20260719-S002-P028,2026-07-19,S002,P028,3,167.01
SALE-20260719-S002-P029,2026-07-19,S002,P029,14,3291.82
SALE-20260719-S002-P030,2026-07-19,S002,P030,5,1153.3
SALE-20260719-S002-P031,2026-07-19,S002,P031,29,8451.18
SALE-20260719-S002-P032,2026-07-19,S002,P032,8,5012.8
SALE-20260719-S002-P033,2026-07-19,S002,P033,11,7424.01
SALE-20260719-S002-P034,2026-07-19,S002,P034,19,3218.41
SALE-20260719-S002-P035,2026-07-19,S002,P035,18,2206.44
SALE-20260719-S002-P036,2026-07-19,S002,P036,2,374.78
SALE-20260719-S002-P037,2026-07-19,S002,P037,21,3934.35
SALE-20260719-S002-P038,2026-07-19,S002,P038,7,2707.81
SALE-20260719-S002-P039,2026-07-19,S002,P039,3,1902.3
SALE-20260719-S002-P040,2026-07-19,S002,P040,11,1771.55
SALE-20260719-S002-P041,2026-07-19,S002,P041,8,7875.12
SALE-20260719-S002-P042,2026-07-19,S002,P042,19,20301.31
SALE-20260719-S002-P043,2026-07-19,S002,P043,14,10283.84
SALE-20260719-S002-P044,2026-07-19,S002,P044,8,1079.6
SALE-20260719-S002-P045,2026-07-19,S002,P045,17,7576.05
SALE-20260719-S002-P046,2026-07-19,S002,P046,7,3891.51
SALE-20260719-S002-P047,2026-07-19,S002,P047,12,11315.88
SALE-20260719-S002-P048,2026-07-19,S002,P048,9,4264.02
SALE-20260719-S002-P049,2026-07-19,S002,P049,17,10789.22
SALE-20260719-S002-P050,2026-07-19,S002,P050,2,780.76
SALE-20260719-S003-P001,2026-07-19,S003,P001,12,9466.32
SALE-20260719-S003-P002,2026-07-19,S003,P002,7,4544.05
SALE-20260719-S003-P003,2026-07-19,S003,P003,0,0.0
SALE-20260719-S003-P004,2026-07-19,S003,P004,2,304.3
SALE-20260719-S003-P005,2026-07-19,S003,P005,10,4409.0
SALE-20260719-S003-P006,2026-07-19,S003,P006,2,1675.98
SALE-20260719-S003-P007,2026-07-19,S003,P007,11,2827.22
SALE-20260719-S003-P008,2026-07-19,S003,P008,10,8841.5
SALE-20260719-S003-P009,2026-07-19,S003,P009,4,3024.76
SALE-20260719-S003-P010,2026-07-19,S003,P010,14,13813.8
SALE-20260719-S003-P011,2026-07-19,S003,P011,2,437.8
SALE-20260719-S003-P012,2026-07-19,S003,P012,13,2454.79
SALE-20260719-S003-P013,2026-07-19,S003,P013,11,9513.68
SALE-20260719-S003-P014,2026-07-19,S003,P014,6,2363.46
SALE-20260719-S003-P015,2026-07-19,S003,P015,4,780.48
SALE-20260719-S003-P016,2026-07-19,S003,P016,12,3170.04
SALE-20260719-S003-P017,2026-07-19,S003,P017,7,3524.43
SALE-20260719-S003-P018,2026-07-19,S003,P018,10,3677.0
SALE-20260719-S003-P019,2026-07-19,S003,P019,9,7274.43
SALE-20260719-S003-P020,2026-07-19,S003,P020,8,5152.88
SALE-20260719-S003-P021,2026-07-19,S003,P021,6,1184.82
SALE-20260719-S003-P022,2026-07-19,S003,P022,7,5099.78
SALE-20260719-S003-P023,2026-07-19,S003,P023,6,4798.2
SALE-20260719-S003-P024,2026-07-19,S003,P024,3,448.2
SALE-20260719-S003-P025,2026-07-19,S003,P025,4,2761.88
SALE-20260719-S003-P026,2026-07-19,S003,P026,13,10658.44
SALE-20260719-S003-P027,2026-07-19,S003,P027,20,11787.6
SALE-20260719-S003-P028,2026-07-19,S003,P028,3,167.01
SALE-20260719-S003-P029,2026-07-19,S003,P029,6,1410.78
SALE-20260719-S003-P030,2026-07-19,S003,P030,2,461.32
SALE-20260719-S003-P031,2026-07-19,S003,P031,15,4371.3
SALE-20260719-S003-P032,2026-07-19,S003,P032,7,4386.2
SALE-20260719-S003-P033,2026-07-19,S003,P033,9,6074.19
SALE-20260719-S003-P034,2026-07-19,S003,P034,16,2710.24
SALE-20260719-S003-P035,2026-07-19,S003,P035,10,1225.8
SALE-20260719-S003-P036,2026-07-19,S003,P036,4,749.56
SALE-20260719-S003-P037,2026-07-19,S003,P037,13,2435.55
SALE-20260719-S003-P038,2026-07-19,S003,P038,8,3094.64
SALE-20260719-S003-P039,2026-07-19,S003,P039,2,1268.2
SALE-20260719-S003-P040,2026-07-19,S003,P040,14,2254.7
SALE-20260719-S003-P041,2026-07-19,S003,P041,8,7875.12
SALE-20260719-S003-P042,2026-07-19,S003,P042,16,17095.84
SALE-20260719-S003-P043,2026-07-19,S003,P043,17,12487.52
SALE-20260719-S003-P044,2026-07-19,S003,P044,13,1754.35
SALE-20260719-S003-P045,2026-07-19,S003,P045,11,4902.15
SALE-20260719-S003-P046,2026-07-19,S003,P046,4,2223.72
SALE-20260719-S003-P047,2026-07-19,S003,P047,11,10372.89
SALE-20260719-S003-P048,2026-07-19,S003,P048,6,2842.68
SALE-20260719-S003-P049,2026-07-19,S003,P049,11,6981.26
SALE-20260720-S001-P001,2026-07-20,S001,P001,4,3155.44
SALE-20260720-S001-P002,2026-07-20,S001,P002,6,3894.9
SALE-20260720-S001-P003,2026-07-20,S001,P003,5,5354.35
SALE-20260720-S001-P004,2026-07-20,S001,P004,3,456.45
SALE-20260720-S001-P005,2026-07-20,S001,P005,6,2645.4
SALE-20260720-S001-P006,2026-07-20,S001,P006,5,4189.95
SALE-20260720-S001-P007,2026-07-20,S001,P007,19,4883.38
SALE-20260720-S001-P008,2026-07-20,S001,P008,15,13262.25
SALE-20260720-S001-P009,2026-07-20,S001,P009,7,5293.33
SALE-20260720-S001-P010,2026-07-20,S001,P010,13,12827.1
SALE-20260720-S001-P011,2026-07-20,S001,P011,1,218.9
SALE-20260720-S001-P012,2026-07-20,S001,P012,23,4343.09
SALE-20260720-S001-P013,2026-07-20,S001,P013,12,10378.56
SALE-20260720-S001-P014,2026-07-20,S001,P014,15,5908.65
SALE-20260720-S001-P015,2026-07-20,S001,P015,1,195.12
SALE-20260720-S001-P016,2026-07-20,S001,P016,9,2377.53
SALE-20260720-S001-P017,2026-07-20,S001,P017,10,5034.9
SALE-20260720-S001-P018,2026-07-20,S001,P018,18,6618.6
SALE-20260720-S001-P019,2026-07-20,S001,P019,16,12932.32
SALE-20260720-S001-P020,2026-07-20,S001,P020,9,5796.99
SALE-20260720-S001-P021,2026-07-20,S001,P021,5,987.35
SALE-20260720-S001-P022,2026-07-20,S001,P022,6,4371.24
SALE-20260720-S001-P023,2026-07-20,S001,P023,10,7997.0
SALE-20260720-S001-P024,2026-07-20,S001,P024,3,448.2
SALE-20260720-S001-P025,2026-07-20,S001,P025,1,690.47
SALE-20260720-S001-P026,2026-07-20,S001,P026,18,14757.84
SALE-20260720-S001-P027,2026-07-20,S001,P027,13,7661.94
SALE-20260720-S001-P028,2026-07-20,S001,P028,1,55.67
SALE-20260720-S001-P029,2026-07-20,S001,P029,14,3291.82
SALE-20260720-S001-P030,2026-07-20,S001,P030,3,691.98
SALE-20260720-S001-P031,2026-07-20,S001,P031,10,2914.2
SALE-20260720-S001-P032,2026-07-20,S001,P032,6,3759.6
SALE-20260720-S001-P033,2026-07-20,S001,P033,10,6749.1
SALE-20260720-S001-P034,2026-07-20,S001,P034,8,1355.12
SALE-20260720-S001-P035,2026-07-20,S001,P035,16,1961.28
SALE-20260720-S001-P036,2026-07-20,S001,P036,6,1124.34
SALE-20260720-S001-P037,2026-07-20,S001,P037,13,2435.55
SALE-20260720-S001-P038,2026-07-20,S001,P038,3,1160.49
SALE-20260720-S001-P039,2026-07-20,S001,P039,4,2536.4
SALE-20260720-S001-P040,2026-07-20,S001,P040,17,2737.85
SALE-20260720-S001-P041,2026-07-20,S001,P041,9,8859.51
SALE-20260720-S001-P042,2026-07-20,S001,P042,16,17095.84
SALE-20260720-S001-P043,2026-07-20,S001,P043,11,8080.16
SALE-20260720-S001-P044,2026-07-20,S001,P044,6,809.7
SALE-20260720-S001-P045,2026-07-20,S001,P045,13,5793.45
SALE-20260720-S001-P046,2026-07-20,S001,P046,5,2779.65
SALE-20260720-S001-P047,2026-07-20,S001,P047,10,9429.9
SALE-20260720-S001-P048,2026-07-20,S001,P048,2,947.56
SALE-20260720-S001-P049,2026-07-20,S001,P049,10,6346.6
SALE-20260720-S001-P050,2026-07-20,S001,P050,0,0.0
SALE-20260720-S002-P001,2026-07-20,S002,P001,13,10255.18
SALE-20260720-S002-P002,2026-07-20,S002,P002,7,4544.05
SALE-20260720-S002-P003,2026-07-20,S002,P003,6,6425.22
SALE-20260720-S002-P004,2026-07-20,S002,P004,0,0.0
SALE-20260720-S002-P005,2026-07-20,S002,P005,12,5290.8
SALE-20260720-S002-P006,2026-07-20,S002,P006,8,6703.92
SALE-20260720-S002-P007,2026-07-20,S002,P007,0,0.0
SALE-20260720-S002-P008,2026-07-20,S002,P008,12,10609.8
SALE-20260720-S002-P009,2026-07-20,S002,P009,7,5293.33
SALE-20260720-S002-P010,2026-07-20,S002,P010,13,12827.1
SALE-20260720-S002-P011,2026-07-20,S002,P011,2,437.8
SALE-20260720-S002-P012,2026-07-20,S002,P012,16,3021.28
SALE-20260720-S002-P013,2026-07-20,S002,P013,11,9513.68
SALE-20260720-S002-P014,2026-07-20,S002,P014,18,7090.38
SALE-20260720-S002-P015,2026-07-20,S002,P015,4,780.48
SALE-20260720-S002-P016,2026-07-20,S002,P016,9,2377.53
SALE-20260720-S002-P017,2026-07-20,S002,P017,9,4531.41
SALE-20260720-S002-P018,2026-07-20,S002,P018,9,3309.3
SALE-20260720-S002-P019,2026-07-20,S002,P019,16,12932.32
SALE-20260720-S002-P020,2026-07-20,S002,P020,13,8373.43
SALE-20260720-S002-P021,2026-07-20,S002,P021,8,1579.76
SALE-20260720-S002-P022,2026-07-20,S002,P022,5,3642.7
SALE-20260720-S002-P023,2026-07-20,S002,P023,20,15994.0
SALE-20260720-S002-P024,2026-07-20,S002,P024,10,1494.0
SALE-20260720-S002-P025,2026-07-20,S002,P025,0,0.0
SALE-20260720-S002-P026,2026-07-20,S002,P026,15,12298.2
SALE-20260720-S002-P027,2026-07-20,S002,P027,18,10608.84
SALE-20260720-S002-P028,2026-07-20,S002,P028,1,55.67
SALE-20260720-S002-P029,2026-07-20,S002,P029,13,3056.69
SALE-20260720-S002-P030,2026-07-20,S002,P030,1,230.66
SALE-20260720-S002-P031,2026-07-20,S002,P031,13,3788.46
SALE-20260720-S002-P032,2026-07-20,S002,P032,13,8145.8
SALE-20260720-S002-P033,2026-07-20,S002,P033,8,5399.28
SALE-20260720-S002-P034,2026-07-20,S002,P034,10,1693.9
SALE-20260720-S002-P035,2026-07-20,S002,P035,19,2329.02
SALE-20260720-S002-P036,2026-07-20,S002,P036,7,1311.73
SALE-20260720-S002-P037,2026-07-20,S002,P037,17,3184.95
SALE-20260720-S002-P038,2026-07-20,S002,P038,6,2320.98
SALE-20260720-S002-P039,2026-07-20,S002,P039,1,634.1
SALE-20260720-S002-P040,2026-07-20,S002,P040,16,2576.8
SALE-20260720-S002-P041,2026-07-20,S002,P041,13,12797.07
SALE-20260720-S002-P042,2026-07-20,S002,P042,16,17095.84
SALE-20260720-S002-P043,2026-07-20,S002,P043,14,10283.84
SALE-20260720-S002-P044,2026-07-20,S002,P044,3,404.85
SALE-20260720-S002-P045,2026-07-20,S002,P045,31,13815.15
SALE-20260720-S002-P046,2026-07-20,S002,P046,7,3891.51
SALE-20260720-S002-P047,2026-07-20,S002,P047,11,10372.89
SALE-20260720-S002-P048,2026-07-20,S002,P048,6,2842.68
SALE-20260720-S002-P049,2026-07-20,S002,P049,17,10789.22
SALE-20260720-S002-P050,2026-07-20,S002,P050,5,1951.9
SALE-20260720-S003-P001,2026-07-20,S003,P001,10,7888.6
SALE-20260720-S003-P002,2026-07-20,S003,P002,6,3894.9
SALE-20260720-S003-P003,2026-07-20,S003,P003,2,2141.74
SALE-20260720-S003-P004,2026-07-20,S003,P004,1,152.15
SALE-20260720-S003-P005,2026-07-20,S003,P005,9,3968.1
SALE-20260720-S003-P006,2026-07-20,S003,P006,4,3351.96
SALE-20260720-S003-P007,2026-07-20,S003,P007,12,3084.24
SALE-20260720-S003-P008,2026-07-20,S003,P008,11,9725.65
SALE-20260720-S003-P009,2026-07-20,S003,P009,3,2268.57
SALE-20260720-S003-P010,2026-07-20,S003,P010,8,7893.6
SALE-20260720-S003-P011,2026-07-20,S003,P011,1,218.9
SALE-20260720-S003-P012,2026-07-20,S003,P012,14,2643.62
SALE-20260720-S003-P013,2026-07-20,S003,P013,6,5189.28
SALE-20260720-S003-P014,2026-07-20,S003,P014,8,3151.28
SALE-20260720-S003-P015,2026-07-20,S003,P015,6,1170.72
SALE-20260720-S003-P016,2026-07-20,S003,P016,11,2905.87
SALE-20260720-S003-P017,2026-07-20,S003,P017,11,5538.39
SALE-20260720-S003-P018,2026-07-20,S003,P018,10,3677.0
SALE-20260720-S003-P019,2026-07-20,S003,P019,11,8890.97
SALE-20260720-S003-P020,2026-07-20,S003,P020,3,1932.33
SALE-20260720-S003-P021,2026-07-20,S003,P021,5,987.35
SALE-20260720-S003-P022,2026-07-20,S003,P022,5,3642.7
SALE-20260720-S003-P023,2026-07-20,S003,P023,4,3198.8
SALE-20260720-S003-P024,2026-07-20,S003,P024,4,597.6
SALE-20260720-S003-P025,2026-07-20,S003,P025,2,1380.94
SALE-20260720-S003-P026,2026-07-20,S003,P026,8,6559.04
SALE-20260720-S003-P027,2026-07-20,S003,P027,17,10019.46
SALE-20260720-S003-P028,2026-07-20,S003,P028,2,111.34
SALE-20260720-S003-P029,2026-07-20,S003,P029,6,1410.78
SALE-20260720-S003-P030,2026-07-20,S003,P030,4,922.64
SALE-20260720-S003-P031,2026-07-20,S003,P031,12,3497.04
SALE-20260720-S003-P032,2026-07-20,S003,P032,5,3133.0
SALE-20260720-S003-P033,2026-07-20,S003,P033,12,8098.92
SALE-20260720-S003-P034,2026-07-20,S003,P034,14,2371.46
SALE-20260720-S003-P035,2026-07-20,S003,P035,14,1716.12
SALE-20260720-S003-P036,2026-07-20,S003,P036,5,936.95
SALE-20260720-S003-P037,2026-07-20,S003,P037,11,2060.85
SALE-20260720-S003-P038,2026-07-20,S003,P038,5,1934.15
SALE-20260720-S003-P039,2026-07-20,S003,P039,4,2536.4
SALE-20260720-S003-P040,2026-07-20,S003,P040,5,805.25
SALE-20260720-S003-P041,2026-07-20,S003,P041,3,2953.17
SALE-20260720-S003-P042,2026-07-20,S003,P042,7,7479.43
SALE-20260720-S003-P043,2026-07-20,S003,P043,7,5141.92
SALE-20260720-S003-P044,2026-07-20,S003,P044,4,539.8
SALE-20260720-S003-P045,2026-07-20,S003,P045,20,8913.0
SALE-20260720-S003-P046,2026-07-20,S003,P046,3,1667.79
SALE-20260720-S003-P047,2026-07-20,S003,P047,1,942.99
SALE-20260720-S003-P048,2026-07-20,S003,P048,8,3790.24
SALE-20260720-S003-P049,2026-07-20,S003,P049,14,8885.24
SALE-20260721-S001-P001,2026-07-21,S001,P001,8,6310.88
SALE-20260721-S001-P002,2026-07-21,S001,P002,10,6491.5
SALE-20260721-S001-P003,2026-07-21,S001,P003,1,1070.87
SALE-20260721-S001-P004,2026-07-21,S001,P004,2,304.3
SALE-20260721-S001-P005,2026-07-21,S001,P005,11,4849.9
SALE-20260721-S001-P006,2026-07-21,S001,P006,1,837.99
SALE-20260721-S001-P007,2026-07-21,S001,P007,12,3084.24
SALE-20260721-S001-P008,2026-07-21,S001,P008,11,9725.65
SALE-20260721-S001-P009,2026-07-21,S001,P009,7,5293.33
SALE-20260721-S001-P010,2026-07-21,S001,P010,10,9867.0
SALE-20260721-S001-P011,2026-07-21,S001,P011,0,0.0
SALE-20260721-S001-P012,2026-07-21,S001,P012,16,3021.28
SALE-20260721-S001-P013,2026-07-21,S001,P013,5,4324.4
SALE-20260721-S001-P014,2026-07-21,S001,P014,16,6302.56
SALE-20260721-S001-P015,2026-07-21,S001,P015,2,390.24
SALE-20260721-S001-P016,2026-07-21,S001,P016,8,2113.36
SALE-20260721-S001-P017,2026-07-21,S001,P017,8,4027.92
SALE-20260721-S001-P018,2026-07-21,S001,P018,13,4780.1
SALE-20260721-S001-P019,2026-07-21,S001,P019,9,7274.43
SALE-20260721-S001-P020,2026-07-21,S001,P020,8,5152.88
SALE-20260721-S001-P021,2026-07-21,S001,P021,2,394.94
SALE-20260721-S001-P022,2026-07-21,S001,P022,3,2185.62
SALE-20260721-S001-P023,2026-07-21,S001,P023,9,7197.3
SALE-20260721-S001-P024,2026-07-21,S001,P024,6,896.4
SALE-20260721-S001-P025,2026-07-21,S001,P025,4,2761.88
SALE-20260721-S001-P026,2026-07-21,S001,P026,12,9838.56
SALE-20260721-S001-P027,2026-07-21,S001,P027,15,8840.7
SALE-20260721-S001-P028,2026-07-21,S001,P028,5,278.35
SALE-20260721-S001-P029,2026-07-21,S001,P029,9,2116.17
SALE-20260721-S001-P030,2026-07-21,S001,P030,0,0.0
SALE-20260721-S001-P031,2026-07-21,S001,P031,8,2331.36
SALE-20260721-S001-P032,2026-07-21,S001,P032,5,3133.0
SALE-20260721-S001-P033,2026-07-21,S001,P033,7,4724.37
SALE-20260721-S001-P034,2026-07-21,S001,P034,6,1016.34
SALE-20260721-S001-P035,2026-07-21,S001,P035,14,1716.12
SALE-20260721-S001-P036,2026-07-21,S001,P036,3,562.17
SALE-20260721-S001-P037,2026-07-21,S001,P037,10,1873.5
SALE-20260721-S001-P038,2026-07-21,S001,P038,8,3094.64
SALE-20260721-S001-P039,2026-07-21,S001,P039,2,1268.2
SALE-20260721-S001-P040,2026-07-21,S001,P040,10,1610.5
SALE-20260721-S001-P041,2026-07-21,S001,P041,5,4921.95
SALE-20260721-S001-P042,2026-07-21,S001,P042,12,12821.88
SALE-20260721-S001-P043,2026-07-21,S001,P043,12,8814.72
SALE-20260721-S001-P044,2026-07-21,S001,P044,6,809.7
SALE-20260721-S001-P045,2026-07-21,S001,P045,11,4902.15
SALE-20260721-S001-P046,2026-07-21,S001,P046,5,2779.65
SALE-20260721-S001-P047,2026-07-21,S001,P047,9,8486.91
SALE-20260721-S001-P048,2026-07-21,S001,P048,3,1421.34
SALE-20260721-S001-P049,2026-07-21,S001,P049,12,7615.92
SALE-20260721-S001-P050,2026-07-21,S001,P050,3,1171.14
SALE-20260721-S002-P001,2026-07-21,S002,P001,9,7099.74
SALE-20260721-S002-P002,2026-07-21,S002,P002,6,3894.9
SALE-20260721-S002-P003,2026-07-21,S002,P003,6,6425.22
SALE-20260721-S002-P004,2026-07-21,S002,P004,1,152.15
SALE-20260721-S002-P005,2026-07-21,S002,P005,15,6613.5
SALE-20260721-S002-P006,2026-07-21,S002,P006,6,5027.94
SALE-20260721-S002-P007,2026-07-21,S002,P007,0,0.0
SALE-20260721-S002-P008,2026-07-21,S002,P008,16,14146.4
SALE-20260721-S002-P009,2026-07-21,S002,P009,6,4537.14
SALE-20260721-S002-P010,2026-07-21,S002,P010,9,8880.3
SALE-20260721-S002-P011,2026-07-21,S002,P011,4,875.6
SALE-20260721-S002-P012,2026-07-21,S002,P012,15,2832.45
SALE-20260721-S002-P013,2026-07-21,S002,P013,11,9513.68
SALE-20260721-S002-P014,2026-07-21,S002,P014,16,6302.56
SALE-20260721-S002-P015,2026-07-21,S002,P015,2,390.24
SALE-20260721-S002-P016,2026-07-21,S002,P016,16,4226.72
SALE-20260721-S002-P017,2026-07-21,S002,P017,13,6545.37
SALE-20260721-S002-P018,2026-07-21,S002,P018,12,4412.4
SALE-20260721-S002-P019,2026-07-21,S002,P019,12,9699.24
SALE-20260721-S002-P020,2026-07-21,S002,P020,9,5796.99
SALE-20260721-S002-P021,2026-07-21,S002,P021,4,789.88
SALE-20260721-S002-P022,2026-07-21,S002,P022,9,6556.86
SALE-20260721-S002-P023,2026-07-21,S002,P023,13,10396.1
SALE-20260721-S002-P024,2026-07-21,S002,P024,6,896.4
SALE-20260721-S002-P025,2026-07-21,S002,P025,1,690.47
SALE-20260721-S002-P026,2026-07-21,S002,P026,20,16397.6
SALE-20260721-S002-P027,2026-07-21,S002,P027,17,10019.46
SALE-20260721-S002-P028,2026-07-21,S002,P028,3,167.01
SALE-20260721-S002-P029,2026-07-21,S002,P029,8,1881.04
SALE-20260721-S002-P030,2026-07-21,S002,P030,3,691.98
SALE-20260721-S002-P031,2026-07-21,S002,P031,6,1748.52
SALE-20260721-S002-P032,2026-07-21,S002,P032,6,3759.6
SALE-20260721-S002-P033,2026-07-21,S002,P033,13,8773.83
SALE-20260721-S002-P034,2026-07-21,S002,P034,14,2371.46
SALE-20260721-S002-P035,2026-07-21,S002,P035,17,2083.86
SALE-20260721-S002-P036,2026-07-21,S002,P036,5,936.95
SALE-20260721-S002-P037,2026-07-21,S002,P037,18,3372.3
SALE-20260721-S002-P038,2026-07-21,S002,P038,2,773.66
SALE-20260721-S002-P039,2026-07-21,S002,P039,3,1902.3
SALE-20260721-S002-P040,2026-07-21,S002,P040,14,2254.7
SALE-20260721-S002-P041,2026-07-21,S002,P041,12,11812.68
SALE-20260721-S002-P042,2026-07-21,S002,P042,15,16027.35
SALE-20260721-S002-P043,2026-07-21,S002,P043,17,12487.52
SALE-20260721-S002-P044,2026-07-21,S002,P044,9,1214.55
SALE-20260721-S002-P045,2026-07-21,S002,P045,20,8913.0
SALE-20260721-S002-P046,2026-07-21,S002,P046,3,1667.79
SALE-20260721-S002-P047,2026-07-21,S002,P047,11,10372.89
SALE-20260721-S002-P048,2026-07-21,S002,P048,7,3316.46
SALE-20260721-S002-P049,2026-07-21,S002,P049,13,8250.58
SALE-20260721-S002-P050,2026-07-21,S002,P050,7,2732.66
SALE-20260721-S003-P001,2026-07-21,S003,P001,8,6310.88
SALE-20260721-S003-P002,2026-07-21,S003,P002,6,3894.9
SALE-20260721-S003-P003,2026-07-21,S003,P003,4,4283.48
SALE-20260721-S003-P004,2026-07-21,S003,P004,2,304.3
SALE-20260721-S003-P005,2026-07-21,S003,P005,10,4409.0
SALE-20260721-S003-P006,2026-07-21,S003,P006,2,1675.98
SALE-20260721-S003-P007,2026-07-21,S003,P007,11,2827.22
SALE-20260721-S003-P008,2026-07-21,S003,P008,6,5304.9
SALE-20260721-S003-P009,2026-07-21,S003,P009,5,3780.95
SALE-20260721-S003-P010,2026-07-21,S003,P010,6,5920.2
SALE-20260721-S003-P011,2026-07-21,S003,P011,4,875.6
SALE-20260721-S003-P012,2026-07-21,S003,P012,13,2454.79
SALE-20260721-S003-P013,2026-07-21,S003,P013,8,6919.04
SALE-20260721-S003-P014,2026-07-21,S003,P014,13,5120.83
SALE-20260721-S003-P015,2026-07-21,S003,P015,2,390.24
SALE-20260721-S003-P016,2026-07-21,S003,P016,5,1320.85
SALE-20260721-S003-P017,2026-07-21,S003,P017,5,2517.45
SALE-20260721-S003-P018,2026-07-21,S003,P018,15,5515.5
SALE-20260721-S003-P019,2026-07-21,S003,P019,4,3233.08
SALE-20260721-S003-P020,2026-07-21,S003,P020,9,5796.99
SALE-20260721-S003-P021,2026-07-21,S003,P021,6,1184.82
SALE-20260721-S003-P022,2026-07-21,S003,P022,4,2914.16
SALE-20260721-S003-P023,2026-07-21,S003,P023,6,4798.2
SALE-20260721-S003-P024,2026-07-21,S003,P024,6,896.4
SALE-20260721-S003-P025,2026-07-21,S003,P025,2,1380.94
SALE-20260721-S003-P026,2026-07-21,S003,P026,8,6559.04
SALE-20260721-S003-P027,2026-07-21,S003,P027,7,4125.66
SALE-20260721-S003-P028,2026-07-21,S003,P028,2,111.34
SALE-20260721-S003-P029,2026-07-21,S003,P029,3,705.39
SALE-20260721-S003-P030,2026-07-21,S003,P030,3,691.98
SALE-20260721-S003-P031,2026-07-21,S003,P031,8,2331.36
SALE-20260721-S003-P032,2026-07-21,S003,P032,4,2506.4
SALE-20260721-S003-P033,2026-07-21,S003,P033,9,6074.19
SALE-20260721-S003-P034,2026-07-21,S003,P034,6,1016.34
SALE-20260721-S003-P035,2026-07-21,S003,P035,9,1103.22
SALE-20260721-S003-P036,2026-07-21,S003,P036,5,936.95
SALE-20260721-S003-P037,2026-07-21,S003,P037,6,1124.1
SALE-20260721-S003-P038,2026-07-21,S003,P038,4,1547.32
SALE-20260721-S003-P039,2026-07-21,S003,P039,0,0.0
SALE-20260721-S003-P040,2026-07-21,S003,P040,10,1610.5
SALE-20260721-S003-P041,2026-07-21,S003,P041,6,5906.34
SALE-20260721-S003-P042,2026-07-21,S003,P042,13,13890.37
SALE-20260721-S003-P043,2026-07-21,S003,P043,18,13222.08
SALE-20260721-S003-P044,2026-07-21,S003,P044,4,539.8
SALE-20260721-S003-P045,2026-07-21,S003,P045,6,2673.9
SALE-20260721-S003-P046,2026-07-21,S003,P046,2,1111.86
SALE-20260721-S003-P047,2026-07-21,S003,P047,5,4714.95
SALE-20260721-S003-P048,2026-07-21,S003,P048,1,473.78
SALE-20260721-S003-P049,2026-07-21,S003,P049,5,3173.3
SALE-20260722-S001-P001,2026-07-22,S001,P001,12,9466.32
SALE-20260722-S001-P002,2026-07-22,S001,P002,6,3894.9
SALE-20260722-S001-P003,2026-07-22,S001,P003,3,3212.61
SALE-20260722-S001-P004,2026-07-22,S001,P004,4,608.6
SALE-20260722-S001-P005,2026-07-22,S001,P005,12,5290.8
SALE-20260722-S001-P006,2026-07-22,S001,P006,4,3351.96
SALE-20260722-S001-P007,2026-07-22,S001,P007,18,4626.36
SALE-20260722-S001-P008,2026-07-22,S001,P008,11,9725.65
SALE-20260722-S001-P009,2026-07-22,S001,P009,7,5293.33
SALE-20260722-S001-P010,2026-07-22,S001,P010,9,8880.3
SALE-20260722-S001-P011,2026-07-22,S001,P011,4,875.6
SALE-20260722-S001-P012,2026-07-22,S001,P012,16,3021.28
SALE-20260722-S001-P013,2026-07-22,S001,P013,9,7783.92
SALE-20260722-S001-P014,2026-07-22,S001,P014,14,5514.74
SALE-20260722-S001-P015,2026-07-22,S001,P015,1,195.12
SALE-20260722-S001-P016,2026-07-22,S001,P016,3,792.51
SALE-20260722-S001-P017,2026-07-22,S001,P017,6,3020.94
SALE-20260722-S001-P018,2026-07-22,S001,P018,17,6250.9
SALE-20260722-S001-P019,2026-07-22,S001,P019,10,8082.7
SALE-20260722-S001-P020,2026-07-22,S001,P020,7,4508.77
SALE-20260722-S001-P021,2026-07-22,S001,P021,6,1184.82
SALE-20260722-S001-P022,2026-07-22,S001,P022,3,2185.62
SALE-20260722-S001-P023,2026-07-22,S001,P023,3,2399.1
SALE-20260722-S001-P024,2026-07-22,S001,P024,5,747.0
SALE-20260722-S001-P025,2026-07-22,S001,P025,0,0.0
SALE-20260722-S001-P026,2026-07-22,S001,P026,12,9838.56
SALE-20260722-S001-P027,2026-07-22,S001,P027,9,5304.42
SALE-20260722-S001-P028,2026-07-22,S001,P028,5,278.35
SALE-20260722-S001-P029,2026-07-22,S001,P029,9,2116.17
SALE-20260722-S001-P030,2026-07-22,S001,P030,3,691.98
SALE-20260722-S001-P031,2026-07-22,S001,P031,11,3205.62
SALE-20260722-S001-P032,2026-07-22,S001,P032,2,1253.2
SALE-20260722-S001-P033,2026-07-22,S001,P033,7,4724.37
SALE-20260722-S001-P034,2026-07-22,S001,P034,18,3049.02
SALE-20260722-S001-P035,2026-07-22,S001,P035,14,1716.12
SALE-20260722-S001-P036,2026-07-22,S001,P036,2,374.78
SALE-20260722-S001-P037,2026-07-22,S001,P037,15,2810.25
SALE-20260722-S001-P038,2026-07-22,S001,P038,4,1547.32
SALE-20260722-S001-P039,2026-07-22,S001,P039,2,1268.2
SALE-20260722-S001-P040,2026-07-22,S001,P040,9,1449.45
SALE-20260722-S001-P041,2026-07-22,S001,P041,6,5906.34
SALE-20260722-S001-P042,2026-07-22,S001,P042,15,16027.35
SALE-20260722-S001-P043,2026-07-22,S001,P043,15,11018.4
SALE-20260722-S001-P044,2026-07-22,S001,P044,3,404.85
SALE-20260722-S001-P045,2026-07-22,S001,P045,15,6684.75
SALE-20260722-S001-P046,2026-07-22,S001,P046,5,2779.65
SALE-20260722-S001-P047,2026-07-22,S001,P047,9,8486.91
SALE-20260722-S001-P048,2026-07-22,S001,P048,3,1421.34
SALE-20260722-S001-P049,2026-07-22,S001,P049,11,6981.26
SALE-20260722-S001-P050,2026-07-22,S001,P050,3,1171.14
SALE-20260722-S002-P001,2026-07-22,S002,P001,6,4733.16
SALE-20260722-S002-P002,2026-07-22,S002,P002,5,3245.75
SALE-20260722-S002-P003,2026-07-22,S002,P003,8,8566.96
SALE-20260722-S002-P004,2026-07-22,S002,P004,0,0.0
SALE-20260722-S002-P005,2026-07-22,S002,P005,8,3527.2
SALE-20260722-S002-P006,2026-07-22,S002,P006,6,5027.94
SALE-20260722-S002-P007,2026-07-22,S002,P007,0,0.0
SALE-20260722-S002-P008,2026-07-22,S002,P008,14,12378.1
SALE-20260722-S002-P009,2026-07-22,S002,P009,5,3780.95
SALE-20260722-S002-P010,2026-07-22,S002,P010,13,12827.1
SALE-20260722-S002-P011,2026-07-22,S002,P011,2,437.8
SALE-20260722-S002-P012,2026-07-22,S002,P012,18,3398.94
SALE-20260722-S002-P013,2026-07-22,S002,P013,10,8648.8
SALE-20260722-S002-P014,2026-07-22,S002,P014,17,6696.47
SALE-20260722-S002-P015,2026-07-22,S002,P015,2,390.24
SALE-20260722-S002-P016,2026-07-22,S002,P016,11,2905.87
SALE-20260722-S002-P017,2026-07-22,S002,P017,15,7552.35
SALE-20260722-S002-P018,2026-07-22,S002,P018,10,3677.0
SALE-20260722-S002-P019,2026-07-22,S002,P019,8,6466.16
SALE-20260722-S002-P020,2026-07-22,S002,P020,9,5796.99
SALE-20260722-S002-P021,2026-07-22,S002,P021,3,592.41
SALE-20260722-S002-P022,2026-07-22,S002,P022,3,2185.62
SALE-20260722-S002-P023,2026-07-22,S002,P023,6,4798.2
SALE-20260722-S002-P024,2026-07-22,S002,P024,17,2539.8
SALE-20260722-S002-P025,2026-07-22,S002,P025,0,0.0
SALE-20260722-S002-P026,2026-07-22,S002,P026,12,9838.56
SALE-20260722-S002-P027,2026-07-22,S002,P027,9,5304.42
SALE-20260722-S002-P028,2026-07-22,S002,P028,3,167.01
SALE-20260722-S002-P029,2026-07-22,S002,P029,14,3291.82
SALE-20260722-S002-P030,2026-07-22,S002,P030,3,691.98
SALE-20260722-S002-P031,2026-07-22,S002,P031,17,4954.14
SALE-20260722-S002-P032,2026-07-22,S002,P032,6,3759.6
SALE-20260722-S002-P033,2026-07-22,S002,P033,12,8098.92
SALE-20260722-S002-P034,2026-07-22,S002,P034,7,1185.73
SALE-20260722-S002-P035,2026-07-22,S002,P035,12,1470.96
SALE-20260722-S002-P036,2026-07-22,S002,P036,3,562.17
SALE-20260722-S002-P037,2026-07-22,S002,P037,13,2435.55
SALE-20260722-S002-P038,2026-07-22,S002,P038,6,2320.98
SALE-20260722-S002-P039,2026-07-22,S002,P039,0,0.0
SALE-20260722-S002-P040,2026-07-22,S002,P040,9,1449.45
SALE-20260722-S002-P041,2026-07-22,S002,P041,13,12797.07
SALE-20260722-S002-P042,2026-07-22,S002,P042,13,13890.37
SALE-20260722-S002-P043,2026-07-22,S002,P043,16,11752.96
SALE-20260722-S002-P044,2026-07-22,S002,P044,5,674.75
SALE-20260722-S002-P045,2026-07-22,S002,P045,22,9804.3
SALE-20260722-S002-P046,2026-07-22,S002,P046,7,3891.51
SALE-20260722-S002-P047,2026-07-22,S002,P047,11,10372.89
SALE-20260722-S002-P048,2026-07-22,S002,P048,4,1895.12
SALE-20260722-S002-P049,2026-07-22,S002,P049,14,8885.24
SALE-20260722-S002-P050,2026-07-22,S002,P050,4,1561.52
SALE-20260722-S003-P001,2026-07-22,S003,P001,2,1577.72
SALE-20260722-S003-P002,2026-07-22,S003,P002,6,3894.9
SALE-20260722-S003-P003,2026-07-22,S003,P003,1,1070.87
SALE-20260722-S003-P004,2026-07-22,S003,P004,2,304.3
SALE-20260722-S003-P005,2026-07-22,S003,P005,12,5290.8
SALE-20260722-S003-P006,2026-07-22,S003,P006,5,4189.95
SALE-20260722-S003-P007,2026-07-22,S003,P007,12,3084.24
SALE-20260722-S003-P008,2026-07-22,S003,P008,9,7957.35
SALE-20260722-S003-P009,2026-07-22,S003,P009,9,6805.71
SALE-20260722-S003-P010,2026-07-22,S003,P010,7,6906.9
SALE-20260722-S003-P011,2026-07-22,S003,P011,5,1094.5
SALE-20260722-S003-P012,2026-07-22,S003,P012,13,2454.79
SALE-20260722-S003-P013,2026-07-22,S003,P013,9,7783.92
SALE-20260722-S003-P014,2026-07-22,S003,P014,8,3151.28
SALE-20260722-S003-P015,2026-07-22,S003,P015,3,585.36
SALE-20260722-S003-P016,2026-07-22,S003,P016,7,1849.19
SALE-20260722-S003-P017,2026-07-22,S003,P017,8,4027.92
SALE-20260722-S003-P018,2026-07-22,S003,P018,10,3677.0
SALE-20260722-S003-P019,2026-07-22,S003,P019,10,8082.7
SALE-20260722-S003-P020,2026-07-22,S003,P020,6,3864.66
SALE-20260722-S003-P021,2026-07-22,S003,P021,5,987.35
SALE-20260722-S003-P022,2026-07-22,S003,P022,5,3642.7
SALE-20260722-S003-P023,2026-07-22,S003,P023,1,799.7
SALE-20260722-S003-P024,2026-07-22,S003,P024,6,896.4
SALE-20260722-S003-P025,2026-07-22,S003,P025,1,690.47
SALE-20260722-S003-P026,2026-07-22,S003,P026,11,9018.68
SALE-20260722-S003-P027,2026-07-22,S003,P027,12,7072.56
SALE-20260722-S003-P028,2026-07-22,S003,P028,2,111.34
SALE-20260722-S003-P029,2026-07-22,S003,P029,6,1410.78
SALE-20260722-S003-P030,2026-07-22,S003,P030,0,0.0
SALE-20260722-S003-P031,2026-07-22,S003,P031,5,1457.1
SALE-20260722-S003-P032,2026-07-22,S003,P032,4,2506.4
SALE-20260722-S003-P033,2026-07-22,S003,P033,11,7424.01
SALE-20260722-S003-P034,2026-07-22,S003,P034,7,1185.73
SALE-20260722-S003-P035,2026-07-22,S003,P035,11,1348.38
SALE-20260722-S003-P036,2026-07-22,S003,P036,3,562.17
SALE-20260722-S003-P037,2026-07-22,S003,P037,11,2060.85
SALE-20260722-S003-P038,2026-07-22,S003,P038,7,2707.81
SALE-20260722-S003-P039,2026-07-22,S003,P039,1,634.1
SALE-20260722-S003-P040,2026-07-22,S003,P040,6,966.3
SALE-20260722-S003-P041,2026-07-22,S003,P041,3,2953.17
SALE-20260722-S003-P042,2026-07-22,S003,P042,8,8547.92
SALE-20260722-S003-P043,2026-07-22,S003,P043,9,6611.04
SALE-20260722-S003-P044,2026-07-22,S003,P044,7,944.65
SALE-20260722-S003-P045,2026-07-22,S003,P045,10,4456.5
SALE-20260722-S003-P046,2026-07-22,S003,P046,3,1667.79
SALE-20260722-S003-P047,2026-07-22,S003,P047,5,4714.95
SALE-20260722-S003-P048,2026-07-22,S003,P048,2,947.56
SALE-20260722-S003-P049,2026-07-22,S003,P049,7,4442.62
SALE-20260723-S001-P001,2026-07-23,S001,P001,11,8677.46
SALE-20260723-S001-P002,2026-07-23,S001,P002,5,3245.75
SALE-20260723-S001-P003,2026-07-23,S001,P003,4,4283.48
SALE-20260723-S001-P004,2026-07-23,S001,P004,1,152.15
SALE-20260723-S001-P005,2026-07-23,S001,P005,9,3968.1
SALE-20260723-S001-P006,2026-07-23,S001,P006,1,837.99
SALE-20260723-S001-P007,2026-07-23,S001,P007,16,4112.32
SALE-20260723-S001-P008,2026-07-23,S001,P008,7,6189.05
SALE-20260723-S001-P009,2026-07-23,S001,P009,9,6805.71
SALE-20260723-S001-P010,2026-07-23,S001,P010,9,8880.3
SALE-20260723-S001-P011,2026-07-23,S001,P011,4,875.6
SALE-20260723-S001-P012,2026-07-23,S001,P012,11,2077.13
SALE-20260723-S001-P013,2026-07-23,S001,P013,11,9513.68
SALE-20260723-S001-P014,2026-07-23,S001,P014,15,5908.65
SALE-20260723-S001-P015,2026-07-23,S001,P015,0,0.0
SALE-20260723-S001-P016,2026-07-23,S001,P016,7,1849.19
SALE-20260723-S001-P017,2026-07-23,S001,P017,12,6041.88
SALE-20260723-S001-P018,2026-07-23,S001,P018,13,4780.1
SALE-20260723-S001-P019,2026-07-23,S001,P019,19,15357.13
SALE-20260723-S001-P020,2026-07-23,S001,P020,7,4508.77
SALE-20260723-S001-P021,2026-07-23,S001,P021,3,592.41
SALE-20260723-S001-P022,2026-07-23,S001,P022,7,5099.78
SALE-20260723-S001-P023,2026-07-23,S001,P023,8,6397.6
SALE-20260723-S001-P024,2026-07-23,S001,P024,6,896.4
SALE-20260723-S001-P025,2026-07-23,S001,P025,1,690.47
SALE-20260723-S001-P026,2026-07-23,S001,P026,5,4099.4
SALE-20260723-S001-P027,2026-07-23,S001,P027,18,10608.84
SALE-20260723-S001-P028,2026-07-23,S001,P028,3,167.01
SALE-20260723-S001-P029,2026-07-23,S001,P029,8,1881.04
SALE-20260723-S001-P030,2026-07-23,S001,P030,1,230.66
SALE-20260723-S001-P031,2026-07-23,S001,P031,7,2039.94
SALE-20260723-S001-P032,2026-07-23,S001,P032,2,1253.2
SALE-20260723-S001-P033,2026-07-23,S001,P033,14,9448.74
SALE-20260723-S001-P034,2026-07-23,S001,P034,10,1693.9
SALE-20260723-S001-P035,2026-07-23,S001,P035,8,980.64
SALE-20260723-S001-P036,2026-07-23,S001,P036,2,374.78
SALE-20260723-S001-P037,2026-07-23,S001,P037,20,3747.0
SALE-20260723-S001-P038,2026-07-23,S001,P038,5,1934.15
SALE-20260723-S001-P039,2026-07-23,S001,P039,1,634.1
SALE-20260723-S001-P040,2026-07-23,S001,P040,8,1288.4
SALE-20260723-S001-P041,2026-07-23,S001,P041,7,6890.73
SALE-20260723-S001-P042,2026-07-23,S001,P042,12,12821.88
SALE-20260723-S001-P043,2026-07-23,S001,P043,18,13222.08
SALE-20260723-S001-P044,2026-07-23,S001,P044,0,0.0
SALE-20260723-S001-P045,2026-07-23,S001,P045,10,4456.5
SALE-20260723-S001-P046,2026-07-23,S001,P046,5,2779.65
SALE-20260723-S001-P047,2026-07-23,S001,P047,7,6600.93
SALE-20260723-S001-P048,2026-07-23,S001,P048,3,1421.34
SALE-20260723-S001-P049,2026-07-23,S001,P049,15,9519.9
SALE-20260723-S001-P050,2026-07-23,S001,P050,0,0.0
SALE-20260723-S002-P001,2026-07-23,S002,P001,13,10255.18
SALE-20260723-S002-P002,2026-07-23,S002,P002,7,4544.05
SALE-20260723-S002-P003,2026-07-23,S002,P003,3,3212.61
SALE-20260723-S002-P004,2026-07-23,S002,P004,1,152.15
SALE-20260723-S002-P005,2026-07-23,S002,P005,9,3968.1
SALE-20260723-S002-P006,2026-07-23,S002,P006,3,2513.97
SALE-20260723-S002-P007,2026-07-23,S002,P007,0,0.0
SALE-20260723-S002-P008,2026-07-23,S002,P008,8,7073.2
SALE-20260723-S002-P009,2026-07-23,S002,P009,2,1512.38
SALE-20260723-S002-P010,2026-07-23,S002,P010,11,10853.7
SALE-20260723-S002-P011,2026-07-23,S002,P011,0,0.0
SALE-20260723-S002-P012,2026-07-23,S002,P012,16,3021.28
SALE-20260723-S002-P013,2026-07-23,S002,P013,12,10378.56
SALE-20260723-S002-P014,2026-07-23,S002,P014,14,5514.74
SALE-20260723-S002-P015,2026-07-23,S002,P015,3,585.36
SALE-20260723-S002-P016,2026-07-23,S002,P016,4,1056.68
SALE-20260723-S002-P017,2026-07-23,S002,P017,9,4531.41
SALE-20260723-S002-P018,2026-07-23,S002,P018,10,3677.0
SALE-20260723-S002-P019,2026-07-23,S002,P019,10,8082.7
SALE-20260723-S002-P020,2026-07-23,S002,P020,11,7085.21
SALE-20260723-S002-P021,2026-07-23,S002,P021,5,987.35
SALE-20260723-S002-P022,2026-07-23,S002,P022,3,2185.62
SALE-20260723-S002-P023,2026-07-23,S002,P023,19,15194.3
SALE-20260723-S002-P024,2026-07-23,S002,P024,10,1494.0
SALE-20260723-S002-P025,2026-07-23,S002,P025,5,3452.35
SALE-20260723-S002-P026,2026-07-23,S002,P026,11,9018.68
SALE-20260723-S002-P027,2026-07-23,S002,P027,21,12376.98
SALE-20260723-S002-P028,2026-07-23,S002,P028,4,222.68
SALE-20260723-S002-P029,2026-07-23,S002,P029,9,2116.17
SALE-20260723-S002-P030,2026-07-23,S002,P030,2,461.32
SALE-20260723-S002-P031,2026-07-23,S002,P031,5,1457.1
SALE-20260723-S002-P032,2026-07-23,S002,P032,4,2506.4
SALE-20260723-S002-P033,2026-07-23,S002,P033,14,9448.74
SALE-20260723-S002-P034,2026-07-23,S002,P034,14,2371.46
SALE-20260723-S002-P035,2026-07-23,S002,P035,10,1225.8
SALE-20260723-S002-P036,2026-07-23,S002,P036,4,749.56
SALE-20260723-S002-P037,2026-07-23,S002,P037,23,4309.05
SALE-20260723-S002-P038,2026-07-23,S002,P038,7,2707.81
SALE-20260723-S002-P039,2026-07-23,S002,P039,3,1902.3
SALE-20260723-S002-P040,2026-07-23,S002,P040,12,1932.6
SALE-20260723-S002-P041,2026-07-23,S002,P041,10,9843.9
SALE-20260723-S002-P042,2026-07-23,S002,P042,12,12821.88
SALE-20260723-S002-P043,2026-07-23,S002,P043,17,12487.52
SALE-20260723-S002-P044,2026-07-23,S002,P044,6,809.7
SALE-20260723-S002-P045,2026-07-23,S002,P045,23,10249.95
SALE-20260723-S002-P046,2026-07-23,S002,P046,7,3891.51
SALE-20260723-S002-P047,2026-07-23,S002,P047,11,10372.89
SALE-20260723-S002-P048,2026-07-23,S002,P048,4,1895.12
SALE-20260723-S002-P049,2026-07-23,S002,P049,19,12058.54
SALE-20260723-S002-P050,2026-07-23,S002,P050,4,1561.52
SALE-20260723-S003-P001,2026-07-23,S003,P001,5,3944.3
SALE-20260723-S003-P002,2026-07-23,S003,P002,6,3894.9
SALE-20260723-S003-P003,2026-07-23,S003,P003,1,1070.87
SALE-20260723-S003-P004,2026-07-23,S003,P004,3,456.45
SALE-20260723-S003-P005,2026-07-23,S003,P005,6,2645.4
SALE-20260723-S003-P006,2026-07-23,S003,P006,4,3351.96
SALE-20260723-S003-P007,2026-07-23,S003,P007,12,3084.24
SALE-20260723-S003-P008,2026-07-23,S003,P008,4,3536.6
SALE-20260723-S003-P009,2026-07-23,S003,P009,3,2268.57
SALE-20260723-S003-P010,2026-07-23,S003,P010,4,3946.8
SALE-20260723-S003-P011,2026-07-23,S003,P011,1,218.9
SALE-20260723-S003-P012,2026-07-23,S003,P012,17,3210.11
SALE-20260723-S003-P013,2026-07-23,S003,P013,5,4324.4
SALE-20260723-S003-P014,2026-07-23,S003,P014,5,1969.55
SALE-20260723-S003-P015,2026-07-23,S003,P015,1,195.12
SALE-20260723-S003-P016,2026-07-23,S003,P016,6,1585.02
SALE-20260723-S003-P017,2026-07-23,S003,P017,7,3524.43
SALE-20260723-S003-P018,2026-07-23,S003,P018,11,4044.7
SALE-20260723-S003-P019,2026-07-23,S003,P019,6,4849.62
SALE-20260723-S003-P020,2026-07-23,S003,P020,10,6441.1
SALE-20260723-S003-P021,2026-07-23,S003,P021,7,1382.29
SALE-20260723-S003-P022,2026-07-23,S003,P022,3,2185.62
SALE-20260723-S003-P023,2026-07-23,S003,P023,5,3998.5
SALE-20260723-S003-P024,2026-07-23,S003,P024,5,747.0
SALE-20260723-S003-P025,2026-07-23,S003,P025,1,690.47
SALE-20260723-S003-P026,2026-07-23,S003,P026,8,6559.04
SALE-20260723-S003-P027,2026-07-23,S003,P027,16,9430.08
SALE-20260723-S003-P028,2026-07-23,S003,P028,4,222.68
SALE-20260723-S003-P029,2026-07-23,S003,P029,5,1175.65
SALE-20260723-S003-P030,2026-07-23,S003,P030,2,461.32
SALE-20260723-S003-P031,2026-07-23,S003,P031,11,3205.62
SALE-20260723-S003-P032,2026-07-23,S003,P032,7,4386.2
SALE-20260723-S003-P033,2026-07-23,S003,P033,7,4724.37
SALE-20260723-S003-P034,2026-07-23,S003,P034,10,1693.9
SALE-20260723-S003-P035,2026-07-23,S003,P035,7,858.06
SALE-20260723-S003-P036,2026-07-23,S003,P036,2,374.78
SALE-20260723-S003-P037,2026-07-23,S003,P037,8,1498.8
SALE-20260723-S003-P038,2026-07-23,S003,P038,1,386.83
SALE-20260723-S003-P039,2026-07-23,S003,P039,0,0.0
SALE-20260723-S003-P040,2026-07-23,S003,P040,10,1610.5
SALE-20260723-S003-P041,2026-07-23,S003,P041,3,2953.17
SALE-20260723-S003-P042,2026-07-23,S003,P042,8,8547.92
SALE-20260723-S003-P043,2026-07-23,S003,P043,11,8080.16
SALE-20260723-S003-P044,2026-07-23,S003,P044,5,674.75
SALE-20260723-S003-P045,2026-07-23,S003,P045,8,3565.2
SALE-20260723-S003-P046,2026-07-23,S003,P046,9,5003.37
SALE-20260723-S003-P047,2026-07-23,S003,P047,4,3771.96
SALE-20260723-S003-P048,2026-07-23,S003,P048,5,2368.9
SALE-20260723-S003-P049,2026-07-23,S003,P049,8,5077.28
SALE-20260724-S001-P001,2026-07-24,S001,P001,11,8677.46
SALE-20260724-S001-P002,2026-07-24,S001,P002,10,6491.5
SALE-20260724-S001-P003,2026-07-24,S001,P003,2,2141.74
SALE-20260724-S001-P004,2026-07-24,S001,P004,2,304.3
SALE-20260724-S001-P005,2026-07-24,S001,P005,10,4409.0
SALE-20260724-S001-P006,2026-07-24,S001,P006,6,5027.94
SALE-20260724-S001-P007,2026-07-24,S001,P007,13,3341.26
SALE-20260724-S001-P008,2026-07-24,S001,P008,15,13262.25
SALE-20260724-S001-P009,2026-07-24,S001,P009,7,5293.33
SALE-20260724-S001-P010,2026-07-24,S001,P010,11,10853.7
SALE-20260724-S001-P011,2026-07-24,S001,P011,1,218.9
SALE-20260724-S001-P012,2026-07-24,S001,P012,19,3587.77
SALE-20260724-S001-P013,2026-07-24,S001,P013,6,5189.28
SALE-20260724-S001-P014,2026-07-24,S001,P014,8,3151.28
SALE-20260724-S001-P015,2026-07-24,S001,P015,4,780.48
SALE-20260724-S001-P016,2026-07-24,S001,P016,6,1585.02
SALE-20260724-S001-P017,2026-07-24,S001,P017,6,3020.94
SALE-20260724-S001-P018,2026-07-24,S001,P018,13,4780.1
SALE-20260724-S001-P019,2026-07-24,S001,P019,10,8082.7
SALE-20260724-S001-P020,2026-07-24,S001,P020,11,7085.21
SALE-20260724-S001-P021,2026-07-24,S001,P021,6,1184.82
SALE-20260724-S001-P022,2026-07-24,S001,P022,8,5828.32
SALE-20260724-S001-P023,2026-07-24,S001,P023,11,8796.7
SALE-20260724-S001-P024,2026-07-24,S001,P024,9,1344.6
SALE-20260724-S001-P025,2026-07-24,S001,P025,0,0.0
SALE-20260724-S001-P026,2026-07-24,S001,P026,14,11478.32
SALE-20260724-S001-P027,2026-07-24,S001,P027,19,11198.22
SALE-20260724-S001-P028,2026-07-24,S001,P028,2,111.34
SALE-20260724-S001-P029,2026-07-24,S001,P029,12,2821.56
SALE-20260724-S001-P030,2026-07-24,S001,P030,4,922.64
SALE-20260724-S001-P031,2026-07-24,S001,P031,10,2914.2
SALE-20260724-S001-P032,2026-07-24,S001,P032,6,3759.6
SALE-20260724-S001-P033,2026-07-24,S001,P033,11,7424.01
SALE-20260724-S001-P034,2026-07-24,S001,P034,11,1863.29
SALE-20260724-S001-P035,2026-07-24,S001,P035,15,1838.7
SALE-20260724-S001-P036,2026-07-24,S001,P036,4,749.56
SALE-20260724-S001-P037,2026-07-24,S001,P037,11,2060.85
SALE-20260724-S001-P038,2026-07-24,S001,P038,6,2320.98
SALE-20260724-S001-P039,2026-07-24,S001,P039,3,1902.3
SALE-20260724-S001-P040,2026-07-24,S001,P040,12,1932.6
SALE-20260724-S001-P041,2026-07-24,S001,P041,8,7875.12
SALE-20260724-S001-P042,2026-07-24,S001,P042,8,8547.92
SALE-20260724-S001-P043,2026-07-24,S001,P043,9,6611.04
SALE-20260724-S001-P044,2026-07-24,S001,P044,3,404.85
SALE-20260724-S001-P045,2026-07-24,S001,P045,15,6684.75
SALE-20260724-S001-P046,2026-07-24,S001,P046,8,4447.44
SALE-20260724-S001-P047,2026-07-24,S001,P047,9,8486.91
SALE-20260724-S001-P048,2026-07-24,S001,P048,3,1421.34
SALE-20260724-S001-P049,2026-07-24,S001,P049,20,12693.2
SALE-20260724-S001-P050,2026-07-24,S001,P050,3,1171.14
SALE-20260724-S002-P001,2026-07-24,S002,P001,8,6310.88
SALE-20260724-S002-P002,2026-07-24,S002,P002,6,3894.9
SALE-20260724-S002-P003,2026-07-24,S002,P003,7,7496.09
SALE-20260724-S002-P004,2026-07-24,S002,P004,0,0.0
SALE-20260724-S002-P005,2026-07-24,S002,P005,14,6172.6
SALE-20260724-S002-P006,2026-07-24,S002,P006,2,1675.98
SALE-20260724-S002-P007,2026-07-24,S002,P007,0,0.0
SALE-20260724-S002-P008,2026-07-24,S002,P008,14,12378.1
SALE-20260724-S002-P009,2026-07-24,S002,P009,8,6049.52
SALE-20260724-S002-P010,2026-07-24,S002,P010,9,8880.3
SALE-20260724-S002-P011,2026-07-24,S002,P011,1,218.9
SALE-20260724-S002-P012,2026-07-24,S002,P012,19,3587.77
SALE-20260724-S002-P013,2026-07-24,S002,P013,3,2594.64
SALE-20260724-S002-P014,2026-07-24,S002,P014,14,5514.74
SALE-20260724-S002-P015,2026-07-24,S002,P015,6,1170.72
SALE-20260724-S002-P016,2026-07-24,S002,P016,5,1320.85
SALE-20260724-S002-P017,2026-07-24,S002,P017,12,6041.88
SALE-20260724-S002-P018,2026-07-24,S002,P018,15,5515.5
SALE-20260724-S002-P019,2026-07-24,S002,P019,14,11315.78
SALE-20260724-S002-P020,2026-07-24,S002,P020,6,3864.66
SALE-20260724-S002-P021,2026-07-24,S002,P021,8,1579.76
SALE-20260724-S002-P022,2026-07-24,S002,P022,7,5099.78
SALE-20260724-S002-P023,2026-07-24,S002,P023,13,10396.1
SALE-20260724-S002-P024,2026-07-24,S002,P024,13,1942.2
SALE-20260724-S002-P025,2026-07-24,S002,P025,3,2071.41
SALE-20260724-S002-P026,2026-07-24,S002,P026,13,10658.44
SALE-20260724-S002-P027,2026-07-24,S002,P027,16,9430.08
SALE-20260724-S002-P028,2026-07-24,S002,P028,7,389.69
SALE-20260724-S002-P029,2026-07-24,S002,P029,10,2351.3
SALE-20260724-S002-P030,2026-07-24,S002,P030,5,1153.3
SALE-20260724-S002-P031,2026-07-24,S002,P031,10,2914.2
SALE-20260724-S002-P032,2026-07-24,S002,P032,11,6892.6
SALE-20260724-S002-P033,2026-07-24,S002,P033,13,8773.83
SALE-20260724-S002-P034,2026-07-24,S002,P034,17,2879.63
SALE-20260724-S002-P035,2026-07-24,S002,P035,16,1961.28
SALE-20260724-S002-P036,2026-07-24,S002,P036,4,749.56
SALE-20260724-S002-P037,2026-07-24,S002,P037,21,3934.35
SALE-20260724-S002-P038,2026-07-24,S002,P038,5,1934.15
SALE-20260724-S002-P039,2026-07-24,S002,P039,2,1268.2
SALE-20260724-S002-P040,2026-07-24,S002,P040,7,1127.35
SALE-20260724-S002-P041,2026-07-24,S002,P041,12,11812.68
SALE-20260724-S002-P042,2026-07-24,S002,P042,15,16027.35
SALE-20260724-S002-P043,2026-07-24,S002,P043,14,10283.84
SALE-20260724-S002-P044,2026-07-24,S002,P044,7,944.65
SALE-20260724-S002-P045,2026-07-24,S002,P045,19,8467.35
SALE-20260724-S002-P046,2026-07-24,S002,P046,11,6115.23
SALE-20260724-S002-P047,2026-07-24,S002,P047,9,8486.91
SALE-20260724-S002-P048,2026-07-24,S002,P048,10,4737.8
SALE-20260724-S002-P049,2026-07-24,S002,P049,17,10789.22
SALE-20260724-S002-P050,2026-07-24,S002,P050,4,1561.52
SALE-20260724-S003-P001,2026-07-24,S003,P001,5,3944.3
SALE-20260724-S003-P002,2026-07-24,S003,P002,3,1947.45
SALE-20260724-S003-P003,2026-07-24,S003,P003,1,1070.87
SALE-20260724-S003-P004,2026-07-24,S003,P004,3,456.45
SALE-20260724-S003-P005,2026-07-24,S003,P005,7,3086.3
SALE-20260724-S003-P006,2026-07-24,S003,P006,4,3351.96
SALE-20260724-S003-P007,2026-07-24,S003,P007,15,3855.3
SALE-20260724-S003-P008,2026-07-24,S003,P008,10,8841.5
SALE-20260724-S003-P009,2026-07-24,S003,P009,7,5293.33
SALE-20260724-S003-P010,2026-07-24,S003,P010,9,8880.3
SALE-20260724-S003-P011,2026-07-24,S003,P011,0,0.0
SALE-20260724-S003-P012,2026-07-24,S003,P012,9,1699.47
SALE-20260724-S003-P013,2026-07-24,S003,P013,7,6054.16
SALE-20260724-S003-P014,2026-07-24,S003,P014,13,5120.83
SALE-20260724-S003-P015,2026-07-24,S003,P015,2,390.24
SALE-20260724-S003-P016,2026-07-24,S003,P016,7,1849.19
SALE-20260724-S003-P017,2026-07-24,S003,P017,5,2517.45
SALE-20260724-S003-P018,2026-07-24,S003,P018,13,4780.1
SALE-20260724-S003-P019,2026-07-24,S003,P019,6,4849.62
SALE-20260724-S003-P020,2026-07-24,S003,P020,6,3864.66
SALE-20260724-S003-P021,2026-07-24,S003,P021,2,394.94
SALE-20260724-S003-P022,2026-07-24,S003,P022,5,3642.7
SALE-20260724-S003-P023,2026-07-24,S003,P023,9,7197.3
SALE-20260724-S003-P024,2026-07-24,S003,P024,7,1045.8
SALE-20260724-S003-P025,2026-07-24,S003,P025,3,2071.41
SALE-20260724-S003-P026,2026-07-24,S003,P026,17,13937.96
SALE-20260724-S003-P027,2026-07-24,S003,P027,8,4715.04
SALE-20260724-S003-P028,2026-07-24,S003,P028,1,55.67
SALE-20260724-S003-P029,2026-07-24,S003,P029,6,1410.78
SALE-20260724-S003-P030,2026-07-24,S003,P030,3,691.98
SALE-20260724-S003-P031,2026-07-24,S003,P031,8,2331.36
SALE-20260724-S003-P032,2026-07-24,S003,P032,2,1253.2
SALE-20260724-S003-P033,2026-07-24,S003,P033,13,8773.83
SALE-20260724-S003-P034,2026-07-24,S003,P034,8,1355.12
SALE-20260724-S003-P035,2026-07-24,S003,P035,11,1348.38
SALE-20260724-S003-P036,2026-07-24,S003,P036,1,187.39
SALE-20260724-S003-P037,2026-07-24,S003,P037,12,2248.2
SALE-20260724-S003-P038,2026-07-24,S003,P038,1,386.83
SALE-20260724-S003-P039,2026-07-24,S003,P039,2,1268.2
SALE-20260724-S003-P040,2026-07-24,S003,P040,6,966.3
SALE-20260724-S003-P041,2026-07-24,S003,P041,9,8859.51
SALE-20260724-S003-P042,2026-07-24,S003,P042,10,10684.9
SALE-20260724-S003-P043,2026-07-24,S003,P043,10,7345.6
SALE-20260724-S003-P044,2026-07-24,S003,P044,4,539.8
SALE-20260724-S003-P045,2026-07-24,S003,P045,13,5793.45
SALE-20260724-S003-P046,2026-07-24,S003,P046,6,3335.58
SALE-20260724-S003-P047,2026-07-24,S003,P047,8,7543.92
SALE-20260724-S003-P048,2026-07-24,S003,P048,4,1895.12
SALE-20260724-S003-P049,2026-07-24,S003,P049,11,6981.26
SALE-20260725-S001-P001,2026-07-25,S001,P001,8,6310.88
SALE-20260725-S001-P002,2026-07-25,S001,P002,8,5193.2
SALE-20260725-S001-P003,2026-07-25,S001,P003,5,5354.35
SALE-20260725-S001-P004,2026-07-25,S001,P004,2,304.3
SALE-20260725-S001-P005,2026-07-25,S001,P005,5,2204.5
SALE-20260725-S001-P006,2026-07-25,S001,P006,5,4189.95
SALE-20260725-S001-P007,2026-07-25,S001,P007,15,3855.3
SALE-20260725-S001-P008,2026-07-25,S001,P008,9,7957.35
SALE-20260725-S001-P009,2026-07-25,S001,P009,9,6805.71
SALE-20260725-S001-P010,2026-07-25,S001,P010,7,6906.9
SALE-20260725-S001-P011,2026-07-25,S001,P011,3,656.7
SALE-20260725-S001-P012,2026-07-25,S001,P012,13,2454.79
SALE-20260725-S001-P013,2026-07-25,S001,P013,9,7783.92
SALE-20260725-S001-P014,2026-07-25,S001,P014,17,6696.47
SALE-20260725-S001-P015,2026-07-25,S001,P015,6,1170.72
SALE-20260725-S001-P016,2026-07-25,S001,P016,8,2113.36
SALE-20260725-S001-P017,2026-07-25,S001,P017,11,5538.39
SALE-20260725-S001-P018,2026-07-25,S001,P018,15,5515.5
SALE-20260725-S001-P019,2026-07-25,S001,P019,11,8890.97
SALE-20260725-S001-P020,2026-07-25,S001,P020,11,7085.21
SALE-20260725-S001-P021,2026-07-25,S001,P021,4,789.88
SALE-20260725-S001-P022,2026-07-25,S001,P022,6,4371.24
SALE-20260725-S001-P023,2026-07-25,S001,P023,10,7997.0
SALE-20260725-S001-P024,2026-07-25,S001,P024,7,1045.8
SALE-20260725-S001-P025,2026-07-25,S001,P025,0,0.0
SALE-20260725-S001-P026,2026-07-25,S001,P026,18,14757.84
SALE-20260725-S001-P027,2026-07-25,S001,P027,19,11198.22
SALE-20260725-S001-P028,2026-07-25,S001,P028,7,389.69
SALE-20260725-S001-P029,2026-07-25,S001,P029,7,1645.91
SALE-20260725-S001-P030,2026-07-25,S001,P030,6,1383.96
SALE-20260725-S001-P031,2026-07-25,S001,P031,11,3205.62
SALE-20260725-S001-P032,2026-07-25,S001,P032,11,6892.6
SALE-20260725-S001-P033,2026-07-25,S001,P033,9,6074.19
SALE-20260725-S001-P034,2026-07-25,S001,P034,19,3218.41
SALE-20260725-S001-P035,2026-07-25,S001,P035,13,1593.54
SALE-20260725-S001-P036,2026-07-25,S001,P036,5,936.95
SALE-20260725-S001-P037,2026-07-25,S001,P037,15,2810.25
SALE-20260725-S001-P038,2026-07-25,S001,P038,8,3094.64
SALE-20260725-S001-P039,2026-07-25,S001,P039,0,0.0
SALE-20260725-S001-P040,2026-07-25,S001,P040,10,1610.5
SALE-20260725-S001-P041,2026-07-25,S001,P041,8,7875.12
SALE-20260725-S001-P042,2026-07-25,S001,P042,21,22438.29
SALE-20260725-S001-P043,2026-07-25,S001,P043,14,10283.84
SALE-20260725-S001-P044,2026-07-25,S001,P044,8,1079.6
SALE-20260725-S001-P045,2026-07-25,S001,P045,12,5347.8
SALE-20260725-S001-P046,2026-07-25,S001,P046,5,2779.65
SALE-20260725-S001-P047,2026-07-25,S001,P047,6,5657.94
SALE-20260725-S001-P048,2026-07-25,S001,P048,4,1895.12
SALE-20260725-S001-P049,2026-07-25,S001,P049,18,11423.88
SALE-20260725-S001-P050,2026-07-25,S001,P050,5,1951.9
SALE-20260725-S002-P001,2026-07-25,S002,P001,10,7888.6
SALE-20260725-S002-P002,2026-07-25,S002,P002,12,7789.8
SALE-20260725-S002-P003,2026-07-25,S002,P003,2,2141.74
SALE-20260725-S002-P004,2026-07-25,S002,P004,1,152.15
SALE-20260725-S002-P005,2026-07-25,S002,P005,14,6172.6
SALE-20260725-S002-P006,2026-07-25,S002,P006,6,5027.94
SALE-20260725-S002-P007,2026-07-25,S002,P007,0,0.0
SALE-20260725-S002-P008,2026-07-25,S002,P008,17,15030.55
SALE-20260725-S002-P009,2026-07-25,S002,P009,12,9074.28
SALE-20260725-S002-P010,2026-07-25,S002,P010,16,15787.2
SALE-20260725-S002-P011,2026-07-25,S002,P011,4,875.6
SALE-20260725-S002-P012,2026-07-25,S002,P012,20,3776.6
SALE-20260725-S002-P013,2026-07-25,S002,P013,7,6054.16
SALE-20260725-S002-P014,2026-07-25,S002,P014,17,6696.47
SALE-20260725-S002-P015,2026-07-25,S002,P015,5,975.6
SALE-20260725-S002-P016,2026-07-25,S002,P016,12,3170.04
SALE-20260725-S002-P017,2026-07-25,S002,P017,11,5538.39
SALE-20260725-S002-P018,2026-07-25,S002,P018,22,8089.4
SALE-20260725-S002-P019,2026-07-25,S002,P019,16,12932.32
SALE-20260725-S002-P020,2026-07-25,S002,P020,11,7085.21
SALE-20260725-S002-P021,2026-07-25,S002,P021,6,1184.82
SALE-20260725-S002-P022,2026-07-25,S002,P022,5,3642.7
SALE-20260725-S002-P023,2026-07-25,S002,P023,8,6397.6
SALE-20260725-S002-P024,2026-07-25,S002,P024,7,1045.8
SALE-20260725-S002-P025,2026-07-25,S002,P025,2,1380.94
SALE-20260725-S002-P026,2026-07-25,S002,P026,22,18037.36
SALE-20260725-S002-P027,2026-07-25,S002,P027,17,10019.46
SALE-20260725-S002-P028,2026-07-25,S002,P028,3,167.01
SALE-20260725-S002-P029,2026-07-25,S002,P029,11,2586.43
SALE-20260725-S002-P030,2026-07-25,S002,P030,4,922.64
SALE-20260725-S002-P031,2026-07-25,S002,P031,17,4954.14
SALE-20260725-S002-P032,2026-07-25,S002,P032,10,6266.0
SALE-20260725-S002-P033,2026-07-25,S002,P033,6,4049.46
SALE-20260725-S002-P034,2026-07-25,S002,P034,22,3726.58
SALE-20260725-S002-P035,2026-07-25,S002,P035,10,1225.8
SALE-20260725-S002-P036,2026-07-25,S002,P036,9,1686.51
SALE-20260725-S002-P037,2026-07-25,S002,P037,21,3934.35
SALE-20260725-S002-P038,2026-07-25,S002,P038,0,0.0
SALE-20260725-S002-P039,2026-07-25,S002,P039,1,634.1
SALE-20260725-S002-P040,2026-07-25,S002,P040,6,966.3
SALE-20260725-S002-P041,2026-07-25,S002,P041,11,10828.29
SALE-20260725-S002-P042,2026-07-25,S002,P042,12,12821.88
SALE-20260725-S002-P043,2026-07-25,S002,P043,11,8080.16
SALE-20260725-S002-P044,2026-07-25,S002,P044,5,674.75
SALE-20260725-S002-P045,2026-07-25,S002,P045,12,5347.8
SALE-20260725-S002-P046,2026-07-25,S002,P046,6,3335.58
SALE-20260725-S002-P047,2026-07-25,S002,P047,11,10372.89
SALE-20260725-S002-P048,2026-07-25,S002,P048,8,3790.24
SALE-20260725-S002-P049,2026-07-25,S002,P049,20,12693.2
SALE-20260725-S002-P050,2026-07-25,S002,P050,8,3123.04
SALE-20260725-S003-P001,2026-07-25,S003,P001,7,5522.02
SALE-20260725-S003-P002,2026-07-25,S003,P002,8,5193.2
SALE-20260725-S003-P003,2026-07-25,S003,P003,2,2141.74
SALE-20260725-S003-P004,2026-07-25,S003,P004,1,152.15
SALE-20260725-S003-P005,2026-07-25,S003,P005,9,3968.1
SALE-20260725-S003-P006,2026-07-25,S003,P006,3,2513.97
SALE-20260725-S003-P007,2026-07-25,S003,P007,11,2827.22
SALE-20260725-S003-P008,2026-07-25,S003,P008,14,12378.1
SALE-20260725-S003-P009,2026-07-25,S003,P009,9,6805.71
SALE-20260725-S003-P010,2026-07-25,S003,P010,14,13813.8
SALE-20260725-S003-P011,2026-07-25,S003,P011,2,437.8
SALE-20260725-S003-P012,2026-07-25,S003,P012,8,1510.64
SALE-20260725-S003-P013,2026-07-25,S003,P013,6,5189.28
SALE-20260725-S003-P014,2026-07-25,S003,P014,9,3545.19
SALE-20260725-S003-P015,2026-07-25,S003,P015,3,585.36
SALE-20260725-S003-P016,2026-07-25,S003,P016,6,1585.02
SALE-20260725-S003-P017,2026-07-25,S003,P017,9,4531.41
SALE-20260725-S003-P018,2026-07-25,S003,P018,13,4780.1
SALE-20260725-S003-P019,2026-07-25,S003,P019,10,8082.7
SALE-20260725-S003-P020,2026-07-25,S003,P020,5,3220.55
SALE-20260725-S003-P021,2026-07-25,S003,P021,3,592.41
SALE-20260725-S003-P022,2026-07-25,S003,P022,5,3642.7
SALE-20260725-S003-P023,2026-07-25,S003,P023,10,7997.0
SALE-20260725-S003-P024,2026-07-25,S003,P024,7,1045.8
SALE-20260725-S003-P025,2026-07-25,S003,P025,3,2071.41
SALE-20260725-S003-P026,2026-07-25,S003,P026,9,7378.92
SALE-20260725-S003-P027,2026-07-25,S003,P027,7,4125.66
SALE-20260725-S003-P028,2026-07-25,S003,P028,4,222.68
SALE-20260725-S003-P029,2026-07-25,S003,P029,10,2351.3
SALE-20260725-S003-P030,2026-07-25,S003,P030,2,461.32
SALE-20260725-S003-P031,2026-07-25,S003,P031,7,2039.94
SALE-20260725-S003-P032,2026-07-25,S003,P032,7,4386.2
SALE-20260725-S003-P033,2026-07-25,S003,P033,8,5399.28
SALE-20260725-S003-P034,2026-07-25,S003,P034,14,2371.46
SALE-20260725-S003-P035,2026-07-25,S003,P035,12,1470.96
SALE-20260725-S003-P036,2026-07-25,S003,P036,4,749.56
SALE-20260725-S003-P037,2026-07-25,S003,P037,18,3372.3
SALE-20260725-S003-P038,2026-07-25,S003,P038,3,1160.49
SALE-20260725-S003-P039,2026-07-25,S003,P039,0,0.0
SALE-20260725-S003-P040,2026-07-25,S003,P040,8,1288.4
SALE-20260725-S003-P041,2026-07-25,S003,P041,5,4921.95
SALE-20260725-S003-P042,2026-07-25,S003,P042,8,8547.92
SALE-20260725-S003-P043,2026-07-25,S003,P043,8,5876.48
SALE-20260725-S003-P044,2026-07-25,S003,P044,4,539.8
SALE-20260725-S003-P045,2026-07-25,S003,P045,6,2673.9
SALE-20260725-S003-P046,2026-07-25,S003,P046,4,2223.72
SALE-20260725-S003-P047,2026-07-25,S003,P047,5,4714.95
SALE-20260725-S003-P048,2026-07-25,S003,P048,3,1421.34
SALE-20260725-S003-P049,2026-07-25,S003,P049,10,6346.6
SALE-20260726-S001-P001,2026-07-26,S001,P001,12,9466.32
SALE-20260726-S001-P002,2026-07-26,S001,P002,5,3245.75
SALE-20260726-S001-P003,2026-07-26,S001,P003,6,6425.22
SALE-20260726-S001-P004,2026-07-26,S001,P004,4,608.6
SALE-20260726-S001-P005,2026-07-26,S001,P005,14,6172.6
SALE-20260726-S001-P006,2026-07-26,S001,P006,6,5027.94
SALE-20260726-S001-P007,2026-07-26,S001,P007,20,5140.4
SALE-20260726-S001-P008,2026-07-26,S001,P008,13,11493.95
SALE-20260726-S001-P009,2026-07-26,S001,P009,6,4537.14
SALE-20260726-S001-P010,2026-07-26,S001,P010,7,6906.9
SALE-20260726-S001-P011,2026-07-26,S001,P011,1,218.9
SALE-20260726-S001-P012,2026-07-26,S001,P012,19,3587.77
SALE-20260726-S001-P013,2026-07-26,S001,P013,11,9513.68
SALE-20260726-S001-P014,2026-07-26,S001,P014,11,4333.01
SALE-20260726-S001-P015,2026-07-26,S001,P015,2,390.24
SALE-20260726-S001-P016,2026-07-26,S001,P016,7,1849.19
SALE-20260726-S001-P017,2026-07-26,S001,P017,7,3524.43
SALE-20260726-S001-P018,2026-07-26,S001,P018,16,5883.2
SALE-20260726-S001-P019,2026-07-26,S001,P019,11,8890.97
SALE-20260726-S001-P020,2026-07-26,S001,P020,7,4508.77
SALE-20260726-S001-P021,2026-07-26,S001,P021,5,987.35
SALE-20260726-S001-P022,2026-07-26,S001,P022,5,3642.7
SALE-20260726-S001-P023,2026-07-26,S001,P023,9,7197.3
SALE-20260726-S001-P024,2026-07-26,S001,P024,6,896.4
SALE-20260726-S001-P025,2026-07-26,S001,P025,3,2071.41
SALE-20260726-S001-P026,2026-07-26,S001,P026,14,11478.32
SALE-20260726-S001-P027,2026-07-26,S001,P027,21,12376.98
SALE-20260726-S001-P028,2026-07-26,S001,P028,3,167.01
SALE-20260726-S001-P029,2026-07-26,S001,P029,12,2821.56
SALE-20260726-S001-P030,2026-07-26,S001,P030,4,922.64
SALE-20260726-S001-P031,2026-07-26,S001,P031,8,2331.36
SALE-20260726-S001-P032,2026-07-26,S001,P032,4,2506.4
SALE-20260726-S001-P033,2026-07-26,S001,P033,16,10798.56
SALE-20260726-S001-P034,2026-07-26,S001,P034,20,3387.8
SALE-20260726-S001-P035,2026-07-26,S001,P035,13,1593.54
SALE-20260726-S001-P036,2026-07-26,S001,P036,0,0.0
SALE-20260726-S001-P037,2026-07-26,S001,P037,14,2622.9
SALE-20260726-S001-P038,2026-07-26,S001,P038,5,1934.15
SALE-20260726-S001-P039,2026-07-26,S001,P039,1,634.1
SALE-20260726-S001-P040,2026-07-26,S001,P040,9,1449.45
SALE-20260726-S001-P041,2026-07-26,S001,P041,8,7875.12
SALE-20260726-S001-P042,2026-07-26,S001,P042,10,10684.9
SALE-20260726-S001-P043,2026-07-26,S001,P043,15,11018.4
SALE-20260726-S001-P044,2026-07-26,S001,P044,7,944.65
SALE-20260726-S001-P045,2026-07-26,S001,P045,21,9358.65
SALE-20260726-S001-P046,2026-07-26,S001,P046,6,3335.58
SALE-20260726-S001-P047,2026-07-26,S001,P047,8,7543.92
SALE-20260726-S001-P048,2026-07-26,S001,P048,6,2842.68
SALE-20260726-S001-P049,2026-07-26,S001,P049,16,10154.56
SALE-20260726-S001-P050,2026-07-26,S001,P050,6,2342.28
SALE-20260726-S002-P001,2026-07-26,S002,P001,9,7099.74
SALE-20260726-S002-P002,2026-07-26,S002,P002,7,4544.05
SALE-20260726-S002-P003,2026-07-26,S002,P003,5,5354.35
SALE-20260726-S002-P004,2026-07-26,S002,P004,1,152.15
SALE-20260726-S002-P005,2026-07-26,S002,P005,11,4849.9
SALE-20260726-S002-P006,2026-07-26,S002,P006,2,1675.98
SALE-20260726-S002-P007,2026-07-26,S002,P007,0,0.0
SALE-20260726-S002-P008,2026-07-26,S002,P008,12,10609.8
SALE-20260726-S002-P009,2026-07-26,S002,P009,15,11342.85
SALE-20260726-S002-P010,2026-07-26,S002,P010,17,16773.9
SALE-20260726-S002-P011,2026-07-26,S002,P011,4,875.6
SALE-20260726-S002-P012,2026-07-26,S002,P012,14,2643.62
SALE-20260726-S002-P013,2026-07-26,S002,P013,11,9513.68
SALE-20260726-S002-P014,2026-07-26,S002,P014,17,6696.47
SALE-20260726-S002-P015,2026-07-26,S002,P015,4,780.48
SALE-20260726-S002-P016,2026-07-26,S002,P016,13,3434.21
SALE-20260726-S002-P017,2026-07-26,S002,P017,10,5034.9
SALE-20260726-S002-P018,2026-07-26,S002,P018,27,9927.9
SALE-20260726-S002-P019,2026-07-26,S002,P019,16,12932.32
SALE-20260726-S002-P020,2026-07-26,S002,P020,8,5152.88
SALE-20260726-S002-P021,2026-07-26,S002,P021,12,2369.64
SALE-20260726-S002-P022,2026-07-26,S002,P022,4,2914.16
SALE-20260726-S002-P023,2026-07-26,S002,P023,11,8796.7
SALE-20260726-S002-P024,2026-07-26,S002,P024,15,2241.0
SALE-20260726-S002-P025,2026-07-26,S002,P025,5,3452.35
SALE-20260726-S002-P026,2026-07-26,S002,P026,27,22136.76
SALE-20260726-S002-P027,2026-07-26,S002,P027,17,10019.46
SALE-20260726-S002-P028,2026-07-26,S002,P028,3,167.01
SALE-20260726-S002-P029,2026-07-26,S002,P029,6,1410.78
SALE-20260726-S002-P030,2026-07-26,S002,P030,3,691.98
SALE-20260726-S002-P031,2026-07-26,S002,P031,20,5828.4
SALE-20260726-S002-P032,2026-07-26,S002,P032,12,7519.2
SALE-20260726-S002-P033,2026-07-26,S002,P033,16,10798.56
SALE-20260726-S002-P034,2026-07-26,S002,P034,21,3557.19
SALE-20260726-S002-P035,2026-07-26,S002,P035,17,2083.86
SALE-20260726-S002-P036,2026-07-26,S002,P036,3,562.17
SALE-20260726-S002-P037,2026-07-26,S002,P037,20,3747.0
SALE-20260726-S002-P038,2026-07-26,S002,P038,2,773.66
SALE-20260726-S002-P039,2026-07-26,S002,P039,2,1268.2
SALE-20260726-S002-P040,2026-07-26,S002,P040,7,1127.35
SALE-20260726-S002-P041,2026-07-26,S002,P041,1,984.39
SALE-20260726-S002-P042,2026-07-26,S002,P042,20,21369.8
SALE-20260726-S002-P043,2026-07-26,S002,P043,14,10283.84
SALE-20260726-S002-P044,2026-07-26,S002,P044,9,1214.55
SALE-20260726-S002-P045,2026-07-26,S002,P045,18,8021.7
SALE-20260726-S002-P046,2026-07-26,S002,P046,6,3335.58
SALE-20260726-S002-P047,2026-07-26,S002,P047,1,942.99
SALE-20260726-S002-P048,2026-07-26,S002,P048,8,3790.24
SALE-20260726-S002-P049,2026-07-26,S002,P049,16,10154.56
SALE-20260726-S002-P050,2026-07-26,S002,P050,5,1951.9
SALE-20260726-S003-P001,2026-07-26,S003,P001,4,3155.44
SALE-20260726-S003-P002,2026-07-26,S003,P002,12,7789.8
SALE-20260726-S003-P003,2026-07-26,S003,P003,4,4283.48
SALE-20260726-S003-P004,2026-07-26,S003,P004,8,1217.2
SALE-20260726-S003-P005,2026-07-26,S003,P005,10,4409.0
SALE-20260726-S003-P006,2026-07-26,S003,P006,1,837.99
SALE-20260726-S003-P007,2026-07-26,S003,P007,10,2570.2
SALE-20260726-S003-P008,2026-07-26,S003,P008,5,4420.75
SALE-20260726-S003-P009,2026-07-26,S003,P009,7,5293.33
SALE-20260726-S003-P010,2026-07-26,S003,P010,10,9867.0
SALE-20260726-S003-P011,2026-07-26,S003,P011,1,218.9
SALE-20260726-S003-P012,2026-07-26,S003,P012,16,3021.28
SALE-20260726-S003-P013,2026-07-26,S003,P013,8,6919.04
SALE-20260726-S003-P014,2026-07-26,S003,P014,18,7090.38
SALE-20260726-S003-P015,2026-07-26,S003,P015,4,780.48
SALE-20260726-S003-P016,2026-07-26,S003,P016,5,1320.85
SALE-20260726-S003-P017,2026-07-26,S003,P017,7,3524.43
SALE-20260726-S003-P018,2026-07-26,S003,P018,11,4044.7
SALE-20260726-S003-P019,2026-07-26,S003,P019,9,7274.43
SALE-20260726-S003-P020,2026-07-26,S003,P020,10,6441.1
SALE-20260726-S003-P021,2026-07-26,S003,P021,1,197.47
SALE-20260726-S003-P022,2026-07-26,S003,P022,7,5099.78
SALE-20260726-S003-P023,2026-07-26,S003,P023,11,8796.7
SALE-20260726-S003-P024,2026-07-26,S003,P024,6,896.4
SALE-20260726-S003-P025,2026-07-26,S003,P025,5,3452.35
SALE-20260726-S003-P026,2026-07-26,S003,P026,8,6559.04
SALE-20260726-S003-P027,2026-07-26,S003,P027,12,7072.56
SALE-20260726-S003-P028,2026-07-26,S003,P028,0,0.0
SALE-20260726-S003-P029,2026-07-26,S003,P029,9,2116.17
SALE-20260726-S003-P030,2026-07-26,S003,P030,2,461.32
SALE-20260726-S003-P031,2026-07-26,S003,P031,9,2622.78
SALE-20260726-S003-P032,2026-07-26,S003,P032,7,4386.2
SALE-20260726-S003-P033,2026-07-26,S003,P033,9,6074.19
SALE-20260726-S003-P034,2026-07-26,S003,P034,8,1355.12
SALE-20260726-S003-P035,2026-07-26,S003,P035,9,1103.22
SALE-20260726-S003-P036,2026-07-26,S003,P036,2,374.78
SALE-20260726-S003-P037,2026-07-26,S003,P037,8,1498.8
SALE-20260726-S003-P038,2026-07-26,S003,P038,6,2320.98
SALE-20260726-S003-P039,2026-07-26,S003,P039,0,0.0
SALE-20260726-S003-P040,2026-07-26,S003,P040,7,1127.35
SALE-20260726-S003-P041,2026-07-26,S003,P041,7,6890.73
SALE-20260726-S003-P042,2026-07-26,S003,P042,13,13890.37
SALE-20260726-S003-P043,2026-07-26,S003,P043,14,10283.84
SALE-20260726-S003-P044,2026-07-26,S003,P044,5,674.75
SALE-20260726-S003-P045,2026-07-26,S003,P045,15,6684.75
SALE-20260726-S003-P046,2026-07-26,S003,P046,5,2779.65
SALE-20260726-S003-P047,2026-07-26,S003,P047,9,8486.91
SALE-20260726-S003-P048,2026-07-26,S003,P048,4,1895.12
SALE-20260726-S003-P049,2026-07-26,S003,P049,10,6346.6
SALE-20260727-S001-P001,2026-07-27,S001,P001,14,11044.04
SALE-20260727-S001-P002,2026-07-27,S001,P002,7,4544.05
SALE-20260727-S001-P003,2026-07-27,S001,P003,6,6425.22
SALE-20260727-S001-P004,2026-07-27,S001,P004,2,304.3
SALE-20260727-S001-P005,2026-07-27,S001,P005,6,2645.4
SALE-20260727-S001-P006,2026-07-27,S001,P006,1,837.99
SALE-20260727-S001-P007,2026-07-27,S001,P007,13,3341.26
SALE-20260727-S001-P008,2026-07-27,S001,P008,6,5304.9
SALE-20260727-S001-P009,2026-07-27,S001,P009,7,5293.33
SALE-20260727-S001-P010,2026-07-27,S001,P010,16,15787.2
SALE-20260727-S001-P011,2026-07-27,S001,P011,3,656.7
SALE-20260727-S001-P012,2026-07-27,S001,P012,13,2454.79
SALE-20260727-S001-P013,2026-07-27,S001,P013,13,11243.44
SALE-20260727-S001-P014,2026-07-27,S001,P014,15,5908.65
SALE-20260727-S001-P015,2026-07-27,S001,P015,4,780.48
SALE-20260727-S001-P016,2026-07-27,S001,P016,3,792.51
SALE-20260727-S001-P017,2026-07-27,S001,P017,11,5538.39
SALE-20260727-S001-P018,2026-07-27,S001,P018,9,3309.3
SALE-20260727-S001-P019,2026-07-27,S001,P019,10,8082.7
SALE-20260727-S001-P020,2026-07-27,S001,P020,4,2576.44
SALE-20260727-S001-P021,2026-07-27,S001,P021,10,1974.7
SALE-20260727-S001-P022,2026-07-27,S001,P022,8,5828.32
SALE-20260727-S001-P023,2026-07-27,S001,P023,8,6397.6
SALE-20260727-S001-P024,2026-07-27,S001,P024,1,149.4
SALE-20260727-S001-P025,2026-07-27,S001,P025,3,2071.41
SALE-20260727-S001-P026,2026-07-27,S001,P026,15,12298.2
SALE-20260727-S001-P027,2026-07-27,S001,P027,13,7661.94
SALE-20260727-S001-P028,2026-07-27,S001,P028,5,278.35
SALE-20260727-S001-P029,2026-07-27,S001,P029,4,940.52
SALE-20260727-S001-P030,2026-07-27,S001,P030,6,1383.96
SALE-20260727-S001-P031,2026-07-27,S001,P031,10,2914.2
SALE-20260727-S001-P032,2026-07-27,S001,P032,4,2506.4
SALE-20260727-S001-P033,2026-07-27,S001,P033,12,8098.92
SALE-20260727-S001-P034,2026-07-27,S001,P034,15,2540.85
SALE-20260727-S001-P035,2026-07-27,S001,P035,8,980.64
SALE-20260727-S001-P036,2026-07-27,S001,P036,1,187.39
SALE-20260727-S001-P037,2026-07-27,S001,P037,13,2435.55
SALE-20260727-S001-P038,2026-07-27,S001,P038,3,1160.49
SALE-20260727-S001-P039,2026-07-27,S001,P039,0,0.0
SALE-20260727-S001-P040,2026-07-27,S001,P040,10,1610.5
SALE-20260727-S001-P041,2026-07-27,S001,P041,3,2953.17
SALE-20260727-S001-P042,2026-07-27,S001,P042,14,14958.86
SALE-20260727-S001-P043,2026-07-27,S001,P043,8,5876.48
SALE-20260727-S001-P044,2026-07-27,S001,P044,4,539.8
SALE-20260727-S001-P045,2026-07-27,S001,P045,23,10249.95
SALE-20260727-S001-P046,2026-07-27,S001,P046,6,3335.58
SALE-20260727-S001-P047,2026-07-27,S001,P047,1,942.99
SALE-20260727-S001-P048,2026-07-27,S001,P048,5,2368.9
SALE-20260727-S001-P049,2026-07-27,S001,P049,25,15866.5
SALE-20260727-S001-P050,2026-07-27,S001,P050,7,2732.66
SALE-20260727-S002-P001,2026-07-27,S002,P001,8,6310.88
SALE-20260727-S002-P002,2026-07-27,S002,P002,10,6491.5
SALE-20260727-S002-P003,2026-07-27,S002,P003,3,3212.61
SALE-20260727-S002-P004,2026-07-27,S002,P004,0,0.0
SALE-20260727-S002-P005,2026-07-27,S002,P005,10,4409.0
SALE-20260727-S002-P006,2026-07-27,S002,P006,6,5027.94
SALE-20260727-S002-P007,2026-07-27,S002,P007,0,0.0
SALE-20260727-S002-P008,2026-07-27,S002,P008,17,15030.55
SALE-20260727-S002-P009,2026-07-27,S002,P009,9,6805.71
SALE-20260727-S002-P010,2026-07-27,S002,P010,9,8880.3
SALE-20260727-S002-P011,2026-07-27,S002,P011,2,437.8
SALE-20260727-S002-P012,2026-07-27,S002,P012,29,5476.07
SALE-20260727-S002-P013,2026-07-27,S002,P013,7,6054.16
SALE-20260727-S002-P014,2026-07-27,S002,P014,14,5514.74
SALE-20260727-S002-P015,2026-07-27,S002,P015,3,585.36
SALE-20260727-S002-P016,2026-07-27,S002,P016,9,2377.53
SALE-20260727-S002-P017,2026-07-27,S002,P017,12,6041.88
SALE-20260727-S002-P018,2026-07-27,S002,P018,19,6986.3
SALE-20260727-S002-P019,2026-07-27,S002,P019,11,8890.97
SALE-20260727-S002-P020,2026-07-27,S002,P020,16,10305.76
SALE-20260727-S002-P021,2026-07-27,S002,P021,4,789.88
SALE-20260727-S002-P022,2026-07-27,S002,P022,8,5828.32
SALE-20260727-S002-P023,2026-07-27,S002,P023,6,4798.2
SALE-20260727-S002-P024,2026-07-27,S002,P024,9,1344.6
SALE-20260727-S002-P025,2026-07-27,S002,P025,3,2071.41
SALE-20260727-S002-P026,2026-07-27,S002,P026,16,13118.08
SALE-20260727-S002-P027,2026-07-27,S002,P027,23,13555.74
SALE-20260727-S002-P028,2026-07-27,S002,P028,4,222.68
SALE-20260727-S002-P029,2026-07-27,S002,P029,11,2586.43
SALE-20260727-S002-P030,2026-07-27,S002,P030,5,1153.3
SALE-20260727-S002-P031,2026-07-27,S002,P031,15,4371.3
SALE-20260727-S002-P032,2026-07-27,S002,P032,10,6266.0
SALE-20260727-S002-P033,2026-07-27,S002,P033,20,13498.2
SALE-20260727-S002-P034,2026-07-27,S002,P034,14,2371.46
SALE-20260727-S002-P035,2026-07-27,S002,P035,19,2329.02
SALE-20260727-S002-P036,2026-07-27,S002,P036,5,936.95
SALE-20260727-S002-P037,2026-07-27,S002,P037,24,4496.4
SALE-20260727-S002-P038,2026-07-27,S002,P038,7,2707.81
SALE-20260727-S002-P039,2026-07-27,S002,P039,2,1268.2
SALE-20260727-S002-P040,2026-07-27,S002,P040,14,2254.7
SALE-20260727-S002-P041,2026-07-27,S002,P041,7,6890.73
SALE-20260727-S002-P042,2026-07-27,S002,P042,16,17095.84
SALE-20260727-S002-P043,2026-07-27,S002,P043,17,12487.52
SALE-20260727-S002-P044,2026-07-27,S002,P044,5,674.75
SALE-20260727-S002-P045,2026-07-27,S002,P045,13,5793.45
SALE-20260727-S002-P046,2026-07-27,S002,P046,5,2779.65
SALE-20260727-S002-P047,2026-07-27,S002,P047,10,9429.9
SALE-20260727-S002-P048,2026-07-27,S002,P048,5,2368.9
SALE-20260727-S002-P049,2026-07-27,S002,P049,18,11423.88
SALE-20260727-S002-P050,2026-07-27,S002,P050,6,2342.28
SALE-20260727-S003-P001,2026-07-27,S003,P001,10,7888.6
SALE-20260727-S003-P002,2026-07-27,S003,P002,3,1947.45
SALE-20260727-S003-P003,2026-07-27,S003,P003,3,3212.61
SALE-20260727-S003-P004,2026-07-27,S003,P004,3,456.45
SALE-20260727-S003-P005,2026-07-27,S003,P005,9,3968.1
SALE-20260727-S003-P006,2026-07-27,S003,P006,2,1675.98
SALE-20260727-S003-P007,2026-07-27,S003,P007,9,2313.18
SALE-20260727-S003-P008,2026-07-27,S003,P008,7,6189.05
SALE-20260727-S003-P009,2026-07-27,S003,P009,2,1512.38
SALE-20260727-S003-P010,2026-07-27,S003,P010,14,13813.8
SALE-20260727-S003-P011,2026-07-27,S003,P011,2,437.8
SALE-20260727-S003-P012,2026-07-27,S003,P012,13,2454.79
SALE-20260727-S003-P013,2026-07-27,S003,P013,6,5189.28
SALE-20260727-S003-P014,2026-07-27,S003,P014,11,4333.01
SALE-20260727-S003-P015,2026-07-27,S003,P015,5,975.6
SALE-20260727-S003-P016,2026-07-27,S003,P016,6,1585.02
SALE-20260727-S003-P017,2026-07-27,S003,P017,10,5034.9
SALE-20260727-S003-P018,2026-07-27,S003,P018,14,5147.8
SALE-20260727-S003-P019,2026-07-27,S003,P019,5,4041.35
SALE-20260727-S003-P020,2026-07-27,S003,P020,9,5796.99
SALE-20260727-S003-P021,2026-07-27,S003,P021,3,592.41
SALE-20260727-S003-P022,2026-07-27,S003,P022,6,4371.24
SALE-20260727-S003-P023,2026-07-27,S003,P023,9,7197.3
SALE-20260727-S003-P024,2026-07-27,S003,P024,8,1195.2
SALE-20260727-S003-P025,2026-07-27,S003,P025,2,1380.94
SALE-20260727-S003-P026,2026-07-27,S003,P026,5,4099.4
SALE-20260727-S003-P027,2026-07-27,S003,P027,15,8840.7
SALE-20260727-S003-P028,2026-07-27,S003,P028,3,167.01
SALE-20260727-S003-P029,2026-07-27,S003,P029,13,3056.69
SALE-20260727-S003-P030,2026-07-27,S003,P030,3,691.98
SALE-20260727-S003-P031,2026-07-27,S003,P031,9,2622.78
SALE-20260727-S003-P032,2026-07-27,S003,P032,5,3133.0
SALE-20260727-S003-P033,2026-07-27,S003,P033,13,8773.83
SALE-20260727-S003-P034,2026-07-27,S003,P034,8,1355.12
SALE-20260727-S003-P035,2026-07-27,S003,P035,9,1103.22
SALE-20260727-S003-P036,2026-07-27,S003,P036,1,187.39
SALE-20260727-S003-P037,2026-07-27,S003,P037,14,2622.9
SALE-20260727-S003-P038,2026-07-27,S003,P038,3,1160.49
SALE-20260727-S003-P039,2026-07-27,S003,P039,1,634.1
SALE-20260727-S003-P040,2026-07-27,S003,P040,7,1127.35
SALE-20260727-S003-P041,2026-07-27,S003,P041,7,6890.73
SALE-20260727-S003-P042,2026-07-27,S003,P042,11,11753.39
SALE-20260727-S003-P043,2026-07-27,S003,P043,6,4407.36
SALE-20260727-S003-P044,2026-07-27,S003,P044,9,1214.55
SALE-20260727-S003-P045,2026-07-27,S003,P045,12,5347.8
SALE-20260727-S003-P046,2026-07-27,S003,P046,6,3335.58
SALE-20260727-S003-P047,2026-07-27,S003,P047,3,2828.97
SALE-20260727-S003-P048,2026-07-27,S003,P048,4,1895.12
SALE-20260727-S003-P049,2026-07-27,S003,P049,15,9519.9
SALE-20260728-S001-P001,2026-07-28,S001,P001,8,6310.88
SALE-20260728-S001-P002,2026-07-28,S001,P002,7,4544.05
SALE-20260728-S001-P003,2026-07-28,S001,P003,2,2141.74
SALE-20260728-S001-P004,2026-07-28,S001,P004,4,608.6
SALE-20260728-S001-P005,2026-07-28,S001,P005,12,5290.8
SALE-20260728-S001-P006,2026-07-28,S001,P006,7,5865.93
SALE-20260728-S001-P007,2026-07-28,S001,P007,11,2827.22
SALE-20260728-S001-P008,2026-07-28,S001,P008,10,8841.5
SALE-20260728-S001-P009,2026-07-28,S001,P009,7,5293.33
SALE-20260728-S001-P010,2026-07-28,S001,P010,9,8880.3
SALE-20260728-S001-P011,2026-07-28,S001,P011,1,218.9
SALE-20260728-S001-P012,2026-07-28,S001,P012,12,2265.96
SALE-20260728-S001-P013,2026-07-28,S001,P013,8,6919.04
SALE-20260728-S001-P014,2026-07-28,S001,P014,7,2757.37
SALE-20260728-S001-P015,2026-07-28,S001,P015,1,195.12
SALE-20260728-S001-P016,2026-07-28,S001,P016,10,2641.7
SALE-20260728-S001-P017,2026-07-28,S001,P017,5,2517.45
SALE-20260728-S001-P018,2026-07-28,S001,P018,16,5883.2
SALE-20260728-S001-P019,2026-07-28,S001,P019,4,3233.08
SALE-20260728-S001-P020,2026-07-28,S001,P020,7,4508.77
SALE-20260728-S001-P021,2026-07-28,S001,P021,5,987.35
SALE-20260728-S001-P022,2026-07-28,S001,P022,5,3642.7
SALE-20260728-S001-P023,2026-07-28,S001,P023,7,5597.9
SALE-20260728-S001-P024,2026-07-28,S001,P024,7,1045.8
SALE-20260728-S001-P025,2026-07-28,S001,P025,1,690.47
SALE-20260728-S001-P026,2026-07-28,S001,P026,10,8198.8
SALE-20260728-S001-P027,2026-07-28,S001,P027,18,10608.84
SALE-20260728-S001-P028,2026-07-28,S001,P028,2,111.34
SALE-20260728-S001-P029,2026-07-28,S001,P029,9,2116.17
SALE-20260728-S001-P030,2026-07-28,S001,P030,7,1614.62
SALE-20260728-S001-P031,2026-07-28,S001,P031,11,3205.62
SALE-20260728-S001-P032,2026-07-28,S001,P032,1,626.6
SALE-20260728-S001-P033,2026-07-28,S001,P033,9,6074.19
SALE-20260728-S001-P034,2026-07-28,S001,P034,12,2032.68
SALE-20260728-S001-P035,2026-07-28,S001,P035,14,1716.12
SALE-20260728-S001-P036,2026-07-28,S001,P036,5,936.95
SALE-20260728-S001-P037,2026-07-28,S001,P037,16,2997.6
SALE-20260728-S001-P038,2026-07-28,S001,P038,4,1547.32
SALE-20260728-S001-P039,2026-07-28,S001,P039,4,2536.4
SALE-20260728-S001-P040,2026-07-28,S001,P040,6,966.3
SALE-20260728-S001-P041,2026-07-28,S001,P041,6,5906.34
SALE-20260728-S001-P042,2026-07-28,S001,P042,9,9616.41
SALE-20260728-S001-P043,2026-07-28,S001,P043,16,11752.96
SALE-20260728-S001-P044,2026-07-28,S001,P044,11,1484.45
SALE-20260728-S001-P045,2026-07-28,S001,P045,10,4456.5
SALE-20260728-S001-P046,2026-07-28,S001,P046,11,6115.23
SALE-20260728-S001-P047,2026-07-28,S001,P047,10,9429.9
SALE-20260728-S001-P048,2026-07-28,S001,P048,5,2368.9
SALE-20260728-S001-P049,2026-07-28,S001,P049,16,10154.56
SALE-20260728-S001-P050,2026-07-28,S001,P050,7,2732.66
SALE-20260728-S002-P001,2026-07-28,S002,P001,5,3944.3
SALE-20260728-S002-P002,2026-07-28,S002,P002,5,3245.75
SALE-20260728-S002-P003,2026-07-28,S002,P003,5,5354.35
SALE-20260728-S002-P004,2026-07-28,S002,P004,0,0.0
SALE-20260728-S002-P005,2026-07-28,S002,P005,11,4849.9
SALE-20260728-S002-P006,2026-07-28,S002,P006,5,4189.95
SALE-20260728-S002-P007,2026-07-28,S002,P007,0,0.0
SALE-20260728-S002-P008,2026-07-28,S002,P008,5,4420.75
SALE-20260728-S002-P009,2026-07-28,S002,P009,9,6805.71
SALE-20260728-S002-P010,2026-07-28,S002,P010,6,5920.2
SALE-20260728-S002-P011,2026-07-28,S002,P011,3,656.7
SALE-20260728-S002-P012,2026-07-28,S002,P012,17,3210.11
SALE-20260728-S002-P013,2026-07-28,S002,P013,9,7783.92
SALE-20260728-S002-P014,2026-07-28,S002,P014,14,5514.74
SALE-20260728-S002-P015,2026-07-28,S002,P015,4,780.48
SALE-20260728-S002-P016,2026-07-28,S002,P016,3,792.51
SALE-20260728-S002-P017,2026-07-28,S002,P017,8,4027.92
SALE-20260728-S002-P018,2026-07-28,S002,P018,20,7354.0
SALE-20260728-S002-P019,2026-07-28,S002,P019,11,8890.97
SALE-20260728-S002-P020,2026-07-28,S002,P020,9,5796.99
SALE-20260728-S002-P021,2026-07-28,S002,P021,3,592.41
SALE-20260728-S002-P022,2026-07-28,S002,P022,10,7285.4
SALE-20260728-S002-P023,2026-07-28,S002,P023,10,7997.0
SALE-20260728-S002-P024,2026-07-28,S002,P024,8,1195.2
SALE-20260728-S002-P025,2026-07-28,S002,P025,2,1380.94
SALE-20260728-S002-P026,2026-07-28,S002,P026,19,15577.72
SALE-20260728-S002-P027,2026-07-28,S002,P027,22,12966.36
SALE-20260728-S002-P028,2026-07-28,S002,P028,6,334.02
SALE-20260728-S002-P029,2026-07-28,S002,P029,7,1645.91
SALE-20260728-S002-P030,2026-07-28,S002,P030,3,691.98
SALE-20260728-S002-P031,2026-07-28,S002,P031,15,4371.3
SALE-20260728-S002-P032,2026-07-28,S002,P032,7,4386.2
SALE-20260728-S002-P033,2026-07-28,S002,P033,13,8773.83
SALE-20260728-S002-P034,2026-07-28,S002,P034,15,2540.85
SALE-20260728-S002-P035,2026-07-28,S002,P035,7,858.06
SALE-20260728-S002-P036,2026-07-28,S002,P036,6,1124.34
SALE-20260728-S002-P037,2026-07-28,S002,P037,14,2622.9
SALE-20260728-S002-P038,2026-07-28,S002,P038,6,2320.98
SALE-20260728-S002-P039,2026-07-28,S002,P039,2,1268.2
SALE-20260728-S002-P040,2026-07-28,S002,P040,14,2254.7
SALE-20260728-S002-P041,2026-07-28,S002,P041,4,3937.56
SALE-20260728-S002-P042,2026-07-28,S002,P042,20,21369.8
SALE-20260728-S002-P043,2026-07-28,S002,P043,10,7345.6
SALE-20260728-S002-P044,2026-07-28,S002,P044,5,674.75
SALE-20260728-S002-P045,2026-07-28,S002,P045,18,8021.7
SALE-20260728-S002-P046,2026-07-28,S002,P046,3,1667.79
SALE-20260728-S002-P047,2026-07-28,S002,P047,11,10372.89
SALE-20260728-S002-P048,2026-07-28,S002,P048,8,3790.24
SALE-20260728-S002-P049,2026-07-28,S002,P049,21,13327.86
SALE-20260728-S002-P050,2026-07-28,S002,P050,2,780.76
SALE-20260728-S003-P001,2026-07-28,S003,P001,3,2366.58
SALE-20260728-S003-P002,2026-07-28,S003,P002,5,3245.75
SALE-20260728-S003-P003,2026-07-28,S003,P003,3,3212.61
SALE-20260728-S003-P004,2026-07-28,S003,P004,2,304.3
SALE-20260728-S003-P005,2026-07-28,S003,P005,6,2645.4
SALE-20260728-S003-P006,2026-07-28,S003,P006,2,1675.98
SALE-20260728-S003-P007,2026-07-28,S003,P007,8,2056.16
SALE-20260728-S003-P008,2026-07-28,S003,P008,7,6189.05
SALE-20260728-S003-P009,2026-07-28,S003,P009,5,3780.95
SALE-20260728-S003-P010,2026-07-28,S003,P010,7,6906.9
SALE-20260728-S003-P011,2026-07-28,S003,P011,0,0.0
SALE-20260728-S003-P012,2026-07-28,S003,P012,12,2265.96
SALE-20260728-S003-P013,2026-07-28,S003,P013,10,8648.8
SALE-20260728-S003-P014,2026-07-28,S003,P014,14,5514.74
SALE-20260728-S003-P015,2026-07-28,S003,P015,3,585.36
SALE-20260728-S003-P016,2026-07-28,S003,P016,11,2905.87
SALE-20260728-S003-P017,2026-07-28,S003,P017,5,2517.45
SALE-20260728-S003-P018,2026-07-28,S003,P018,7,2573.9
SALE-20260728-S003-P019,2026-07-28,S003,P019,9,7274.43
SALE-20260728-S003-P020,2026-07-28,S003,P020,12,7729.32
SALE-20260728-S003-P021,2026-07-28,S003,P021,8,1579.76
SALE-20260728-S003-P022,2026-07-28,S003,P022,4,2914.16
SALE-20260728-S003-P023,2026-07-28,S003,P023,6,4798.2
SALE-20260728-S003-P024,2026-07-28,S003,P024,5,747.0
SALE-20260728-S003-P025,2026-07-28,S003,P025,3,2071.41
SALE-20260728-S003-P026,2026-07-28,S003,P026,15,12298.2
SALE-20260728-S003-P027,2026-07-28,S003,P027,15,8840.7
SALE-20260728-S003-P028,2026-07-28,S003,P028,1,55.67
SALE-20260728-S003-P029,2026-07-28,S003,P029,14,3291.82
SALE-20260728-S003-P030,2026-07-28,S003,P030,5,1153.3
SALE-20260728-S003-P031,2026-07-28,S003,P031,6,1748.52
SALE-20260728-S003-P032,2026-07-28,S003,P032,5,3133.0
SALE-20260728-S003-P033,2026-07-28,S003,P033,9,6074.19
SALE-20260728-S003-P034,2026-07-28,S003,P034,4,677.56
SALE-20260728-S003-P035,2026-07-28,S003,P035,10,1225.8
SALE-20260728-S003-P036,2026-07-28,S003,P036,2,374.78
SALE-20260728-S003-P037,2026-07-28,S003,P037,9,1686.15
SALE-20260728-S003-P038,2026-07-28,S003,P038,5,1934.15
SALE-20260728-S003-P039,2026-07-28,S003,P039,2,1268.2
SALE-20260728-S003-P040,2026-07-28,S003,P040,11,1771.55
SALE-20260728-S003-P041,2026-07-28,S003,P041,4,3937.56
SALE-20260728-S003-P042,2026-07-28,S003,P042,17,18164.33
SALE-20260728-S003-P043,2026-07-28,S003,P043,17,12487.52
SALE-20260728-S003-P044,2026-07-28,S003,P044,2,269.9
SALE-20260728-S003-P045,2026-07-28,S003,P045,15,6684.75
SALE-20260728-S003-P046,2026-07-28,S003,P046,8,4447.44
SALE-20260728-S003-P047,2026-07-28,S003,P047,8,7543.92
SALE-20260728-S003-P048,2026-07-28,S003,P048,4,1895.12
SALE-20260728-S003-P049,2026-07-28,S003,P049,7,4442.62
SALE-20260729-S001-P001,2026-07-29,S001,P001,4,3155.44
SALE-20260729-S001-P002,2026-07-29,S001,P002,1,649.15
SALE-20260729-S001-P003,2026-07-29,S001,P003,3,3212.61
SALE-20260729-S001-P004,2026-07-29,S001,P004,5,760.75
SALE-20260729-S001-P005,2026-07-29,S001,P005,11,4849.9
SALE-20260729-S001-P006,2026-07-29,S001,P006,2,1675.98
SALE-20260729-S001-P007,2026-07-29,S001,P007,19,4883.38
SALE-20260729-S001-P008,2026-07-29,S001,P008,7,6189.05
SALE-20260729-S001-P009,2026-07-29,S001,P009,8,6049.52
SALE-20260729-S001-P010,2026-07-29,S001,P010,6,5920.2
SALE-20260729-S001-P011,2026-07-29,S001,P011,4,875.6
SALE-20260729-S001-P012,2026-07-29,S001,P012,8,1510.64
SALE-20260729-S001-P013,2026-07-29,S001,P013,10,8648.8
SALE-20260729-S001-P014,2026-07-29,S001,P014,13,5120.83
SALE-20260729-S001-P015,2026-07-29,S001,P015,1,195.12
SALE-20260729-S001-P016,2026-07-29,S001,P016,13,3434.21
SALE-20260729-S001-P017,2026-07-29,S001,P017,8,4027.92
SALE-20260729-S001-P018,2026-07-29,S001,P018,19,6986.3
SALE-20260729-S001-P019,2026-07-29,S001,P019,9,7274.43
SALE-20260729-S001-P020,2026-07-29,S001,P020,6,3864.66
SALE-20260729-S001-P021,2026-07-29,S001,P021,9,1777.23
SALE-20260729-S001-P022,2026-07-29,S001,P022,4,2914.16
SALE-20260729-S001-P023,2026-07-29,S001,P023,3,2399.1
SALE-20260729-S001-P024,2026-07-29,S001,P024,10,1494.0
SALE-20260729-S001-P025,2026-07-29,S001,P025,1,690.47
SALE-20260729-S001-P026,2026-07-29,S001,P026,8,6559.04
SALE-20260729-S001-P027,2026-07-29,S001,P027,11,6483.18
SALE-20260729-S001-P028,2026-07-29,S001,P028,3,167.01
SALE-20260729-S001-P029,2026-07-29,S001,P029,12,2821.56
SALE-20260729-S001-P030,2026-07-29,S001,P030,3,691.98
SALE-20260729-S001-P031,2026-07-29,S001,P031,8,2331.36
SALE-20260729-S001-P032,2026-07-29,S001,P032,4,2506.4
SALE-20260729-S001-P033,2026-07-29,S001,P033,10,6749.1
SALE-20260729-S001-P034,2026-07-29,S001,P034,12,2032.68
SALE-20260729-S001-P035,2026-07-29,S001,P035,13,1593.54
SALE-20260729-S001-P036,2026-07-29,S001,P036,4,749.56
SALE-20260729-S001-P037,2026-07-29,S001,P037,8,1498.8
SALE-20260729-S001-P038,2026-07-29,S001,P038,5,1934.15
SALE-20260729-S001-P039,2026-07-29,S001,P039,0,0.0
SALE-20260729-S001-P040,2026-07-29,S001,P040,7,1127.35
SALE-20260729-S001-P041,2026-07-29,S001,P041,6,5906.34
SALE-20260729-S001-P042,2026-07-29,S001,P042,9,9616.41
SALE-20260729-S001-P043,2026-07-29,S001,P043,13,9549.28
SALE-20260729-S001-P044,2026-07-29,S001,P044,6,809.7
SALE-20260729-S001-P045,2026-07-29,S001,P045,10,4456.5
SALE-20260729-S001-P046,2026-07-29,S001,P046,7,3891.51
SALE-20260729-S001-P047,2026-07-29,S001,P047,5,4714.95
SALE-20260729-S001-P048,2026-07-29,S001,P048,5,2368.9
SALE-20260729-S001-P049,2026-07-29,S001,P049,15,9519.9
SALE-20260729-S001-P050,2026-07-29,S001,P050,6,2342.28
SALE-20260729-S002-P001,2026-07-29,S002,P001,8,6310.88
SALE-20260729-S002-P002,2026-07-29,S002,P002,4,2596.6
SALE-20260729-S002-P003,2026-07-29,S002,P003,4,4283.48
SALE-20260729-S002-P004,2026-07-29,S002,P004,0,0.0
SALE-20260729-S002-P005,2026-07-29,S002,P005,6,2645.4
SALE-20260729-S002-P006,2026-07-29,S002,P006,5,4189.95
SALE-20260729-S002-P007,2026-07-29,S002,P007,0,0.0
SALE-20260729-S002-P008,2026-07-29,S002,P008,8,7073.2
SALE-20260729-S002-P009,2026-07-29,S002,P009,9,6805.71
SALE-20260729-S002-P010,2026-07-29,S002,P010,7,6906.9
SALE-20260729-S002-P011,2026-07-29,S002,P011,0,0.0
SALE-20260729-S002-P012,2026-07-29,S002,P012,18,3398.94
SALE-20260729-S002-P013,2026-07-29,S002,P013,11,9513.68
SALE-20260729-S002-P014,2026-07-29,S002,P014,11,4333.01
SALE-20260729-S002-P015,2026-07-29,S002,P015,2,390.24
SALE-20260729-S002-P016,2026-07-29,S002,P016,7,1849.19
SALE-20260729-S002-P017,2026-07-29,S002,P017,9,4531.41
SALE-20260729-S002-P018,2026-07-29,S002,P018,18,6618.6
SALE-20260729-S002-P019,2026-07-29,S002,P019,7,5657.89
SALE-20260729-S002-P020,2026-07-29,S002,P020,11,7085.21
SALE-20260729-S002-P021,2026-07-29,S002,P021,12,2369.64
SALE-20260729-S002-P022,2026-07-29,S002,P022,6,4371.24
SALE-20260729-S002-P023,2026-07-29,S002,P023,9,7197.3
SALE-20260729-S002-P024,2026-07-29,S002,P024,10,1494.0
SALE-20260729-S002-P025,2026-07-29,S002,P025,2,1380.94
SALE-20260729-S002-P026,2026-07-29,S002,P026,12,9838.56
SALE-20260729-S002-P027,2026-07-29,S002,P027,19,11198.22
SALE-20260729-S002-P028,2026-07-29,S002,P028,4,222.68
SALE-20260729-S002-P029,2026-07-29,S002,P029,8,1881.04
SALE-20260729-S002-P030,2026-07-29,S002,P030,1,230.66
SALE-20260729-S002-P031,2026-07-29,S002,P031,17,4954.14
SALE-20260729-S002-P032,2026-07-29,S002,P032,5,3133.0
SALE-20260729-S002-P033,2026-07-29,S002,P033,19,12823.29
SALE-20260729-S002-P034,2026-07-29,S002,P034,18,3049.02
SALE-20260729-S002-P035,2026-07-29,S002,P035,16,1961.28
SALE-20260729-S002-P036,2026-07-29,S002,P036,3,562.17
SALE-20260729-S002-P037,2026-07-29,S002,P037,14,2622.9
SALE-20260729-S002-P038,2026-07-29,S002,P038,5,1934.15
SALE-20260729-S002-P039,2026-07-29,S002,P039,3,1902.3
SALE-20260729-S002-P040,2026-07-29,S002,P040,11,1771.55
SALE-20260729-S002-P041,2026-07-29,S002,P041,11,10828.29
SALE-20260729-S002-P042,2026-07-29,S002,P042,12,12821.88
SALE-20260729-S002-P043,2026-07-29,S002,P043,17,12487.52
SALE-20260729-S002-P044,2026-07-29,S002,P044,8,1079.6
SALE-20260729-S002-P045,2026-07-29,S002,P045,16,7130.4
SALE-20260729-S002-P046,2026-07-29,S002,P046,6,3335.58
SALE-20260729-S002-P047,2026-07-29,S002,P047,12,11315.88
SALE-20260729-S002-P048,2026-07-29,S002,P048,5,2368.9
SALE-20260729-S002-P049,2026-07-29,S002,P049,17,10789.22
SALE-20260729-S002-P050,2026-07-29,S002,P050,4,1561.52
SALE-20260729-S003-P001,2026-07-29,S003,P001,10,7888.6
SALE-20260729-S003-P002,2026-07-29,S003,P002,3,1947.45
SALE-20260729-S003-P003,2026-07-29,S003,P003,6,6425.22
SALE-20260729-S003-P004,2026-07-29,S003,P004,1,152.15
SALE-20260729-S003-P005,2026-07-29,S003,P005,6,2645.4
SALE-20260729-S003-P006,2026-07-29,S003,P006,1,837.99
SALE-20260729-S003-P007,2026-07-29,S003,P007,10,2570.2
SALE-20260729-S003-P008,2026-07-29,S003,P008,5,4420.75
SALE-20260729-S003-P009,2026-07-29,S003,P009,6,4537.14
SALE-20260729-S003-P010,2026-07-29,S003,P010,7,6906.9
SALE-20260729-S003-P011,2026-07-29,S003,P011,1,218.9
SALE-20260729-S003-P012,2026-07-29,S003,P012,9,1699.47
SALE-20260729-S003-P013,2026-07-29,S003,P013,6,5189.28
SALE-20260729-S003-P014,2026-07-29,S003,P014,14,5514.74
SALE-20260729-S003-P015,2026-07-29,S003,P015,1,195.12
SALE-20260729-S003-P016,2026-07-29,S003,P016,7,1849.19
SALE-20260729-S003-P017,2026-07-29,S003,P017,9,4531.41
SALE-20260729-S003-P018,2026-07-29,S003,P018,14,5147.8
SALE-20260729-S003-P019,2026-07-29,S003,P019,7,5657.89
SALE-20260729-S003-P020,2026-07-29,S003,P020,7,4508.77
SALE-20260729-S003-P021,2026-07-29,S003,P021,6,1184.82
SALE-20260729-S003-P022,2026-07-29,S003,P022,5,3642.7
SALE-20260729-S003-P023,2026-07-29,S003,P023,9,7197.3
SALE-20260729-S003-P024,2026-07-29,S003,P024,6,896.4
SALE-20260729-S003-P025,2026-07-29,S003,P025,0,0.0
SALE-20260729-S003-P026,2026-07-29,S003,P026,9,7378.92
SALE-20260729-S003-P027,2026-07-29,S003,P027,13,7661.94
SALE-20260729-S003-P028,2026-07-29,S003,P028,3,167.01
SALE-20260729-S003-P029,2026-07-29,S003,P029,6,1410.78
SALE-20260729-S003-P030,2026-07-29,S003,P030,2,461.32
SALE-20260729-S003-P031,2026-07-29,S003,P031,11,3205.62
SALE-20260729-S003-P032,2026-07-29,S003,P032,3,1879.8
SALE-20260729-S003-P033,2026-07-29,S003,P033,3,2024.73
SALE-20260729-S003-P034,2026-07-29,S003,P034,9,1524.51
SALE-20260729-S003-P035,2026-07-29,S003,P035,5,612.9
SALE-20260729-S003-P036,2026-07-29,S003,P036,3,562.17
SALE-20260729-S003-P037,2026-07-29,S003,P037,9,1686.15
SALE-20260729-S003-P038,2026-07-29,S003,P038,3,1160.49
SALE-20260729-S003-P039,2026-07-29,S003,P039,1,634.1
SALE-20260729-S003-P040,2026-07-29,S003,P040,7,1127.35
SALE-20260729-S003-P041,2026-07-29,S003,P041,6,5906.34
SALE-20260729-S003-P042,2026-07-29,S003,P042,17,18164.33
SALE-20260729-S003-P043,2026-07-29,S003,P043,15,11018.4
SALE-20260729-S003-P044,2026-07-29,S003,P044,7,944.65
SALE-20260729-S003-P045,2026-07-29,S003,P045,12,5347.8
SALE-20260729-S003-P046,2026-07-29,S003,P046,10,5559.3
SALE-20260729-S003-P047,2026-07-29,S003,P047,5,4714.95
SALE-20260729-S003-P048,2026-07-29,S003,P048,6,2842.68
SALE-20260729-S003-P049,2026-07-29,S003,P049,11,6981.26
SALE-20260730-S001-P001,2026-07-30,S001,P001,3,2366.58
SALE-20260730-S001-P002,2026-07-30,S001,P002,6,3894.9
SALE-20260730-S001-P003,2026-07-30,S001,P003,4,4283.48
SALE-20260730-S001-P004,2026-07-30,S001,P004,0,0.0
SALE-20260730-S001-P005,2026-07-30,S001,P005,6,2645.4
SALE-20260730-S001-P006,2026-07-30,S001,P006,5,4189.95
SALE-20260730-S001-P007,2026-07-30,S001,P007,16,4112.32
SALE-20260730-S001-P008,2026-07-30,S001,P008,10,8841.5
SALE-20260730-S001-P009,2026-07-30,S001,P009,6,4537.14
SALE-20260730-S001-P010,2026-07-30,S001,P010,8,7893.6
SALE-20260730-S001-P011,2026-07-30,S001,P011,3,656.7
SALE-20260730-S001-P012,2026-07-30,S001,P012,8,1510.64
SALE-20260730-S001-P013,2026-07-30,S001,P013,14,12108.32
SALE-20260730-S001-P014,2026-07-30,S001,P014,16,6302.56
SALE-20260730-S001-P015,2026-07-30,S001,P015,2,390.24
SALE-20260730-S001-P016,2026-07-30,S001,P016,4,1056.68
SALE-20260730-S001-P017,2026-07-30,S001,P017,6,3020.94
SALE-20260730-S001-P018,2026-07-30,S001,P018,6,2206.2
SALE-20260730-S001-P019,2026-07-30,S001,P019,11,8890.97
SALE-20260730-S001-P020,2026-07-30,S001,P020,10,6441.1
SALE-20260730-S001-P021,2026-07-30,S001,P021,6,1184.82
SALE-20260730-S001-P022,2026-07-30,S001,P022,3,2185.62
SALE-20260730-S001-P023,2026-07-30,S001,P023,7,5597.9
SALE-20260730-S001-P024,2026-07-30,S001,P024,6,896.4
SALE-20260730-S001-P025,2026-07-30,S001,P025,0,0.0
SALE-20260730-S001-P026,2026-07-30,S001,P026,12,9838.56
SALE-20260730-S001-P027,2026-07-30,S001,P027,12,7072.56
SALE-20260730-S001-P028,2026-07-30,S001,P028,4,222.68
SALE-20260730-S001-P029,2026-07-30,S001,P029,5,1175.65
SALE-20260730-S001-P030,2026-07-30,S001,P030,5,1153.3
SALE-20260730-S001-P031,2026-07-30,S001,P031,9,2622.78
SALE-20260730-S001-P032,2026-07-30,S001,P032,4,2506.4
SALE-20260730-S001-P033,2026-07-30,S001,P033,11,7424.01
SALE-20260730-S001-P034,2026-07-30,S001,P034,12,2032.68
SALE-20260730-S001-P035,2026-07-30,S001,P035,11,1348.38
SALE-20260730-S001-P036,2026-07-30,S001,P036,1,187.39
SALE-20260730-S001-P037,2026-07-30,S001,P037,12,2248.2
SALE-20260730-S001-P038,2026-07-30,S001,P038,5,1934.15
SALE-20260730-S001-P039,2026-07-30,S001,P039,4,2536.4
SALE-20260730-S001-P040,2026-07-30,S001,P040,16,2576.8
SALE-20260730-S001-P041,2026-07-30,S001,P041,11,10828.29
SALE-20260730-S001-P042,2026-07-30,S001,P042,15,16027.35
SALE-20260730-S001-P043,2026-07-30,S001,P043,15,11018.4
SALE-20260730-S001-P044,2026-07-30,S001,P044,6,809.7
SALE-20260730-S001-P045,2026-07-30,S001,P045,12,5347.8
SALE-20260730-S001-P046,2026-07-30,S001,P046,5,2779.65
SALE-20260730-S001-P047,2026-07-30,S001,P047,5,4714.95
SALE-20260730-S001-P048,2026-07-30,S001,P048,5,2368.9
SALE-20260730-S001-P049,2026-07-30,S001,P049,14,8885.24
SALE-20260730-S001-P050,2026-07-30,S001,P050,1,390.38
SALE-20260730-S002-P001,2026-07-30,S002,P001,7,5522.02
SALE-20260730-S002-P002,2026-07-30,S002,P002,7,4544.05
SALE-20260730-S002-P003,2026-07-30,S002,P003,5,5354.35
SALE-20260730-S002-P004,2026-07-30,S002,P004,1,152.15
SALE-20260730-S002-P005,2026-07-30,S002,P005,11,4849.9
SALE-20260730-S002-P006,2026-07-30,S002,P006,5,4189.95
SALE-20260730-S002-P007,2026-07-30,S002,P007,0,0.0
SALE-20260730-S002-P008,2026-07-30,S002,P008,10,8841.5
SALE-20260730-S002-P009,2026-07-30,S002,P009,12,9074.28
SALE-20260730-S002-P010,2026-07-30,S002,P010,14,13813.8
SALE-20260730-S002-P011,2026-07-30,S002,P011,0,0.0
SALE-20260730-S002-P012,2026-07-30,S002,P012,21,3965.43
SALE-20260730-S002-P013,2026-07-30,S002,P013,12,10378.56
SALE-20260730-S002-P014,2026-07-30,S002,P014,19,7484.29
SALE-20260730-S002-P015,2026-07-30,S002,P015,1,195.12
SALE-20260730-S002-P016,2026-07-30,S002,P016,8,2113.36
SALE-20260730-S002-P017,2026-07-30,S002,P017,14,7048.86
SALE-20260730-S002-P018,2026-07-30,S002,P018,18,6618.6
SALE-20260730-S002-P019,2026-07-30,S002,P019,11,8890.97
SALE-20260730-S002-P020,2026-07-30,S002,P020,8,5152.88
SALE-20260730-S002-P021,2026-07-30,S002,P021,3,592.41
SALE-20260730-S002-P022,2026-07-30,S002,P022,7,5099.78
SALE-20260730-S002-P023,2026-07-30,S002,P023,14,11195.8
SALE-20260730-S002-P024,2026-07-30,S002,P024,8,1195.2
SALE-20260730-S002-P025,2026-07-30,S002,P025,3,2071.41
SALE-20260730-S002-P026,2026-07-30,S002,P026,17,13937.96
SALE-20260730-S002-P027,2026-07-30,S002,P027,15,8840.7
SALE-20260730-S002-P028,2026-07-30,S002,P028,2,111.34
SALE-20260730-S002-P029,2026-07-30,S002,P029,12,2821.56
SALE-20260730-S002-P030,2026-07-30,S002,P030,2,461.32
SALE-20260730-S002-P031,2026-07-30,S002,P031,14,4079.88
SALE-20260730-S002-P032,2026-07-30,S002,P032,6,3759.6
SALE-20260730-S002-P033,2026-07-30,S002,P033,14,9448.74
SALE-20260730-S002-P034,2026-07-30,S002,P034,14,2371.46
SALE-20260730-S002-P035,2026-07-30,S002,P035,10,1225.8
SALE-20260730-S002-P036,2026-07-30,S002,P036,4,749.56
SALE-20260730-S002-P037,2026-07-30,S002,P037,16,2997.6
SALE-20260730-S002-P038,2026-07-30,S002,P038,7,2707.81
SALE-20260730-S002-P039,2026-07-30,S002,P039,4,2536.4
SALE-20260730-S002-P040,2026-07-30,S002,P040,7,1127.35
SALE-20260730-S002-P041,2026-07-30,S002,P041,7,6890.73
SALE-20260730-S002-P042,2026-07-30,S002,P042,12,12821.88
SALE-20260730-S002-P043,2026-07-30,S002,P043,20,14691.2
SALE-20260730-S002-P044,2026-07-30,S002,P044,4,539.8
SALE-20260730-S002-P045,2026-07-30,S002,P045,17,7576.05
SALE-20260730-S002-P046,2026-07-30,S002,P046,8,4447.44
SALE-20260730-S002-P047,2026-07-30,S002,P047,5,4714.95
SALE-20260730-S002-P048,2026-07-30,S002,P048,6,2842.68
SALE-20260730-S002-P049,2026-07-30,S002,P049,25,15866.5
SALE-20260730-S002-P050,2026-07-30,S002,P050,3,1171.14
SALE-20260730-S003-P001,2026-07-30,S003,P001,7,5522.02
SALE-20260730-S003-P002,2026-07-30,S003,P002,5,3245.75
SALE-20260730-S003-P003,2026-07-30,S003,P003,1,1070.87
SALE-20260730-S003-P004,2026-07-30,S003,P004,3,456.45
SALE-20260730-S003-P005,2026-07-30,S003,P005,10,4409.0
SALE-20260730-S003-P006,2026-07-30,S003,P006,0,0.0
SALE-20260730-S003-P007,2026-07-30,S003,P007,14,3598.28
SALE-20260730-S003-P008,2026-07-30,S003,P008,7,6189.05
SALE-20260730-S003-P009,2026-07-30,S003,P009,2,1512.38
SALE-20260730-S003-P010,2026-07-30,S003,P010,9,8880.3
SALE-20260730-S003-P011,2026-07-30,S003,P011,2,437.8
SALE-20260730-S003-P012,2026-07-30,S003,P012,15,2832.45
SALE-20260730-S003-P013,2026-07-30,S003,P013,11,9513.68
SALE-20260730-S003-P014,2026-07-30,S003,P014,5,1969.55
SALE-20260730-S003-P015,2026-07-30,S003,P015,1,195.12
SALE-20260730-S003-P016,2026-07-30,S003,P016,7,1849.19
SALE-20260730-S003-P017,2026-07-30,S003,P017,8,4027.92
SALE-20260730-S003-P018,2026-07-30,S003,P018,12,4412.4
SALE-20260730-S003-P019,2026-07-30,S003,P019,7,5657.89
SALE-20260730-S003-P020,2026-07-30,S003,P020,10,6441.1
SALE-20260730-S003-P021,2026-07-30,S003,P021,5,987.35
SALE-20260730-S003-P022,2026-07-30,S003,P022,6,4371.24
SALE-20260730-S003-P023,2026-07-30,S003,P023,3,2399.1
SALE-20260730-S003-P024,2026-07-30,S003,P024,7,1045.8
SALE-20260730-S003-P025,2026-07-30,S003,P025,1,690.47
SALE-20260730-S003-P026,2026-07-30,S003,P026,6,4919.28
SALE-20260730-S003-P027,2026-07-30,S003,P027,8,4715.04
SALE-20260730-S003-P028,2026-07-30,S003,P028,2,111.34
SALE-20260730-S003-P029,2026-07-30,S003,P029,11,2586.43
SALE-20260730-S003-P030,2026-07-30,S003,P030,4,922.64
SALE-20260730-S003-P031,2026-07-30,S003,P031,11,3205.62
SALE-20260730-S003-P032,2026-07-30,S003,P032,2,1253.2
SALE-20260730-S003-P033,2026-07-30,S003,P033,12,8098.92
SALE-20260730-S003-P034,2026-07-30,S003,P034,9,1524.51
SALE-20260730-S003-P035,2026-07-30,S003,P035,15,1838.7
SALE-20260730-S003-P036,2026-07-30,S003,P036,0,0.0
SALE-20260730-S003-P037,2026-07-30,S003,P037,16,2997.6
SALE-20260730-S003-P038,2026-07-30,S003,P038,2,773.66
SALE-20260730-S003-P039,2026-07-30,S003,P039,1,634.1
SALE-20260730-S003-P040,2026-07-30,S003,P040,7,1127.35
SALE-20260730-S003-P041,2026-07-30,S003,P041,6,5906.34
SALE-20260730-S003-P042,2026-07-30,S003,P042,13,13890.37
SALE-20260730-S003-P043,2026-07-30,S003,P043,13,9549.28
SALE-20260730-S003-P044,2026-07-30,S003,P044,8,1079.6
SALE-20260730-S003-P045,2026-07-30,S003,P045,11,4902.15
SALE-20260730-S003-P046,2026-07-30,S003,P046,7,3891.51
SALE-20260730-S003-P047,2026-07-30,S003,P047,10,9429.9
SALE-20260730-S003-P048,2026-07-30,S003,P048,2,947.56
SALE-20260730-S003-P049,2026-07-30,S003,P049,13,8250.58
SALE-20260731-S001-P001,2026-07-31,S001,P001,10,7888.6
SALE-20260731-S001-P002,2026-07-31,S001,P002,7,4544.05
SALE-20260731-S001-P003,2026-07-31,S001,P003,4,4283.48
SALE-20260731-S001-P004,2026-07-31,S001,P004,2,304.3
SALE-20260731-S001-P005,2026-07-31,S001,P005,12,5290.8
SALE-20260731-S001-P006,2026-07-31,S001,P006,5,4189.95
SALE-20260731-S001-P007,2026-07-31,S001,P007,10,2570.2
SALE-20260731-S001-P008,2026-07-31,S001,P008,7,6189.05
SALE-20260731-S001-P009,2026-07-31,S001,P009,5,3780.95
SALE-20260731-S001-P010,2026-07-31,S001,P010,11,10853.7
SALE-20260731-S001-P011,2026-07-31,S001,P011,1,218.9
SALE-20260731-S001-P012,2026-07-31,S001,P012,16,3021.28
SALE-20260731-S001-P013,2026-07-31,S001,P013,13,11243.44
SALE-20260731-S001-P014,2026-07-31,S001,P014,13,5120.83
SALE-20260731-S001-P015,2026-07-31,S001,P015,3,585.36
SALE-20260731-S001-P016,2026-07-31,S001,P016,12,3170.04
SALE-20260731-S001-P017,2026-07-31,S001,P017,9,4531.41
SALE-20260731-S001-P018,2026-07-31,S001,P018,18,6618.6
SALE-20260731-S001-P019,2026-07-31,S001,P019,7,5657.89
SALE-20260731-S001-P020,2026-07-31,S001,P020,7,4508.77
SALE-20260731-S001-P021,2026-07-31,S001,P021,6,1184.82
SALE-20260731-S001-P022,2026-07-31,S001,P022,7,5099.78
SALE-20260731-S001-P023,2026-07-31,S001,P023,10,7997.0
SALE-20260731-S001-P024,2026-07-31,S001,P024,11,1643.4
SALE-20260731-S001-P025,2026-07-31,S001,P025,3,2071.41
SALE-20260731-S001-P026,2026-07-31,S001,P026,14,11478.32
SALE-20260731-S001-P027,2026-07-31,S001,P027,10,5893.8
SALE-20260731-S001-P028,2026-07-31,S001,P028,3,167.01
SALE-20260731-S001-P029,2026-07-31,S001,P029,9,2116.17
SALE-20260731-S001-P030,2026-07-31,S001,P030,2,461.32
SALE-20260731-S001-P031,2026-07-31,S001,P031,11,3205.62
SALE-20260731-S001-P032,2026-07-31,S001,P032,3,1879.8
SALE-20260731-S001-P033,2026-07-31,S001,P033,12,8098.92
SALE-20260731-S001-P034,2026-07-31,S001,P034,10,1693.9
SALE-20260731-S001-P035,2026-07-31,S001,P035,18,2206.44
SALE-20260731-S001-P036,2026-07-31,S001,P036,3,562.17
SALE-20260731-S001-P037,2026-07-31,S001,P037,18,3372.3
SALE-20260731-S001-P038,2026-07-31,S001,P038,3,1160.49
SALE-20260731-S001-P039,2026-07-31,S001,P039,1,634.1
SALE-20260731-S001-P040,2026-07-31,S001,P040,5,805.25
SALE-20260731-S001-P041,2026-07-31,S001,P041,7,6890.73
SALE-20260731-S001-P042,2026-07-31,S001,P042,14,14958.86
SALE-20260731-S001-P043,2026-07-31,S001,P043,8,5876.48
SALE-20260731-S001-P044,2026-07-31,S001,P044,4,539.8
SALE-20260731-S001-P045,2026-07-31,S001,P045,14,6239.1
SALE-20260731-S001-P046,2026-07-31,S001,P046,4,2223.72
SALE-20260731-S001-P047,2026-07-31,S001,P047,13,12258.87
SALE-20260731-S001-P048,2026-07-31,S001,P048,7,3316.46
SALE-20260731-S001-P049,2026-07-31,S001,P049,17,10789.22
SALE-20260731-S001-P050,2026-07-31,S001,P050,1,390.38
SALE-20260731-S002-P001,2026-07-31,S002,P001,11,8677.46
SALE-20260731-S002-P002,2026-07-31,S002,P002,11,7140.65
SALE-20260731-S002-P003,2026-07-31,S002,P003,3,3212.61
SALE-20260731-S002-P004,2026-07-31,S002,P004,1,152.15
SALE-20260731-S002-P005,2026-07-31,S002,P005,8,3527.2
SALE-20260731-S002-P006,2026-07-31,S002,P006,4,3351.96
SALE-20260731-S002-P007,2026-07-31,S002,P007,0,0.0
SALE-20260731-S002-P008,2026-07-31,S002,P008,22,19451.3
SALE-20260731-S002-P009,2026-07-31,S002,P009,7,5293.33
SALE-20260731-S002-P010,2026-07-31,S002,P010,12,11840.4
SALE-20260731-S002-P011,2026-07-31,S002,P011,1,218.9
SALE-20260731-S002-P012,2026-07-31,S002,P012,16,3021.28
SALE-20260731-S002-P013,2026-07-31,S002,P013,7,6054.16
SALE-20260731-S002-P014,2026-07-31,S002,P014,11,4333.01
SALE-20260731-S002-P015,2026-07-31,S002,P015,2,390.24
SALE-20260731-S002-P016,2026-07-31,S002,P016,13,3434.21
SALE-20260731-S002-P017,2026-07-31,S002,P017,13,6545.37
SALE-20260731-S002-P018,2026-07-31,S002,P018,16,5883.2
SALE-20260731-S002-P019,2026-07-31,S002,P019,8,6466.16
SALE-20260731-S002-P020,2026-07-31,S002,P020,8,5152.88
SALE-20260731-S002-P021,2026-07-31,S002,P021,5,987.35
SALE-20260731-S002-P022,2026-07-31,S002,P022,6,4371.24
SALE-20260731-S002-P023,2026-07-31,S002,P023,10,7997.0
SALE-20260731-S002-P024,2026-07-31,S002,P024,15,2241.0
SALE-20260731-S002-P025,2026-07-31,S002,P025,0,0.0
SALE-20260731-S002-P026,2026-07-31,S002,P026,21,17217.48
SALE-20260731-S002-P027,2026-07-31,S002,P027,14,8251.32
SALE-20260731-S002-P028,2026-07-31,S002,P028,4,222.68
SALE-20260731-S002-P029,2026-07-31,S002,P029,10,2351.3
SALE-20260731-S002-P030,2026-07-31,S002,P030,2,461.32
SALE-20260731-S002-P031,2026-07-31,S002,P031,21,6119.82
SALE-20260731-S002-P032,2026-07-31,S002,P032,4,2506.4
SALE-20260731-S002-P033,2026-07-31,S002,P033,16,10798.56
SALE-20260731-S002-P034,2026-07-31,S002,P034,12,2032.68
SALE-20260731-S002-P035,2026-07-31,S002,P035,5,612.9
SALE-20260731-S002-P036,2026-07-31,S002,P036,1,187.39
SALE-20260731-S002-P037,2026-07-31,S002,P037,15,2810.25
SALE-20260731-S002-P038,2026-07-31,S002,P038,9,3481.47
SALE-20260731-S002-P039,2026-07-31,S002,P039,2,1268.2
SALE-20260731-S002-P040,2026-07-31,S002,P040,15,2415.75
SALE-20260731-S002-P041,2026-07-31,S002,P041,8,7875.12
SALE-20260731-S002-P042,2026-07-31,S002,P042,16,17095.84
SALE-20260731-S002-P043,2026-07-31,S002,P043,14,10283.84
SALE-20260731-S002-P044,2026-07-31,S002,P044,7,944.65
SALE-20260731-S002-P045,2026-07-31,S002,P045,18,8021.7
SALE-20260731-S002-P046,2026-07-31,S002,P046,5,2779.65
SALE-20260731-S002-P047,2026-07-31,S002,P047,5,4714.95
SALE-20260731-S002-P048,2026-07-31,S002,P048,4,1895.12
SALE-20260731-S002-P049,2026-07-31,S002,P049,24,15231.84
SALE-20260731-S002-P050,2026-07-31,S002,P050,4,1561.52
SALE-20260731-S003-P001,2026-07-31,S003,P001,6,4733.16
SALE-20260731-S003-P002,2026-07-31,S003,P002,3,1947.45
SALE-20260731-S003-P003,2026-07-31,S003,P003,3,3212.61
SALE-20260731-S003-P004,2026-07-31,S003,P004,2,304.3
SALE-20260731-S003-P005,2026-07-31,S003,P005,7,3086.3
SALE-20260731-S003-P006,2026-07-31,S003,P006,1,837.99
SALE-20260731-S003-P007,2026-07-31,S003,P007,12,3084.24
SALE-20260731-S003-P008,2026-07-31,S003,P008,7,6189.05
SALE-20260731-S003-P009,2026-07-31,S003,P009,7,5293.33
SALE-20260731-S003-P010,2026-07-31,S003,P010,9,8880.3
SALE-20260731-S003-P011,2026-07-31,S003,P011,2,437.8
SALE-20260731-S003-P012,2026-07-31,S003,P012,16,3021.28
SALE-20260731-S003-P013,2026-07-31,S003,P013,4,3459.52
SALE-20260731-S003-P014,2026-07-31,S003,P014,6,2363.46
SALE-20260731-S003-P015,2026-07-31,S003,P015,5,975.6
SALE-20260731-S003-P016,2026-07-31,S003,P016,5,1320.85
SALE-20260731-S003-P017,2026-07-31,S003,P017,5,2517.45
SALE-20260731-S003-P018,2026-07-31,S003,P018,12,4412.4
SALE-20260731-S003-P019,2026-07-31,S003,P019,6,4849.62
SALE-20260731-S003-P020,2026-07-31,S003,P020,9,5796.99
SALE-20260731-S003-P021,2026-07-31,S003,P021,3,592.41
SALE-20260731-S003-P022,2026-07-31,S003,P022,4,2914.16
SALE-20260731-S003-P023,2026-07-31,S003,P023,2,1599.4
SALE-20260731-S003-P024,2026-07-31,S003,P024,6,896.4
SALE-20260731-S003-P025,2026-07-31,S003,P025,0,0.0
SALE-20260731-S003-P026,2026-07-31,S003,P026,11,9018.68
SALE-20260731-S003-P027,2026-07-31,S003,P027,14,8251.32
SALE-20260731-S003-P028,2026-07-31,S003,P028,5,278.35
SALE-20260731-S003-P029,2026-07-31,S003,P029,10,2351.3
SALE-20260731-S003-P030,2026-07-31,S003,P030,5,1153.3
SALE-20260731-S003-P031,2026-07-31,S003,P031,9,2622.78
SALE-20260731-S003-P032,2026-07-31,S003,P032,3,1879.8
SALE-20260731-S003-P033,2026-07-31,S003,P033,6,4049.46
SALE-20260731-S003-P034,2026-07-31,S003,P034,5,846.95
SALE-20260731-S003-P035,2026-07-31,S003,P035,5,612.9
SALE-20260731-S003-P036,2026-07-31,S003,P036,1,187.39
SALE-20260731-S003-P037,2026-07-31,S003,P037,11,2060.85
SALE-20260731-S003-P038,2026-07-31,S003,P038,5,1934.15
SALE-20260731-S003-P039,2026-07-31,S003,P039,2,1268.2
SALE-20260731-S003-P040,2026-07-31,S003,P040,10,1610.5
SALE-20260731-S003-P041,2026-07-31,S003,P041,3,2953.17
SALE-20260731-S003-P042,2026-07-31,S003,P042,11,11753.39
SALE-20260731-S003-P043,2026-07-31,S003,P043,12,8814.72
SALE-20260731-S003-P044,2026-07-31,S003,P044,8,1079.6
SALE-20260731-S003-P045,2026-07-31,S003,P045,16,7130.4
SALE-20260731-S003-P046,2026-07-31,S003,P046,5,2779.65
SALE-20260731-S003-P047,2026-07-31,S003,P047,3,2828.97
SALE-20260731-S003-P048,2026-07-31,S003,P048,5,2368.9
SALE-20260731-S003-P049,2026-07-31,S003,P049,18,11423.88
SALE-20260801-S001-P001,2026-08-01,S001,P001,18,14199.48
SALE-20260801-S001-P002,2026-08-01,S001,P002,9,5842.35
SALE-20260801-S001-P003,2026-08-01,S001,P003,1,1070.87
SALE-20260801-S001-P004,2026-08-01,S001,P004,6,912.9
SALE-20260801-S001-P005,2026-08-01,S001,P005,10,4409.0
SALE-20260801-S001-P006,2026-08-01,S001,P006,6,5027.94
SALE-20260801-S001-P007,2026-08-01,S001,P007,13,3341.26
SALE-20260801-S001-P008,2026-08-01,S001,P008,10,8841.5
SALE-20260801-S001-P009,2026-08-01,S001,P009,4,3024.76
SALE-20260801-S001-P010,2026-08-01,S001,P010,6,5920.2
SALE-20260801-S001-P011,2026-08-01,S001,P011,5,1094.5
SALE-20260801-S001-P012,2026-08-01,S001,P012,20,3776.6
SALE-20260801-S001-P013,2026-08-01,S001,P013,7,6054.16
SALE-20260801-S001-P014,2026-08-01,S001,P014,11,4333.01
SALE-20260801-S001-P015,2026-08-01,S001,P015,1,195.12
SALE-20260801-S001-P016,2026-08-01,S001,P016,10,2641.7
SALE-20260801-S001-P017,2026-08-01,S001,P017,13,6545.37
SALE-20260801-S001-P018,2026-08-01,S001,P018,10,3677.0
SALE-20260801-S001-P019,2026-08-01,S001,P019,10,8082.7
SALE-20260801-S001-P020,2026-08-01,S001,P020,12,7729.32
SALE-20260801-S001-P021,2026-08-01,S001,P021,6,1184.82
SALE-20260801-S001-P022,2026-08-01,S001,P022,6,4371.24
SALE-20260801-S001-P023,2026-08-01,S001,P023,9,7197.3
SALE-20260801-S001-P024,2026-08-01,S001,P024,4,597.6
SALE-20260801-S001-P025,2026-08-01,S001,P025,0,0.0
SALE-20260801-S001-P026,2026-08-01,S001,P026,11,9018.68
SALE-20260801-S001-P027,2026-08-01,S001,P027,11,6483.18
SALE-20260801-S001-P028,2026-08-01,S001,P028,2,111.34
SALE-20260801-S001-P029,2026-08-01,S001,P029,9,2116.17
SALE-20260801-S001-P030,2026-08-01,S001,P030,5,1153.3
SALE-20260801-S001-P031,2026-08-01,S001,P031,13,3788.46
SALE-20260801-S001-P032,2026-08-01,S001,P032,8,5012.8
SALE-20260801-S001-P033,2026-08-01,S001,P033,11,7424.01
SALE-20260801-S001-P034,2026-08-01,S001,P034,15,2540.85
SALE-20260801-S001-P035,2026-08-01,S001,P035,11,1348.38
SALE-20260801-S001-P036,2026-08-01,S001,P036,4,749.56
SALE-20260801-S001-P037,2026-08-01,S001,P037,15,2810.25
SALE-20260801-S001-P038,2026-08-01,S001,P038,1,386.83
SALE-20260801-S001-P039,2026-08-01,S001,P039,1,634.1
SALE-20260801-S001-P040,2026-08-01,S001,P040,9,1449.45
SALE-20260801-S001-P041,2026-08-01,S001,P041,13,12797.07
SALE-20260801-S001-P042,2026-08-01,S001,P042,15,16027.35
SALE-20260801-S001-P043,2026-08-01,S001,P043,13,9549.28
SALE-20260801-S001-P044,2026-08-01,S001,P044,9,1214.55
SALE-20260801-S001-P045,2026-08-01,S001,P045,10,4456.5
SALE-20260801-S001-P046,2026-08-01,S001,P046,3,1667.79
SALE-20260801-S001-P047,2026-08-01,S001,P047,6,5657.94
SALE-20260801-S001-P048,2026-08-01,S001,P048,12,5685.36
SALE-20260801-S001-P049,2026-08-01,S001,P049,15,9519.9
SALE-20260801-S001-P050,2026-08-01,S001,P050,3,1171.14
SALE-20260801-S002-P001,2026-08-01,S002,P001,7,5522.02
SALE-20260801-S002-P002,2026-08-01,S002,P002,6,3894.9
SALE-20260801-S002-P003,2026-08-01,S002,P003,7,7496.09
SALE-20260801-S002-P004,2026-08-01,S002,P004,2,304.3
SALE-20260801-S002-P005,2026-08-01,S002,P005,8,3527.2
SALE-20260801-S002-P006,2026-08-01,S002,P006,3,2513.97
SALE-20260801-S002-P007,2026-08-01,S002,P007,0,0.0
SALE-20260801-S002-P008,2026-08-01,S002,P008,11,9725.65
SALE-20260801-S002-P009,2026-08-01,S002,P009,14,10586.66
SALE-20260801-S002-P010,2026-08-01,S002,P010,14,13813.8
SALE-20260801-S002-P011,2026-08-01,S002,P011,4,875.6
SALE-20260801-S002-P012,2026-08-01,S002,P012,22,4154.26
SALE-20260801-S002-P013,2026-08-01,S002,P013,16,13838.08
SALE-20260801-S002-P014,2026-08-01,S002,P014,18,7090.38
SALE-20260801-S002-P015,2026-08-01,S002,P015,5,975.6
SALE-20260801-S002-P016,2026-08-01,S002,P016,7,1849.19
SALE-20260801-S002-P017,2026-08-01,S002,P017,8,4027.92
SALE-20260801-S002-P018,2026-08-01,S002,P018,13,4780.1
SALE-20260801-S002-P019,2026-08-01,S002,P019,18,14548.86
SALE-20260801-S002-P020,2026-08-01,S002,P020,8,5152.88
SALE-20260801-S002-P021,2026-08-01,S002,P021,6,1184.82
SALE-20260801-S002-P022,2026-08-01,S002,P022,11,8013.94
SALE-20260801-S002-P023,2026-08-01,S002,P023,15,11995.5
SALE-20260801-S002-P024,2026-08-01,S002,P024,8,1195.2
SALE-20260801-S002-P025,2026-08-01,S002,P025,2,1380.94
SALE-20260801-S002-P026,2026-08-01,S002,P026,16,13118.08
SALE-20260801-S002-P027,2026-08-01,S002,P027,22,12966.36
SALE-20260801-S002-P028,2026-08-01,S002,P028,4,222.68
SALE-20260801-S002-P029,2026-08-01,S002,P029,14,3291.82
SALE-20260801-S002-P030,2026-08-01,S002,P030,5,1153.3
SALE-20260801-S002-P031,2026-08-01,S002,P031,14,4079.88
SALE-20260801-S002-P032,2026-08-01,S002,P032,13,8145.8
SALE-20260801-S002-P033,2026-08-01,S002,P033,20,13498.2
SALE-20260801-S002-P034,2026-08-01,S002,P034,9,1524.51
SALE-20260801-S002-P035,2026-08-01,S002,P035,21,2574.18
SALE-20260801-S002-P036,2026-08-01,S002,P036,3,562.17
SALE-20260801-S002-P037,2026-08-01,S002,P037,13,2435.55
SALE-20260801-S002-P038,2026-08-01,S002,P038,8,3094.64
SALE-20260801-S002-P039,2026-08-01,S002,P039,4,2536.4
SALE-20260801-S002-P040,2026-08-01,S002,P040,8,1288.4
SALE-20260801-S002-P041,2026-08-01,S002,P041,4,3937.56
SALE-20260801-S002-P042,2026-08-01,S002,P042,25,26712.25
SALE-20260801-S002-P043,2026-08-01,S002,P043,12,8814.72
SALE-20260801-S002-P044,2026-08-01,S002,P044,8,1079.6
SALE-20260801-S002-P045,2026-08-01,S002,P045,18,8021.7
SALE-20260801-S002-P046,2026-08-01,S002,P046,9,5003.37
SALE-20260801-S002-P047,2026-08-01,S002,P047,8,7543.92
SALE-20260801-S002-P048,2026-08-01,S002,P048,9,4264.02
SALE-20260801-S002-P049,2026-08-01,S002,P049,18,11423.88
SALE-20260801-S002-P050,2026-08-01,S002,P050,3,1171.14
SALE-20260801-S003-P001,2026-08-01,S003,P001,7,5522.02
SALE-20260801-S003-P002,2026-08-01,S003,P002,5,3245.75
SALE-20260801-S003-P003,2026-08-01,S003,P003,4,4283.48
SALE-20260801-S003-P004,2026-08-01,S003,P004,2,304.3
SALE-20260801-S003-P005,2026-08-01,S003,P005,6,2645.4
SALE-20260801-S003-P006,2026-08-01,S003,P006,4,3351.96
SALE-20260801-S003-P007,2026-08-01,S003,P007,9,2313.18
SALE-20260801-S003-P008,2026-08-01,S003,P008,8,7073.2
SALE-20260801-S003-P009,2026-08-01,S003,P009,4,3024.76
SALE-20260801-S003-P010,2026-08-01,S003,P010,11,10853.7
SALE-20260801-S003-P011,2026-08-01,S003,P011,2,437.8
SALE-20260801-S003-P012,2026-08-01,S003,P012,12,2265.96
SALE-20260801-S003-P013,2026-08-01,S003,P013,9,7783.92
SALE-20260801-S003-P014,2026-08-01,S003,P014,10,3939.1
SALE-20260801-S003-P015,2026-08-01,S003,P015,5,975.6
SALE-20260801-S003-P016,2026-08-01,S003,P016,6,1585.02
SALE-20260801-S003-P017,2026-08-01,S003,P017,4,2013.96
SALE-20260801-S003-P018,2026-08-01,S003,P018,14,5147.8
SALE-20260801-S003-P019,2026-08-01,S003,P019,10,8082.7
SALE-20260801-S003-P020,2026-08-01,S003,P020,14,9017.54
SALE-20260801-S003-P021,2026-08-01,S003,P021,4,789.88
SALE-20260801-S003-P022,2026-08-01,S003,P022,11,8013.94
SALE-20260801-S003-P023,2026-08-01,S003,P023,9,7197.3
SALE-20260801-S003-P024,2026-08-01,S003,P024,3,448.2
SALE-20260801-S003-P025,2026-08-01,S003,P025,0,0.0
SALE-20260801-S003-P026,2026-08-01,S003,P026,18,14757.84
SALE-20260801-S003-P027,2026-08-01,S003,P027,18,10608.84
SALE-20260801-S003-P028,2026-08-01,S003,P028,4,222.68
SALE-20260801-S003-P029,2026-08-01,S003,P029,5,1175.65
SALE-20260801-S003-P030,2026-08-01,S003,P030,2,461.32
SALE-20260801-S003-P031,2026-08-01,S003,P031,11,3205.62
SALE-20260801-S003-P032,2026-08-01,S003,P032,4,2506.4
SALE-20260801-S003-P033,2026-08-01,S003,P033,12,8098.92
SALE-20260801-S003-P034,2026-08-01,S003,P034,15,2540.85
SALE-20260801-S003-P035,2026-08-01,S003,P035,17,2083.86
SALE-20260801-S003-P036,2026-08-01,S003,P036,1,187.39
SALE-20260801-S003-P037,2026-08-01,S003,P037,7,1311.45
SALE-20260801-S003-P038,2026-08-01,S003,P038,1,386.83
SALE-20260801-S003-P039,2026-08-01,S003,P039,1,634.1
SALE-20260801-S003-P040,2026-08-01,S003,P040,6,966.3
SALE-20260801-S003-P041,2026-08-01,S003,P041,5,4921.95
SALE-20260801-S003-P042,2026-08-01,S003,P042,15,16027.35
SALE-20260801-S003-P043,2026-08-01,S003,P043,11,8080.16
SALE-20260801-S003-P044,2026-08-01,S003,P044,7,944.65
SALE-20260801-S003-P045,2026-08-01,S003,P045,20,8913.0
SALE-20260801-S003-P046,2026-08-01,S003,P046,7,3891.51
SALE-20260801-S003-P047,2026-08-01,S003,P047,5,4714.95
SALE-20260801-S003-P048,2026-08-01,S003,P048,5,2368.9
SALE-20260801-S003-P049,2026-08-01,S003,P049,16,10154.56
SALE-20260802-S001-P001,2026-08-02,S001,P001,14,11044.04
SALE-20260802-S001-P002,2026-08-02,S001,P002,7,4544.05
SALE-20260802-S001-P003,2026-08-02,S001,P003,5,5354.35
SALE-20260802-S001-P004,2026-08-02,S001,P004,1,152.15
SALE-20260802-S001-P005,2026-08-02,S001,P005,13,5731.7
SALE-20260802-S001-P006,2026-08-02,S001,P006,5,4189.95
SALE-20260802-S001-P007,2026-08-02,S001,P007,21,5397.42
SALE-20260802-S001-P008,2026-08-02,S001,P008,11,9725.65
SALE-20260802-S001-P009,2026-08-02,S001,P009,8,6049.52
SALE-20260802-S001-P010,2026-08-02,S001,P010,8,7893.6
SALE-20260802-S001-P011,2026-08-02,S001,P011,3,656.7
SALE-20260802-S001-P012,2026-08-02,S001,P012,18,3398.94
SALE-20260802-S001-P013,2026-08-02,S001,P013,13,11243.44
SALE-20260802-S001-P014,2026-08-02,S001,P014,9,3545.19
SALE-20260802-S001-P015,2026-08-02,S001,P015,2,390.24
SALE-20260802-S001-P016,2026-08-02,S001,P016,7,1849.19
SALE-20260802-S001-P017,2026-08-02,S001,P017,8,4027.92
SALE-20260802-S001-P018,2026-08-02,S001,P018,16,5883.2
SALE-20260802-S001-P019,2026-08-02,S001,P019,13,10507.51
SALE-20260802-S001-P020,2026-08-02,S001,P020,8,5152.88
SALE-20260802-S001-P021,2026-08-02,S001,P021,5,987.35
SALE-20260802-S001-P022,2026-08-02,S001,P022,6,4371.24
SALE-20260802-S001-P023,2026-08-02,S001,P023,10,7997.0
SALE-20260802-S001-P024,2026-08-02,S001,P024,17,2539.8
SALE-20260802-S001-P025,2026-08-02,S001,P025,3,2071.41
SALE-20260802-S001-P026,2026-08-02,S001,P026,18,14757.84
SALE-20260802-S001-P027,2026-08-02,S001,P027,22,12966.36
SALE-20260802-S001-P028,2026-08-02,S001,P028,2,111.34
SALE-20260802-S001-P029,2026-08-02,S001,P029,12,2821.56
SALE-20260802-S001-P030,2026-08-02,S001,P030,7,1614.62
SALE-20260802-S001-P031,2026-08-02,S001,P031,15,4371.3
SALE-20260802-S001-P032,2026-08-02,S001,P032,5,3133.0
SALE-20260802-S001-P033,2026-08-02,S001,P033,14,9448.74
SALE-20260802-S001-P034,2026-08-02,S001,P034,14,2371.46
SALE-20260802-S001-P035,2026-08-02,S001,P035,15,1838.7
SALE-20260802-S001-P036,2026-08-02,S001,P036,2,374.78
SALE-20260802-S001-P037,2026-08-02,S001,P037,17,3184.95
SALE-20260802-S001-P038,2026-08-02,S001,P038,7,2707.81
SALE-20260802-S001-P039,2026-08-02,S001,P039,1,634.1
SALE-20260802-S001-P040,2026-08-02,S001,P040,11,1771.55
SALE-20260802-S001-P041,2026-08-02,S001,P041,5,4921.95
SALE-20260802-S001-P042,2026-08-02,S001,P042,12,12821.88
SALE-20260802-S001-P043,2026-08-02,S001,P043,17,12487.52
SALE-20260802-S001-P044,2026-08-02,S001,P044,3,404.85
SALE-20260802-S001-P045,2026-08-02,S001,P045,13,5793.45
SALE-20260802-S001-P046,2026-08-02,S001,P046,9,5003.37
SALE-20260802-S001-P047,2026-08-02,S001,P047,11,10372.89
SALE-20260802-S001-P048,2026-08-02,S001,P048,5,2368.9
SALE-20260802-S001-P049,2026-08-02,S001,P049,16,10154.56
SALE-20260802-S001-P050,2026-08-02,S001,P050,4,1561.52
SALE-20260802-S002-P001,2026-08-02,S002,P001,4,3155.44
SALE-20260802-S002-P002,2026-08-02,S002,P002,9,5842.35
SALE-20260802-S002-P003,2026-08-02,S002,P003,6,6425.22
SALE-20260802-S002-P004,2026-08-02,S002,P004,0,0.0
SALE-20260802-S002-P005,2026-08-02,S002,P005,17,7495.3
SALE-20260802-S002-P006,2026-08-02,S002,P006,3,2513.97
SALE-20260802-S002-P007,2026-08-02,S002,P007,0,0.0
SALE-20260802-S002-P008,2026-08-02,S002,P008,9,7957.35
SALE-20260802-S002-P009,2026-08-02,S002,P009,8,6049.52
SALE-20260802-S002-P010,2026-08-02,S002,P010,15,14800.5
SALE-20260802-S002-P011,2026-08-02,S002,P011,1,218.9
SALE-20260802-S002-P012,2026-08-02,S002,P012,14,2643.62
SALE-20260802-S002-P013,2026-08-02,S002,P013,12,10378.56
SALE-20260802-S002-P014,2026-08-02,S002,P014,22,8666.02
SALE-20260802-S002-P015,2026-08-02,S002,P015,2,390.24
SALE-20260802-S002-P016,2026-08-02,S002,P016,9,2377.53
SALE-20260802-S002-P017,2026-08-02,S002,P017,7,3524.43
SALE-20260802-S002-P018,2026-08-02,S002,P018,17,6250.9
SALE-20260802-S002-P019,2026-08-02,S002,P019,11,8890.97
SALE-20260802-S002-P020,2026-08-02,S002,P020,6,3864.66
SALE-20260802-S002-P021,2026-08-02,S002,P021,4,789.88
SALE-20260802-S002-P022,2026-08-02,S002,P022,7,5099.78
SALE-20260802-S002-P023,2026-08-02,S002,P023,11,8796.7
SALE-20260802-S002-P024,2026-08-02,S002,P024,16,2390.4
SALE-20260802-S002-P025,2026-08-02,S002,P025,1,690.47
SALE-20260802-S002-P026,2026-08-02,S002,P026,23,18857.24
SALE-20260802-S002-P027,2026-08-02,S002,P027,13,7661.94
SALE-20260802-S002-P028,2026-08-02,S002,P028,6,334.02
SALE-20260802-S002-P029,2026-08-02,S002,P029,12,2821.56
SALE-20260802-S002-P030,2026-08-02,S002,P030,3,691.98
SALE-20260802-S002-P031,2026-08-02,S002,P031,13,3788.46
SALE-20260802-S002-P032,2026-08-02,S002,P032,9,5639.4
SALE-20260802-S002-P033,2026-08-02,S002,P033,14,9448.74
SALE-20260802-S002-P034,2026-08-02,S002,P034,9,1524.51
SALE-20260802-S002-P035,2026-08-02,S002,P035,15,1838.7
SALE-20260802-S002-P036,2026-08-02,S002,P036,2,374.78
SALE-20260802-S002-P037,2026-08-02,S002,P037,18,3372.3
SALE-20260802-S002-P038,2026-08-02,S002,P038,7,2707.81
SALE-20260802-S002-P039,2026-08-02,S002,P039,2,1268.2
SALE-20260802-S002-P040,2026-08-02,S002,P040,18,2898.9
SALE-20260802-S002-P041,2026-08-02,S002,P041,8,7875.12
SALE-20260802-S002-P042,2026-08-02,S002,P042,10,10684.9
SALE-20260802-S002-P043,2026-08-02,S002,P043,14,10283.84
SALE-20260802-S002-P044,2026-08-02,S002,P044,5,674.75
SALE-20260802-S002-P045,2026-08-02,S002,P045,22,9804.3
SALE-20260802-S002-P046,2026-08-02,S002,P046,6,3335.58
SALE-20260802-S002-P047,2026-08-02,S002,P047,12,11315.88
SALE-20260802-S002-P048,2026-08-02,S002,P048,4,1895.12
SALE-20260802-S002-P049,2026-08-02,S002,P049,18,11423.88
SALE-20260802-S002-P050,2026-08-02,S002,P050,7,2732.66
SALE-20260802-S003-P001,2026-08-02,S003,P001,6,4733.16
SALE-20260802-S003-P002,2026-08-02,S003,P002,6,3894.9
SALE-20260802-S003-P003,2026-08-02,S003,P003,0,0.0
SALE-20260802-S003-P004,2026-08-02,S003,P004,2,304.3
SALE-20260802-S003-P005,2026-08-02,S003,P005,10,4409.0
SALE-20260802-S003-P006,2026-08-02,S003,P006,4,3351.96
SALE-20260802-S003-P007,2026-08-02,S003,P007,8,2056.16
SALE-20260802-S003-P008,2026-08-02,S003,P008,12,10609.8
SALE-20260802-S003-P009,2026-08-02,S003,P009,6,4537.14
SALE-20260802-S003-P010,2026-08-02,S003,P010,8,7893.6
SALE-20260802-S003-P011,2026-08-02,S003,P011,3,656.7
SALE-20260802-S003-P012,2026-08-02,S003,P012,6,1132.98
SALE-20260802-S003-P013,2026-08-02,S003,P013,2,1729.76
SALE-20260802-S003-P014,2026-08-02,S003,P014,5,1969.55
SALE-20260802-S003-P015,2026-08-02,S003,P015,2,390.24
SALE-20260802-S003-P016,2026-08-02,S003,P016,8,2113.36
SALE-20260802-S003-P017,2026-08-02,S003,P017,7,3524.43
SALE-20260802-S003-P018,2026-08-02,S003,P018,15,5515.5
SALE-20260802-S003-P019,2026-08-02,S003,P019,6,4849.62
SALE-20260802-S003-P020,2026-08-02,S003,P020,5,3220.55
SALE-20260802-S003-P021,2026-08-02,S003,P021,5,987.35
SALE-20260802-S003-P022,2026-08-02,S003,P022,1,728.54
SALE-20260802-S003-P023,2026-08-02,S003,P023,6,4798.2
SALE-20260802-S003-P024,2026-08-02,S003,P024,9,1344.6
SALE-20260802-S003-P025,2026-08-02,S003,P025,4,2761.88
SALE-20260802-S003-P026,2026-08-02,S003,P026,7,5739.16
SALE-20260802-S003-P027,2026-08-02,S003,P027,10,5893.8
SALE-20260802-S003-P028,2026-08-02,S003,P028,5,278.35
SALE-20260802-S003-P029,2026-08-02,S003,P029,6,1410.78
SALE-20260802-S003-P030,2026-08-02,S003,P030,7,1614.62
SALE-20260802-S003-P031,2026-08-02,S003,P031,11,3205.62
SALE-20260802-S003-P032,2026-08-02,S003,P032,3,1879.8
SALE-20260802-S003-P033,2026-08-02,S003,P033,3,2024.73
SALE-20260802-S003-P034,2026-08-02,S003,P034,10,1693.9
SALE-20260802-S003-P035,2026-08-02,S003,P035,9,1103.22
SALE-20260802-S003-P036,2026-08-02,S003,P036,1,187.39
SALE-20260802-S003-P037,2026-08-02,S003,P037,7,1311.45
SALE-20260802-S003-P038,2026-08-02,S003,P038,3,1160.49
SALE-20260802-S003-P039,2026-08-02,S003,P039,2,1268.2
SALE-20260802-S003-P040,2026-08-02,S003,P040,9,1449.45
SALE-20260802-S003-P041,2026-08-02,S003,P041,5,4921.95
SALE-20260802-S003-P042,2026-08-02,S003,P042,7,7479.43
SALE-20260802-S003-P043,2026-08-02,S003,P043,11,8080.16
SALE-20260802-S003-P044,2026-08-02,S003,P044,7,944.65
SALE-20260802-S003-P045,2026-08-02,S003,P045,10,4456.5
SALE-20260802-S003-P046,2026-08-02,S003,P046,4,2223.72
SALE-20260802-S003-P047,2026-08-02,S003,P047,4,3771.96
SALE-20260802-S003-P048,2026-08-02,S003,P048,4,1895.12
SALE-20260802-S003-P049,2026-08-02,S003,P049,12,7615.92
SALE-20260803-S001-P001,2026-08-03,S001,P001,5,3944.3
SALE-20260803-S001-P002,2026-08-03,S001,P002,6,3894.9
SALE-20260803-S001-P003,2026-08-03,S001,P003,0,0.0
SALE-20260803-S001-P004,2026-08-03,S001,P004,5,760.75
SALE-20260803-S001-P005,2026-08-03,S001,P005,10,4409.0
SALE-20260803-S001-P006,2026-08-03,S001,P006,1,837.99
SALE-20260803-S001-P007,2026-08-03,S001,P007,12,3084.24
SALE-20260803-S001-P008,2026-08-03,S001,P008,15,13262.25
SALE-20260803-S001-P009,2026-08-03,S001,P009,6,4537.14
SALE-20260803-S001-P010,2026-08-03,S001,P010,10,9867.0
SALE-20260803-S001-P011,2026-08-03,S001,P011,1,218.9
SALE-20260803-S001-P012,2026-08-03,S001,P012,15,2832.45
SALE-20260803-S001-P013,2026-08-03,S001,P013,8,6919.04
SALE-20260803-S001-P014,2026-08-03,S001,P014,12,4726.92
SALE-20260803-S001-P015,2026-08-03,S001,P015,0,0.0
SALE-20260803-S001-P016,2026-08-03,S001,P016,6,1585.02
SALE-20260803-S001-P017,2026-08-03,S001,P017,14,7048.86
SALE-20260803-S001-P018,2026-08-03,S001,P018,16,5883.2
SALE-20260803-S001-P019,2026-08-03,S001,P019,9,7274.43
SALE-20260803-S001-P020,2026-08-03,S001,P020,7,4508.77
SALE-20260803-S001-P021,2026-08-03,S001,P021,7,1382.29
SALE-20260803-S001-P022,2026-08-03,S001,P022,10,7285.4
SALE-20260803-S001-P023,2026-08-03,S001,P023,14,11195.8
SALE-20260803-S001-P024,2026-08-03,S001,P024,6,896.4
SALE-20260803-S001-P025,2026-08-03,S001,P025,5,3452.35
SALE-20260803-S001-P026,2026-08-03,S001,P026,15,12298.2
SALE-20260803-S001-P027,2026-08-03,S001,P027,7,4125.66
SALE-20260803-S001-P028,2026-08-03,S001,P028,5,278.35
SALE-20260803-S001-P029,2026-08-03,S001,P029,4,940.52
SALE-20260803-S001-P030,2026-08-03,S001,P030,2,461.32
SALE-20260803-S001-P031,2026-08-03,S001,P031,15,4371.3
SALE-20260803-S001-P032,2026-08-03,S001,P032,4,2506.4
SALE-20260803-S001-P033,2026-08-03,S001,P033,12,8098.92
SALE-20260803-S001-P034,2026-08-03,S001,P034,9,1524.51
SALE-20260803-S001-P035,2026-08-03,S001,P035,14,1716.12
SALE-20260803-S001-P036,2026-08-03,S001,P036,3,562.17
SALE-20260803-S001-P037,2026-08-03,S001,P037,15,2810.25
SALE-20260803-S001-P038,2026-08-03,S001,P038,6,2320.98
SALE-20260803-S001-P039,2026-08-03,S001,P039,3,1902.3
SALE-20260803-S001-P040,2026-08-03,S001,P040,8,1288.4
SALE-20260803-S001-P041,2026-08-03,S001,P041,7,6890.73
SALE-20260803-S001-P042,2026-08-03,S001,P042,14,14958.86
SALE-20260803-S001-P043,2026-08-03,S001,P043,11,8080.16
SALE-20260803-S001-P044,2026-08-03,S001,P044,8,1079.6
SALE-20260803-S001-P045,2026-08-03,S001,P045,20,8913.0
SALE-20260803-S001-P046,2026-08-03,S001,P046,10,5559.3
SALE-20260803-S001-P047,2026-08-03,S001,P047,9,8486.91
SALE-20260803-S001-P048,2026-08-03,S001,P048,6,2842.68
SALE-20260803-S001-P049,2026-08-03,S001,P049,18,11423.88
SALE-20260803-S001-P050,2026-08-03,S001,P050,6,2342.28
SALE-20260803-S002-P001,2026-08-03,S002,P001,10,7888.6
SALE-20260803-S002-P002,2026-08-03,S002,P002,9,5842.35
SALE-20260803-S002-P003,2026-08-03,S002,P003,0,0.0
SALE-20260803-S002-P004,2026-08-03,S002,P004,0,0.0
SALE-20260803-S002-P005,2026-08-03,S002,P005,15,6613.5
SALE-20260803-S002-P006,2026-08-03,S002,P006,3,2513.97
SALE-20260803-S002-P007,2026-08-03,S002,P007,0,0.0
SALE-20260803-S002-P008,2026-08-03,S002,P008,9,7957.35
SALE-20260803-S002-P009,2026-08-03,S002,P009,6,4537.14
SALE-20260803-S002-P010,2026-08-03,S002,P010,7,6906.9
SALE-20260803-S002-P011,2026-08-03,S002,P011,0,0.0
SALE-20260803-S002-P012,2026-08-03,S002,P012,23,4343.09
SALE-20260803-S002-P013,2026-08-03,S002,P013,13,11243.44
SALE-20260803-S002-P014,2026-08-03,S002,P014,12,4726.92
SALE-20260803-S002-P015,2026-08-03,S002,P015,3,585.36
SALE-20260803-S002-P016,2026-08-03,S002,P016,12,3170.04
SALE-20260803-S002-P017,2026-08-03,S002,P017,7,3524.43
SALE-20260803-S002-P018,2026-08-03,S002,P018,19,6986.3
SALE-20260803-S002-P019,2026-08-03,S002,P019,22,17781.94
SALE-20260803-S002-P020,2026-08-03,S002,P020,16,10305.76
SALE-20260803-S002-P021,2026-08-03,S002,P021,9,1777.23
SALE-20260803-S002-P022,2026-08-03,S002,P022,13,9471.02
SALE-20260803-S002-P023,2026-08-03,S002,P023,10,7997.0
SALE-20260803-S002-P024,2026-08-03,S002,P024,10,1494.0
SALE-20260803-S002-P025,2026-08-03,S002,P025,2,1380.94
SALE-20260803-S002-P026,2026-08-03,S002,P026,15,12298.2
SALE-20260803-S002-P027,2026-08-03,S002,P027,27,15913.26
SALE-20260803-S002-P028,2026-08-03,S002,P028,3,167.01
SALE-20260803-S002-P029,2026-08-03,S002,P029,11,2586.43
SALE-20260803-S002-P030,2026-08-03,S002,P030,2,461.32
SALE-20260803-S002-P031,2026-08-03,S002,P031,14,4079.88
SALE-20260803-S002-P032,2026-08-03,S002,P032,10,6266.0
SALE-20260803-S002-P033,2026-08-03,S002,P033,17,11473.47
SALE-20260803-S002-P034,2026-08-03,S002,P034,10,1693.9
SALE-20260803-S002-P035,2026-08-03,S002,P035,18,2206.44
SALE-20260803-S002-P036,2026-08-03,S002,P036,7,1311.73
SALE-20260803-S002-P037,2026-08-03,S002,P037,19,3559.65
SALE-20260803-S002-P038,2026-08-03,S002,P038,10,3868.3
SALE-20260803-S002-P039,2026-08-03,S002,P039,0,0.0
SALE-20260803-S002-P040,2026-08-03,S002,P040,14,2254.7
SALE-20260803-S002-P041,2026-08-03,S002,P041,7,6890.73
SALE-20260803-S002-P042,2026-08-03,S002,P042,20,21369.8
SALE-20260803-S002-P043,2026-08-03,S002,P043,15,11018.4
SALE-20260803-S002-P044,2026-08-03,S002,P044,4,539.8
SALE-20260803-S002-P045,2026-08-03,S002,P045,22,9804.3
SALE-20260803-S002-P046,2026-08-03,S002,P046,10,5559.3
SALE-20260803-S002-P047,2026-08-03,S002,P047,12,11315.88
SALE-20260803-S002-P048,2026-08-03,S002,P048,3,1421.34
SALE-20260803-S002-P049,2026-08-03,S002,P049,24,15231.84
SALE-20260803-S002-P050,2026-08-03,S002,P050,8,3123.04
SALE-20260803-S003-P001,2026-08-03,S003,P001,7,5522.02
SALE-20260803-S003-P002,2026-08-03,S003,P002,7,4544.05
SALE-20260803-S003-P003,2026-08-03,S003,P003,2,2141.74
SALE-20260803-S003-P004,2026-08-03,S003,P004,5,760.75
SALE-20260803-S003-P005,2026-08-03,S003,P005,8,3527.2
SALE-20260803-S003-P006,2026-08-03,S003,P006,1,837.99
SALE-20260803-S003-P007,2026-08-03,S003,P007,8,2056.16
SALE-20260803-S003-P008,2026-08-03,S003,P008,7,6189.05
SALE-20260803-S003-P009,2026-08-03,S003,P009,8,6049.52
SALE-20260803-S003-P010,2026-08-03,S003,P010,1,986.7
SALE-20260803-S003-P011,2026-08-03,S003,P011,0,0.0
SALE-20260803-S003-P012,2026-08-03,S003,P012,8,1510.64
SALE-20260803-S003-P013,2026-08-03,S003,P013,9,7783.92
SALE-20260803-S003-P014,2026-08-03,S003,P014,10,3939.1
SALE-20260803-S003-P015,2026-08-03,S003,P015,6,1170.72
SALE-20260803-S003-P016,2026-08-03,S003,P016,6,1585.02
SALE-20260803-S003-P017,2026-08-03,S003,P017,6,3020.94
SALE-20260803-S003-P018,2026-08-03,S003,P018,12,4412.4
SALE-20260803-S003-P019,2026-08-03,S003,P019,8,6466.16
SALE-20260803-S003-P020,2026-08-03,S003,P020,9,5796.99
SALE-20260803-S003-P021,2026-08-03,S003,P021,4,789.88
SALE-20260803-S003-P022,2026-08-03,S003,P022,3,2185.62
SALE-20260803-S003-P023,2026-08-03,S003,P023,10,7997.0
SALE-20260803-S003-P024,2026-08-03,S003,P024,6,896.4
SALE-20260803-S003-P025,2026-08-03,S003,P025,1,690.47
SALE-20260803-S003-P026,2026-08-03,S003,P026,11,9018.68
SALE-20260803-S003-P027,2026-08-03,S003,P027,14,8251.32
SALE-20260803-S003-P028,2026-08-03,S003,P028,2,111.34
SALE-20260803-S003-P029,2026-08-03,S003,P029,8,1881.04
SALE-20260803-S003-P030,2026-08-03,S003,P030,3,691.98
SALE-20260803-S003-P031,2026-08-03,S003,P031,7,2039.94
SALE-20260803-S003-P032,2026-08-03,S003,P032,3,1879.8
SALE-20260803-S003-P033,2026-08-03,S003,P033,2,1349.82
SALE-20260803-S003-P034,2026-08-03,S003,P034,10,1693.9
SALE-20260803-S003-P035,2026-08-03,S003,P035,5,612.9
SALE-20260803-S003-P036,2026-08-03,S003,P036,4,749.56
SALE-20260803-S003-P037,2026-08-03,S003,P037,8,1498.8
SALE-20260803-S003-P038,2026-08-03,S003,P038,3,1160.49
SALE-20260803-S003-P039,2026-08-03,S003,P039,1,634.1
SALE-20260803-S003-P040,2026-08-03,S003,P040,2,322.1
SALE-20260803-S003-P041,2026-08-03,S003,P041,5,4921.95
SALE-20260803-S003-P042,2026-08-03,S003,P042,13,13890.37
SALE-20260803-S003-P043,2026-08-03,S003,P043,12,8814.72
SALE-20260803-S003-P044,2026-08-03,S003,P044,4,539.8
SALE-20260803-S003-P045,2026-08-03,S003,P045,10,4456.5
SALE-20260803-S003-P046,2026-08-03,S003,P046,5,2779.65
SALE-20260803-S003-P047,2026-08-03,S003,P047,6,5657.94
SALE-20260803-S003-P048,2026-08-03,S003,P048,7,3316.46
SALE-20260803-S003-P049,2026-08-03,S003,P049,10,6346.6
SALE-20260804-S001-P001,2026-08-04,S001,P001,6,4733.16
SALE-20260804-S001-P002,2026-08-04,S001,P002,6,3894.9
SALE-20260804-S001-P003,2026-08-04,S001,P003,4,4283.48
SALE-20260804-S001-P004,2026-08-04,S001,P004,5,760.75
SALE-20260804-S001-P005,2026-08-04,S001,P005,9,3968.1
SALE-20260804-S001-P006,2026-08-04,S001,P006,1,837.99
SALE-20260804-S001-P007,2026-08-04,S001,P007,20,5140.4
SALE-20260804-S001-P008,2026-08-04,S001,P008,9,7957.35
SALE-20260804-S001-P009,2026-08-04,S001,P009,7,5293.33
SALE-20260804-S001-P010,2026-08-04,S001,P010,11,10853.7
SALE-20260804-S001-P011,2026-08-04,S001,P011,2,437.8
SALE-20260804-S001-P012,2026-08-04,S001,P012,16,3021.28
SALE-20260804-S001-P013,2026-08-04,S001,P013,4,3459.52
SALE-20260804-S001-P014,2026-08-04,S001,P014,9,3545.19
SALE-20260804-S001-P015,2026-08-04,S001,P015,3,585.36
SALE-20260804-S001-P016,2026-08-04,S001,P016,11,2905.87
SALE-20260804-S001-P017,2026-08-04,S001,P017,9,4531.41
SALE-20260804-S001-P018,2026-08-04,S001,P018,14,5147.8
SALE-20260804-S001-P019,2026-08-04,S001,P019,10,8082.7
SALE-20260804-S001-P020,2026-08-04,S001,P020,6,3864.66
SALE-20260804-S001-P021,2026-08-04,S001,P021,5,987.35
SALE-20260804-S001-P022,2026-08-04,S001,P022,5,3642.7
SALE-20260804-S001-P023,2026-08-04,S001,P023,6,4798.2
SALE-20260804-S001-P024,2026-08-04,S001,P024,9,1344.6
SALE-20260804-S001-P025,2026-08-04,S001,P025,1,690.47
SALE-20260804-S001-P026,2026-08-04,S001,P026,16,13118.08
SALE-20260804-S001-P027,2026-08-04,S001,P027,16,9430.08
SALE-20260804-S001-P028,2026-08-04,S001,P028,4,222.68
SALE-20260804-S001-P029,2026-08-04,S001,P029,6,1410.78
SALE-20260804-S001-P030,2026-08-04,S001,P030,1,230.66
SALE-20260804-S001-P031,2026-08-04,S001,P031,11,3205.62
SALE-20260804-S001-P032,2026-08-04,S001,P032,6,3759.6
SALE-20260804-S001-P033,2026-08-04,S001,P033,6,4049.46
SALE-20260804-S001-P034,2026-08-04,S001,P034,8,1355.12
SALE-20260804-S001-P035,2026-08-04,S001,P035,14,1716.12
SALE-20260804-S001-P036,2026-08-04,S001,P036,1,187.39
SALE-20260804-S001-P037,2026-08-04,S001,P037,15,2810.25
SALE-20260804-S001-P038,2026-08-04,S001,P038,3,1160.49
SALE-20260804-S001-P039,2026-08-04,S001,P039,1,634.1
SALE-20260804-S001-P040,2026-08-04,S001,P040,8,1288.4
SALE-20260804-S001-P041,2026-08-04,S001,P041,6,5906.34
SALE-20260804-S001-P042,2026-08-04,S001,P042,11,11753.39
SALE-20260804-S001-P043,2026-08-04,S001,P043,9,6611.04
SALE-20260804-S001-P044,2026-08-04,S001,P044,6,809.7
SALE-20260804-S001-P045,2026-08-04,S001,P045,19,8467.35
SALE-20260804-S001-P046,2026-08-04,S001,P046,4,2223.72
SALE-20260804-S001-P047,2026-08-04,S001,P047,10,9429.9
SALE-20260804-S001-P048,2026-08-04,S001,P048,2,947.56
SALE-20260804-S001-P049,2026-08-04,S001,P049,15,9519.9
SALE-20260804-S001-P050,2026-08-04,S001,P050,6,2342.28
SALE-20260804-S002-P001,2026-08-04,S002,P001,8,6310.88
SALE-20260804-S002-P002,2026-08-04,S002,P002,11,7140.65
SALE-20260804-S002-P003,2026-08-04,S002,P003,9,9637.83
SALE-20260804-S002-P004,2026-08-04,S002,P004,0,0.0
SALE-20260804-S002-P005,2026-08-04,S002,P005,12,5290.8
SALE-20260804-S002-P006,2026-08-04,S002,P006,4,3351.96
SALE-20260804-S002-P007,2026-08-04,S002,P007,0,0.0
SALE-20260804-S002-P008,2026-08-04,S002,P008,14,12378.1
SALE-20260804-S002-P009,2026-08-04,S002,P009,12,9074.28
SALE-20260804-S002-P010,2026-08-04,S002,P010,16,15787.2
SALE-20260804-S002-P011,2026-08-04,S002,P011,2,437.8
SALE-20260804-S002-P012,2026-08-04,S002,P012,20,3776.6
SALE-20260804-S002-P013,2026-08-04,S002,P013,17,14702.96
SALE-20260804-S002-P014,2026-08-04,S002,P014,20,7878.2
SALE-20260804-S002-P015,2026-08-04,S002,P015,2,390.24
SALE-20260804-S002-P016,2026-08-04,S002,P016,9,2377.53
SALE-20260804-S002-P017,2026-08-04,S002,P017,13,6545.37
SALE-20260804-S002-P018,2026-08-04,S002,P018,16,5883.2
SALE-20260804-S002-P019,2026-08-04,S002,P019,9,7274.43
SALE-20260804-S002-P020,2026-08-04,S002,P020,9,5796.99
SALE-20260804-S002-P021,2026-08-04,S002,P021,2,394.94
SALE-20260804-S002-P022,2026-08-04,S002,P022,11,8013.94
SALE-20260804-S002-P023,2026-08-04,S002,P023,5,3998.5
SALE-20260804-S002-P024,2026-08-04,S002,P024,9,1344.6
SALE-20260804-S002-P025,2026-08-04,S002,P025,1,690.47
SALE-20260804-S002-P026,2026-08-04,S002,P026,13,10658.44
SALE-20260804-S002-P027,2026-08-04,S002,P027,13,7661.94
SALE-20260804-S002-P028,2026-08-04,S002,P028,5,278.35
SALE-20260804-S002-P029,2026-08-04,S002,P029,10,2351.3
SALE-20260804-S002-P030,2026-08-04,S002,P030,3,691.98
SALE-20260804-S002-P031,2026-08-04,S002,P031,11,3205.62
SALE-20260804-S002-P032,2026-08-04,S002,P032,8,5012.8
SALE-20260804-S002-P033,2026-08-04,S002,P033,12,8098.92
SALE-20260804-S002-P034,2026-08-04,S002,P034,16,2710.24
SALE-20260804-S002-P035,2026-08-04,S002,P035,14,1716.12
SALE-20260804-S002-P036,2026-08-04,S002,P036,5,936.95
SALE-20260804-S002-P037,2026-08-04,S002,P037,9,1686.15
SALE-20260804-S002-P038,2026-08-04,S002,P038,9,3481.47
SALE-20260804-S002-P039,2026-08-04,S002,P039,6,3804.6
SALE-20260804-S002-P040,2026-08-04,S002,P040,13,2093.65
SALE-20260804-S002-P041,2026-08-04,S002,P041,7,6890.73
SALE-20260804-S002-P042,2026-08-04,S002,P042,12,12821.88
SALE-20260804-S002-P043,2026-08-04,S002,P043,14,10283.84
SALE-20260804-S002-P044,2026-08-04,S002,P044,5,674.75
SALE-20260804-S002-P045,2026-08-04,S002,P045,20,8913.0
SALE-20260804-S002-P046,2026-08-04,S002,P046,7,3891.51
SALE-20260804-S002-P047,2026-08-04,S002,P047,15,14144.85
SALE-20260804-S002-P048,2026-08-04,S002,P048,9,4264.02
SALE-20260804-S002-P049,2026-08-04,S002,P049,7,4442.62
SALE-20260804-S002-P050,2026-08-04,S002,P050,4,1561.52
SALE-20260804-S003-P001,2026-08-04,S003,P001,6,4733.16
SALE-20260804-S003-P002,2026-08-04,S003,P002,5,3245.75
SALE-20260804-S003-P003,2026-08-04,S003,P003,4,4283.48
SALE-20260804-S003-P004,2026-08-04,S003,P004,3,456.45
SALE-20260804-S003-P005,2026-08-04,S003,P005,10,4409.0
SALE-20260804-S003-P006,2026-08-04,S003,P006,4,3351.96
SALE-20260804-S003-P007,2026-08-04,S003,P007,15,3855.3
SALE-20260804-S003-P008,2026-08-04,S003,P008,9,7957.35
SALE-20260804-S003-P009,2026-08-04,S003,P009,5,3780.95
SALE-20260804-S003-P010,2026-08-04,S003,P010,8,7893.6
SALE-20260804-S003-P011,2026-08-04,S003,P011,1,218.9
SALE-20260804-S003-P012,2026-08-04,S003,P012,16,3021.28
SALE-20260804-S003-P013,2026-08-04,S003,P013,5,4324.4
SALE-20260804-S003-P014,2026-08-04,S003,P014,11,4333.01
SALE-20260804-S003-P015,2026-08-04,S003,P015,4,780.48
SALE-20260804-S003-P016,2026-08-04,S003,P016,2,528.34
SALE-20260804-S003-P017,2026-08-04,S003,P017,10,5034.9
SALE-20260804-S003-P018,2026-08-04,S003,P018,19,6986.3
SALE-20260804-S003-P019,2026-08-04,S003,P019,6,4849.62
SALE-20260804-S003-P020,2026-08-04,S003,P020,8,5152.88
SALE-20260804-S003-P021,2026-08-04,S003,P021,7,1382.29
SALE-20260804-S003-P022,2026-08-04,S003,P022,8,5828.32
SALE-20260804-S003-P023,2026-08-04,S003,P023,7,5597.9
SALE-20260804-S003-P024,2026-08-04,S003,P024,7,1045.8
SALE-20260804-S003-P025,2026-08-04,S003,P025,0,0.0
SALE-20260804-S003-P026,2026-08-04,S003,P026,10,8198.8
SALE-20260804-S003-P027,2026-08-04,S003,P027,14,8251.32
SALE-20260804-S003-P028,2026-08-04,S003,P028,5,278.35
SALE-20260804-S003-P029,2026-08-04,S003,P029,7,1645.91
SALE-20260804-S003-P030,2026-08-04,S003,P030,6,1383.96
SALE-20260804-S003-P031,2026-08-04,S003,P031,12,3497.04
SALE-20260804-S003-P032,2026-08-04,S003,P032,1,626.6
SALE-20260804-S003-P033,2026-08-04,S003,P033,4,2699.64
SALE-20260804-S003-P034,2026-08-04,S003,P034,10,1693.9
SALE-20260804-S003-P035,2026-08-04,S003,P035,12,1470.96
SALE-20260804-S003-P036,2026-08-04,S003,P036,2,374.78
SALE-20260804-S003-P037,2026-08-04,S003,P037,9,1686.15
SALE-20260804-S003-P038,2026-08-04,S003,P038,2,773.66
SALE-20260804-S003-P039,2026-08-04,S003,P039,0,0.0
SALE-20260804-S003-P040,2026-08-04,S003,P040,12,1932.6
SALE-20260804-S003-P041,2026-08-04,S003,P041,3,2953.17
SALE-20260804-S003-P042,2026-08-04,S003,P042,10,10684.9
SALE-20260804-S003-P043,2026-08-04,S003,P043,11,8080.16
SALE-20260804-S003-P044,2026-08-04,S003,P044,5,674.75
SALE-20260804-S003-P045,2026-08-04,S003,P045,15,6684.75
SALE-20260804-S003-P046,2026-08-04,S003,P046,3,1667.79
SALE-20260804-S003-P047,2026-08-04,S003,P047,13,12258.87
SALE-20260804-S003-P048,2026-08-04,S003,P048,9,4264.02
SALE-20260804-S003-P049,2026-08-04,S003,P049,7,4442.62
SALE-20260805-S001-P001,2026-08-05,S001,P001,7,5522.02
SALE-20260805-S001-P002,2026-08-05,S001,P002,5,3245.75
SALE-20260805-S001-P003,2026-08-05,S001,P003,2,2141.74
SALE-20260805-S001-P004,2026-08-05,S001,P004,3,456.45
SALE-20260805-S001-P005,2026-08-05,S001,P005,9,3968.1
SALE-20260805-S001-P006,2026-08-05,S001,P006,3,2513.97
SALE-20260805-S001-P007,2026-08-05,S001,P007,13,3341.26
SALE-20260805-S001-P008,2026-08-05,S001,P008,8,7073.2
SALE-20260805-S001-P009,2026-08-05,S001,P009,5,3780.95
SALE-20260805-S001-P010,2026-08-05,S001,P010,9,8880.3
SALE-20260805-S001-P011,2026-08-05,S001,P011,1,218.9
SALE-20260805-S001-P012,2026-08-05,S001,P012,11,2077.13
SALE-20260805-S001-P013,2026-08-05,S001,P013,6,5189.28
SALE-20260805-S001-P014,2026-08-05,S001,P014,15,5908.65
SALE-20260805-S001-P015,2026-08-05,S001,P015,1,195.12
SALE-20260805-S001-P016,2026-08-05,S001,P016,6,1585.02
SALE-20260805-S001-P017,2026-08-05,S001,P017,8,4027.92
SALE-20260805-S001-P018,2026-08-05,S001,P018,7,2573.9
SALE-20260805-S001-P019,2026-08-05,S001,P019,12,9699.24
SALE-20260805-S001-P020,2026-08-05,S001,P020,9,5796.99
SALE-20260805-S001-P021,2026-08-05,S001,P021,5,987.35
SALE-20260805-S001-P022,2026-08-05,S001,P022,1,728.54
SALE-20260805-S001-P023,2026-08-05,S001,P023,11,8796.7
SALE-20260805-S001-P024,2026-08-05,S001,P024,8,1195.2
SALE-20260805-S001-P025,2026-08-05,S001,P025,2,1380.94
SALE-20260805-S001-P026,2026-08-05,S001,P026,9,7378.92
SALE-20260805-S001-P027,2026-08-05,S001,P027,8,4715.04
SALE-20260805-S001-P028,2026-08-05,S001,P028,1,55.67
SALE-20260805-S001-P029,2026-08-05,S001,P029,8,1881.04
SALE-20260805-S001-P030,2026-08-05,S001,P030,2,461.32
SALE-20260805-S001-P031,2026-08-05,S001,P031,8,2331.36
SALE-20260805-S001-P032,2026-08-05,S001,P032,6,3759.6
SALE-20260805-S001-P033,2026-08-05,S001,P033,11,7424.01
SALE-20260805-S001-P034,2026-08-05,S001,P034,12,2032.68
SALE-20260805-S001-P035,2026-08-05,S001,P035,11,1348.38
SALE-20260805-S001-P036,2026-08-05,S001,P036,5,936.95
SALE-20260805-S001-P037,2026-08-05,S001,P037,10,1873.5
SALE-20260805-S001-P038,2026-08-05,S001,P038,3,1160.49
SALE-20260805-S001-P039,2026-08-05,S001,P039,3,1902.3
SALE-20260805-S001-P040,2026-08-05,S001,P040,6,966.3
SALE-20260805-S001-P041,2026-08-05,S001,P041,5,4921.95
SALE-20260805-S001-P042,2026-08-05,S001,P042,9,9616.41
SALE-20260805-S001-P043,2026-08-05,S001,P043,13,9549.28
SALE-20260805-S001-P044,2026-08-05,S001,P044,5,674.75
SALE-20260805-S001-P045,2026-08-05,S001,P045,8,3565.2
SALE-20260805-S001-P046,2026-08-05,S001,P046,2,1111.86
SALE-20260805-S001-P047,2026-08-05,S001,P047,6,5657.94
SALE-20260805-S001-P048,2026-08-05,S001,P048,3,1421.34
SALE-20260805-S001-P049,2026-08-05,S001,P049,6,3807.96
SALE-20260805-S001-P050,2026-08-05,S001,P050,2,780.76
SALE-20260805-S002-P001,2026-08-05,S002,P001,5,3944.3
SALE-20260805-S002-P002,2026-08-05,S002,P002,7,4544.05
SALE-20260805-S002-P003,2026-08-05,S002,P003,6,6425.22
SALE-20260805-S002-P004,2026-08-05,S002,P004,1,152.15
SALE-20260805-S002-P005,2026-08-05,S002,P005,10,4409.0
SALE-20260805-S002-P006,2026-08-05,S002,P006,7,5865.93
SALE-20260805-S002-P007,2026-08-05,S002,P007,0,0.0
SALE-20260805-S002-P008,2026-08-05,S002,P008,9,7957.35
SALE-20260805-S002-P009,2026-08-05,S002,P009,11,8318.09
SALE-20260805-S002-P010,2026-08-05,S002,P010,8,7893.6
SALE-20260805-S002-P011,2026-08-05,S002,P011,3,656.7
SALE-20260805-S002-P012,2026-08-05,S002,P012,12,2265.96
SALE-20260805-S002-P013,2026-08-05,S002,P013,8,6919.04
SALE-20260805-S002-P014,2026-08-05,S002,P014,18,7090.38
SALE-20260805-S002-P015,2026-08-05,S002,P015,2,390.24
SALE-20260805-S002-P016,2026-08-05,S002,P016,20,5283.4
SALE-20260805-S002-P017,2026-08-05,S002,P017,12,6041.88
SALE-20260805-S002-P018,2026-08-05,S002,P018,29,10663.3
SALE-20260805-S002-P019,2026-08-05,S002,P019,9,7274.43
SALE-20260805-S002-P020,2026-08-05,S002,P020,12,7729.32
SALE-20260805-S002-P021,2026-08-05,S002,P021,4,789.88
SALE-20260805-S002-P022,2026-08-05,S002,P022,8,5828.32
SALE-20260805-S002-P023,2026-08-05,S002,P023,9,7197.3
SALE-20260805-S002-P024,2026-08-05,S002,P024,7,1045.8
SALE-20260805-S002-P025,2026-08-05,S002,P025,2,1380.94
SALE-20260805-S002-P026,2026-08-05,S002,P026,17,13937.96
SALE-20260805-S002-P027,2026-08-05,S002,P027,22,12966.36
SALE-20260805-S002-P028,2026-08-05,S002,P028,6,334.02
SALE-20260805-S002-P029,2026-08-05,S002,P029,10,2351.3
SALE-20260805-S002-P030,2026-08-05,S002,P030,1,230.66
SALE-20260805-S002-P031,2026-08-05,S002,P031,7,2039.94
SALE-20260805-S002-P032,2026-08-05,S002,P032,9,5639.4
SALE-20260805-S002-P033,2026-08-05,S002,P033,10,6749.1
SALE-20260805-S002-P034,2026-08-05,S002,P034,13,2202.07
SALE-20260805-S002-P035,2026-08-05,S002,P035,13,1593.54
SALE-20260805-S002-P036,2026-08-05,S002,P036,2,374.78
SALE-20260805-S002-P037,2026-08-05,S002,P037,12,2248.2
SALE-20260805-S002-P038,2026-08-05,S002,P038,5,1934.15
SALE-20260805-S002-P039,2026-08-05,S002,P039,2,1268.2
SALE-20260805-S002-P040,2026-08-05,S002,P040,11,1771.55
SALE-20260805-S002-P041,2026-08-05,S002,P041,11,10828.29
SALE-20260805-S002-P042,2026-08-05,S002,P042,12,12821.88
SALE-20260805-S002-P043,2026-08-05,S002,P043,17,12487.52
SALE-20260805-S002-P044,2026-08-05,S002,P044,5,674.75
SALE-20260805-S002-P045,2026-08-05,S002,P045,10,4456.5
SALE-20260805-S002-P046,2026-08-05,S002,P046,8,4447.44
SALE-20260805-S002-P047,2026-08-05,S002,P047,12,11315.88
SALE-20260805-S002-P048,2026-08-05,S002,P048,7,3316.46
SALE-20260805-S002-P049,2026-08-05,S002,P049,13,8250.58
SALE-20260805-S002-P050,2026-08-05,S002,P050,8,3123.04
SALE-20260805-S003-P001,2026-08-05,S003,P001,2,1577.72
SALE-20260805-S003-P002,2026-08-05,S003,P002,2,1298.3
SALE-20260805-S003-P003,2026-08-05,S003,P003,4,4283.48
SALE-20260805-S003-P004,2026-08-05,S003,P004,5,760.75
SALE-20260805-S003-P005,2026-08-05,S003,P005,9,3968.1
SALE-20260805-S003-P006,2026-08-05,S003,P006,3,2513.97
SALE-20260805-S003-P007,2026-08-05,S003,P007,11,2827.22
SALE-20260805-S003-P008,2026-08-05,S003,P008,3,2652.45
SALE-20260805-S003-P009,2026-08-05,S003,P009,5,3780.95
SALE-20260805-S003-P010,2026-08-05,S003,P010,6,5920.2
SALE-20260805-S003-P011,2026-08-05,S003,P011,3,656.7
SALE-20260805-S003-P012,2026-08-05,S003,P012,19,3587.77
SALE-20260805-S003-P013,2026-08-05,S003,P013,5,4324.4
SALE-20260805-S003-P014,2026-08-05,S003,P014,7,2757.37
SALE-20260805-S003-P015,2026-08-05,S003,P015,1,195.12
SALE-20260805-S003-P016,2026-08-05,S003,P016,6,1585.02
SALE-20260805-S003-P017,2026-08-05,S003,P017,3,1510.47
SALE-20260805-S003-P018,2026-08-05,S003,P018,12,4412.4
SALE-20260805-S003-P019,2026-08-05,S003,P019,7,5657.89
SALE-20260805-S003-P020,2026-08-05,S003,P020,3,1932.33
SALE-20260805-S003-P021,2026-08-05,S003,P021,1,197.47
SALE-20260805-S003-P022,2026-08-05,S003,P022,5,3642.7
SALE-20260805-S003-P023,2026-08-05,S003,P023,8,6397.6
SALE-20260805-S003-P024,2026-08-05,S003,P024,5,747.0
SALE-20260805-S003-P025,2026-08-05,S003,P025,2,1380.94
SALE-20260805-S003-P026,2026-08-05,S003,P026,12,9838.56
SALE-20260805-S003-P027,2026-08-05,S003,P027,8,4715.04
SALE-20260805-S003-P028,2026-08-05,S003,P028,3,167.01
SALE-20260805-S003-P029,2026-08-05,S003,P029,11,2586.43
SALE-20260805-S003-P030,2026-08-05,S003,P030,4,922.64
SALE-20260805-S003-P031,2026-08-05,S003,P031,14,4079.88
SALE-20260805-S003-P032,2026-08-05,S003,P032,4,2506.4
SALE-20260805-S003-P033,2026-08-05,S003,P033,10,6749.1
SALE-20260805-S003-P034,2026-08-05,S003,P034,12,2032.68
SALE-20260805-S003-P035,2026-08-05,S003,P035,8,980.64
SALE-20260805-S003-P036,2026-08-05,S003,P036,3,562.17
SALE-20260805-S003-P037,2026-08-05,S003,P037,12,2248.2
SALE-20260805-S003-P038,2026-08-05,S003,P038,0,0.0
SALE-20260805-S003-P039,2026-08-05,S003,P039,2,1268.2
SALE-20260805-S003-P040,2026-08-05,S003,P040,4,644.2
SALE-20260805-S003-P041,2026-08-05,S003,P041,5,4921.95
SALE-20260805-S003-P042,2026-08-05,S003,P042,7,7479.43
SALE-20260805-S003-P043,2026-08-05,S003,P043,9,6611.04
SALE-20260805-S003-P044,2026-08-05,S003,P044,3,404.85
SALE-20260805-S003-P045,2026-08-05,S003,P045,10,4456.5
SALE-20260805-S003-P046,2026-08-05,S003,P046,7,3891.51
SALE-20260805-S003-P047,2026-08-05,S003,P047,5,4714.95
SALE-20260805-S003-P048,2026-08-05,S003,P048,1,473.78
SALE-20260805-S003-P049,2026-08-05,S003,P049,6,3807.96
SALE-20260806-S001-P001,2026-08-06,S001,P001,9,7099.74
SALE-20260806-S001-P002,2026-08-06,S001,P002,6,3894.9
SALE-20260806-S001-P003,2026-08-06,S001,P003,0,0.0
SALE-20260806-S001-P004,2026-08-06,S001,P004,5,760.75
SALE-20260806-S001-P005,2026-08-06,S001,P005,9,3968.1
SALE-20260806-S001-P006,2026-08-06,S001,P006,4,3351.96
SALE-20260806-S001-P007,2026-08-06,S001,P007,10,2570.2
SALE-20260806-S001-P008,2026-08-06,S001,P008,2,1768.3
SALE-20260806-S001-P009,2026-08-06,S001,P009,5,3780.95
SALE-20260806-S001-P010,2026-08-06,S001,P010,3,2960.1
SALE-20260806-S001-P011,2026-08-06,S001,P011,2,437.8
SALE-20260806-S001-P012,2026-08-06,S001,P012,20,3776.6
SALE-20260806-S001-P013,2026-08-06,S001,P013,6,5189.28
SALE-20260806-S001-P014,2026-08-06,S001,P014,6,2363.46
SALE-20260806-S001-P015,2026-08-06,S001,P015,4,780.48
SALE-20260806-S001-P016,2026-08-06,S001,P016,8,2113.36
SALE-20260806-S001-P017,2026-08-06,S001,P017,13,6545.37
SALE-20260806-S001-P018,2026-08-06,S001,P018,9,3309.3
SALE-20260806-S001-P019,2026-08-06,S001,P019,5,4041.35
SALE-20260806-S001-P020,2026-08-06,S001,P020,8,5152.88
SALE-20260806-S001-P021,2026-08-06,S001,P021,4,789.88
SALE-20260806-S001-P022,2026-08-06,S001,P022,6,4371.24
SALE-20260806-S001-P023,2026-08-06,S001,P023,7,5597.9
SALE-20260806-S001-P024,2026-08-06,S001,P024,6,896.4
SALE-20260806-S001-P025,2026-08-06,S001,P025,0,0.0
SALE-20260806-S001-P026,2026-08-06,S001,P026,13,10658.44
SALE-20260806-S001-P027,2026-08-06,S001,P027,15,8840.7
SALE-20260806-S001-P028,2026-08-06,S001,P028,2,111.34
SALE-20260806-S001-P029,2026-08-06,S001,P029,10,2351.3
SALE-20260806-S001-P030,2026-08-06,S001,P030,2,461.32
SALE-20260806-S001-P031,2026-08-06,S001,P031,9,2622.78
SALE-20260806-S001-P032,2026-08-06,S001,P032,5,3133.0
SALE-20260806-S001-P033,2026-08-06,S001,P033,7,4724.37
SALE-20260806-S001-P034,2026-08-06,S001,P034,14,2371.46
SALE-20260806-S001-P035,2026-08-06,S001,P035,9,1103.22
SALE-20260806-S001-P036,2026-08-06,S001,P036,2,374.78
SALE-20260806-S001-P037,2026-08-06,S001,P037,15,2810.25
SALE-20260806-S001-P038,2026-08-06,S001,P038,5,1934.15
SALE-20260806-S001-P039,2026-08-06,S001,P039,4,2536.4
SALE-20260806-S001-P040,2026-08-06,S001,P040,12,1932.6
SALE-20260806-S001-P041,2026-08-06,S001,P041,2,1968.78
SALE-20260806-S001-P042,2026-08-06,S001,P042,5,5342.45
SALE-20260806-S001-P043,2026-08-06,S001,P043,14,10283.84
SALE-20260806-S001-P044,2026-08-06,S001,P044,5,674.75
SALE-20260806-S001-P045,2026-08-06,S001,P045,19,8467.35
SALE-20260806-S001-P046,2026-08-06,S001,P046,2,1111.86
SALE-20260806-S001-P047,2026-08-06,S001,P047,7,6600.93
SALE-20260806-S001-P048,2026-08-06,S001,P048,6,2842.68
SALE-20260806-S001-P049,2026-08-06,S001,P049,11,6981.26
SALE-20260806-S001-P050,2026-08-06,S001,P050,6,2342.28
SALE-20260806-S002-P001,2026-08-06,S002,P001,8,6310.88
SALE-20260806-S002-P002,2026-08-06,S002,P002,6,3894.9
SALE-20260806-S002-P003,2026-08-06,S002,P003,7,7496.09
SALE-20260806-S002-P004,2026-08-06,S002,P004,2,304.3
SALE-20260806-S002-P005,2026-08-06,S002,P005,8,3527.2
SALE-20260806-S002-P006,2026-08-06,S002,P006,3,2513.97
SALE-20260806-S002-P007,2026-08-06,S002,P007,0,0.0
SALE-20260806-S002-P008,2026-08-06,S002,P008,13,11493.95
SALE-20260806-S002-P009,2026-08-06,S002,P009,5,3780.95
SALE-20260806-S002-P010,2026-08-06,S002,P010,12,11840.4
SALE-20260806-S002-P011,2026-08-06,S002,P011,0,0.0
SALE-20260806-S002-P012,2026-08-06,S002,P012,16,3021.28
SALE-20260806-S002-P013,2026-08-06,S002,P013,8,6919.04
SALE-20260806-S002-P014,2026-08-06,S002,P014,12,4726.92
SALE-20260806-S002-P015,2026-08-06,S002,P015,3,585.36
SALE-20260806-S002-P016,2026-08-06,S002,P016,7,1849.19
SALE-20260806-S002-P017,2026-08-06,S002,P017,11,5538.39
SALE-20260806-S002-P018,2026-08-06,S002,P018,18,6618.6
SALE-20260806-S002-P019,2026-08-06,S002,P019,11,8890.97
SALE-20260806-S002-P020,2026-08-06,S002,P020,13,8373.43
SALE-20260806-S002-P021,2026-08-06,S002,P021,3,592.41
SALE-20260806-S002-P022,2026-08-06,S002,P022,4,2914.16
SALE-20260806-S002-P023,2026-08-06,S002,P023,14,11195.8
SALE-20260806-S002-P024,2026-08-06,S002,P024,10,1494.0
SALE-20260806-S002-P025,2026-08-06,S002,P025,4,2761.88
SALE-20260806-S002-P026,2026-08-06,S002,P026,16,13118.08
SALE-20260806-S002-P027,2026-08-06,S002,P027,16,9430.08
SALE-20260806-S002-P028,2026-08-06,S002,P028,5,278.35
SALE-20260806-S002-P029,2026-08-06,S002,P029,10,2351.3
SALE-20260806-S002-P030,2026-08-06,S002,P030,5,1153.3
SALE-20260806-S002-P031,2026-08-06,S002,P031,11,3205.62
SALE-20260806-S002-P032,2026-08-06,S002,P032,5,3133.0
SALE-20260806-S002-P033,2026-08-06,S002,P033,11,7424.01
SALE-20260806-S002-P034,2026-08-06,S002,P034,27,4573.53
SALE-20260806-S002-P035,2026-08-06,S002,P035,18,2206.44
SALE-20260806-S002-P036,2026-08-06,S002,P036,3,562.17
SALE-20260806-S002-P037,2026-08-06,S002,P037,8,1498.8
SALE-20260806-S002-P038,2026-08-06,S002,P038,3,1160.49
SALE-20260806-S002-P039,2026-08-06,S002,P039,1,634.1
SALE-20260806-S002-P040,2026-08-06,S002,P040,10,1610.5
SALE-20260806-S002-P041,2026-08-06,S002,P041,10,9843.9
SALE-20260806-S002-P042,2026-08-06,S002,P042,16,17095.84
SALE-20260806-S002-P043,2026-08-06,S002,P043,14,10283.84
SALE-20260806-S002-P044,2026-08-06,S002,P044,7,944.65
SALE-20260806-S002-P045,2026-08-06,S002,P045,23,10249.95
SALE-20260806-S002-P046,2026-08-06,S002,P046,4,2223.72
SALE-20260806-S002-P047,2026-08-06,S002,P047,8,7543.92
SALE-20260806-S002-P048,2026-08-06,S002,P048,2,947.56
SALE-20260806-S002-P049,2026-08-06,S002,P049,14,8885.24
SALE-20260806-S002-P050,2026-08-06,S002,P050,7,2732.66
SALE-20260806-S003-P001,2026-08-06,S003,P001,5,3944.3
SALE-20260806-S003-P002,2026-08-06,S003,P002,3,1947.45
SALE-20260806-S003-P003,2026-08-06,S003,P003,3,3212.61
SALE-20260806-S003-P004,2026-08-06,S003,P004,5,760.75
SALE-20260806-S003-P005,2026-08-06,S003,P005,9,3968.1
SALE-20260806-S003-P006,2026-08-06,S003,P006,1,837.99
SALE-20260806-S003-P007,2026-08-06,S003,P007,9,2313.18
SALE-20260806-S003-P008,2026-08-06,S003,P008,4,3536.6
SALE-20260806-S003-P009,2026-08-06,S003,P009,7,5293.33
SALE-20260806-S003-P010,2026-08-06,S003,P010,4,3946.8
SALE-20260806-S003-P011,2026-08-06,S003,P011,1,218.9
SALE-20260806-S003-P012,2026-08-06,S003,P012,14,2643.62
SALE-20260806-S003-P013,2026-08-06,S003,P013,12,10378.56
SALE-20260806-S003-P014,2026-08-06,S003,P014,12,4726.92
SALE-20260806-S003-P015,2026-08-06,S003,P015,3,585.36
SALE-20260806-S003-P016,2026-08-06,S003,P016,8,2113.36
SALE-20260806-S003-P017,2026-08-06,S003,P017,9,4531.41
SALE-20260806-S003-P018,2026-08-06,S003,P018,8,2941.6
SALE-20260806-S003-P019,2026-08-06,S003,P019,4,3233.08
SALE-20260806-S003-P020,2026-08-06,S003,P020,9,5796.99
SALE-20260806-S003-P021,2026-08-06,S003,P021,10,1974.7
SALE-20260806-S003-P022,2026-08-06,S003,P022,4,2914.16
SALE-20260806-S003-P023,2026-08-06,S003,P023,4,3198.8
SALE-20260806-S003-P024,2026-08-06,S003,P024,2,298.8
SALE-20260806-S003-P025,2026-08-06,S003,P025,1,690.47
SALE-20260806-S003-P026,2026-08-06,S003,P026,13,10658.44
SALE-20260806-S003-P027,2026-08-06,S003,P027,5,2946.9
SALE-20260806-S003-P028,2026-08-06,S003,P028,3,167.01
SALE-20260806-S003-P029,2026-08-06,S003,P029,8,1881.04
SALE-20260806-S003-P030,2026-08-06,S003,P030,3,691.98
SALE-20260806-S003-P031,2026-08-06,S003,P031,4,1165.68
SALE-20260806-S003-P032,2026-08-06,S003,P032,5,3133.0
SALE-20260806-S003-P033,2026-08-06,S003,P033,9,6074.19
SALE-20260806-S003-P034,2026-08-06,S003,P034,8,1355.12
SALE-20260806-S003-P035,2026-08-06,S003,P035,5,612.9
SALE-20260806-S003-P036,2026-08-06,S003,P036,6,1124.34
SALE-20260806-S003-P037,2026-08-06,S003,P037,8,1498.8
SALE-20260806-S003-P038,2026-08-06,S003,P038,2,773.66
SALE-20260806-S003-P039,2026-08-06,S003,P039,1,634.1
SALE-20260806-S003-P040,2026-08-06,S003,P040,3,483.15
SALE-20260806-S003-P041,2026-08-06,S003,P041,5,4921.95
SALE-20260806-S003-P042,2026-08-06,S003,P042,10,10684.9
SALE-20260806-S003-P043,2026-08-06,S003,P043,9,6611.04
SALE-20260806-S003-P044,2026-08-06,S003,P044,7,944.65
SALE-20260806-S003-P045,2026-08-06,S003,P045,8,3565.2
SALE-20260806-S003-P046,2026-08-06,S003,P046,5,2779.65
SALE-20260806-S003-P047,2026-08-06,S003,P047,9,8486.91
SALE-20260806-S003-P048,2026-08-06,S003,P048,5,2368.9
SALE-20260806-S003-P049,2026-08-06,S003,P049,10,6346.6
SALE-20260807-S001-P001,2026-08-07,S001,P001,9,7099.74
SALE-20260807-S001-P002,2026-08-07,S001,P002,9,5842.35
SALE-20260807-S001-P003,2026-08-07,S001,P003,4,4283.48
SALE-20260807-S001-P004,2026-08-07,S001,P004,3,456.45
SALE-20260807-S001-P005,2026-08-07,S001,P005,9,3968.1
SALE-20260807-S001-P006,2026-08-07,S001,P006,1,837.99
SALE-20260807-S001-P007,2026-08-07,S001,P007,10,2570.2
SALE-20260807-S001-P008,2026-08-07,S001,P008,9,7957.35
SALE-20260807-S001-P009,2026-08-07,S001,P009,5,3780.95
SALE-20260807-S001-P010,2026-08-07,S001,P010,14,13813.8
SALE-20260807-S001-P011,2026-08-07,S001,P011,2,437.8
SALE-20260807-S001-P012,2026-08-07,S001,P012,14,2643.62
SALE-20260807-S001-P013,2026-08-07,S001,P013,9,7783.92
SALE-20260807-S001-P014,2026-08-07,S001,P014,11,4333.01
SALE-20260807-S001-P015,2026-08-07,S001,P015,7,1365.84
SALE-20260807-S001-P016,2026-08-07,S001,P016,10,2641.7
SALE-20260807-S001-P017,2026-08-07,S001,P017,7,3524.43
SALE-20260807-S001-P018,2026-08-07,S001,P018,22,8089.4
SALE-20260807-S001-P019,2026-08-07,S001,P019,10,8082.7
SALE-20260807-S001-P020,2026-08-07,S001,P020,7,4508.77
SALE-20260807-S001-P021,2026-08-07,S001,P021,11,2172.17
SALE-20260807-S001-P022,2026-08-07,S001,P022,8,5828.32
SALE-20260807-S001-P023,2026-08-07,S001,P023,9,7197.3
SALE-20260807-S001-P024,2026-08-07,S001,P024,10,1494.0
SALE-20260807-S001-P025,2026-08-07,S001,P025,2,1380.94
SALE-20260807-S001-P026,2026-08-07,S001,P026,16,13118.08
SALE-20260807-S001-P027,2026-08-07,S001,P027,15,8840.7
SALE-20260807-S001-P028,2026-08-07,S001,P028,2,111.34
SALE-20260807-S001-P029,2026-08-07,S001,P029,7,1645.91
SALE-20260807-S001-P030,2026-08-07,S001,P030,6,1383.96
SALE-20260807-S001-P031,2026-08-07,S001,P031,7,2039.94
SALE-20260807-S001-P032,2026-08-07,S001,P032,7,4386.2
SALE-20260807-S001-P033,2026-08-07,S001,P033,13,8773.83
SALE-20260807-S001-P034,2026-08-07,S001,P034,16,2710.24
SALE-20260807-S001-P035,2026-08-07,S001,P035,14,1716.12
SALE-20260807-S001-P036,2026-08-07,S001,P036,4,749.56
SALE-20260807-S001-P037,2026-08-07,S001,P037,13,2435.55
SALE-20260807-S001-P038,2026-08-07,S001,P038,7,2707.81
SALE-20260807-S001-P039,2026-08-07,S001,P039,1,634.1
SALE-20260807-S001-P040,2026-08-07,S001,P040,12,1932.6
SALE-20260807-S001-P041,2026-08-07,S001,P041,5,4921.95
SALE-20260807-S001-P042,2026-08-07,S001,P042,12,12821.88
SALE-20260807-S001-P043,2026-08-07,S001,P043,15,11018.4
SALE-20260807-S001-P044,2026-08-07,S001,P044,4,539.8
SALE-20260807-S001-P045,2026-08-07,S001,P045,13,5793.45
SALE-20260807-S001-P046,2026-08-07,S001,P046,12,6671.16
SALE-20260807-S001-P047,2026-08-07,S001,P047,8,7543.92
SALE-20260807-S001-P048,2026-08-07,S001,P048,5,2368.9
SALE-20260807-S001-P049,2026-08-07,S001,P049,10,6346.6
SALE-20260807-S001-P050,2026-08-07,S001,P050,1,390.38
SALE-20260807-S002-P001,2026-08-07,S002,P001,13,10255.18
SALE-20260807-S002-P002,2026-08-07,S002,P002,11,7140.65
SALE-20260807-S002-P003,2026-08-07,S002,P003,5,5354.35
SALE-20260807-S002-P004,2026-08-07,S002,P004,0,0.0
SALE-20260807-S002-P005,2026-08-07,S002,P005,8,3527.2
SALE-20260807-S002-P006,2026-08-07,S002,P006,4,3351.96
SALE-20260807-S002-P007,2026-08-07,S002,P007,0,0.0
SALE-20260807-S002-P008,2026-08-07,S002,P008,11,9725.65
SALE-20260807-S002-P009,2026-08-07,S002,P009,8,6049.52
SALE-20260807-S002-P010,2026-08-07,S002,P010,21,20720.7
SALE-20260807-S002-P011,2026-08-07,S002,P011,3,656.7
SALE-20260807-S002-P012,2026-08-07,S002,P012,22,4154.26
SALE-20260807-S002-P013,2026-08-07,S002,P013,10,8648.8
SALE-20260807-S002-P014,2026-08-07,S002,P014,9,3545.19
SALE-20260807-S002-P015,2026-08-07,S002,P015,4,780.48
SALE-20260807-S002-P016,2026-08-07,S002,P016,14,3698.38
SALE-20260807-S002-P017,2026-08-07,S002,P017,10,5034.9
SALE-20260807-S002-P018,2026-08-07,S002,P018,13,4780.1
SALE-20260807-S002-P019,2026-08-07,S002,P019,14,11315.78
SALE-20260807-S002-P020,2026-08-07,S002,P020,15,9661.65
SALE-20260807-S002-P021,2026-08-07,S002,P021,4,789.88
SALE-20260807-S002-P022,2026-08-07,S002,P022,10,7285.4
SALE-20260807-S002-P023,2026-08-07,S002,P023,9,7197.3
SALE-20260807-S002-P024,2026-08-07,S002,P024,12,1792.8
SALE-20260807-S002-P025,2026-08-07,S002,P025,5,3452.35
SALE-20260807-S002-P026,2026-08-07,S002,P026,14,11478.32
SALE-20260807-S002-P027,2026-08-07,S002,P027,17,10019.46
SALE-20260807-S002-P028,2026-08-07,S002,P028,3,167.01
SALE-20260807-S002-P029,2026-08-07,S002,P029,9,2116.17
SALE-20260807-S002-P030,2026-08-07,S002,P030,4,922.64
SALE-20260807-S002-P031,2026-08-07,S002,P031,14,4079.88
SALE-20260807-S002-P032,2026-08-07,S002,P032,8,5012.8
SALE-20260807-S002-P033,2026-08-07,S002,P033,7,4724.37
SALE-20260807-S002-P034,2026-08-07,S002,P034,17,2879.63
SALE-20260807-S002-P035,2026-08-07,S002,P035,12,1470.96
SALE-20260807-S002-P036,2026-08-07,S002,P036,6,1124.34
SALE-20260807-S002-P037,2026-08-07,S002,P037,18,3372.3
SALE-20260807-S002-P038,2026-08-07,S002,P038,6,2320.98
SALE-20260807-S002-P039,2026-08-07,S002,P039,3,1902.3
SALE-20260807-S002-P040,2026-08-07,S002,P040,10,1610.5
SALE-20260807-S002-P041,2026-08-07,S002,P041,7,6890.73
SALE-20260807-S002-P042,2026-08-07,S002,P042,13,13890.37
SALE-20260807-S002-P043,2026-08-07,S002,P043,12,8814.72
SALE-20260807-S002-P044,2026-08-07,S002,P044,5,674.75
SALE-20260807-S002-P045,2026-08-07,S002,P045,19,8467.35
SALE-20260807-S002-P046,2026-08-07,S002,P046,5,2779.65
SALE-20260807-S002-P047,2026-08-07,S002,P047,11,10372.89
SALE-20260807-S002-P048,2026-08-07,S002,P048,2,947.56
SALE-20260807-S002-P049,2026-08-07,S002,P049,16,10154.56
SALE-20260807-S002-P050,2026-08-07,S002,P050,5,1951.9
SALE-20260807-S003-P001,2026-08-07,S003,P001,8,6310.88
SALE-20260807-S003-P002,2026-08-07,S003,P002,2,1298.3
SALE-20260807-S003-P003,2026-08-07,S003,P003,0,0.0
SALE-20260807-S003-P004,2026-08-07,S003,P004,3,456.45
SALE-20260807-S003-P005,2026-08-07,S003,P005,7,3086.3
SALE-20260807-S003-P006,2026-08-07,S003,P006,2,1675.98
SALE-20260807-S003-P007,2026-08-07,S003,P007,8,2056.16
SALE-20260807-S003-P008,2026-08-07,S003,P008,7,6189.05
SALE-20260807-S003-P009,2026-08-07,S003,P009,7,5293.33
SALE-20260807-S003-P010,2026-08-07,S003,P010,8,7893.6
SALE-20260807-S003-P011,2026-08-07,S003,P011,2,437.8
SALE-20260807-S003-P012,2026-08-07,S003,P012,13,2454.79
SALE-20260807-S003-P013,2026-08-07,S003,P013,7,6054.16
SALE-20260807-S003-P014,2026-08-07,S003,P014,9,3545.19
SALE-20260807-S003-P015,2026-08-07,S003,P015,0,0.0
SALE-20260807-S003-P016,2026-08-07,S003,P016,5,1320.85
SALE-20260807-S003-P017,2026-08-07,S003,P017,8,4027.92
SALE-20260807-S003-P018,2026-08-07,S003,P018,15,5515.5
SALE-20260807-S003-P019,2026-08-07,S003,P019,8,6466.16
SALE-20260807-S003-P020,2026-08-07,S003,P020,6,3864.66
SALE-20260807-S003-P021,2026-08-07,S003,P021,2,394.94
SALE-20260807-S003-P022,2026-08-07,S003,P022,4,2914.16
SALE-20260807-S003-P023,2026-08-07,S003,P023,5,3998.5
SALE-20260807-S003-P024,2026-08-07,S003,P024,7,1045.8
SALE-20260807-S003-P025,2026-08-07,S003,P025,1,690.47
SALE-20260807-S003-P026,2026-08-07,S003,P026,16,13118.08
SALE-20260807-S003-P027,2026-08-07,S003,P027,8,4715.04
SALE-20260807-S003-P028,2026-08-07,S003,P028,2,111.34
SALE-20260807-S003-P029,2026-08-07,S003,P029,5,1175.65
SALE-20260807-S003-P030,2026-08-07,S003,P030,1,230.66
SALE-20260807-S003-P031,2026-08-07,S003,P031,8,2331.36
SALE-20260807-S003-P032,2026-08-07,S003,P032,5,3133.0
SALE-20260807-S003-P033,2026-08-07,S003,P033,8,5399.28
SALE-20260807-S003-P034,2026-08-07,S003,P034,12,2032.68
SALE-20260807-S003-P035,2026-08-07,S003,P035,12,1470.96
SALE-20260807-S003-P036,2026-08-07,S003,P036,3,562.17
SALE-20260807-S003-P037,2026-08-07,S003,P037,9,1686.15
SALE-20260807-S003-P038,2026-08-07,S003,P038,5,1934.15
SALE-20260807-S003-P039,2026-08-07,S003,P039,2,1268.2
SALE-20260807-S003-P040,2026-08-07,S003,P040,7,1127.35
SALE-20260807-S003-P041,2026-08-07,S003,P041,6,5906.34
SALE-20260807-S003-P042,2026-08-07,S003,P042,15,16027.35
SALE-20260807-S003-P043,2026-08-07,S003,P043,10,7345.6
SALE-20260807-S003-P044,2026-08-07,S003,P044,5,674.75
SALE-20260807-S003-P045,2026-08-07,S003,P045,18,8021.7
SALE-20260807-S003-P046,2026-08-07,S003,P046,6,3335.58
SALE-20260807-S003-P047,2026-08-07,S003,P047,8,7543.92
SALE-20260807-S003-P048,2026-08-07,S003,P048,1,473.78
SALE-20260807-S003-P049,2026-08-07,S003,P049,14,8885.24
SALE-20260808-S001-P001,2026-08-08,S001,P001,15,11832.9
SALE-20260808-S001-P002,2026-08-08,S001,P002,6,3894.9
SALE-20260808-S001-P003,2026-08-08,S001,P003,2,2141.74
SALE-20260808-S001-P004,2026-08-08,S001,P004,4,608.6
SALE-20260808-S001-P005,2026-08-08,S001,P005,14,6172.6
SALE-20260808-S001-P006,2026-08-08,S001,P006,5,4189.95
SALE-20260808-S001-P007,2026-08-08,S001,P007,13,3341.26
SALE-20260808-S001-P008,2026-08-08,S001,P008,9,7957.35
SALE-20260808-S001-P009,2026-08-08,S001,P009,3,2268.57
SALE-20260808-S001-P010,2026-08-08,S001,P010,16,15787.2
SALE-20260808-S001-P011,2026-08-08,S001,P011,2,437.8
SALE-20260808-S001-P012,2026-08-08,S001,P012,18,3398.94
SALE-20260808-S001-P013,2026-08-08,S001,P013,10,8648.8
SALE-20260808-S001-P014,2026-08-08,S001,P014,11,4333.01
SALE-20260808-S001-P015,2026-08-08,S001,P015,2,390.24
SALE-20260808-S001-P016,2026-08-08,S001,P016,9,2377.53
SALE-20260808-S001-P017,2026-08-08,S001,P017,7,3524.43
SALE-20260808-S001-P018,2026-08-08,S001,P018,18,6618.6
SALE-20260808-S001-P019,2026-08-08,S001,P019,14,11315.78
SALE-20260808-S001-P020,2026-08-08,S001,P020,7,4508.77
SALE-20260808-S001-P021,2026-08-08,S001,P021,7,1382.29
SALE-20260808-S001-P022,2026-08-08,S001,P022,6,4371.24
SALE-20260808-S001-P023,2026-08-08,S001,P023,8,6397.6
SALE-20260808-S001-P024,2026-08-08,S001,P024,5,747.0
SALE-20260808-S001-P025,2026-08-08,S001,P025,2,1380.94
SALE-20260808-S001-P026,2026-08-08,S001,P026,12,9838.56
SALE-20260808-S001-P027,2026-08-08,S001,P027,17,10019.46
SALE-20260808-S001-P028,2026-08-08,S001,P028,3,167.01
SALE-20260808-S001-P029,2026-08-08,S001,P029,12,2821.56
SALE-20260808-S001-P030,2026-08-08,S001,P030,5,1153.3
SALE-20260808-S001-P031,2026-08-08,S001,P031,16,4662.72
SALE-20260808-S001-P032,2026-08-08,S001,P032,6,3759.6
SALE-20260808-S001-P033,2026-08-08,S001,P033,10,6749.1
SALE-20260808-S001-P034,2026-08-08,S001,P034,9,1524.51
SALE-20260808-S001-P035,2026-08-08,S001,P035,9,1103.22
SALE-20260808-S001-P036,2026-08-08,S001,P036,2,374.78
SALE-20260808-S001-P037,2026-08-08,S001,P037,16,2997.6
SALE-20260808-S001-P038,2026-08-08,S001,P038,6,2320.98
SALE-20260808-S001-P039,2026-08-08,S001,P039,6,3804.6
SALE-20260808-S001-P040,2026-08-08,S001,P040,13,2093.65
SALE-20260808-S001-P041,2026-08-08,S001,P041,14,13781.46
SALE-20260808-S001-P042,2026-08-08,S001,P042,24,25643.76
SALE-20260808-S001-P043,2026-08-08,S001,P043,15,11018.4
SALE-20260808-S001-P044,2026-08-08,S001,P044,6,809.7
SALE-20260808-S001-P045,2026-08-08,S001,P045,15,6684.75
SALE-20260808-S001-P046,2026-08-08,S001,P046,3,1667.79
SALE-20260808-S001-P047,2026-08-08,S001,P047,10,9429.9
SALE-20260808-S001-P048,2026-08-08,S001,P048,6,2842.68
SALE-20260808-S001-P049,2026-08-08,S001,P049,18,11423.88
SALE-20260808-S001-P050,2026-08-08,S001,P050,7,2732.66
SALE-20260808-S002-P001,2026-08-08,S002,P001,11,8677.46
SALE-20260808-S002-P002,2026-08-08,S002,P002,14,9088.1
SALE-20260808-S002-P003,2026-08-08,S002,P003,3,3212.61
SALE-20260808-S002-P004,2026-08-08,S002,P004,0,0.0
SALE-20260808-S002-P005,2026-08-08,S002,P005,16,7054.4
SALE-20260808-S002-P006,2026-08-08,S002,P006,4,3351.96
SALE-20260808-S002-P007,2026-08-08,S002,P007,0,0.0
SALE-20260808-S002-P008,2026-08-08,S002,P008,11,9725.65
SALE-20260808-S002-P009,2026-08-08,S002,P009,11,8318.09
SALE-20260808-S002-P010,2026-08-08,S002,P010,16,15787.2
SALE-20260808-S002-P011,2026-08-08,S002,P011,5,1094.5
SALE-20260808-S002-P012,2026-08-08,S002,P012,23,4343.09
SALE-20260808-S002-P013,2026-08-08,S002,P013,15,12973.2
SALE-20260808-S002-P014,2026-08-08,S002,P014,14,5514.74
SALE-20260808-S002-P015,2026-08-08,S002,P015,6,1170.72
SALE-20260808-S002-P016,2026-08-08,S002,P016,9,2377.53
SALE-20260808-S002-P017,2026-08-08,S002,P017,8,4027.92
SALE-20260808-S002-P018,2026-08-08,S002,P018,26,9560.2
SALE-20260808-S002-P019,2026-08-08,S002,P019,13,10507.51
SALE-20260808-S002-P020,2026-08-08,S002,P020,10,6441.1
SALE-20260808-S002-P021,2026-08-08,S002,P021,9,1777.23
SALE-20260808-S002-P022,2026-08-08,S002,P022,4,2914.16
SALE-20260808-S002-P023,2026-08-08,S002,P023,11,8796.7
SALE-20260808-S002-P024,2026-08-08,S002,P024,8,1195.2
SALE-20260808-S002-P025,2026-08-08,S002,P025,2,1380.94
SALE-20260808-S002-P026,2026-08-08,S002,P026,18,14757.84
SALE-20260808-S002-P027,2026-08-08,S002,P027,19,11198.22
SALE-20260808-S002-P028,2026-08-08,S002,P028,3,167.01
SALE-20260808-S002-P029,2026-08-08,S002,P029,7,1645.91
SALE-20260808-S002-P030,2026-08-08,S002,P030,5,1153.3
SALE-20260808-S002-P031,2026-08-08,S002,P031,11,3205.62
SALE-20260808-S002-P032,2026-08-08,S002,P032,3,1879.8
SALE-20260808-S002-P033,2026-08-08,S002,P033,11,7424.01
SALE-20260808-S002-P034,2026-08-08,S002,P034,15,2540.85
SALE-20260808-S002-P035,2026-08-08,S002,P035,13,1593.54
SALE-20260808-S002-P036,2026-08-08,S002,P036,4,749.56
SALE-20260808-S002-P037,2026-08-08,S002,P037,19,3559.65
SALE-20260808-S002-P038,2026-08-08,S002,P038,6,2320.98
SALE-20260808-S002-P039,2026-08-08,S002,P039,2,1268.2
SALE-20260808-S002-P040,2026-08-08,S002,P040,14,2254.7
SALE-20260808-S002-P041,2026-08-08,S002,P041,12,11812.68
SALE-20260808-S002-P042,2026-08-08,S002,P042,16,17095.84
SALE-20260808-S002-P043,2026-08-08,S002,P043,20,14691.2
SALE-20260808-S002-P044,2026-08-08,S002,P044,6,809.7
SALE-20260808-S002-P045,2026-08-08,S002,P045,20,8913.0
SALE-20260808-S002-P046,2026-08-08,S002,P046,8,4447.44
SALE-20260808-S002-P047,2026-08-08,S002,P047,11,10372.89
SALE-20260808-S002-P048,2026-08-08,S002,P048,5,2368.9
SALE-20260808-S002-P049,2026-08-08,S002,P049,15,9519.9
SALE-20260808-S002-P050,2026-08-08,S002,P050,3,1171.14
SALE-20260808-S003-P001,2026-08-08,S003,P001,4,3155.44
SALE-20260808-S003-P002,2026-08-08,S003,P002,5,3245.75
SALE-20260808-S003-P003,2026-08-08,S003,P003,4,4283.48
SALE-20260808-S003-P004,2026-08-08,S003,P004,7,1065.05
SALE-20260808-S003-P005,2026-08-08,S003,P005,9,3968.1
SALE-20260808-S003-P006,2026-08-08,S003,P006,4,3351.96
SALE-20260808-S003-P007,2026-08-08,S003,P007,13,3341.26
SALE-20260808-S003-P008,2026-08-08,S003,P008,10,8841.5
SALE-20260808-S003-P009,2026-08-08,S003,P009,3,2268.57
SALE-20260808-S003-P010,2026-08-08,S003,P010,8,7893.6
SALE-20260808-S003-P011,2026-08-08,S003,P011,1,218.9
SALE-20260808-S003-P012,2026-08-08,S003,P012,17,3210.11
SALE-20260808-S003-P013,2026-08-08,S003,P013,4,3459.52
SALE-20260808-S003-P014,2026-08-08,S003,P014,8,3151.28
SALE-20260808-S003-P015,2026-08-08,S003,P015,4,780.48
SALE-20260808-S003-P016,2026-08-08,S003,P016,3,792.51
SALE-20260808-S003-P017,2026-08-08,S003,P017,6,3020.94
SALE-20260808-S003-P018,2026-08-08,S003,P018,15,5515.5
SALE-20260808-S003-P019,2026-08-08,S003,P019,13,10507.51
SALE-20260808-S003-P020,2026-08-08,S003,P020,4,2576.44
SALE-20260808-S003-P021,2026-08-08,S003,P021,6,1184.82
SALE-20260808-S003-P022,2026-08-08,S003,P022,4,2914.16
SALE-20260808-S003-P023,2026-08-08,S003,P023,5,3998.5
SALE-20260808-S003-P024,2026-08-08,S003,P024,5,747.0
SALE-20260808-S003-P025,2026-08-08,S003,P025,1,690.47
SALE-20260808-S003-P026,2026-08-08,S003,P026,10,8198.8
SALE-20260808-S003-P027,2026-08-08,S003,P027,10,5893.8
SALE-20260808-S003-P028,2026-08-08,S003,P028,5,278.35
SALE-20260808-S003-P029,2026-08-08,S003,P029,14,3291.82
SALE-20260808-S003-P030,2026-08-08,S003,P030,2,461.32
SALE-20260808-S003-P031,2026-08-08,S003,P031,7,2039.94
SALE-20260808-S003-P032,2026-08-08,S003,P032,3,1879.8
SALE-20260808-S003-P033,2026-08-08,S003,P033,9,6074.19
SALE-20260808-S003-P034,2026-08-08,S003,P034,7,1185.73
SALE-20260808-S003-P035,2026-08-08,S003,P035,10,1225.8
SALE-20260808-S003-P036,2026-08-08,S003,P036,1,187.39
SALE-20260808-S003-P037,2026-08-08,S003,P037,13,2435.55
SALE-20260808-S003-P038,2026-08-08,S003,P038,0,0.0
SALE-20260808-S003-P039,2026-08-08,S003,P039,1,634.1
SALE-20260808-S003-P040,2026-08-08,S003,P040,10,1610.5
SALE-20260808-S003-P041,2026-08-08,S003,P041,6,5906.34
SALE-20260808-S003-P042,2026-08-08,S003,P042,14,14958.86
SALE-20260808-S003-P043,2026-08-08,S003,P043,14,10283.84
SALE-20260808-S003-P044,2026-08-08,S003,P044,4,539.8
SALE-20260808-S003-P045,2026-08-08,S003,P045,22,9804.3
SALE-20260808-S003-P046,2026-08-08,S003,P046,5,2779.65
SALE-20260808-S003-P047,2026-08-08,S003,P047,12,11315.88
SALE-20260808-S003-P048,2026-08-08,S003,P048,4,1895.12
SALE-20260808-S003-P049,2026-08-08,S003,P049,12,7615.92
SALE-20260809-S001-P001,2026-08-09,S001,P001,11,8677.46
SALE-20260809-S001-P002,2026-08-09,S001,P002,6,3894.9
SALE-20260809-S001-P003,2026-08-09,S001,P003,5,5354.35
SALE-20260809-S001-P004,2026-08-09,S001,P004,1,152.15
SALE-20260809-S001-P005,2026-08-09,S001,P005,13,5731.7
SALE-20260809-S001-P006,2026-08-09,S001,P006,3,2513.97
SALE-20260809-S001-P007,2026-08-09,S001,P007,25,6425.5
SALE-20260809-S001-P008,2026-08-09,S001,P008,15,13262.25
SALE-20260809-S001-P009,2026-08-09,S001,P009,8,6049.52
SALE-20260809-S001-P010,2026-08-09,S001,P010,5,4933.5
SALE-20260809-S001-P011,2026-08-09,S001,P011,1,218.9
SALE-20260809-S001-P012,2026-08-09,S001,P012,15,2832.45
SALE-20260809-S001-P013,2026-08-09,S001,P013,10,8648.8
SALE-20260809-S001-P014,2026-08-09,S001,P014,13,5120.83
SALE-20260809-S001-P015,2026-08-09,S001,P015,1,195.12
SALE-20260809-S001-P016,2026-08-09,S001,P016,12,3170.04
SALE-20260809-S001-P017,2026-08-09,S001,P017,7,3524.43
SALE-20260809-S001-P018,2026-08-09,S001,P018,20,7354.0
SALE-20260809-S001-P019,2026-08-09,S001,P019,11,8890.97
SALE-20260809-S001-P020,2026-08-09,S001,P020,7,4508.77
SALE-20260809-S001-P021,2026-08-09,S001,P021,3,592.41
SALE-20260809-S001-P022,2026-08-09,S001,P022,10,7285.4
SALE-20260809-S001-P023,2026-08-09,S001,P023,12,9596.4
SALE-20260809-S001-P024,2026-08-09,S001,P024,9,1344.6
SALE-20260809-S001-P025,2026-08-09,S001,P025,3,2071.41
SALE-20260809-S001-P026,2026-08-09,S001,P026,23,18857.24
SALE-20260809-S001-P027,2026-08-09,S001,P027,18,10608.84
SALE-20260809-S001-P028,2026-08-09,S001,P028,2,111.34
SALE-20260809-S001-P029,2026-08-09,S001,P029,10,2351.3
SALE-20260809-S001-P030,2026-08-09,S001,P030,5,1153.3
SALE-20260809-S001-P031,2026-08-09,S001,P031,7,2039.94
SALE-20260809-S001-P032,2026-08-09,S001,P032,10,6266.0
SALE-20260809-S001-P033,2026-08-09,S001,P033,15,10123.65
SALE-20260809-S001-P034,2026-08-09,S001,P034,13,2202.07
SALE-20260809-S001-P035,2026-08-09,S001,P035,16,1961.28
SALE-20260809-S001-P036,2026-08-09,S001,P036,4,749.56
SALE-20260809-S001-P037,2026-08-09,S001,P037,15,2810.25
SALE-20260809-S001-P038,2026-08-09,S001,P038,2,773.66
SALE-20260809-S001-P039,2026-08-09,S001,P039,2,1268.2
SALE-20260809-S001-P040,2026-08-09,S001,P040,18,2898.9
SALE-20260809-S001-P041,2026-08-09,S001,P041,7,6890.73
SALE-20260809-S001-P042,2026-08-09,S001,P042,8,8547.92
SALE-20260809-S001-P043,2026-08-09,S001,P043,15,11018.4
SALE-20260809-S001-P044,2026-08-09,S001,P044,7,944.65
SALE-20260809-S001-P045,2026-08-09,S001,P045,14,6239.1
SALE-20260809-S001-P046,2026-08-09,S001,P046,7,3891.51
SALE-20260809-S001-P047,2026-08-09,S001,P047,7,6600.93
SALE-20260809-S001-P048,2026-08-09,S001,P048,4,1895.12
SALE-20260809-S001-P049,2026-08-09,S001,P049,20,12693.2
SALE-20260809-S001-P050,2026-08-09,S001,P050,2,780.76
SALE-20260809-S002-P001,2026-08-09,S002,P001,14,11044.04
SALE-20260809-S002-P002,2026-08-09,S002,P002,9,5842.35
SALE-20260809-S002-P003,2026-08-09,S002,P003,6,6425.22
SALE-20260809-S002-P004,2026-08-09,S002,P004,0,0.0
SALE-20260809-S002-P005,2026-08-09,S002,P005,9,3968.1
SALE-20260809-S002-P006,2026-08-09,S002,P006,6,5027.94
SALE-20260809-S002-P007,2026-08-09,S002,P007,0,0.0
SALE-20260809-S002-P008,2026-08-09,S002,P008,13,11493.95
SALE-20260809-S002-P009,2026-08-09,S002,P009,12,9074.28
SALE-20260809-S002-P010,2026-08-09,S002,P010,12,11840.4
SALE-20260809-S002-P011,2026-08-09,S002,P011,2,437.8
SALE-20260809-S002-P012,2026-08-09,S002,P012,18,3398.94
SALE-20260809-S002-P013,2026-08-09,S002,P013,15,12973.2
SALE-20260809-S002-P014,2026-08-09,S002,P014,25,9847.75
SALE-20260809-S002-P015,2026-08-09,S002,P015,9,1756.08
SALE-20260809-S002-P016,2026-08-09,S002,P016,12,3170.04
SALE-20260809-S002-P017,2026-08-09,S002,P017,10,5034.9
SALE-20260809-S002-P018,2026-08-09,S002,P018,20,7354.0
SALE-20260809-S002-P019,2026-08-09,S002,P019,11,8890.97
SALE-20260809-S002-P020,2026-08-09,S002,P020,14,9017.54
SALE-20260809-S002-P021,2026-08-09,S002,P021,9,1777.23
SALE-20260809-S002-P022,2026-08-09,S002,P022,10,7285.4
SALE-20260809-S002-P023,2026-08-09,S002,P023,14,11195.8
SALE-20260809-S002-P024,2026-08-09,S002,P024,6,896.4
SALE-20260809-S002-P025,2026-08-09,S002,P025,0,0.0
SALE-20260809-S002-P026,2026-08-09,S002,P026,13,10658.44
SALE-20260809-S002-P027,2026-08-09,S002,P027,19,11198.22
SALE-20260809-S002-P028,2026-08-09,S002,P028,2,111.34
SALE-20260809-S002-P029,2026-08-09,S002,P029,10,2351.3
SALE-20260809-S002-P030,2026-08-09,S002,P030,2,461.32
SALE-20260809-S002-P031,2026-08-09,S002,P031,7,2039.94
SALE-20260809-S002-P032,2026-08-09,S002,P032,4,2506.4
SALE-20260809-S002-P033,2026-08-09,S002,P033,16,10798.56
SALE-20260809-S002-P034,2026-08-09,S002,P034,18,3049.02
SALE-20260809-S002-P035,2026-08-09,S002,P035,18,2206.44
SALE-20260809-S002-P036,2026-08-09,S002,P036,6,1124.34
SALE-20260809-S002-P037,2026-08-09,S002,P037,14,2622.9
SALE-20260809-S002-P038,2026-08-09,S002,P038,4,1547.32
SALE-20260809-S002-P039,2026-08-09,S002,P039,2,1268.2
SALE-20260809-S002-P040,2026-08-09,S002,P040,11,1771.55
SALE-20260809-S002-P041,2026-08-09,S002,P041,8,7875.12
SALE-20260809-S002-P042,2026-08-09,S002,P042,17,18164.33
SALE-20260809-S002-P043,2026-08-09,S002,P043,23,16894.88
SALE-20260809-S002-P044,2026-08-09,S002,P044,8,1079.6
SALE-20260809-S002-P045,2026-08-09,S002,P045,21,9358.65
SALE-20260809-S002-P046,2026-08-09,S002,P046,6,3335.58
SALE-20260809-S002-P047,2026-08-09,S002,P047,12,11315.88
SALE-20260809-S002-P048,2026-08-09,S002,P048,8,3790.24
SALE-20260809-S002-P049,2026-08-09,S002,P049,29,18405.14
SALE-20260809-S002-P050,2026-08-09,S002,P050,8,3123.04
SALE-20260809-S003-P001,2026-08-09,S003,P001,9,7099.74
SALE-20260809-S003-P002,2026-08-09,S003,P002,9,5842.35
SALE-20260809-S003-P003,2026-08-09,S003,P003,5,5354.35
SALE-20260809-S003-P004,2026-08-09,S003,P004,3,456.45
SALE-20260809-S003-P005,2026-08-09,S003,P005,17,7495.3
SALE-20260809-S003-P006,2026-08-09,S003,P006,4,3351.96
SALE-20260809-S003-P007,2026-08-09,S003,P007,10,2570.2
SALE-20260809-S003-P008,2026-08-09,S003,P008,16,14146.4
SALE-20260809-S003-P009,2026-08-09,S003,P009,9,6805.71
SALE-20260809-S003-P010,2026-08-09,S003,P010,15,14800.5
SALE-20260809-S003-P011,2026-08-09,S003,P011,0,0.0
SALE-20260809-S003-P012,2026-08-09,S003,P012,13,2454.79
SALE-20260809-S003-P013,2026-08-09,S003,P013,7,6054.16
SALE-20260809-S003-P014,2026-08-09,S003,P014,10,3939.1
SALE-20260809-S003-P015,2026-08-09,S003,P015,5,975.6
SALE-20260809-S003-P016,2026-08-09,S003,P016,12,3170.04
SALE-20260809-S003-P017,2026-08-09,S003,P017,3,1510.47
SALE-20260809-S003-P018,2026-08-09,S003,P018,12,4412.4
SALE-20260809-S003-P019,2026-08-09,S003,P019,4,3233.08
SALE-20260809-S003-P020,2026-08-09,S003,P020,8,5152.88
SALE-20260809-S003-P021,2026-08-09,S003,P021,3,592.41
SALE-20260809-S003-P022,2026-08-09,S003,P022,10,7285.4
SALE-20260809-S003-P023,2026-08-09,S003,P023,9,7197.3
SALE-20260809-S003-P024,2026-08-09,S003,P024,8,1195.2
SALE-20260809-S003-P025,2026-08-09,S003,P025,1,690.47
SALE-20260809-S003-P026,2026-08-09,S003,P026,7,5739.16
SALE-20260809-S003-P027,2026-08-09,S003,P027,14,8251.32
SALE-20260809-S003-P028,2026-08-09,S003,P028,3,167.01
SALE-20260809-S003-P029,2026-08-09,S003,P029,12,2821.56
SALE-20260809-S003-P030,2026-08-09,S003,P030,3,691.98
SALE-20260809-S003-P031,2026-08-09,S003,P031,9,2622.78
SALE-20260809-S003-P032,2026-08-09,S003,P032,5,3133.0
SALE-20260809-S003-P033,2026-08-09,S003,P033,11,7424.01
SALE-20260809-S003-P034,2026-08-09,S003,P034,11,1863.29
SALE-20260809-S003-P035,2026-08-09,S003,P035,12,1470.96
SALE-20260809-S003-P036,2026-08-09,S003,P036,2,374.78
SALE-20260809-S003-P037,2026-08-09,S003,P037,16,2997.6
SALE-20260809-S003-P038,2026-08-09,S003,P038,4,1547.32
SALE-20260809-S003-P039,2026-08-09,S003,P039,2,1268.2
SALE-20260809-S003-P040,2026-08-09,S003,P040,5,805.25
SALE-20260809-S003-P041,2026-08-09,S003,P041,5,4921.95
SALE-20260809-S003-P042,2026-08-09,S003,P042,10,10684.9
SALE-20260809-S003-P043,2026-08-09,S003,P043,10,7345.6
SALE-20260809-S003-P044,2026-08-09,S003,P044,7,944.65
SALE-20260809-S003-P045,2026-08-09,S003,P045,16,7130.4
SALE-20260809-S003-P046,2026-08-09,S003,P046,7,3891.51
SALE-20260809-S003-P047,2026-08-09,S003,P047,6,5657.94
SALE-20260809-S003-P048,2026-08-09,S003,P048,6,2842.68
SALE-20260809-S003-P049,2026-08-09,S003,P049,10,6346.6
SALE-20260810-S001-P001,2026-08-10,S001,P001,15,11832.9
SALE-20260810-S001-P002,2026-08-10,S001,P002,13,8438.95
SALE-20260810-S001-P003,2026-08-10,S001,P003,3,3212.61
SALE-20260810-S001-P004,2026-08-10,S001,P004,2,304.3
SALE-20260810-S001-P005,2026-08-10,S001,P005,8,3527.2
SALE-20260810-S001-P006,2026-08-10,S001,P006,2,1675.98
SALE-20260810-S001-P007,2026-08-10,S001,P007,16,4112.32
SALE-20260810-S001-P008,2026-08-10,S001,P008,11,9725.65
SALE-20260810-S001-P009,2026-08-10,S001,P009,10,7561.9
SALE-20260810-S001-P010,2026-08-10,S001,P010,9,8880.3
SALE-20260810-S001-P011,2026-08-10,S001,P011,2,437.8
SALE-20260810-S001-P012,2026-08-10,S001,P012,15,2832.45
SALE-20260810-S001-P013,2026-08-10,S001,P013,8,6919.04
SALE-20260810-S001-P014,2026-08-10,S001,P014,18,7090.38
SALE-20260810-S001-P015,2026-08-10,S001,P015,1,195.12
SALE-20260810-S001-P016,2026-08-10,S001,P016,13,3434.21
SALE-20260810-S001-P017,2026-08-10,S001,P017,7,3524.43
SALE-20260810-S001-P018,2026-08-10,S001,P018,17,6250.9
SALE-20260810-S001-P019,2026-08-10,S001,P019,4,3233.08
SALE-20260810-S001-P020,2026-08-10,S001,P020,10,6441.1
SALE-20260810-S001-P021,2026-08-10,S001,P021,4,789.88
SALE-20260810-S001-P022,2026-08-10,S001,P022,8,5828.32
SALE-20260810-S001-P023,2026-08-10,S001,P023,9,7197.3
SALE-20260810-S001-P024,2026-08-10,S001,P024,14,2091.6
SALE-20260810-S001-P025,2026-08-10,S001,P025,2,1380.94
SALE-20260810-S001-P026,2026-08-10,S001,P026,16,13118.08
SALE-20260810-S001-P027,2026-08-10,S001,P027,22,12966.36
SALE-20260810-S001-P028,2026-08-10,S001,P028,7,389.69
SALE-20260810-S001-P029,2026-08-10,S001,P029,9,2116.17
SALE-20260810-S001-P030,2026-08-10,S001,P030,4,922.64
SALE-20260810-S001-P031,2026-08-10,S001,P031,14,4079.88
SALE-20260810-S001-P032,2026-08-10,S001,P032,2,1253.2
SALE-20260810-S001-P033,2026-08-10,S001,P033,13,8773.83
SALE-20260810-S001-P034,2026-08-10,S001,P034,12,2032.68
SALE-20260810-S001-P035,2026-08-10,S001,P035,9,1103.22
SALE-20260810-S001-P036,2026-08-10,S001,P036,2,374.78
SALE-20260810-S001-P037,2026-08-10,S001,P037,22,4121.7
SALE-20260810-S001-P038,2026-08-10,S001,P038,4,1547.32
SALE-20260810-S001-P039,2026-08-10,S001,P039,1,634.1
SALE-20260810-S001-P040,2026-08-10,S001,P040,8,1288.4
SALE-20260810-S001-P041,2026-08-10,S001,P041,8,7875.12
SALE-20260810-S001-P042,2026-08-10,S001,P042,9,9616.41
SALE-20260810-S001-P043,2026-08-10,S001,P043,9,6611.04
SALE-20260810-S001-P044,2026-08-10,S001,P044,8,1079.6
SALE-20260810-S001-P045,2026-08-10,S001,P045,17,7576.05
SALE-20260810-S001-P046,2026-08-10,S001,P046,8,4447.44
SALE-20260810-S001-P047,2026-08-10,S001,P047,7,6600.93
SALE-20260810-S001-P048,2026-08-10,S001,P048,6,2842.68
SALE-20260810-S001-P049,2026-08-10,S001,P049,9,5711.94
SALE-20260810-S001-P050,2026-08-10,S001,P050,4,1561.52
SALE-20260810-S002-P001,2026-08-10,S002,P001,6,4733.16
SALE-20260810-S002-P002,2026-08-10,S002,P002,9,5842.35
SALE-20260810-S002-P003,2026-08-10,S002,P003,5,5354.35
SALE-20260810-S002-P004,2026-08-10,S002,P004,1,152.15
SALE-20260810-S002-P005,2026-08-10,S002,P005,9,3968.1
SALE-20260810-S002-P006,2026-08-10,S002,P006,6,5027.94
SALE-20260810-S002-P007,2026-08-10,S002,P007,0,0.0
SALE-20260810-S002-P008,2026-08-10,S002,P008,15,13262.25
SALE-20260810-S002-P009,2026-08-10,S002,P009,8,6049.52
SALE-20260810-S002-P010,2026-08-10,S002,P010,12,11840.4
SALE-20260810-S002-P011,2026-08-10,S002,P011,0,0.0
SALE-20260810-S002-P012,2026-08-10,S002,P012,17,3210.11
SALE-20260810-S002-P013,2026-08-10,S002,P013,11,9513.68
SALE-20260810-S002-P014,2026-08-10,S002,P014,11,4333.01
SALE-20260810-S002-P015,2026-08-10,S002,P015,4,780.48
SALE-20260810-S002-P016,2026-08-10,S002,P016,10,2641.7
SALE-20260810-S002-P017,2026-08-10,S002,P017,9,4531.41
SALE-20260810-S002-P018,2026-08-10,S002,P018,18,6618.6
SALE-20260810-S002-P019,2026-08-10,S002,P019,13,10507.51
SALE-20260810-S002-P020,2026-08-10,S002,P020,7,4508.77
SALE-20260810-S002-P021,2026-08-10,S002,P021,11,2172.17
SALE-20260810-S002-P022,2026-08-10,S002,P022,13,9471.02
SALE-20260810-S002-P023,2026-08-10,S002,P023,9,7197.3
SALE-20260810-S002-P024,2026-08-10,S002,P024,7,1045.8
SALE-20260810-S002-P025,2026-08-10,S002,P025,5,3452.35
SALE-20260810-S002-P026,2026-08-10,S002,P026,26,21316.88
SALE-20260810-S002-P027,2026-08-10,S002,P027,19,11198.22
SALE-20260810-S002-P028,2026-08-10,S002,P028,2,111.34
SALE-20260810-S002-P029,2026-08-10,S002,P029,6,1410.78
SALE-20260810-S002-P030,2026-08-10,S002,P030,2,461.32
SALE-20260810-S002-P031,2026-08-10,S002,P031,16,4662.72
SALE-20260810-S002-P032,2026-08-10,S002,P032,7,4386.2
SALE-20260810-S002-P033,2026-08-10,S002,P033,12,8098.92
SALE-20260810-S002-P034,2026-08-10,S002,P034,12,2032.68
SALE-20260810-S002-P035,2026-08-10,S002,P035,17,2083.86
SALE-20260810-S002-P036,2026-08-10,S002,P036,7,1311.73
SALE-20260810-S002-P037,2026-08-10,S002,P037,11,2060.85
SALE-20260810-S002-P038,2026-08-10,S002,P038,6,2320.98
SALE-20260810-S002-P039,2026-08-10,S002,P039,3,1902.3
SALE-20260810-S002-P040,2026-08-10,S002,P040,13,2093.65
SALE-20260810-S002-P041,2026-08-10,S002,P041,10,9843.9
SALE-20260810-S002-P042,2026-08-10,S002,P042,17,18164.33
SALE-20260810-S002-P043,2026-08-10,S002,P043,18,13222.08
SALE-20260810-S002-P044,2026-08-10,S002,P044,5,674.75
SALE-20260810-S002-P045,2026-08-10,S002,P045,14,6239.1
SALE-20260810-S002-P046,2026-08-10,S002,P046,5,2779.65
SALE-20260810-S002-P047,2026-08-10,S002,P047,17,16030.83
SALE-20260810-S002-P048,2026-08-10,S002,P048,4,1895.12
SALE-20260810-S002-P049,2026-08-10,S002,P049,22,13962.52
SALE-20260810-S002-P050,2026-08-10,S002,P050,4,1561.52
SALE-20260810-S003-P001,2026-08-10,S003,P001,5,3944.3
SALE-20260810-S003-P002,2026-08-10,S003,P002,6,3894.9
SALE-20260810-S003-P003,2026-08-10,S003,P003,3,3212.61
SALE-20260810-S003-P004,2026-08-10,S003,P004,2,304.3
SALE-20260810-S003-P005,2026-08-10,S003,P005,11,4849.9
SALE-20260810-S003-P006,2026-08-10,S003,P006,4,3351.96
SALE-20260810-S003-P007,2026-08-10,S003,P007,18,4626.36
SALE-20260810-S003-P008,2026-08-10,S003,P008,7,6189.05
SALE-20260810-S003-P009,2026-08-10,S003,P009,7,5293.33
SALE-20260810-S003-P010,2026-08-10,S003,P010,6,5920.2
SALE-20260810-S003-P011,2026-08-10,S003,P011,2,437.8
SALE-20260810-S003-P012,2026-08-10,S003,P012,15,2832.45
SALE-20260810-S003-P013,2026-08-10,S003,P013,6,5189.28
SALE-20260810-S003-P014,2026-08-10,S003,P014,3,1181.73
SALE-20260810-S003-P015,2026-08-10,S003,P015,2,390.24
SALE-20260810-S003-P016,2026-08-10,S003,P016,7,1849.19
SALE-20260810-S003-P017,2026-08-10,S003,P017,9,4531.41
SALE-20260810-S003-P018,2026-08-10,S003,P018,12,4412.4
SALE-20260810-S003-P019,2026-08-10,S003,P019,11,8890.97
SALE-20260810-S003-P020,2026-08-10,S003,P020,5,3220.55
SALE-20260810-S003-P021,2026-08-10,S003,P021,5,987.35
SALE-20260810-S003-P022,2026-08-10,S003,P022,4,2914.16
SALE-20260810-S003-P023,2026-08-10,S003,P023,5,3998.5
SALE-20260810-S003-P024,2026-08-10,S003,P024,6,896.4
SALE-20260810-S003-P025,2026-08-10,S003,P025,2,1380.94
SALE-20260810-S003-P026,2026-08-10,S003,P026,8,6559.04
SALE-20260810-S003-P027,2026-08-10,S003,P027,8,4715.04
SALE-20260810-S003-P028,2026-08-10,S003,P028,3,167.01
SALE-20260810-S003-P029,2026-08-10,S003,P029,10,2351.3
SALE-20260810-S003-P030,2026-08-10,S003,P030,6,1383.96
SALE-20260810-S003-P031,2026-08-10,S003,P031,3,874.26
SALE-20260810-S003-P032,2026-08-10,S003,P032,8,5012.8
SALE-20260810-S003-P033,2026-08-10,S003,P033,12,8098.92
SALE-20260810-S003-P034,2026-08-10,S003,P034,10,1693.9
SALE-20260810-S003-P035,2026-08-10,S003,P035,14,1716.12
SALE-20260810-S003-P036,2026-08-10,S003,P036,2,374.78
SALE-20260810-S003-P037,2026-08-10,S003,P037,9,1686.15
SALE-20260810-S003-P038,2026-08-10,S003,P038,7,2707.81
SALE-20260810-S003-P039,2026-08-10,S003,P039,4,2536.4
SALE-20260810-S003-P040,2026-08-10,S003,P040,9,1449.45
SALE-20260810-S003-P041,2026-08-10,S003,P041,10,9843.9
SALE-20260810-S003-P042,2026-08-10,S003,P042,13,13890.37
SALE-20260810-S003-P043,2026-08-10,S003,P043,17,12487.52
SALE-20260810-S003-P044,2026-08-10,S003,P044,6,809.7
SALE-20260810-S003-P045,2026-08-10,S003,P045,17,7576.05
SALE-20260810-S003-P046,2026-08-10,S003,P046,5,2779.65
SALE-20260810-S003-P047,2026-08-10,S003,P047,7,6600.93
SALE-20260810-S003-P048,2026-08-10,S003,P048,5,2368.9
SALE-20260810-S003-P049,2026-08-10,S003,P049,8,5077.28
SALE-20260811-S001-P001,2026-08-11,S001,P001,12,9466.32
SALE-20260811-S001-P002,2026-08-11,S001,P002,7,4544.05
SALE-20260811-S001-P003,2026-08-11,S001,P003,8,8566.96
SALE-20260811-S001-P004,2026-08-11,S001,P004,2,304.3
SALE-20260811-S001-P005,2026-08-11,S001,P005,14,6172.6
SALE-20260811-S001-P006,2026-08-11,S001,P006,1,837.99
SALE-20260811-S001-P007,2026-08-11,S001,P007,15,3855.3
SALE-20260811-S001-P008,2026-08-11,S001,P008,8,7073.2
SALE-20260811-S001-P009,2026-08-11,S001,P009,5,3780.95
SALE-20260811-S001-P010,2026-08-11,S001,P010,9,8880.3
SALE-20260811-S001-P011,2026-08-11,S001,P011,0,0.0
SALE-20260811-S001-P012,2026-08-11,S001,P012,21,3965.43
SALE-20260811-S001-P013,2026-08-11,S001,P013,4,3459.52
SALE-20260811-S001-P014,2026-08-11,S001,P014,23,9059.93
SALE-20260811-S001-P015,2026-08-11,S001,P015,2,390.24
SALE-20260811-S001-P016,2026-08-11,S001,P016,11,2905.87
SALE-20260811-S001-P017,2026-08-11,S001,P017,5,2517.45
SALE-20260811-S001-P018,2026-08-11,S001,P018,17,6250.9
SALE-20260811-S001-P019,2026-08-11,S001,P019,11,8890.97
SALE-20260811-S001-P020,2026-08-11,S001,P020,4,2576.44
SALE-20260811-S001-P021,2026-08-11,S001,P021,3,592.41
SALE-20260811-S001-P022,2026-08-11,S001,P022,5,3642.7
SALE-20260811-S001-P023,2026-08-11,S001,P023,11,8796.7
SALE-20260811-S001-P024,2026-08-11,S001,P024,7,1045.8
SALE-20260811-S001-P025,2026-08-11,S001,P025,1,690.47
SALE-20260811-S001-P026,2026-08-11,S001,P026,9,7378.92
SALE-20260811-S001-P027,2026-08-11,S001,P027,16,9430.08
SALE-20260811-S001-P028,2026-08-11,S001,P028,2,111.34
SALE-20260811-S001-P029,2026-08-11,S001,P029,8,1881.04
SALE-20260811-S001-P030,2026-08-11,S001,P030,3,691.98
SALE-20260811-S001-P031,2026-08-11,S001,P031,13,3788.46
SALE-20260811-S001-P032,2026-08-11,S001,P032,5,3133.0
SALE-20260811-S001-P033,2026-08-11,S001,P033,13,8773.83
SALE-20260811-S001-P034,2026-08-11,S001,P034,12,2032.68
SALE-20260811-S001-P035,2026-08-11,S001,P035,15,1838.7
SALE-20260811-S001-P036,2026-08-11,S001,P036,1,187.39
SALE-20260811-S001-P037,2026-08-11,S001,P037,10,1873.5
SALE-20260811-S001-P038,2026-08-11,S001,P038,8,3094.64
SALE-20260811-S001-P039,2026-08-11,S001,P039,4,2536.4
SALE-20260811-S001-P040,2026-08-11,S001,P040,8,1288.4
SALE-20260811-S001-P041,2026-08-11,S001,P041,4,3937.56
SALE-20260811-S001-P042,2026-08-11,S001,P042,15,16027.35
SALE-20260811-S001-P043,2026-08-11,S001,P043,10,7345.6
SALE-20260811-S001-P044,2026-08-11,S001,P044,9,1214.55
SALE-20260811-S001-P045,2026-08-11,S001,P045,17,7576.05
SALE-20260811-S001-P046,2026-08-11,S001,P046,4,2223.72
SALE-20260811-S001-P047,2026-08-11,S001,P047,11,10372.89
SALE-20260811-S001-P048,2026-08-11,S001,P048,3,1421.34
SALE-20260811-S001-P049,2026-08-11,S001,P049,15,9519.9
SALE-20260811-S001-P050,2026-08-11,S001,P050,6,2342.28
SALE-20260811-S002-P001,2026-08-11,S002,P001,15,11832.9
SALE-20260811-S002-P002,2026-08-11,S002,P002,8,5193.2
SALE-20260811-S002-P003,2026-08-11,S002,P003,7,7496.09
SALE-20260811-S002-P004,2026-08-11,S002,P004,0,0.0
SALE-20260811-S002-P005,2026-08-11,S002,P005,14,6172.6
SALE-20260811-S002-P006,2026-08-11,S002,P006,4,3351.96
SALE-20260811-S002-P007,2026-08-11,S002,P007,0,0.0
SALE-20260811-S002-P008,2026-08-11,S002,P008,10,8841.5
SALE-20260811-S002-P009,2026-08-11,S002,P009,10,7561.9
SALE-20260811-S002-P010,2026-08-11,S002,P010,9,8880.3
SALE-20260811-S002-P011,2026-08-11,S002,P011,3,656.7
SALE-20260811-S002-P012,2026-08-11,S002,P012,8,1510.64
SALE-20260811-S002-P013,2026-08-11,S002,P013,17,14702.96
SALE-20260811-S002-P014,2026-08-11,S002,P014,13,5120.83
SALE-20260811-S002-P015,2026-08-11,S002,P015,5,975.6
SALE-20260811-S002-P016,2026-08-11,S002,P016,16,4226.72
SALE-20260811-S002-P017,2026-08-11,S002,P017,10,5034.9
SALE-20260811-S002-P018,2026-08-11,S002,P018,21,7721.7
SALE-20260811-S002-P019,2026-08-11,S002,P019,6,4849.62
SALE-20260811-S002-P020,2026-08-11,S002,P020,8,5152.88
SALE-20260811-S002-P021,2026-08-11,S002,P021,6,1184.82
SALE-20260811-S002-P022,2026-08-11,S002,P022,7,5099.78
SALE-20260811-S002-P023,2026-08-11,S002,P023,12,9596.4
SALE-20260811-S002-P024,2026-08-11,S002,P024,7,1045.8
SALE-20260811-S002-P025,2026-08-11,S002,P025,4,2761.88
SALE-20260811-S002-P026,2026-08-11,S002,P026,13,10658.44
SALE-20260811-S002-P027,2026-08-11,S002,P027,15,8840.7
SALE-20260811-S002-P028,2026-08-11,S002,P028,3,167.01
SALE-20260811-S002-P029,2026-08-11,S002,P029,5,1175.65
SALE-20260811-S002-P030,2026-08-11,S002,P030,2,461.32
SALE-20260811-S002-P031,2026-08-11,S002,P031,16,4662.72
SALE-20260811-S002-P032,2026-08-11,S002,P032,10,6266.0
SALE-20260811-S002-P033,2026-08-11,S002,P033,7,4724.37
SALE-20260811-S002-P034,2026-08-11,S002,P034,12,2032.68
SALE-20260811-S002-P035,2026-08-11,S002,P035,13,1593.54
SALE-20260811-S002-P036,2026-08-11,S002,P036,3,562.17
SALE-20260811-S002-P037,2026-08-11,S002,P037,14,2622.9
SALE-20260811-S002-P038,2026-08-11,S002,P038,9,3481.47
SALE-20260811-S002-P039,2026-08-11,S002,P039,2,1268.2
SALE-20260811-S002-P040,2026-08-11,S002,P040,4,644.2
SALE-20260811-S002-P041,2026-08-11,S002,P041,7,6890.73
SALE-20260811-S002-P042,2026-08-11,S002,P042,14,14958.86
SALE-20260811-S002-P043,2026-08-11,S002,P043,16,11752.96
SALE-20260811-S002-P044,2026-08-11,S002,P044,10,1349.5
SALE-20260811-S002-P045,2026-08-11,S002,P045,19,8467.35
SALE-20260811-S002-P046,2026-08-11,S002,P046,3,1667.79
SALE-20260811-S002-P047,2026-08-11,S002,P047,7,6600.93
SALE-20260811-S002-P048,2026-08-11,S002,P048,3,1421.34
SALE-20260811-S002-P049,2026-08-11,S002,P049,18,11423.88
SALE-20260811-S002-P050,2026-08-11,S002,P050,5,1951.9
SALE-20260811-S003-P001,2026-08-11,S003,P001,8,6310.88
SALE-20260811-S003-P002,2026-08-11,S003,P002,5,3245.75
SALE-20260811-S003-P003,2026-08-11,S003,P003,3,3212.61
SALE-20260811-S003-P004,2026-08-11,S003,P004,3,456.45
SALE-20260811-S003-P005,2026-08-11,S003,P005,12,5290.8
SALE-20260811-S003-P006,2026-08-11,S003,P006,1,837.99
SALE-20260811-S003-P007,2026-08-11,S003,P007,8,2056.16
SALE-20260811-S003-P008,2026-08-11,S003,P008,6,5304.9
SALE-20260811-S003-P009,2026-08-11,S003,P009,8,6049.52
SALE-20260811-S003-P010,2026-08-11,S003,P010,8,7893.6
SALE-20260811-S003-P011,2026-08-11,S003,P011,3,656.7
SALE-20260811-S003-P012,2026-08-11,S003,P012,13,2454.79
SALE-20260811-S003-P013,2026-08-11,S003,P013,6,5189.28
SALE-20260811-S003-P014,2026-08-11,S003,P014,11,4333.01
SALE-20260811-S003-P015,2026-08-11,S003,P015,1,195.12
SALE-20260811-S003-P016,2026-08-11,S003,P016,4,1056.68
SALE-20260811-S003-P017,2026-08-11,S003,P017,7,3524.43
SALE-20260811-S003-P018,2026-08-11,S003,P018,14,5147.8
SALE-20260811-S003-P019,2026-08-11,S003,P019,13,10507.51
SALE-20260811-S003-P020,2026-08-11,S003,P020,6,3864.66
SALE-20260811-S003-P021,2026-08-11,S003,P021,7,1382.29
SALE-20260811-S003-P022,2026-08-11,S003,P022,1,728.54
SALE-20260811-S003-P023,2026-08-11,S003,P023,5,3998.5
SALE-20260811-S003-P024,2026-08-11,S003,P024,5,747.0
SALE-20260811-S003-P025,2026-08-11,S003,P025,1,690.47
SALE-20260811-S003-P026,2026-08-11,S003,P026,13,10658.44
SALE-20260811-S003-P027,2026-08-11,S003,P027,6,3536.28
SALE-20260811-S003-P028,2026-08-11,S003,P028,3,167.01
SALE-20260811-S003-P029,2026-08-11,S003,P029,6,1410.78
SALE-20260811-S003-P030,2026-08-11,S003,P030,4,922.64
SALE-20260811-S003-P031,2026-08-11,S003,P031,8,2331.36
SALE-20260811-S003-P032,2026-08-11,S003,P032,3,1879.8
SALE-20260811-S003-P033,2026-08-11,S003,P033,4,2699.64
SALE-20260811-S003-P034,2026-08-11,S003,P034,11,1863.29
SALE-20260811-S003-P035,2026-08-11,S003,P035,13,1593.54
SALE-20260811-S003-P036,2026-08-11,S003,P036,3,562.17
SALE-20260811-S003-P037,2026-08-11,S003,P037,9,1686.15
SALE-20260811-S003-P038,2026-08-11,S003,P038,4,1547.32
SALE-20260811-S003-P039,2026-08-11,S003,P039,5,3170.5
SALE-20260811-S003-P040,2026-08-11,S003,P040,7,1127.35
SALE-20260811-S003-P041,2026-08-11,S003,P041,4,3937.56
SALE-20260811-S003-P042,2026-08-11,S003,P042,11,11753.39
SALE-20260811-S003-P043,2026-08-11,S003,P043,7,5141.92
SALE-20260811-S003-P044,2026-08-11,S003,P044,5,674.75
SALE-20260811-S003-P045,2026-08-11,S003,P045,14,6239.1
SALE-20260811-S003-P046,2026-08-11,S003,P046,2,1111.86
SALE-20260811-S003-P047,2026-08-11,S003,P047,9,8486.91
SALE-20260811-S003-P048,2026-08-11,S003,P048,2,947.56
SALE-20260811-S003-P049,2026-08-11,S003,P049,9,5711.94
SALE-20260812-S001-P001,2026-08-12,S001,P001,5,3944.3
SALE-20260812-S001-P002,2026-08-12,S001,P002,4,2596.6
SALE-20260812-S001-P003,2026-08-12,S001,P003,0,0.0
SALE-20260812-S001-P004,2026-08-12,S001,P004,4,608.6
SALE-20260812-S001-P005,2026-08-12,S001,P005,7,3086.3
SALE-20260812-S001-P006,2026-08-12,S001,P006,5,4189.95
SALE-20260812-S001-P007,2026-08-12,S001,P007,12,3084.24
SALE-20260812-S001-P008,2026-08-12,S001,P008,10,8841.5
SALE-20260812-S001-P009,2026-08-12,S001,P009,3,2268.57
SALE-20260812-S001-P010,2026-08-12,S001,P010,11,10853.7
SALE-20260812-S001-P011,2026-08-12,S001,P011,0,0.0
SALE-20260812-S001-P012,2026-08-12,S001,P012,13,2454.79
SALE-20260812-S001-P013,2026-08-12,S001,P013,11,9513.68
SALE-20260812-S001-P014,2026-08-12,S001,P014,9,3545.19
SALE-20260812-S001-P015,2026-08-12,S001,P015,3,585.36
SALE-20260812-S001-P016,2026-08-12,S001,P016,4,1056.68
SALE-20260812-S001-P017,2026-08-12,S001,P017,4,2013.96
SALE-20260812-S001-P018,2026-08-12,S001,P018,16,5883.2
SALE-20260812-S001-P019,2026-08-12,S001,P019,9,7274.43
SALE-20260812-S001-P020,2026-08-12,S001,P020,6,3864.66
SALE-20260812-S001-P021,2026-08-12,S001,P021,3,592.41
SALE-20260812-S001-P022,2026-08-12,S001,P022,5,3642.7
SALE-20260812-S001-P023,2026-08-12,S001,P023,9,7197.3
SALE-20260812-S001-P024,2026-08-12,S001,P024,9,1344.6
SALE-20260812-S001-P025,2026-08-12,S001,P025,0,0.0
SALE-20260812-S001-P026,2026-08-12,S001,P026,14,11478.32
SALE-20260812-S001-P027,2026-08-12,S001,P027,22,12966.36
SALE-20260812-S001-P028,2026-08-12,S001,P028,3,167.01
SALE-20260812-S001-P029,2026-08-12,S001,P029,8,1881.04
SALE-20260812-S001-P030,2026-08-12,S001,P030,4,922.64
SALE-20260812-S001-P031,2026-08-12,S001,P031,13,3788.46
SALE-20260812-S001-P032,2026-08-12,S001,P032,7,4386.2
SALE-20260812-S001-P033,2026-08-12,S001,P033,11,7424.01
SALE-20260812-S001-P034,2026-08-12,S001,P034,12,2032.68
SALE-20260812-S001-P035,2026-08-12,S001,P035,6,735.48
SALE-20260812-S001-P036,2026-08-12,S001,P036,1,187.39
SALE-20260812-S001-P037,2026-08-12,S001,P037,12,2248.2
SALE-20260812-S001-P038,2026-08-12,S001,P038,4,1547.32
SALE-20260812-S001-P039,2026-08-12,S001,P039,1,634.1
SALE-20260812-S001-P040,2026-08-12,S001,P040,8,1288.4
SALE-20260812-S001-P041,2026-08-12,S001,P041,4,3937.56
SALE-20260812-S001-P042,2026-08-12,S001,P042,9,9616.41
SALE-20260812-S001-P043,2026-08-12,S001,P043,4,2938.24
SALE-20260812-S001-P044,2026-08-12,S001,P044,5,674.75
SALE-20260812-S001-P045,2026-08-12,S001,P045,9,4010.85
SALE-20260812-S001-P046,2026-08-12,S001,P046,2,1111.86
SALE-20260812-S001-P047,2026-08-12,S001,P047,8,7543.92
SALE-20260812-S001-P048,2026-08-12,S001,P048,6,2842.68
SALE-20260812-S001-P049,2026-08-12,S001,P049,13,8250.58
SALE-20260812-S001-P050,2026-08-12,S001,P050,4,1561.52
SALE-20260812-S002-P001,2026-08-12,S002,P001,14,11044.04
SALE-20260812-S002-P002,2026-08-12,S002,P002,6,3894.9
SALE-20260812-S002-P003,2026-08-12,S002,P003,7,7496.09
SALE-20260812-S002-P004,2026-08-12,S002,P004,0,0.0
SALE-20260812-S002-P005,2026-08-12,S002,P005,15,6613.5
SALE-20260812-S002-P006,2026-08-12,S002,P006,3,2513.97
SALE-20260812-S002-P007,2026-08-12,S002,P007,0,0.0
SALE-20260812-S002-P008,2026-08-12,S002,P008,11,9725.65
SALE-20260812-S002-P009,2026-08-12,S002,P009,6,4537.14
SALE-20260812-S002-P010,2026-08-12,S002,P010,5,4933.5
SALE-20260812-S002-P011,2026-08-12,S002,P011,2,437.8
SALE-20260812-S002-P012,2026-08-12,S002,P012,18,3398.94
SALE-20260812-S002-P013,2026-08-12,S002,P013,8,6919.04
SALE-20260812-S002-P014,2026-08-12,S002,P014,19,7484.29
SALE-20260812-S002-P015,2026-08-12,S002,P015,0,0.0
SALE-20260812-S002-P016,2026-08-12,S002,P016,13,3434.21
SALE-20260812-S002-P017,2026-08-12,S002,P017,6,3020.94
SALE-20260812-S002-P018,2026-08-12,S002,P018,16,5883.2
SALE-20260812-S002-P019,2026-08-12,S002,P019,9,7274.43
SALE-20260812-S002-P020,2026-08-12,S002,P020,5,3220.55
SALE-20260812-S002-P021,2026-08-12,S002,P021,4,789.88
SALE-20260812-S002-P022,2026-08-12,S002,P022,3,2185.62
SALE-20260812-S002-P023,2026-08-12,S002,P023,12,9596.4
SALE-20260812-S002-P024,2026-08-12,S002,P024,13,1942.2
SALE-20260812-S002-P025,2026-08-12,S002,P025,4,2761.88
SALE-20260812-S002-P026,2026-08-12,S002,P026,16,13118.08
SALE-20260812-S002-P027,2026-08-12,S002,P027,22,12966.36
SALE-20260812-S002-P028,2026-08-12,S002,P028,2,111.34
SALE-20260812-S002-P029,2026-08-12,S002,P029,8,1881.04
SALE-20260812-S002-P030,2026-08-12,S002,P030,3,691.98
SALE-20260812-S002-P031,2026-08-12,S002,P031,10,2914.2
SALE-20260812-S002-P032,2026-08-12,S002,P032,8,5012.8
SALE-20260812-S002-P033,2026-08-12,S002,P033,14,9448.74
SALE-20260812-S002-P034,2026-08-12,S002,P034,14,2371.46
SALE-20260812-S002-P035,2026-08-12,S002,P035,16,1961.28
SALE-20260812-S002-P036,2026-08-12,S002,P036,2,374.78
SALE-20260812-S002-P037,2026-08-12,S002,P037,11,2060.85
SALE-20260812-S002-P038,2026-08-12,S002,P038,5,1934.15
SALE-20260812-S002-P039,2026-08-12,S002,P039,2,1268.2
SALE-20260812-S002-P040,2026-08-12,S002,P040,9,1449.45
SALE-20260812-S002-P041,2026-08-12,S002,P041,10,9843.9
SALE-20260812-S002-P042,2026-08-12,S002,P042,13,13890.37
SALE-20260812-S002-P043,2026-08-12,S002,P043,17,12487.52
SALE-20260812-S002-P044,2026-08-12,S002,P044,8,1079.6
SALE-20260812-S002-P045,2026-08-12,S002,P045,17,7576.05
SALE-20260812-S002-P046,2026-08-12,S002,P046,11,6115.23
SALE-20260812-S002-P047,2026-08-12,S002,P047,10,9429.9
SALE-20260812-S002-P048,2026-08-12,S002,P048,8,3790.24
SALE-20260812-S002-P049,2026-08-12,S002,P049,18,11423.88
SALE-20260812-S002-P050,2026-08-12,S002,P050,4,1561.52
SALE-20260812-S003-P001,2026-08-12,S003,P001,3,2366.58
SALE-20260812-S003-P002,2026-08-12,S003,P002,3,1947.45
SALE-20260812-S003-P003,2026-08-12,S003,P003,3,3212.61
SALE-20260812-S003-P004,2026-08-12,S003,P004,3,456.45
SALE-20260812-S003-P005,2026-08-12,S003,P005,6,2645.4
SALE-20260812-S003-P006,2026-08-12,S003,P006,1,837.99
SALE-20260812-S003-P007,2026-08-12,S003,P007,8,2056.16
SALE-20260812-S003-P008,2026-08-12,S003,P008,9,7957.35
SALE-20260812-S003-P009,2026-08-12,S003,P009,6,4537.14
SALE-20260812-S003-P010,2026-08-12,S003,P010,6,5920.2
SALE-20260812-S003-P011,2026-08-12,S003,P011,0,0.0
SALE-20260812-S003-P012,2026-08-12,S003,P012,13,2454.79
SALE-20260812-S003-P013,2026-08-12,S003,P013,9,7783.92
SALE-20260812-S003-P014,2026-08-12,S003,P014,9,3545.19
SALE-20260812-S003-P015,2026-08-12,S003,P015,5,975.6
SALE-20260812-S003-P016,2026-08-12,S003,P016,3,792.51
SALE-20260812-S003-P017,2026-08-12,S003,P017,5,2517.45
SALE-20260812-S003-P018,2026-08-12,S003,P018,7,2573.9
SALE-20260812-S003-P019,2026-08-12,S003,P019,8,6466.16
SALE-20260812-S003-P020,2026-08-12,S003,P020,3,1932.33
SALE-20260812-S003-P021,2026-08-12,S003,P021,4,789.88
SALE-20260812-S003-P022,2026-08-12,S003,P022,3,2185.62
SALE-20260812-S003-P023,2026-08-12,S003,P023,10,7997.0
SALE-20260812-S003-P024,2026-08-12,S003,P024,4,597.6
SALE-20260812-S003-P025,2026-08-12,S003,P025,0,0.0
SALE-20260812-S003-P026,2026-08-12,S003,P026,9,7378.92
SALE-20260812-S003-P027,2026-08-12,S003,P027,11,6483.18
SALE-20260812-S003-P028,2026-08-12,S003,P028,2,111.34
SALE-20260812-S003-P029,2026-08-12,S003,P029,7,1645.91
SALE-20260812-S003-P030,2026-08-12,S003,P030,3,691.98
SALE-20260812-S003-P031,2026-08-12,S003,P031,5,1457.1
SALE-20260812-S003-P032,2026-08-12,S003,P032,1,626.6
SALE-20260812-S003-P033,2026-08-12,S003,P033,9,6074.19
SALE-20260812-S003-P034,2026-08-12,S003,P034,15,2540.85
SALE-20260812-S003-P035,2026-08-12,S003,P035,6,735.48
SALE-20260812-S003-P036,2026-08-12,S003,P036,2,374.78
SALE-20260812-S003-P037,2026-08-12,S003,P037,11,2060.85
SALE-20260812-S003-P038,2026-08-12,S003,P038,2,773.66
SALE-20260812-S003-P039,2026-08-12,S003,P039,2,1268.2
SALE-20260812-S003-P040,2026-08-12,S003,P040,10,1610.5
SALE-20260812-S003-P041,2026-08-12,S003,P041,4,3937.56
SALE-20260812-S003-P042,2026-08-12,S003,P042,8,8547.92
SALE-20260812-S003-P043,2026-08-12,S003,P043,7,5141.92
SALE-20260812-S003-P044,2026-08-12,S003,P044,3,404.85
SALE-20260812-S003-P045,2026-08-12,S003,P045,5,2228.25
SALE-20260812-S003-P046,2026-08-12,S003,P046,6,3335.58
SALE-20260812-S003-P047,2026-08-12,S003,P047,5,4714.95
SALE-20260812-S003-P048,2026-08-12,S003,P048,5,2368.9
SALE-20260812-S003-P049,2026-08-12,S003,P049,11,6981.26
SALE-20260813-S001-P001,2026-08-13,S001,P001,7,5522.02
SALE-20260813-S001-P002,2026-08-13,S001,P002,6,3894.9
SALE-20260813-S001-P003,2026-08-13,S001,P003,5,5354.35
SALE-20260813-S001-P004,2026-08-13,S001,P004,7,1065.05
SALE-20260813-S001-P005,2026-08-13,S001,P005,11,4849.9
SALE-20260813-S001-P006,2026-08-13,S001,P006,1,837.99
SALE-20260813-S001-P007,2026-08-13,S001,P007,17,4369.34
SALE-20260813-S001-P008,2026-08-13,S001,P008,6,5304.9
SALE-20260813-S001-P009,2026-08-13,S001,P009,8,6049.52
SALE-20260813-S001-P010,2026-08-13,S001,P010,13,12827.1
SALE-20260813-S001-P011,2026-08-13,S001,P011,1,218.9
SALE-20260813-S001-P012,2026-08-13,S001,P012,16,3021.28
SALE-20260813-S001-P013,2026-08-13,S001,P013,9,7783.92
SALE-20260813-S001-P014,2026-08-13,S001,P014,10,3939.1
SALE-20260813-S001-P015,2026-08-13,S001,P015,3,585.36
SALE-20260813-S001-P016,2026-08-13,S001,P016,5,1320.85
SALE-20260813-S001-P017,2026-08-13,S001,P017,7,3524.43
SALE-20260813-S001-P018,2026-08-13,S001,P018,14,5147.8
SALE-20260813-S001-P019,2026-08-13,S001,P019,6,4849.62
SALE-20260813-S001-P020,2026-08-13,S001,P020,10,6441.1
SALE-20260813-S001-P021,2026-08-13,S001,P021,3,592.41
SALE-20260813-S001-P022,2026-08-13,S001,P022,7,5099.78
SALE-20260813-S001-P023,2026-08-13,S001,P023,1,799.7
SALE-20260813-S001-P024,2026-08-13,S001,P024,11,1643.4
SALE-20260813-S001-P025,2026-08-13,S001,P025,0,0.0
SALE-20260813-S001-P026,2026-08-13,S001,P026,13,10658.44
SALE-20260813-S001-P027,2026-08-13,S001,P027,14,8251.32
SALE-20260813-S001-P028,2026-08-13,S001,P028,3,167.01
SALE-20260813-S001-P029,2026-08-13,S001,P029,12,2821.56
SALE-20260813-S001-P030,2026-08-13,S001,P030,7,1614.62
SALE-20260813-S001-P031,2026-08-13,S001,P031,15,4371.3
SALE-20260813-S001-P032,2026-08-13,S001,P032,7,4386.2
SALE-20260813-S001-P033,2026-08-13,S001,P033,9,6074.19
SALE-20260813-S001-P034,2026-08-13,S001,P034,12,2032.68
SALE-20260813-S001-P035,2026-08-13,S001,P035,9,1103.22
SALE-20260813-S001-P036,2026-08-13,S001,P036,4,749.56
SALE-20260813-S001-P037,2026-08-13,S001,P037,12,2248.2
SALE-20260813-S001-P038,2026-08-13,S001,P038,3,1160.49
SALE-20260813-S001-P039,2026-08-13,S001,P039,2,1268.2
SALE-20260813-S001-P040,2026-08-13,S001,P040,12,1932.6
SALE-20260813-S001-P041,2026-08-13,S001,P041,2,1968.78
SALE-20260813-S001-P042,2026-08-13,S001,P042,10,10684.9
SALE-20260813-S001-P043,2026-08-13,S001,P043,8,5876.48
SALE-20260813-S001-P044,2026-08-13,S001,P044,3,404.85
SALE-20260813-S001-P045,2026-08-13,S001,P045,23,10249.95
SALE-20260813-S001-P046,2026-08-13,S001,P046,1,555.93
SALE-20260813-S001-P047,2026-08-13,S001,P047,10,9429.9
SALE-20260813-S001-P048,2026-08-13,S001,P048,7,3316.46
SALE-20260813-S001-P049,2026-08-13,S001,P049,12,7615.92
SALE-20260813-S001-P050,2026-08-13,S001,P050,2,780.76
SALE-20260813-S002-P001,2026-08-13,S002,P001,9,7099.74
SALE-20260813-S002-P002,2026-08-13,S002,P002,6,3894.9
SALE-20260813-S002-P003,2026-08-13,S002,P003,6,6425.22
SALE-20260813-S002-P004,2026-08-13,S002,P004,2,304.3
SALE-20260813-S002-P005,2026-08-13,S002,P005,18,7936.2
SALE-20260813-S002-P006,2026-08-13,S002,P006,3,2513.97
SALE-20260813-S002-P007,2026-08-13,S002,P007,0,0.0
SALE-20260813-S002-P008,2026-08-13,S002,P008,6,5304.9
SALE-20260813-S002-P009,2026-08-13,S002,P009,6,4537.14
SALE-20260813-S002-P010,2026-08-13,S002,P010,12,11840.4
SALE-20260813-S002-P011,2026-08-13,S002,P011,1,218.9
SALE-20260813-S002-P012,2026-08-13,S002,P012,17,3210.11
SALE-20260813-S002-P013,2026-08-13,S002,P013,10,8648.8
SALE-20260813-S002-P014,2026-08-13,S002,P014,12,4726.92
SALE-20260813-S002-P015,2026-08-13,S002,P015,5,975.6
SALE-20260813-S002-P016,2026-08-13,S002,P016,9,2377.53
SALE-20260813-S002-P017,2026-08-13,S002,P017,12,6041.88
SALE-20260813-S002-P018,2026-08-13,S002,P018,11,4044.7
SALE-20260813-S002-P019,2026-08-13,S002,P019,6,4849.62
SALE-20260813-S002-P020,2026-08-13,S002,P020,9,5796.99
SALE-20260813-S002-P021,2026-08-13,S002,P021,6,1184.82
SALE-20260813-S002-P022,2026-08-13,S002,P022,6,4371.24
SALE-20260813-S002-P023,2026-08-13,S002,P023,10,7997.0
SALE-20260813-S002-P024,2026-08-13,S002,P024,8,1195.2
SALE-20260813-S002-P025,2026-08-13,S002,P025,5,3452.35
SALE-20260813-S002-P026,2026-08-13,S002,P026,8,6559.04
SALE-20260813-S002-P027,2026-08-13,S002,P027,19,11198.22
SALE-20260813-S002-P028,2026-08-13,S002,P028,4,222.68
SALE-20260813-S002-P029,2026-08-13,S002,P029,14,3291.82
SALE-20260813-S002-P030,2026-08-13,S002,P030,3,691.98
SALE-20260813-S002-P031,2026-08-13,S002,P031,13,3788.46
SALE-20260813-S002-P032,2026-08-13,S002,P032,7,4386.2
SALE-20260813-S002-P033,2026-08-13,S002,P033,20,13498.2
SALE-20260813-S002-P034,2026-08-13,S002,P034,19,3218.41
SALE-20260813-S002-P035,2026-08-13,S002,P035,12,1470.96
SALE-20260813-S002-P036,2026-08-13,S002,P036,3,562.17
SALE-20260813-S002-P037,2026-08-13,S002,P037,14,2622.9
SALE-20260813-S002-P038,2026-08-13,S002,P038,7,2707.81
SALE-20260813-S002-P039,2026-08-13,S002,P039,1,634.1
SALE-20260813-S002-P040,2026-08-13,S002,P040,9,1449.45
SALE-20260813-S002-P041,2026-08-13,S002,P041,6,5906.34
SALE-20260813-S002-P042,2026-08-13,S002,P042,12,12821.88
SALE-20260813-S002-P043,2026-08-13,S002,P043,13,9549.28
SALE-20260813-S002-P044,2026-08-13,S002,P044,4,539.8
SALE-20260813-S002-P045,2026-08-13,S002,P045,16,7130.4
SALE-20260813-S002-P046,2026-08-13,S002,P046,7,3891.51
SALE-20260813-S002-P047,2026-08-13,S002,P047,11,10372.89
SALE-20260813-S002-P048,2026-08-13,S002,P048,4,1895.12
SALE-20260813-S002-P049,2026-08-13,S002,P049,21,13327.86
SALE-20260813-S002-P050,2026-08-13,S002,P050,5,1951.9
SALE-20260813-S003-P001,2026-08-13,S003,P001,4,3155.44
SALE-20260813-S003-P002,2026-08-13,S003,P002,6,3894.9
SALE-20260813-S003-P003,2026-08-13,S003,P003,0,0.0
SALE-20260813-S003-P004,2026-08-13,S003,P004,4,608.6
SALE-20260813-S003-P005,2026-08-13,S003,P005,9,3968.1
SALE-20260813-S003-P006,2026-08-13,S003,P006,2,1675.98
SALE-20260813-S003-P007,2026-08-13,S003,P007,9,2313.18
SALE-20260813-S003-P008,2026-08-13,S003,P008,8,7073.2
SALE-20260813-S003-P009,2026-08-13,S003,P009,7,5293.33
SALE-20260813-S003-P010,2026-08-13,S003,P010,14,13813.8
SALE-20260813-S003-P011,2026-08-13,S003,P011,0,0.0
SALE-20260813-S003-P012,2026-08-13,S003,P012,11,2077.13
SALE-20260813-S003-P013,2026-08-13,S003,P013,3,2594.64
SALE-20260813-S003-P014,2026-08-13,S003,P014,14,5514.74
SALE-20260813-S003-P015,2026-08-13,S003,P015,1,195.12
SALE-20260813-S003-P016,2026-08-13,S003,P016,6,1585.02
SALE-20260813-S003-P017,2026-08-13,S003,P017,5,2517.45
SALE-20260813-S003-P018,2026-08-13,S003,P018,11,4044.7
SALE-20260813-S003-P019,2026-08-13,S003,P019,1,808.27
SALE-20260813-S003-P020,2026-08-13,S003,P020,4,2576.44
SALE-20260813-S003-P021,2026-08-13,S003,P021,4,789.88
SALE-20260813-S003-P022,2026-08-13,S003,P022,1,728.54
SALE-20260813-S003-P023,2026-08-13,S003,P023,7,5597.9
SALE-20260813-S003-P024,2026-08-13,S003,P024,6,896.4
SALE-20260813-S003-P025,2026-08-13,S003,P025,2,1380.94
SALE-20260813-S003-P026,2026-08-13,S003,P026,8,6559.04
SALE-20260813-S003-P027,2026-08-13,S003,P027,9,5304.42
SALE-20260813-S003-P028,2026-08-13,S003,P028,7,389.69
SALE-20260813-S003-P029,2026-08-13,S003,P029,7,1645.91
SALE-20260813-S003-P030,2026-08-13,S003,P030,3,691.98
SALE-20260813-S003-P031,2026-08-13,S003,P031,8,2331.36
SALE-20260813-S003-P032,2026-08-13,S003,P032,2,1253.2
SALE-20260813-S003-P033,2026-08-13,S003,P033,9,6074.19
SALE-20260813-S003-P034,2026-08-13,S003,P034,5,846.95
SALE-20260813-S003-P035,2026-08-13,S003,P035,13,1593.54
SALE-20260813-S003-P036,2026-08-13,S003,P036,1,187.39
SALE-20260813-S003-P037,2026-08-13,S003,P037,8,1498.8
SALE-20260813-S003-P038,2026-08-13,S003,P038,4,1547.32
SALE-20260813-S003-P039,2026-08-13,S003,P039,1,634.1
SALE-20260813-S003-P040,2026-08-13,S003,P040,6,966.3
SALE-20260813-S003-P041,2026-08-13,S003,P041,4,3937.56
SALE-20260813-S003-P042,2026-08-13,S003,P042,15,16027.35
SALE-20260813-S003-P043,2026-08-13,S003,P043,11,8080.16
SALE-20260813-S003-P044,2026-08-13,S003,P044,6,809.7
SALE-20260813-S003-P045,2026-08-13,S003,P045,14,6239.1
SALE-20260813-S003-P046,2026-08-13,S003,P046,6,3335.58
SALE-20260813-S003-P047,2026-08-13,S003,P047,5,4714.95
SALE-20260813-S003-P048,2026-08-13,S003,P048,2,947.56
SALE-20260813-S003-P049,2026-08-13,S003,P049,12,7615.92
SALE-20260814-S001-P001,2026-08-14,S001,P001,7,5522.02
SALE-20260814-S001-P002,2026-08-14,S001,P002,9,5842.35
SALE-20260814-S001-P003,2026-08-14,S001,P003,3,3212.61
SALE-20260814-S001-P004,2026-08-14,S001,P004,4,608.6
SALE-20260814-S001-P005,2026-08-14,S001,P005,7,3086.3
SALE-20260814-S001-P006,2026-08-14,S001,P006,1,837.99
SALE-20260814-S001-P007,2026-08-14,S001,P007,8,2056.16
SALE-20260814-S001-P008,2026-08-14,S001,P008,11,9725.65
SALE-20260814-S001-P009,2026-08-14,S001,P009,14,10586.66
SALE-20260814-S001-P010,2026-08-14,S001,P010,17,16773.9
SALE-20260814-S001-P011,2026-08-14,S001,P011,0,0.0
SALE-20260814-S001-P012,2026-08-14,S001,P012,13,2454.79
SALE-20260814-S001-P013,2026-08-14,S001,P013,13,11243.44
SALE-20260814-S001-P014,2026-08-14,S001,P014,14,5514.74
SALE-20260814-S001-P015,2026-08-14,S001,P015,2,390.24
SALE-20260814-S001-P016,2026-08-14,S001,P016,6,1585.02
SALE-20260814-S001-P017,2026-08-14,S001,P017,5,2517.45
SALE-20260814-S001-P018,2026-08-14,S001,P018,12,4412.4
SALE-20260814-S001-P019,2026-08-14,S001,P019,11,8890.97
SALE-20260814-S001-P020,2026-08-14,S001,P020,11,7085.21
SALE-20260814-S001-P021,2026-08-14,S001,P021,5,987.35
SALE-20260814-S001-P022,2026-08-14,S001,P022,5,3642.7
SALE-20260814-S001-P023,2026-08-14,S001,P023,12,9596.4
SALE-20260814-S001-P024,2026-08-14,S001,P024,10,1494.0
SALE-20260814-S001-P025,2026-08-14,S001,P025,4,2761.88
SALE-20260814-S001-P026,2026-08-14,S001,P026,12,9838.56
SALE-20260814-S001-P027,2026-08-14,S001,P027,18,10608.84
SALE-20260814-S001-P028,2026-08-14,S001,P028,5,278.35
SALE-20260814-S001-P029,2026-08-14,S001,P029,6,1410.78
SALE-20260814-S001-P030,2026-08-14,S001,P030,1,230.66
SALE-20260814-S001-P031,2026-08-14,S001,P031,11,3205.62
SALE-20260814-S001-P032,2026-08-14,S001,P032,3,1879.8
SALE-20260814-S001-P033,2026-08-14,S001,P033,8,5399.28
SALE-20260814-S001-P034,2026-08-14,S001,P034,9,1524.51
SALE-20260814-S001-P035,2026-08-14,S001,P035,11,1348.38
SALE-20260814-S001-P036,2026-08-14,S001,P036,0,0.0
SALE-20260814-S001-P037,2026-08-14,S001,P037,18,3372.3
SALE-20260814-S001-P038,2026-08-14,S001,P038,4,1547.32
SALE-20260814-S001-P039,2026-08-14,S001,P039,2,1268.2
SALE-20260814-S001-P040,2026-08-14,S001,P040,6,966.3
SALE-20260814-S001-P041,2026-08-14,S001,P041,5,4921.95
SALE-20260814-S001-P042,2026-08-14,S001,P042,14,14958.86
SALE-20260814-S001-P043,2026-08-14,S001,P043,15,11018.4
SALE-20260814-S001-P044,2026-08-14,S001,P044,6,809.7
SALE-20260814-S001-P045,2026-08-14,S001,P045,15,6684.75
SALE-20260814-S001-P046,2026-08-14,S001,P046,2,1111.86
SALE-20260814-S001-P047,2026-08-14,S001,P047,5,4714.95
SALE-20260814-S001-P048,2026-08-14,S001,P048,8,3790.24
SALE-20260814-S001-P049,2026-08-14,S001,P049,20,12693.2
SALE-20260814-S001-P050,2026-08-14,S001,P050,6,2342.28
SALE-20260814-S002-P001,2026-08-14,S002,P001,11,8677.46
SALE-20260814-S002-P002,2026-08-14,S002,P002,7,4544.05
SALE-20260814-S002-P003,2026-08-14,S002,P003,7,7496.09
SALE-20260814-S002-P004,2026-08-14,S002,P004,0,0.0
SALE-20260814-S002-P005,2026-08-14,S002,P005,14,6172.6
SALE-20260814-S002-P006,2026-08-14,S002,P006,5,4189.95
SALE-20260814-S002-P007,2026-08-14,S002,P007,0,0.0
SALE-20260814-S002-P008,2026-08-14,S002,P008,6,5304.9
SALE-20260814-S002-P009,2026-08-14,S002,P009,9,6805.71
SALE-20260814-S002-P010,2026-08-14,S002,P010,17,16773.9
SALE-20260814-S002-P011,2026-08-14,S002,P011,4,875.6
SALE-20260814-S002-P012,2026-08-14,S002,P012,14,2643.62
SALE-20260814-S002-P013,2026-08-14,S002,P013,6,5189.28
SALE-20260814-S002-P014,2026-08-14,S002,P014,15,5908.65
SALE-20260814-S002-P015,2026-08-14,S002,P015,6,1170.72
SALE-20260814-S002-P016,2026-08-14,S002,P016,10,2641.7
SALE-20260814-S002-P017,2026-08-14,S002,P017,7,3524.43
SALE-20260814-S002-P018,2026-08-14,S002,P018,27,9927.9
SALE-20260814-S002-P019,2026-08-14,S002,P019,17,13740.59
SALE-20260814-S002-P020,2026-08-14,S002,P020,12,7729.32
SALE-20260814-S002-P021,2026-08-14,S002,P021,9,1777.23
SALE-20260814-S002-P022,2026-08-14,S002,P022,8,5828.32
SALE-20260814-S002-P023,2026-08-14,S002,P023,5,3998.5
SALE-20260814-S002-P024,2026-08-14,S002,P024,5,747.0
SALE-20260814-S002-P025,2026-08-14,S002,P025,4,2761.88
SALE-20260814-S002-P026,2026-08-14,S002,P026,17,13937.96
SALE-20260814-S002-P027,2026-08-14,S002,P027,11,6483.18
SALE-20260814-S002-P028,2026-08-14,S002,P028,4,222.68
SALE-20260814-S002-P029,2026-08-14,S002,P029,17,3997.21
SALE-20260814-S002-P030,2026-08-14,S002,P030,6,1383.96
SALE-20260814-S002-P031,2026-08-14,S002,P031,11,3205.62
SALE-20260814-S002-P032,2026-08-14,S002,P032,4,2506.4
SALE-20260814-S002-P033,2026-08-14,S002,P033,12,8098.92
SALE-20260814-S002-P034,2026-08-14,S002,P034,9,1524.51
SALE-20260814-S002-P035,2026-08-14,S002,P035,11,1348.38
SALE-20260814-S002-P036,2026-08-14,S002,P036,2,374.78
SALE-20260814-S002-P037,2026-08-14,S002,P037,24,4496.4
SALE-20260814-S002-P038,2026-08-14,S002,P038,8,3094.64
SALE-20260814-S002-P039,2026-08-14,S002,P039,2,1268.2
SALE-20260814-S002-P040,2026-08-14,S002,P040,9,1449.45
SALE-20260814-S002-P041,2026-08-14,S002,P041,10,9843.9
SALE-20260814-S002-P042,2026-08-14,S002,P042,20,21369.8
SALE-20260814-S002-P043,2026-08-14,S002,P043,20,14691.2
SALE-20260814-S002-P044,2026-08-14,S002,P044,8,1079.6
SALE-20260814-S002-P045,2026-08-14,S002,P045,17,7576.05
SALE-20260814-S002-P046,2026-08-14,S002,P046,7,3891.51
SALE-20260814-S002-P047,2026-08-14,S002,P047,10,9429.9
SALE-20260814-S002-P048,2026-08-14,S002,P048,7,3316.46
SALE-20260814-S002-P049,2026-08-14,S002,P049,22,13962.52
SALE-20260814-S002-P050,2026-08-14,S002,P050,6,2342.28
SALE-20260814-S003-P001,2026-08-14,S003,P001,5,3944.3
SALE-20260814-S003-P002,2026-08-14,S003,P002,5,3245.75
SALE-20260814-S003-P003,2026-08-14,S003,P003,2,2141.74
SALE-20260814-S003-P004,2026-08-14,S003,P004,3,456.45
SALE-20260814-S003-P005,2026-08-14,S003,P005,4,1763.6
SALE-20260814-S003-P006,2026-08-14,S003,P006,4,3351.96
SALE-20260814-S003-P007,2026-08-14,S003,P007,17,4369.34
SALE-20260814-S003-P008,2026-08-14,S003,P008,8,7073.2
SALE-20260814-S003-P009,2026-08-14,S003,P009,4,3024.76
SALE-20260814-S003-P010,2026-08-14,S003,P010,9,8880.3
SALE-20260814-S003-P011,2026-08-14,S003,P011,1,218.9
SALE-20260814-S003-P012,2026-08-14,S003,P012,13,2454.79
SALE-20260814-S003-P013,2026-08-14,S003,P013,7,6054.16
SALE-20260814-S003-P014,2026-08-14,S003,P014,10,3939.1
SALE-20260814-S003-P015,2026-08-14,S003,P015,2,390.24
SALE-20260814-S003-P016,2026-08-14,S003,P016,10,2641.7
SALE-20260814-S003-P017,2026-08-14,S003,P017,7,3524.43
SALE-20260814-S003-P018,2026-08-14,S003,P018,14,5147.8
SALE-20260814-S003-P019,2026-08-14,S003,P019,7,5657.89
SALE-20260814-S003-P020,2026-08-14,S003,P020,4,2576.44
SALE-20260814-S003-P021,2026-08-14,S003,P021,5,987.35
SALE-20260814-S003-P022,2026-08-14,S003,P022,7,5099.78
SALE-20260814-S003-P023,2026-08-14,S003,P023,6,4798.2
SALE-20260814-S003-P024,2026-08-14,S003,P024,3,448.2
SALE-20260814-S003-P025,2026-08-14,S003,P025,0,0.0
SALE-20260814-S003-P026,2026-08-14,S003,P026,13,10658.44
SALE-20260814-S003-P027,2026-08-14,S003,P027,11,6483.18
SALE-20260814-S003-P028,2026-08-14,S003,P028,2,111.34
SALE-20260814-S003-P029,2026-08-14,S003,P029,3,705.39
SALE-20260814-S003-P030,2026-08-14,S003,P030,1,230.66
SALE-20260814-S003-P031,2026-08-14,S003,P031,6,1748.52
SALE-20260814-S003-P032,2026-08-14,S003,P032,3,1879.8
SALE-20260814-S003-P033,2026-08-14,S003,P033,5,3374.55
SALE-20260814-S003-P034,2026-08-14,S003,P034,7,1185.73
SALE-20260814-S003-P035,2026-08-14,S003,P035,8,980.64
SALE-20260814-S003-P036,2026-08-14,S003,P036,1,187.39
SALE-20260814-S003-P037,2026-08-14,S003,P037,13,2435.55
SALE-20260814-S003-P038,2026-08-14,S003,P038,1,386.83
SALE-20260814-S003-P039,2026-08-14,S003,P039,2,1268.2
SALE-20260814-S003-P040,2026-08-14,S003,P040,9,1449.45
SALE-20260814-S003-P041,2026-08-14,S003,P041,4,3937.56
SALE-20260814-S003-P042,2026-08-14,S003,P042,11,11753.39
SALE-20260814-S003-P043,2026-08-14,S003,P043,16,11752.96
SALE-20260814-S003-P044,2026-08-14,S003,P044,6,809.7
SALE-20260814-S003-P045,2026-08-14,S003,P045,11,4902.15
SALE-20260814-S003-P046,2026-08-14,S003,P046,4,2223.72
SALE-20260814-S003-P047,2026-08-14,S003,P047,8,7543.92
SALE-20260814-S003-P048,2026-08-14,S003,P048,6,2842.68
SALE-20260814-S003-P049,2026-08-14,S003,P049,11,6981.26
SALE-20260815-S001-P001,2026-08-15,S001,P001,11,8677.46
SALE-20260815-S001-P002,2026-08-15,S001,P002,7,4544.05
SALE-20260815-S001-P003,2026-08-15,S001,P003,7,7496.09
SALE-20260815-S001-P004,2026-08-15,S001,P004,4,608.6
SALE-20260815-S001-P005,2026-08-15,S001,P005,12,5290.8
SALE-20260815-S001-P006,2026-08-15,S001,P006,3,2513.97
SALE-20260815-S001-P007,2026-08-15,S001,P007,11,2827.22
SALE-20260815-S001-P008,2026-08-15,S001,P008,6,5304.9
SALE-20260815-S001-P009,2026-08-15,S001,P009,11,8318.09
SALE-20260815-S001-P010,2026-08-15,S001,P010,14,13813.8
SALE-20260815-S001-P011,2026-08-15,S001,P011,0,0.0
SALE-20260815-S001-P012,2026-08-15,S001,P012,14,2643.62
SALE-20260815-S001-P013,2026-08-15,S001,P013,12,10378.56
SALE-20260815-S001-P014,2026-08-15,S001,P014,14,5514.74
SALE-20260815-S001-P015,2026-08-15,S001,P015,4,780.48
SALE-20260815-S001-P016,2026-08-15,S001,P016,9,2377.53
SALE-20260815-S001-P017,2026-08-15,S001,P017,8,4027.92
SALE-20260815-S001-P018,2026-08-15,S001,P018,21,7721.7
SALE-20260815-S001-P019,2026-08-15,S001,P019,9,7274.43
SALE-20260815-S001-P020,2026-08-15,S001,P020,4,2576.44
SALE-20260815-S001-P021,2026-08-15,S001,P021,9,1777.23
SALE-20260815-S001-P022,2026-08-15,S001,P022,3,2185.62
SALE-20260815-S001-P023,2026-08-15,S001,P023,6,4798.2
SALE-20260815-S001-P024,2026-08-15,S001,P024,5,747.0
SALE-20260815-S001-P025,2026-08-15,S001,P025,1,690.47
SALE-20260815-S001-P026,2026-08-15,S001,P026,16,13118.08
SALE-20260815-S001-P027,2026-08-15,S001,P027,11,6483.18
SALE-20260815-S001-P028,2026-08-15,S001,P028,4,222.68
SALE-20260815-S001-P029,2026-08-15,S001,P029,11,2586.43
SALE-20260815-S001-P030,2026-08-15,S001,P030,3,691.98
SALE-20260815-S001-P031,2026-08-15,S001,P031,6,1748.52
SALE-20260815-S001-P032,2026-08-15,S001,P032,8,5012.8
SALE-20260815-S001-P033,2026-08-15,S001,P033,15,10123.65
SALE-20260815-S001-P034,2026-08-15,S001,P034,23,3895.97
SALE-20260815-S001-P035,2026-08-15,S001,P035,17,2083.86
SALE-20260815-S001-P036,2026-08-15,S001,P036,2,374.78
SALE-20260815-S001-P037,2026-08-15,S001,P037,7,1311.45
SALE-20260815-S001-P038,2026-08-15,S001,P038,7,2707.81
SALE-20260815-S001-P039,2026-08-15,S001,P039,4,2536.4
SALE-20260815-S001-P040,2026-08-15,S001,P040,10,1610.5
SALE-20260815-S001-P041,2026-08-15,S001,P041,10,9843.9
SALE-20260815-S001-P042,2026-08-15,S001,P042,19,20301.31
SALE-20260815-S001-P043,2026-08-15,S001,P043,22,16160.32
SALE-20260815-S001-P044,2026-08-15,S001,P044,1,134.95
SALE-20260815-S001-P045,2026-08-15,S001,P045,21,9358.65
SALE-20260815-S001-P046,2026-08-15,S001,P046,4,2223.72
SALE-20260815-S001-P047,2026-08-15,S001,P047,14,13201.86
SALE-20260815-S001-P048,2026-08-15,S001,P048,5,2368.9
SALE-20260815-S001-P049,2026-08-15,S001,P049,16,10154.56
SALE-20260815-S001-P050,2026-08-15,S001,P050,7,2732.66
SALE-20260815-S002-P001,2026-08-15,S002,P001,4,3155.44
SALE-20260815-S002-P002,2026-08-15,S002,P002,11,7140.65
SALE-20260815-S002-P003,2026-08-15,S002,P003,5,5354.35
SALE-20260815-S002-P004,2026-08-15,S002,P004,0,0.0
SALE-20260815-S002-P005,2026-08-15,S002,P005,14,6172.6
SALE-20260815-S002-P006,2026-08-15,S002,P006,1,837.99
SALE-20260815-S002-P007,2026-08-15,S002,P007,0,0.0
SALE-20260815-S002-P008,2026-08-15,S002,P008,14,12378.1
SALE-20260815-S002-P009,2026-08-15,S002,P009,9,6805.71
SALE-20260815-S002-P010,2026-08-15,S002,P010,12,11840.4
SALE-20260815-S002-P011,2026-08-15,S002,P011,2,437.8
SALE-20260815-S002-P012,2026-08-15,S002,P012,20,3776.6
SALE-20260815-S002-P013,2026-08-15,S002,P013,11,9513.68
SALE-20260815-S002-P014,2026-08-15,S002,P014,19,7484.29
SALE-20260815-S002-P015,2026-08-15,S002,P015,5,975.6
SALE-20260815-S002-P016,2026-08-15,S002,P016,16,4226.72
SALE-20260815-S002-P017,2026-08-15,S002,P017,8,4027.92
SALE-20260815-S002-P018,2026-08-15,S002,P018,19,6986.3
SALE-20260815-S002-P019,2026-08-15,S002,P019,12,9699.24
SALE-20260815-S002-P020,2026-08-15,S002,P020,15,9661.65
SALE-20260815-S002-P021,2026-08-15,S002,P021,4,789.88
SALE-20260815-S002-P022,2026-08-15,S002,P022,8,5828.32
SALE-20260815-S002-P023,2026-08-15,S002,P023,14,11195.8
SALE-20260815-S002-P024,2026-08-15,S002,P024,10,1494.0
SALE-20260815-S002-P025,2026-08-15,S002,P025,2,1380.94
SALE-20260815-S002-P026,2026-08-15,S002,P026,16,13118.08
SALE-20260815-S002-P027,2026-08-15,S002,P027,21,12376.98
SALE-20260815-S002-P028,2026-08-15,S002,P028,3,167.01
SALE-20260815-S002-P029,2026-08-15,S002,P029,15,3526.95
SALE-20260815-S002-P030,2026-08-15,S002,P030,5,1153.3
SALE-20260815-S002-P031,2026-08-15,S002,P031,20,5828.4
SALE-20260815-S002-P032,2026-08-15,S002,P032,10,6266.0
SALE-20260815-S002-P033,2026-08-15,S002,P033,15,10123.65
SALE-20260815-S002-P034,2026-08-15,S002,P034,19,3218.41
SALE-20260815-S002-P035,2026-08-15,S002,P035,17,2083.86
SALE-20260815-S002-P036,2026-08-15,S002,P036,6,1124.34
SALE-20260815-S002-P037,2026-08-15,S002,P037,16,2997.6
SALE-20260815-S002-P038,2026-08-15,S002,P038,3,1160.49
SALE-20260815-S002-P039,2026-08-15,S002,P039,2,1268.2
SALE-20260815-S002-P040,2026-08-15,S002,P040,13,2093.65
SALE-20260815-S002-P041,2026-08-15,S002,P041,9,8859.51
SALE-20260815-S002-P042,2026-08-15,S002,P042,28,29917.72
SALE-20260815-S002-P043,2026-08-15,S002,P043,22,16160.32
SALE-20260815-S002-P044,2026-08-15,S002,P044,5,674.75
SALE-20260815-S002-P045,2026-08-15,S002,P045,20,8913.0
SALE-20260815-S002-P046,2026-08-15,S002,P046,6,3335.58
SALE-20260815-S002-P047,2026-08-15,S002,P047,8,7543.92
SALE-20260815-S002-P048,2026-08-15,S002,P048,7,3316.46
SALE-20260815-S002-P049,2026-08-15,S002,P049,21,13327.86
SALE-20260815-S002-P050,2026-08-15,S002,P050,7,2732.66
SALE-20260815-S003-P001,2026-08-15,S003,P001,11,8677.46
SALE-20260815-S003-P002,2026-08-15,S003,P002,3,1947.45
SALE-20260815-S003-P003,2026-08-15,S003,P003,4,4283.48
SALE-20260815-S003-P004,2026-08-15,S003,P004,2,304.3
SALE-20260815-S003-P005,2026-08-15,S003,P005,10,4409.0
SALE-20260815-S003-P006,2026-08-15,S003,P006,2,1675.98
SALE-20260815-S003-P007,2026-08-15,S003,P007,14,3598.28
SALE-20260815-S003-P008,2026-08-15,S003,P008,11,9725.65
SALE-20260815-S003-P009,2026-08-15,S003,P009,5,3780.95
SALE-20260815-S003-P010,2026-08-15,S003,P010,3,2960.1
SALE-20260815-S003-P011,2026-08-15,S003,P011,1,218.9
SALE-20260815-S003-P012,2026-08-15,S003,P012,10,1888.3
SALE-20260815-S003-P013,2026-08-15,S003,P013,10,8648.8
SALE-20260815-S003-P014,2026-08-15,S003,P014,13,5120.83
SALE-20260815-S003-P015,2026-08-15,S003,P015,2,390.24
SALE-20260815-S003-P016,2026-08-15,S003,P016,11,2905.87
SALE-20260815-S003-P017,2026-08-15,S003,P017,2,1006.98
SALE-20260815-S003-P018,2026-08-15,S003,P018,18,6618.6
SALE-20260815-S003-P019,2026-08-15,S003,P019,9,7274.43
SALE-20260815-S003-P020,2026-08-15,S003,P020,10,6441.1
SALE-20260815-S003-P021,2026-08-15,S003,P021,3,592.41
SALE-20260815-S003-P022,2026-08-15,S003,P022,5,3642.7
SALE-20260815-S003-P023,2026-08-15,S003,P023,6,4798.2
SALE-20260815-S003-P024,2026-08-15,S003,P024,7,1045.8
SALE-20260815-S003-P025,2026-08-15,S003,P025,0,0.0
SALE-20260815-S003-P026,2026-08-15,S003,P026,9,7378.92
SALE-20260815-S003-P027,2026-08-15,S003,P027,6,3536.28
SALE-20260815-S003-P028,2026-08-15,S003,P028,1,55.67
SALE-20260815-S003-P029,2026-08-15,S003,P029,11,2586.43
SALE-20260815-S003-P030,2026-08-15,S003,P030,2,461.32
SALE-20260815-S003-P031,2026-08-15,S003,P031,12,3497.04
SALE-20260815-S003-P032,2026-08-15,S003,P032,7,4386.2
SALE-20260815-S003-P033,2026-08-15,S003,P033,10,6749.1
SALE-20260815-S003-P034,2026-08-15,S003,P034,3,508.17
SALE-20260815-S003-P035,2026-08-15,S003,P035,13,1593.54
SALE-20260815-S003-P036,2026-08-15,S003,P036,2,374.78
SALE-20260815-S003-P037,2026-08-15,S003,P037,19,3559.65
SALE-20260815-S003-P038,2026-08-15,S003,P038,5,1934.15
SALE-20260815-S003-P039,2026-08-15,S003,P039,1,634.1
SALE-20260815-S003-P040,2026-08-15,S003,P040,13,2093.65
SALE-20260815-S003-P041,2026-08-15,S003,P041,7,6890.73
SALE-20260815-S003-P042,2026-08-15,S003,P042,7,7479.43
SALE-20260815-S003-P043,2026-08-15,S003,P043,8,5876.48
SALE-20260815-S003-P044,2026-08-15,S003,P044,7,944.65
SALE-20260815-S003-P045,2026-08-15,S003,P045,12,5347.8
SALE-20260815-S003-P046,2026-08-15,S003,P046,4,2223.72
SALE-20260815-S003-P047,2026-08-15,S003,P047,9,8486.91
SALE-20260815-S003-P048,2026-08-15,S003,P048,5,2368.9
SALE-20260815-S003-P049,2026-08-15,S003,P049,17,10789.22
SALE-20260816-S001-P001,2026-08-16,S001,P001,8,6310.88
SALE-20260816-S001-P002,2026-08-16,S001,P002,11,7140.65
SALE-20260816-S001-P003,2026-08-16,S001,P003,0,0.0
SALE-20260816-S001-P004,2026-08-16,S001,P004,4,608.6
SALE-20260816-S001-P005,2026-08-16,S001,P005,12,5290.8
SALE-20260816-S001-P006,2026-08-16,S001,P006,4,3351.96
SALE-20260816-S001-P007,2026-08-16,S001,P007,18,4626.36
SALE-20260816-S001-P008,2026-08-16,S001,P008,11,9725.65
SALE-20260816-S001-P009,2026-08-16,S001,P009,6,4537.14
SALE-20260816-S001-P010,2026-08-16,S001,P010,18,17760.6
SALE-20260816-S001-P011,2026-08-16,S001,P011,2,437.8
SALE-20260816-S001-P012,2026-08-16,S001,P012,22,4154.26
SALE-20260816-S001-P013,2026-08-16,S001,P013,9,7783.92
SALE-20260816-S001-P014,2026-08-16,S001,P014,16,6302.56
SALE-20260816-S001-P015,2026-08-16,S001,P015,2,390.24
SALE-20260816-S001-P016,2026-08-16,S001,P016,13,3434.21
SALE-20260816-S001-P017,2026-08-16,S001,P017,10,5034.9
SALE-20260816-S001-P018,2026-08-16,S001,P018,22,8089.4
SALE-20260816-S001-P019,2026-08-16,S001,P019,9,7274.43
SALE-20260816-S001-P020,2026-08-16,S001,P020,9,5796.99
SALE-20260816-S001-P021,2026-08-16,S001,P021,12,2369.64
SALE-20260816-S001-P022,2026-08-16,S001,P022,11,8013.94
SALE-20260816-S001-P023,2026-08-16,S001,P023,8,6397.6
SALE-20260816-S001-P024,2026-08-16,S001,P024,14,2091.6
SALE-20260816-S001-P025,2026-08-16,S001,P025,1,690.47
SALE-20260816-S001-P026,2026-08-16,S001,P026,28,22956.64
SALE-20260816-S001-P027,2026-08-16,S001,P027,14,8251.32
SALE-20260816-S001-P028,2026-08-16,S001,P028,2,111.34
SALE-20260816-S001-P029,2026-08-16,S001,P029,11,2586.43
SALE-20260816-S001-P030,2026-08-16,S001,P030,3,691.98
SALE-20260816-S001-P031,2026-08-16,S001,P031,14,4079.88
SALE-20260816-S001-P032,2026-08-16,S001,P032,3,1879.8
SALE-20260816-S001-P033,2026-08-16,S001,P033,10,6749.1
SALE-20260816-S001-P034,2026-08-16,S001,P034,15,2540.85
SALE-20260816-S001-P035,2026-08-16,S001,P035,19,2329.02
SALE-20260816-S001-P036,2026-08-16,S001,P036,4,749.56
SALE-20260816-S001-P037,2026-08-16,S001,P037,19,3559.65
SALE-20260816-S001-P038,2026-08-16,S001,P038,2,773.66
SALE-20260816-S001-P039,2026-08-16,S001,P039,3,1902.3
SALE-20260816-S001-P040,2026-08-16,S001,P040,11,1771.55
SALE-20260816-S001-P041,2026-08-16,S001,P041,15,14765.85
SALE-20260816-S001-P042,2026-08-16,S001,P042,17,18164.33
SALE-20260816-S001-P043,2026-08-16,S001,P043,14,10283.84
SALE-20260816-S001-P044,2026-08-16,S001,P044,8,1079.6
SALE-20260816-S001-P045,2026-08-16,S001,P045,13,5793.45
SALE-20260816-S001-P046,2026-08-16,S001,P046,5,2779.65
SALE-20260816-S001-P047,2026-08-16,S001,P047,10,9429.9
SALE-20260816-S001-P048,2026-08-16,S001,P048,4,1895.12
SALE-20260816-S001-P049,2026-08-16,S001,P049,15,9519.9
SALE-20260816-S001-P050,2026-08-16,S001,P050,4,1561.52
SALE-20260816-S002-P001,2026-08-16,S002,P001,11,8677.46
SALE-20260816-S002-P002,2026-08-16,S002,P002,8,5193.2
SALE-20260816-S002-P003,2026-08-16,S002,P003,4,4283.48
SALE-20260816-S002-P004,2026-08-16,S002,P004,0,0.0
SALE-20260816-S002-P005,2026-08-16,S002,P005,14,6172.6
SALE-20260816-S002-P006,2026-08-16,S002,P006,10,8379.9
SALE-20260816-S002-P007,2026-08-16,S002,P007,0,0.0
SALE-20260816-S002-P008,2026-08-16,S002,P008,11,9725.65
SALE-20260816-S002-P009,2026-08-16,S002,P009,11,8318.09
SALE-20260816-S002-P010,2026-08-16,S002,P010,15,14800.5
SALE-20260816-S002-P011,2026-08-16,S002,P011,3,656.7
SALE-20260816-S002-P012,2026-08-16,S002,P012,18,3398.94
SALE-20260816-S002-P013,2026-08-16,S002,P013,6,5189.28
SALE-20260816-S002-P014,2026-08-16,S002,P014,20,7878.2
SALE-20260816-S002-P015,2026-08-16,S002,P015,3,585.36
SALE-20260816-S002-P016,2026-08-16,S002,P016,12,3170.04
SALE-20260816-S002-P017,2026-08-16,S002,P017,9,4531.41
SALE-20260816-S002-P018,2026-08-16,S002,P018,12,4412.4
SALE-20260816-S002-P019,2026-08-16,S002,P019,11,8890.97
SALE-20260816-S002-P020,2026-08-16,S002,P020,11,7085.21
SALE-20260816-S002-P021,2026-08-16,S002,P021,3,592.41
SALE-20260816-S002-P022,2026-08-16,S002,P022,9,6556.86
SALE-20260816-S002-P023,2026-08-16,S002,P023,12,9596.4
SALE-20260816-S002-P024,2026-08-16,S002,P024,10,1494.0
SALE-20260816-S002-P025,2026-08-16,S002,P025,1,690.47
SALE-20260816-S002-P026,2026-08-16,S002,P026,18,14757.84
SALE-20260816-S002-P027,2026-08-16,S002,P027,16,9430.08
SALE-20260816-S002-P028,2026-08-16,S002,P028,3,167.01
SALE-20260816-S002-P029,2026-08-16,S002,P029,16,3762.08
SALE-20260816-S002-P030,2026-08-16,S002,P030,3,691.98
SALE-20260816-S002-P031,2026-08-16,S002,P031,15,4371.3
SALE-20260816-S002-P032,2026-08-16,S002,P032,6,3759.6
SALE-20260816-S002-P033,2026-08-16,S002,P033,14,9448.74
SALE-20260816-S002-P034,2026-08-16,S002,P034,17,2879.63
SALE-20260816-S002-P035,2026-08-16,S002,P035,15,1838.7
SALE-20260816-S002-P036,2026-08-16,S002,P036,2,374.78
SALE-20260816-S002-P037,2026-08-16,S002,P037,15,2810.25
SALE-20260816-S002-P038,2026-08-16,S002,P038,6,2320.98
SALE-20260816-S002-P039,2026-08-16,S002,P039,5,3170.5
SALE-20260816-S002-P040,2026-08-16,S002,P040,18,2898.9
SALE-20260816-S002-P041,2026-08-16,S002,P041,8,7875.12
SALE-20260816-S002-P042,2026-08-16,S002,P042,22,23506.78
SALE-20260816-S002-P043,2026-08-16,S002,P043,23,16894.88
SALE-20260816-S002-P044,2026-08-16,S002,P044,6,809.7
SALE-20260816-S002-P045,2026-08-16,S002,P045,20,8913.0
SALE-20260816-S002-P046,2026-08-16,S002,P046,8,4447.44
SALE-20260816-S002-P047,2026-08-16,S002,P047,12,11315.88
SALE-20260816-S002-P048,2026-08-16,S002,P048,9,4264.02
SALE-20260816-S002-P049,2026-08-16,S002,P049,33,20943.78
SALE-20260816-S002-P050,2026-08-16,S002,P050,5,1951.9
SALE-20260816-S003-P001,2026-08-16,S003,P001,8,6310.88
SALE-20260816-S003-P002,2026-08-16,S003,P002,5,3245.75
SALE-20260816-S003-P003,2026-08-16,S003,P003,1,1070.87
SALE-20260816-S003-P004,2026-08-16,S003,P004,2,304.3
SALE-20260816-S003-P005,2026-08-16,S003,P005,12,5290.8
SALE-20260816-S003-P006,2026-08-16,S003,P006,5,4189.95
SALE-20260816-S003-P007,2026-08-16,S003,P007,18,4626.36
SALE-20260816-S003-P008,2026-08-16,S003,P008,3,2652.45
SALE-20260816-S003-P009,2026-08-16,S003,P009,7,5293.33
SALE-20260816-S003-P010,2026-08-16,S003,P010,9,8880.3
SALE-20260816-S003-P011,2026-08-16,S003,P011,2,437.8
SALE-20260816-S003-P012,2026-08-16,S003,P012,16,3021.28
SALE-20260816-S003-P013,2026-08-16,S003,P013,4,3459.52
SALE-20260816-S003-P014,2026-08-16,S003,P014,8,3151.28
SALE-20260816-S003-P015,2026-08-16,S003,P015,1,195.12
SALE-20260816-S003-P016,2026-08-16,S003,P016,9,2377.53
SALE-20260816-S003-P017,2026-08-16,S003,P017,9,4531.41
SALE-20260816-S003-P018,2026-08-16,S003,P018,11,4044.7
SALE-20260816-S003-P019,2026-08-16,S003,P019,10,8082.7
SALE-20260816-S003-P020,2026-08-16,S003,P020,8,5152.88
SALE-20260816-S003-P021,2026-08-16,S003,P021,2,394.94
SALE-20260816-S003-P022,2026-08-16,S003,P022,5,3642.7
SALE-20260816-S003-P023,2026-08-16,S003,P023,7,5597.9
SALE-20260816-S003-P024,2026-08-16,S003,P024,5,747.0
SALE-20260816-S003-P025,2026-08-16,S003,P025,4,2761.88
SALE-20260816-S003-P026,2026-08-16,S003,P026,15,12298.2
SALE-20260816-S003-P027,2026-08-16,S003,P027,8,4715.04
SALE-20260816-S003-P028,2026-08-16,S003,P028,1,55.67
SALE-20260816-S003-P029,2026-08-16,S003,P029,10,2351.3
SALE-20260816-S003-P030,2026-08-16,S003,P030,6,1383.96
SALE-20260816-S003-P031,2026-08-16,S003,P031,8,2331.36
SALE-20260816-S003-P032,2026-08-16,S003,P032,6,3759.6
SALE-20260816-S003-P033,2026-08-16,S003,P033,9,6074.19
SALE-20260816-S003-P034,2026-08-16,S003,P034,12,2032.68
SALE-20260816-S003-P035,2026-08-16,S003,P035,16,1961.28
SALE-20260816-S003-P036,2026-08-16,S003,P036,1,187.39
SALE-20260816-S003-P037,2026-08-16,S003,P037,16,2997.6
SALE-20260816-S003-P038,2026-08-16,S003,P038,5,1934.15
SALE-20260816-S003-P039,2026-08-16,S003,P039,0,0.0
SALE-20260816-S003-P040,2026-08-16,S003,P040,6,966.3
SALE-20260816-S003-P041,2026-08-16,S003,P041,3,2953.17
SALE-20260816-S003-P042,2026-08-16,S003,P042,12,12821.88
SALE-20260816-S003-P043,2026-08-16,S003,P043,11,8080.16
SALE-20260816-S003-P044,2026-08-16,S003,P044,6,809.7
SALE-20260816-S003-P045,2026-08-16,S003,P045,17,7576.05
SALE-20260816-S003-P046,2026-08-16,S003,P046,6,3335.58
SALE-20260816-S003-P047,2026-08-16,S003,P047,11,10372.89
SALE-20260816-S003-P048,2026-08-16,S003,P048,2,947.56
SALE-20260816-S003-P049,2026-08-16,S003,P049,12,7615.92
SALE-20260817-S001-P001,2026-08-17,S001,P001,12,9466.32
SALE-20260817-S001-P002,2026-08-17,S001,P002,7,4544.05
SALE-20260817-S001-P003,2026-08-17,S001,P003,2,2141.74
SALE-20260817-S001-P004,2026-08-17,S001,P004,3,456.45
SALE-20260817-S001-P005,2026-08-17,S001,P005,7,3086.3
SALE-20260817-S001-P006,2026-08-17,S001,P006,3,2513.97
SALE-20260817-S001-P007,2026-08-17,S001,P007,13,3341.26
SALE-20260817-S001-P008,2026-08-17,S001,P008,12,10609.8
SALE-20260817-S001-P009,2026-08-17,S001,P009,5,3780.95
SALE-20260817-S001-P010,2026-08-17,S001,P010,10,9867.0
SALE-20260817-S001-P011,2026-08-17,S001,P011,0,0.0
SALE-20260817-S001-P012,2026-08-17,S001,P012,23,4343.09
SALE-20260817-S001-P013,2026-08-17,S001,P013,6,5189.28
SALE-20260817-S001-P014,2026-08-17,S001,P014,10,3939.1
SALE-20260817-S001-P015,2026-08-17,S001,P015,2,390.24
SALE-20260817-S001-P016,2026-08-17,S001,P016,8,2113.36
SALE-20260817-S001-P017,2026-08-17,S001,P017,9,4531.41
SALE-20260817-S001-P018,2026-08-17,S001,P018,18,6618.6
SALE-20260817-S001-P019,2026-08-17,S001,P019,11,8890.97
SALE-20260817-S001-P020,2026-08-17,S001,P020,11,7085.21
SALE-20260817-S001-P021,2026-08-17,S001,P021,7,1382.29
SALE-20260817-S001-P022,2026-08-17,S001,P022,6,4371.24
SALE-20260817-S001-P023,2026-08-17,S001,P023,7,5597.9
SALE-20260817-S001-P024,2026-08-17,S001,P024,5,747.0
SALE-20260817-S001-P025,2026-08-17,S001,P025,1,690.47
SALE-20260817-S001-P026,2026-08-17,S001,P026,12,9838.56
SALE-20260817-S001-P027,2026-08-17,S001,P027,13,7661.94
SALE-20260817-S001-P028,2026-08-17,S001,P028,6,334.02
SALE-20260817-S001-P029,2026-08-17,S001,P029,5,1175.65
SALE-20260817-S001-P030,2026-08-17,S001,P030,4,922.64
SALE-20260817-S001-P031,2026-08-17,S001,P031,19,5536.98
SALE-20260817-S001-P032,2026-08-17,S001,P032,5,3133.0
SALE-20260817-S001-P033,2026-08-17,S001,P033,13,8773.83
SALE-20260817-S001-P034,2026-08-17,S001,P034,9,1524.51
SALE-20260817-S001-P035,2026-08-17,S001,P035,10,1225.8
SALE-20260817-S001-P036,2026-08-17,S001,P036,8,1499.12
SALE-20260817-S001-P037,2026-08-17,S001,P037,16,2997.6
SALE-20260817-S001-P038,2026-08-17,S001,P038,3,1160.49
SALE-20260817-S001-P039,2026-08-17,S001,P039,3,1902.3
SALE-20260817-S001-P040,2026-08-17,S001,P040,10,1610.5
SALE-20260817-S001-P041,2026-08-17,S001,P041,6,5906.34
SALE-20260817-S001-P042,2026-08-17,S001,P042,21,22438.29
SALE-20260817-S001-P043,2026-08-17,S001,P043,15,11018.4
SALE-20260817-S001-P044,2026-08-17,S001,P044,7,944.65
SALE-20260817-S001-P045,2026-08-17,S001,P045,22,9804.3
SALE-20260817-S001-P046,2026-08-17,S001,P046,3,1667.79
SALE-20260817-S001-P047,2026-08-17,S001,P047,11,10372.89
SALE-20260817-S001-P048,2026-08-17,S001,P048,5,2368.9
SALE-20260817-S001-P049,2026-08-17,S001,P049,21,13327.86
SALE-20260817-S001-P050,2026-08-17,S001,P050,6,2342.28
SALE-20260817-S002-P001,2026-08-17,S002,P001,9,7099.74
SALE-20260817-S002-P002,2026-08-17,S002,P002,9,5842.35
SALE-20260817-S002-P003,2026-08-17,S002,P003,3,3212.61
SALE-20260817-S002-P004,2026-08-17,S002,P004,0,0.0
SALE-20260817-S002-P005,2026-08-17,S002,P005,11,4849.9
SALE-20260817-S002-P006,2026-08-17,S002,P006,3,2513.97
SALE-20260817-S002-P007,2026-08-17,S002,P007,0,0.0
SALE-20260817-S002-P008,2026-08-17,S002,P008,13,11493.95
SALE-20260817-S002-P009,2026-08-17,S002,P009,14,10586.66
SALE-20260817-S002-P010,2026-08-17,S002,P010,15,14800.5
SALE-20260817-S002-P011,2026-08-17,S002,P011,2,437.8
SALE-20260817-S002-P012,2026-08-17,S002,P012,14,2643.62
SALE-20260817-S002-P013,2026-08-17,S002,P013,12,10378.56
SALE-20260817-S002-P014,2026-08-17,S002,P014,12,4726.92
SALE-20260817-S002-P015,2026-08-17,S002,P015,6,1170.72
SALE-20260817-S002-P016,2026-08-17,S002,P016,9,2377.53
SALE-20260817-S002-P017,2026-08-17,S002,P017,9,4531.41
SALE-20260817-S002-P018,2026-08-17,S002,P018,21,7721.7
SALE-20260817-S002-P019,2026-08-17,S002,P019,13,10507.51
SALE-20260817-S002-P020,2026-08-17,S002,P020,11,7085.21
SALE-20260817-S002-P021,2026-08-17,S002,P021,10,1974.7
SALE-20260817-S002-P022,2026-08-17,S002,P022,12,8742.48
SALE-20260817-S002-P023,2026-08-17,S002,P023,10,7997.0
SALE-20260817-S002-P024,2026-08-17,S002,P024,10,1494.0
SALE-20260817-S002-P025,2026-08-17,S002,P025,3,2071.41
SALE-20260817-S002-P026,2026-08-17,S002,P026,19,15577.72
SALE-20260817-S002-P027,2026-08-17,S002,P027,12,7072.56
SALE-20260817-S002-P028,2026-08-17,S002,P028,0,0.0
SALE-20260817-S002-P029,2026-08-17,S002,P029,6,1410.78
SALE-20260817-S002-P030,2026-08-17,S002,P030,6,1383.96
SALE-20260817-S002-P031,2026-08-17,S002,P031,14,4079.88
SALE-20260817-S002-P032,2026-08-17,S002,P032,10,6266.0
SALE-20260817-S002-P033,2026-08-17,S002,P033,17,11473.47
SALE-20260817-S002-P034,2026-08-17,S002,P034,16,2710.24
SALE-20260817-S002-P035,2026-08-17,S002,P035,15,1838.7
SALE-20260817-S002-P036,2026-08-17,S002,P036,2,374.78
SALE-20260817-S002-P037,2026-08-17,S002,P037,18,3372.3
SALE-20260817-S002-P038,2026-08-17,S002,P038,13,5028.79
SALE-20260817-S002-P039,2026-08-17,S002,P039,7,4438.7
SALE-20260817-S002-P040,2026-08-17,S002,P040,14,2254.7
SALE-20260817-S002-P041,2026-08-17,S002,P041,13,12797.07
SALE-20260817-S002-P042,2026-08-17,S002,P042,17,18164.33
SALE-20260817-S002-P043,2026-08-17,S002,P043,15,11018.4
SALE-20260817-S002-P044,2026-08-17,S002,P044,10,1349.5
SALE-20260817-S002-P045,2026-08-17,S002,P045,19,8467.35
SALE-20260817-S002-P046,2026-08-17,S002,P046,9,5003.37
SALE-20260817-S002-P047,2026-08-17,S002,P047,10,9429.9
SALE-20260817-S002-P048,2026-08-17,S002,P048,9,4264.02
SALE-20260817-S002-P049,2026-08-17,S002,P049,14,8885.24
SALE-20260817-S002-P050,2026-08-17,S002,P050,4,1561.52
SALE-20260817-S003-P001,2026-08-17,S003,P001,10,7888.6
SALE-20260817-S003-P002,2026-08-17,S003,P002,9,5842.35
SALE-20260817-S003-P003,2026-08-17,S003,P003,5,5354.35
SALE-20260817-S003-P004,2026-08-17,S003,P004,2,304.3
SALE-20260817-S003-P005,2026-08-17,S003,P005,7,3086.3
SALE-20260817-S003-P006,2026-08-17,S003,P006,5,4189.95
SALE-20260817-S003-P007,2026-08-17,S003,P007,13,3341.26
SALE-20260817-S003-P008,2026-08-17,S003,P008,6,5304.9
SALE-20260817-S003-P009,2026-08-17,S003,P009,4,3024.76
SALE-20260817-S003-P010,2026-08-17,S003,P010,13,12827.1
SALE-20260817-S003-P011,2026-08-17,S003,P011,1,218.9
SALE-20260817-S003-P012,2026-08-17,S003,P012,11,2077.13
SALE-20260817-S003-P013,2026-08-17,S003,P013,5,4324.4
SALE-20260817-S003-P014,2026-08-17,S003,P014,9,3545.19
SALE-20260817-S003-P015,2026-08-17,S003,P015,2,390.24
SALE-20260817-S003-P016,2026-08-17,S003,P016,5,1320.85
SALE-20260817-S003-P017,2026-08-17,S003,P017,5,2517.45
SALE-20260817-S003-P018,2026-08-17,S003,P018,8,2941.6
SALE-20260817-S003-P019,2026-08-17,S003,P019,8,6466.16
SALE-20260817-S003-P020,2026-08-17,S003,P020,14,9017.54
SALE-20260817-S003-P021,2026-08-17,S003,P021,3,592.41
SALE-20260817-S003-P022,2026-08-17,S003,P022,6,4371.24
SALE-20260817-S003-P023,2026-08-17,S003,P023,16,12795.2
SALE-20260817-S003-P024,2026-08-17,S003,P024,11,1643.4
SALE-20260817-S003-P025,2026-08-17,S003,P025,1,690.47
SALE-20260817-S003-P026,2026-08-17,S003,P026,11,9018.68
SALE-20260817-S003-P027,2026-08-17,S003,P027,15,8840.7
SALE-20260817-S003-P028,2026-08-17,S003,P028,0,0.0
SALE-20260817-S003-P029,2026-08-17,S003,P029,11,2586.43
SALE-20260817-S003-P030,2026-08-17,S003,P030,0,0.0
SALE-20260817-S003-P031,2026-08-17,S003,P031,6,1748.52
SALE-20260817-S003-P032,2026-08-17,S003,P032,4,2506.4
SALE-20260817-S003-P033,2026-08-17,S003,P033,10,6749.1
SALE-20260817-S003-P034,2026-08-17,S003,P034,7,1185.73
SALE-20260817-S003-P035,2026-08-17,S003,P035,13,1593.54
SALE-20260817-S003-P036,2026-08-17,S003,P036,0,0.0
SALE-20260817-S003-P037,2026-08-17,S003,P037,20,3747.0
SALE-20260817-S003-P038,2026-08-17,S003,P038,5,1934.15
SALE-20260817-S003-P039,2026-08-17,S003,P039,1,634.1
SALE-20260817-S003-P040,2026-08-17,S003,P040,7,1127.35
SALE-20260817-S003-P041,2026-08-17,S003,P041,5,4921.95
SALE-20260817-S003-P042,2026-08-17,S003,P042,8,8547.92
SALE-20260817-S003-P043,2026-08-17,S003,P043,11,8080.16
SALE-20260817-S003-P044,2026-08-17,S003,P044,4,539.8
SALE-20260817-S003-P045,2026-08-17,S003,P045,8,3565.2
SALE-20260817-S003-P046,2026-08-17,S003,P046,1,555.93
SALE-20260817-S003-P047,2026-08-17,S003,P047,12,11315.88
SALE-20260817-S003-P048,2026-08-17,S003,P048,7,3316.46
SALE-20260817-S003-P049,2026-08-17,S003,P049,13,8250.58
SALE-20260818-S001-P001,2026-08-18,S001,P001,8,6310.88
SALE-20260818-S001-P002,2026-08-18,S001,P002,6,3894.9
SALE-20260818-S001-P003,2026-08-18,S001,P003,6,6425.22
SALE-20260818-S001-P004,2026-08-18,S001,P004,1,152.15
SALE-20260818-S001-P005,2026-08-18,S001,P005,13,5731.7
SALE-20260818-S001-P006,2026-08-18,S001,P006,7,5865.93
SALE-20260818-S001-P007,2026-08-18,S001,P007,19,4883.38
SALE-20260818-S001-P008,2026-08-18,S001,P008,5,4420.75
SALE-20260818-S001-P009,2026-08-18,S001,P009,9,6805.71
SALE-20260818-S001-P010,2026-08-18,S001,P010,11,10853.7
SALE-20260818-S001-P011,2026-08-18,S001,P011,3,656.7
SALE-20260818-S001-P012,2026-08-18,S001,P012,21,3965.43
SALE-20260818-S001-P013,2026-08-18,S001,P013,7,6054.16
SALE-20260818-S001-P014,2026-08-18,S001,P014,10,3939.1
SALE-20260818-S001-P015,2026-08-18,S001,P015,3,585.36
SALE-20260818-S001-P016,2026-08-18,S001,P016,9,2377.53
SALE-20260818-S001-P017,2026-08-18,S001,P017,12,6041.88
SALE-20260818-S001-P018,2026-08-18,S001,P018,17,6250.9
SALE-20260818-S001-P019,2026-08-18,S001,P019,11,8890.97
SALE-20260818-S001-P020,2026-08-18,S001,P020,11,7085.21
SALE-20260818-S001-P021,2026-08-18,S001,P021,9,1777.23
SALE-20260818-S001-P022,2026-08-18,S001,P022,4,2914.16
SALE-20260818-S001-P023,2026-08-18,S001,P023,11,8796.7
SALE-20260818-S001-P024,2026-08-18,S001,P024,10,1494.0
SALE-20260818-S001-P025,2026-08-18,S001,P025,2,1380.94
SALE-20260818-S001-P026,2026-08-18,S001,P026,8,6559.04
SALE-20260818-S001-P027,2026-08-18,S001,P027,14,8251.32
SALE-20260818-S001-P028,2026-08-18,S001,P028,4,222.68
SALE-20260818-S001-P029,2026-08-18,S001,P029,10,2351.3
SALE-20260818-S001-P030,2026-08-18,S001,P030,2,461.32
SALE-20260818-S001-P031,2026-08-18,S001,P031,7,2039.94
SALE-20260818-S001-P032,2026-08-18,S001,P032,4,2506.4
SALE-20260818-S001-P033,2026-08-18,S001,P033,8,5399.28
SALE-20260818-S001-P034,2026-08-18,S001,P034,11,1863.29
SALE-20260818-S001-P035,2026-08-18,S001,P035,10,1225.8
SALE-20260818-S001-P036,2026-08-18,S001,P036,4,749.56
SALE-20260818-S001-P037,2026-08-18,S001,P037,12,2248.2
SALE-20260818-S001-P038,2026-08-18,S001,P038,2,773.66
SALE-20260818-S001-P039,2026-08-18,S001,P039,5,3170.5
SALE-20260818-S001-P040,2026-08-18,S001,P040,8,1288.4
SALE-20260818-S001-P041,2026-08-18,S001,P041,4,3937.56
SALE-20260818-S001-P042,2026-08-18,S001,P042,14,14958.86
SALE-20260818-S001-P043,2026-08-18,S001,P043,8,5876.48
SALE-20260818-S001-P044,2026-08-18,S001,P044,6,809.7
SALE-20260818-S001-P045,2026-08-18,S001,P045,11,4902.15
SALE-20260818-S001-P046,2026-08-18,S001,P046,8,4447.44
SALE-20260818-S001-P047,2026-08-18,S001,P047,12,11315.88
SALE-20260818-S001-P048,2026-08-18,S001,P048,6,2842.68
SALE-20260818-S001-P049,2026-08-18,S001,P049,14,8885.24
SALE-20260818-S001-P050,2026-08-18,S001,P050,5,1951.9
SALE-20260818-S002-P001,2026-08-18,S002,P001,1,788.86
SALE-20260818-S002-P002,2026-08-18,S002,P002,11,7140.65
SALE-20260818-S002-P003,2026-08-18,S002,P003,2,2141.74
SALE-20260818-S002-P004,2026-08-18,S002,P004,0,0.0
SALE-20260818-S002-P005,2026-08-18,S002,P005,11,4849.9
SALE-20260818-S002-P006,2026-08-18,S002,P006,5,4189.95
SALE-20260818-S002-P007,2026-08-18,S002,P007,0,0.0
SALE-20260818-S002-P008,2026-08-18,S002,P008,5,4420.75
SALE-20260818-S002-P009,2026-08-18,S002,P009,4,3024.76
SALE-20260818-S002-P010,2026-08-18,S002,P010,12,11840.4
SALE-20260818-S002-P011,2026-08-18,S002,P011,1,218.9
SALE-20260818-S002-P012,2026-08-18,S002,P012,15,2832.45
SALE-20260818-S002-P013,2026-08-18,S002,P013,12,10378.56
SALE-20260818-S002-P014,2026-08-18,S002,P014,9,3545.19
SALE-20260818-S002-P015,2026-08-18,S002,P015,4,780.48
SALE-20260818-S002-P016,2026-08-18,S002,P016,6,1585.02
SALE-20260818-S002-P017,2026-08-18,S002,P017,8,4027.92
SALE-20260818-S002-P018,2026-08-18,S002,P018,13,4780.1
SALE-20260818-S002-P019,2026-08-18,S002,P019,8,6466.16
SALE-20260818-S002-P020,2026-08-18,S002,P020,14,9017.54
SALE-20260818-S002-P021,2026-08-18,S002,P021,4,789.88
SALE-20260818-S002-P022,2026-08-18,S002,P022,4,2914.16
SALE-20260818-S002-P023,2026-08-18,S002,P023,14,11195.8
SALE-20260818-S002-P024,2026-08-18,S002,P024,9,1344.6
SALE-20260818-S002-P025,2026-08-18,S002,P025,0,0.0
SALE-20260818-S002-P026,2026-08-18,S002,P026,10,8198.8
SALE-20260818-S002-P027,2026-08-18,S002,P027,17,10019.46
SALE-20260818-S002-P028,2026-08-18,S002,P028,2,111.34
SALE-20260818-S002-P029,2026-08-18,S002,P029,9,2116.17
SALE-20260818-S002-P030,2026-08-18,S002,P030,10,2306.6
SALE-20260818-S002-P031,2026-08-18,S002,P031,13,3788.46
SALE-20260818-S002-P032,2026-08-18,S002,P032,6,3759.6
SALE-20260818-S002-P033,2026-08-18,S002,P033,13,8773.83
SALE-20260818-S002-P034,2026-08-18,S002,P034,13,2202.07
SALE-20260818-S002-P035,2026-08-18,S002,P035,16,1961.28
SALE-20260818-S002-P036,2026-08-18,S002,P036,4,749.56
SALE-20260818-S002-P037,2026-08-18,S002,P037,17,3184.95
SALE-20260818-S002-P038,2026-08-18,S002,P038,8,3094.64
SALE-20260818-S002-P039,2026-08-18,S002,P039,0,0.0
SALE-20260818-S002-P040,2026-08-18,S002,P040,9,1449.45
SALE-20260818-S002-P041,2026-08-18,S002,P041,7,6890.73
SALE-20260818-S002-P042,2026-08-18,S002,P042,20,21369.8
SALE-20260818-S002-P043,2026-08-18,S002,P043,22,16160.32
SALE-20260818-S002-P044,2026-08-18,S002,P044,6,809.7
SALE-20260818-S002-P045,2026-08-18,S002,P045,14,6239.1
SALE-20260818-S002-P046,2026-08-18,S002,P046,8,4447.44
SALE-20260818-S002-P047,2026-08-18,S002,P047,7,6600.93
SALE-20260818-S002-P048,2026-08-18,S002,P048,3,1421.34
SALE-20260818-S002-P049,2026-08-18,S002,P049,16,10154.56
SALE-20260818-S002-P050,2026-08-18,S002,P050,4,1561.52
SALE-20260818-S003-P001,2026-08-18,S003,P001,7,5522.02
SALE-20260818-S003-P002,2026-08-18,S003,P002,6,3894.9
SALE-20260818-S003-P003,2026-08-18,S003,P003,7,7496.09
SALE-20260818-S003-P004,2026-08-18,S003,P004,6,912.9
SALE-20260818-S003-P005,2026-08-18,S003,P005,10,4409.0
SALE-20260818-S003-P006,2026-08-18,S003,P006,3,2513.97
SALE-20260818-S003-P007,2026-08-18,S003,P007,8,2056.16
SALE-20260818-S003-P008,2026-08-18,S003,P008,11,9725.65
SALE-20260818-S003-P009,2026-08-18,S003,P009,5,3780.95
SALE-20260818-S003-P010,2026-08-18,S003,P010,7,6906.9
SALE-20260818-S003-P011,2026-08-18,S003,P011,2,437.8
SALE-20260818-S003-P012,2026-08-18,S003,P012,14,2643.62
SALE-20260818-S003-P013,2026-08-18,S003,P013,7,6054.16
SALE-20260818-S003-P014,2026-08-18,S003,P014,13,5120.83
SALE-20260818-S003-P015,2026-08-18,S003,P015,3,585.36
SALE-20260818-S003-P016,2026-08-18,S003,P016,6,1585.02
SALE-20260818-S003-P017,2026-08-18,S003,P017,9,4531.41
SALE-20260818-S003-P018,2026-08-18,S003,P018,14,5147.8
SALE-20260818-S003-P019,2026-08-18,S003,P019,5,4041.35
SALE-20260818-S003-P020,2026-08-18,S003,P020,9,5796.99
SALE-20260818-S003-P021,2026-08-18,S003,P021,10,1974.7
SALE-20260818-S003-P022,2026-08-18,S003,P022,3,2185.62
SALE-20260818-S003-P023,2026-08-18,S003,P023,11,8796.7
SALE-20260818-S003-P024,2026-08-18,S003,P024,6,896.4
SALE-20260818-S003-P025,2026-08-18,S003,P025,1,690.47
SALE-20260818-S003-P026,2026-08-18,S003,P026,7,5739.16
SALE-20260818-S003-P027,2026-08-18,S003,P027,13,7661.94
SALE-20260818-S003-P028,2026-08-18,S003,P028,1,55.67
SALE-20260818-S003-P029,2026-08-18,S003,P029,5,1175.65
SALE-20260818-S003-P030,2026-08-18,S003,P030,2,461.32
SALE-20260818-S003-P031,2026-08-18,S003,P031,5,1457.1
SALE-20260818-S003-P032,2026-08-18,S003,P032,1,626.6
SALE-20260818-S003-P033,2026-08-18,S003,P033,4,2699.64
SALE-20260818-S003-P034,2026-08-18,S003,P034,8,1355.12
SALE-20260818-S003-P035,2026-08-18,S003,P035,7,858.06
SALE-20260818-S003-P036,2026-08-18,S003,P036,5,936.95
SALE-20260818-S003-P037,2026-08-18,S003,P037,18,3372.3
SALE-20260818-S003-P038,2026-08-18,S003,P038,5,1934.15
SALE-20260818-S003-P039,2026-08-18,S003,P039,2,1268.2
SALE-20260818-S003-P040,2026-08-18,S003,P040,9,1449.45
SALE-20260818-S003-P041,2026-08-18,S003,P041,6,5906.34
SALE-20260818-S003-P042,2026-08-18,S003,P042,8,8547.92
SALE-20260818-S003-P043,2026-08-18,S003,P043,9,6611.04
SALE-20260818-S003-P044,2026-08-18,S003,P044,3,404.85
SALE-20260818-S003-P045,2026-08-18,S003,P045,8,3565.2
SALE-20260818-S003-P046,2026-08-18,S003,P046,3,1667.79
SALE-20260818-S003-P047,2026-08-18,S003,P047,1,942.99
SALE-20260818-S003-P048,2026-08-18,S003,P048,2,947.56
SALE-20260818-S003-P049,2026-08-18,S003,P049,11,6981.26
SALE-20260819-S001-P001,2026-08-19,S001,P001,8,6310.88
SALE-20260819-S001-P002,2026-08-19,S001,P002,6,3894.9
SALE-20260819-S001-P003,2026-08-19,S001,P003,4,4283.48
SALE-20260819-S001-P004,2026-08-19,S001,P004,0,0.0
SALE-20260819-S001-P005,2026-08-19,S001,P005,5,2204.5
SALE-20260819-S001-P006,2026-08-19,S001,P006,3,2513.97
SALE-20260819-S001-P007,2026-08-19,S001,P007,15,3855.3
SALE-20260819-S001-P008,2026-08-19,S001,P008,6,5304.9
SALE-20260819-S001-P009,2026-08-19,S001,P009,8,6049.52
SALE-20260819-S001-P010,2026-08-19,S001,P010,11,10853.7
SALE-20260819-S001-P011,2026-08-19,S001,P011,2,437.8
SALE-20260819-S001-P012,2026-08-19,S001,P012,11,2077.13
SALE-20260819-S001-P013,2026-08-19,S001,P013,14,12108.32
SALE-20260819-S001-P014,2026-08-19,S001,P014,7,2757.37
SALE-20260819-S001-P015,2026-08-19,S001,P015,1,195.12
SALE-20260819-S001-P016,2026-08-19,S001,P016,13,3434.21
SALE-20260819-S001-P017,2026-08-19,S001,P017,8,4027.92
SALE-20260819-S001-P018,2026-08-19,S001,P018,12,4412.4
SALE-20260819-S001-P019,2026-08-19,S001,P019,5,4041.35
SALE-20260819-S001-P020,2026-08-19,S001,P020,7,4508.77
SALE-20260819-S001-P021,2026-08-19,S001,P021,6,1184.82
SALE-20260819-S001-P022,2026-08-19,S001,P022,4,2914.16
SALE-20260819-S001-P023,2026-08-19,S001,P023,5,3998.5
SALE-20260819-S001-P024,2026-08-19,S001,P024,8,1195.2
SALE-20260819-S001-P025,2026-08-19,S001,P025,1,690.47
SALE-20260819-S001-P026,2026-08-19,S001,P026,14,11478.32
SALE-20260819-S001-P027,2026-08-19,S001,P027,12,7072.56
SALE-20260819-S001-P028,2026-08-19,S001,P028,4,222.68
SALE-20260819-S001-P029,2026-08-19,S001,P029,9,2116.17
SALE-20260819-S001-P030,2026-08-19,S001,P030,2,461.32
SALE-20260819-S001-P031,2026-08-19,S001,P031,13,3788.46
SALE-20260819-S001-P032,2026-08-19,S001,P032,6,3759.6
SALE-20260819-S001-P033,2026-08-19,S001,P033,10,6749.1
SALE-20260819-S001-P034,2026-08-19,S001,P034,8,1355.12
SALE-20260819-S001-P035,2026-08-19,S001,P035,9,1103.22
SALE-20260819-S001-P036,2026-08-19,S001,P036,3,562.17
SALE-20260819-S001-P037,2026-08-19,S001,P037,5,936.75
SALE-20260819-S001-P038,2026-08-19,S001,P038,4,1547.32
SALE-20260819-S001-P039,2026-08-19,S001,P039,2,1268.2
SALE-20260819-S001-P040,2026-08-19,S001,P040,6,966.3
SALE-20260819-S001-P041,2026-08-19,S001,P041,5,4921.95
SALE-20260819-S001-P042,2026-08-19,S001,P042,14,14958.86
SALE-20260819-S001-P043,2026-08-19,S001,P043,9,6611.04
SALE-20260819-S001-P044,2026-08-19,S001,P044,5,674.75
SALE-20260819-S001-P045,2026-08-19,S001,P045,12,5347.8
SALE-20260819-S001-P046,2026-08-19,S001,P046,5,2779.65
SALE-20260819-S001-P047,2026-08-19,S001,P047,6,5657.94
SALE-20260819-S001-P048,2026-08-19,S001,P048,6,2842.68
SALE-20260819-S001-P049,2026-08-19,S001,P049,18,11423.88
SALE-20260819-S001-P050,2026-08-19,S001,P050,5,1951.9
SALE-20260819-S002-P001,2026-08-19,S002,P001,7,5522.02
SALE-20260819-S002-P002,2026-08-19,S002,P002,5,3245.75
SALE-20260819-S002-P003,2026-08-19,S002,P003,1,1070.87
SALE-20260819-S002-P004,2026-08-19,S002,P004,1,152.15
SALE-20260819-S002-P005,2026-08-19,S002,P005,8,3527.2
SALE-20260819-S002-P006,2026-08-19,S002,P006,4,3351.96
SALE-20260819-S002-P007,2026-08-19,S002,P007,0,0.0
SALE-20260819-S002-P008,2026-08-19,S002,P008,12,10609.8
SALE-20260819-S002-P009,2026-08-19,S002,P009,9,6805.71
SALE-20260819-S002-P010,2026-08-19,S002,P010,11,10853.7
SALE-20260819-S002-P011,2026-08-19,S002,P011,0,0.0
SALE-20260819-S002-P012,2026-08-19,S002,P012,16,3021.28
SALE-20260819-S002-P013,2026-08-19,S002,P013,9,7783.92
SALE-20260819-S002-P014,2026-08-19,S002,P014,16,6302.56
SALE-20260819-S002-P015,2026-08-19,S002,P015,2,390.24
SALE-20260819-S002-P016,2026-08-19,S002,P016,8,2113.36
SALE-20260819-S002-P017,2026-08-19,S002,P017,6,3020.94
SALE-20260819-S002-P018,2026-08-19,S002,P018,12,4412.4
SALE-20260819-S002-P019,2026-08-19,S002,P019,12,9699.24
SALE-20260819-S002-P020,2026-08-19,S002,P020,7,4508.77
SALE-20260819-S002-P021,2026-08-19,S002,P021,3,592.41
SALE-20260819-S002-P022,2026-08-19,S002,P022,6,4371.24
SALE-20260819-S002-P023,2026-08-19,S002,P023,11,8796.7
SALE-20260819-S002-P024,2026-08-19,S002,P024,8,1195.2
SALE-20260819-S002-P025,2026-08-19,S002,P025,0,0.0
SALE-20260819-S002-P026,2026-08-19,S002,P026,21,17217.48
SALE-20260819-S002-P027,2026-08-19,S002,P027,19,11198.22
SALE-20260819-S002-P028,2026-08-19,S002,P028,5,278.35
SALE-20260819-S002-P029,2026-08-19,S002,P029,12,2821.56
SALE-20260819-S002-P030,2026-08-19,S002,P030,3,691.98
SALE-20260819-S002-P031,2026-08-19,S002,P031,15,4371.3
SALE-20260819-S002-P032,2026-08-19,S002,P032,4,2506.4
SALE-20260819-S002-P033,2026-08-19,S002,P033,13,8773.83
SALE-20260819-S002-P034,2026-08-19,S002,P034,12,2032.68
SALE-20260819-S002-P035,2026-08-19,S002,P035,10,1225.8
SALE-20260819-S002-P036,2026-08-19,S002,P036,5,936.95
SALE-20260819-S002-P037,2026-08-19,S002,P037,11,2060.85
SALE-20260819-S002-P038,2026-08-19,S002,P038,5,1934.15
SALE-20260819-S002-P039,2026-08-19,S002,P039,2,1268.2
SALE-20260819-S002-P040,2026-08-19,S002,P040,7,1127.35
SALE-20260819-S002-P041,2026-08-19,S002,P041,4,3937.56
SALE-20260819-S002-P042,2026-08-19,S002,P042,14,14958.86
SALE-20260819-S002-P043,2026-08-19,S002,P043,10,7345.6
SALE-20260819-S002-P044,2026-08-19,S002,P044,8,1079.6
SALE-20260819-S002-P045,2026-08-19,S002,P045,16,7130.4
SALE-20260819-S002-P046,2026-08-19,S002,P046,9,5003.37
SALE-20260819-S002-P047,2026-08-19,S002,P047,6,5657.94
SALE-20260819-S002-P048,2026-08-19,S002,P048,5,2368.9
SALE-20260819-S002-P049,2026-08-19,S002,P049,20,12693.2
SALE-20260819-S002-P050,2026-08-19,S002,P050,2,780.76
SALE-20260819-S003-P001,2026-08-19,S003,P001,5,3944.3
SALE-20260819-S003-P002,2026-08-19,S003,P002,7,4544.05
SALE-20260819-S003-P003,2026-08-19,S003,P003,5,5354.35
SALE-20260819-S003-P004,2026-08-19,S003,P004,2,304.3
SALE-20260819-S003-P005,2026-08-19,S003,P005,9,3968.1
SALE-20260819-S003-P006,2026-08-19,S003,P006,1,837.99
SALE-20260819-S003-P007,2026-08-19,S003,P007,13,3341.26
SALE-20260819-S003-P008,2026-08-19,S003,P008,7,6189.05
SALE-20260819-S003-P009,2026-08-19,S003,P009,4,3024.76
SALE-20260819-S003-P010,2026-08-19,S003,P010,6,5920.2
SALE-20260819-S003-P011,2026-08-19,S003,P011,0,0.0
SALE-20260819-S003-P012,2026-08-19,S003,P012,9,1699.47
SALE-20260819-S003-P013,2026-08-19,S003,P013,4,3459.52
SALE-20260819-S003-P014,2026-08-19,S003,P014,12,4726.92
SALE-20260819-S003-P015,2026-08-19,S003,P015,4,780.48
SALE-20260819-S003-P016,2026-08-19,S003,P016,4,1056.68
SALE-20260819-S003-P017,2026-08-19,S003,P017,4,2013.96
SALE-20260819-S003-P018,2026-08-19,S003,P018,10,3677.0
SALE-20260819-S003-P019,2026-08-19,S003,P019,4,3233.08
SALE-20260819-S003-P020,2026-08-19,S003,P020,8,5152.88
SALE-20260819-S003-P021,2026-08-19,S003,P021,2,394.94
SALE-20260819-S003-P022,2026-08-19,S003,P022,4,2914.16
SALE-20260819-S003-P023,2026-08-19,S003,P023,6,4798.2
SALE-20260819-S003-P024,2026-08-19,S003,P024,9,1344.6
SALE-20260819-S003-P025,2026-08-19,S003,P025,1,690.47
SALE-20260819-S003-P026,2026-08-19,S003,P026,9,7378.92
SALE-20260819-S003-P027,2026-08-19,S003,P027,16,9430.08
SALE-20260819-S003-P028,2026-08-19,S003,P028,0,0.0
SALE-20260819-S003-P029,2026-08-19,S003,P029,11,2586.43
SALE-20260819-S003-P030,2026-08-19,S003,P030,1,230.66
SALE-20260819-S003-P031,2026-08-19,S003,P031,5,1457.1
SALE-20260819-S003-P032,2026-08-19,S003,P032,2,1253.2
SALE-20260819-S003-P033,2026-08-19,S003,P033,9,6074.19
SALE-20260819-S003-P034,2026-08-19,S003,P034,13,2202.07
SALE-20260819-S003-P035,2026-08-19,S003,P035,9,1103.22
SALE-20260819-S003-P036,2026-08-19,S003,P036,1,187.39
SALE-20260819-S003-P037,2026-08-19,S003,P037,7,1311.45
SALE-20260819-S003-P038,2026-08-19,S003,P038,6,2320.98
SALE-20260819-S003-P039,2026-08-19,S003,P039,3,1902.3
SALE-20260819-S003-P040,2026-08-19,S003,P040,5,805.25
SALE-20260819-S003-P041,2026-08-19,S003,P041,6,5906.34
SALE-20260819-S003-P042,2026-08-19,S003,P042,10,10684.9
SALE-20260819-S003-P043,2026-08-19,S003,P043,15,11018.4
SALE-20260819-S003-P044,2026-08-19,S003,P044,5,674.75
SALE-20260819-S003-P045,2026-08-19,S003,P045,12,5347.8
SALE-20260819-S003-P046,2026-08-19,S003,P046,5,2779.65
SALE-20260819-S003-P047,2026-08-19,S003,P047,2,1885.98
SALE-20260819-S003-P048,2026-08-19,S003,P048,0,0.0
SALE-20260819-S003-P049,2026-08-19,S003,P049,10,6346.6
SALE-20260820-S001-P001,2026-08-20,S001,P001,8,6310.88
SALE-20260820-S001-P002,2026-08-20,S001,P002,5,3245.75
SALE-20260820-S001-P003,2026-08-20,S001,P003,5,5354.35
SALE-20260820-S001-P004,2026-08-20,S001,P004,1,152.15
SALE-20260820-S001-P005,2026-08-20,S001,P005,7,3086.3
SALE-20260820-S001-P006,2026-08-20,S001,P006,5,4189.95
SALE-20260820-S001-P007,2026-08-20,S001,P007,13,3341.26
SALE-20260820-S001-P008,2026-08-20,S001,P008,10,8841.5
SALE-20260820-S001-P009,2026-08-20,S001,P009,5,3780.95
SALE-20260820-S001-P010,2026-08-20,S001,P010,9,8880.3
SALE-20260820-S001-P011,2026-08-20,S001,P011,2,437.8
SALE-20260820-S001-P012,2026-08-20,S001,P012,9,1699.47
SALE-20260820-S001-P013,2026-08-20,S001,P013,9,7783.92
SALE-20260820-S001-P014,2026-08-20,S001,P014,8,3151.28
SALE-20260820-S001-P015,2026-08-20,S001,P015,3,585.36
SALE-20260820-S001-P016,2026-08-20,S001,P016,9,2377.53
SALE-20260820-S001-P017,2026-08-20,S001,P017,5,2517.45
SALE-20260820-S001-P018,2026-08-20,S001,P018,14,5147.8
SALE-20260820-S001-P019,2026-08-20,S001,P019,13,10507.51
SALE-20260820-S001-P020,2026-08-20,S001,P020,3,1932.33
SALE-20260820-S001-P021,2026-08-20,S001,P021,2,394.94
SALE-20260820-S001-P022,2026-08-20,S001,P022,7,5099.78
SALE-20260820-S001-P023,2026-08-20,S001,P023,5,3998.5
SALE-20260820-S001-P024,2026-08-20,S001,P024,13,1942.2
SALE-20260820-S001-P025,2026-08-20,S001,P025,0,0.0
SALE-20260820-S001-P026,2026-08-20,S001,P026,11,9018.68
SALE-20260820-S001-P027,2026-08-20,S001,P027,13,7661.94
SALE-20260820-S001-P028,2026-08-20,S001,P028,0,0.0
SALE-20260820-S001-P029,2026-08-20,S001,P029,11,2586.43
SALE-20260820-S001-P030,2026-08-20,S001,P030,4,922.64
SALE-20260820-S001-P031,2026-08-20,S001,P031,10,2914.2
SALE-20260820-S001-P032,2026-08-20,S001,P032,8,5012.8
SALE-20260820-S001-P033,2026-08-20,S001,P033,13,8773.83
SALE-20260820-S001-P034,2026-08-20,S001,P034,9,1524.51
SALE-20260820-S001-P035,2026-08-20,S001,P035,15,1838.7
SALE-20260820-S001-P036,2026-08-20,S001,P036,2,374.78
SALE-20260820-S001-P037,2026-08-20,S001,P037,9,1686.15
SALE-20260820-S001-P038,2026-08-20,S001,P038,4,1547.32
SALE-20260820-S001-P039,2026-08-20,S001,P039,1,634.1
SALE-20260820-S001-P040,2026-08-20,S001,P040,7,1127.35
SALE-20260820-S001-P041,2026-08-20,S001,P041,5,4921.95
SALE-20260820-S001-P042,2026-08-20,S001,P042,15,16027.35
SALE-20260820-S001-P043,2026-08-20,S001,P043,8,5876.48
SALE-20260820-S001-P044,2026-08-20,S001,P044,6,809.7
SALE-20260820-S001-P045,2026-08-20,S001,P045,12,5347.8
SALE-20260820-S001-P046,2026-08-20,S001,P046,2,1111.86
SALE-20260820-S001-P047,2026-08-20,S001,P047,6,5657.94
SALE-20260820-S001-P048,2026-08-20,S001,P048,6,2842.68
SALE-20260820-S001-P049,2026-08-20,S001,P049,18,11423.88
SALE-20260820-S001-P050,2026-08-20,S001,P050,2,780.76
SALE-20260820-S002-P001,2026-08-20,S002,P001,13,10255.18
SALE-20260820-S002-P002,2026-08-20,S002,P002,2,1298.3
SALE-20260820-S002-P003,2026-08-20,S002,P003,4,4283.48
SALE-20260820-S002-P004,2026-08-20,S002,P004,0,0.0
SALE-20260820-S002-P005,2026-08-20,S002,P005,16,7054.4
SALE-20260820-S002-P006,2026-08-20,S002,P006,8,6703.92
SALE-20260820-S002-P007,2026-08-20,S002,P007,0,0.0
SALE-20260820-S002-P008,2026-08-20,S002,P008,10,8841.5
SALE-20260820-S002-P009,2026-08-20,S002,P009,10,7561.9
SALE-20260820-S002-P010,2026-08-20,S002,P010,8,7893.6
SALE-20260820-S002-P011,2026-08-20,S002,P011,2,437.8
SALE-20260820-S002-P012,2026-08-20,S002,P012,21,3965.43
SALE-20260820-S002-P013,2026-08-20,S002,P013,12,10378.56
SALE-20260820-S002-P014,2026-08-20,S002,P014,10,3939.1
SALE-20260820-S002-P015,2026-08-20,S002,P015,2,390.24
SALE-20260820-S002-P016,2026-08-20,S002,P016,7,1849.19
SALE-20260820-S002-P017,2026-08-20,S002,P017,8,4027.92
SALE-20260820-S002-P018,2026-08-20,S002,P018,15,5515.5
SALE-20260820-S002-P019,2026-08-20,S002,P019,9,7274.43
SALE-20260820-S002-P020,2026-08-20,S002,P020,13,8373.43
SALE-20260820-S002-P021,2026-08-20,S002,P021,7,1382.29
SALE-20260820-S002-P022,2026-08-20,S002,P022,6,4371.24
SALE-20260820-S002-P023,2026-08-20,S002,P023,5,3998.5
SALE-20260820-S002-P024,2026-08-20,S002,P024,12,1792.8
SALE-20260820-S002-P025,2026-08-20,S002,P025,3,2071.41
SALE-20260820-S002-P026,2026-08-20,S002,P026,19,15577.72
SALE-20260820-S002-P027,2026-08-20,S002,P027,21,12376.98
SALE-20260820-S002-P028,2026-08-20,S002,P028,1,55.67
SALE-20260820-S002-P029,2026-08-20,S002,P029,16,3762.08
SALE-20260820-S002-P030,2026-08-20,S002,P030,2,461.32
SALE-20260820-S002-P031,2026-08-20,S002,P031,8,2331.36
SALE-20260820-S002-P032,2026-08-20,S002,P032,8,5012.8
SALE-20260820-S002-P033,2026-08-20,S002,P033,14,9448.74
SALE-20260820-S002-P034,2026-08-20,S002,P034,8,1355.12
SALE-20260820-S002-P035,2026-08-20,S002,P035,9,1103.22
SALE-20260820-S002-P036,2026-08-20,S002,P036,5,936.95
SALE-20260820-S002-P037,2026-08-20,S002,P037,17,3184.95
SALE-20260820-S002-P038,2026-08-20,S002,P038,8,3094.64
SALE-20260820-S002-P039,2026-08-20,S002,P039,2,1268.2
SALE-20260820-S002-P040,2026-08-20,S002,P040,10,1610.5
SALE-20260820-S002-P041,2026-08-20,S002,P041,3,2953.17
SALE-20260820-S002-P042,2026-08-20,S002,P042,14,14958.86
SALE-20260820-S002-P043,2026-08-20,S002,P043,17,12487.52
SALE-20260820-S002-P044,2026-08-20,S002,P044,5,674.75
SALE-20260820-S002-P045,2026-08-20,S002,P045,13,5793.45
SALE-20260820-S002-P046,2026-08-20,S002,P046,12,6671.16
SALE-20260820-S002-P047,2026-08-20,S002,P047,12,11315.88
SALE-20260820-S002-P048,2026-08-20,S002,P048,4,1895.12
SALE-20260820-S002-P049,2026-08-20,S002,P049,18,11423.88
SALE-20260820-S002-P050,2026-08-20,S002,P050,2,780.76
SALE-20260820-S003-P001,2026-08-20,S003,P001,10,7888.6
SALE-20260820-S003-P002,2026-08-20,S003,P002,3,1947.45
SALE-20260820-S003-P003,2026-08-20,S003,P003,4,4283.48
SALE-20260820-S003-P004,2026-08-20,S003,P004,0,0.0
SALE-20260820-S003-P005,2026-08-20,S003,P005,3,1322.7
SALE-20260820-S003-P006,2026-08-20,S003,P006,4,3351.96
SALE-20260820-S003-P007,2026-08-20,S003,P007,8,2056.16
SALE-20260820-S003-P008,2026-08-20,S003,P008,6,5304.9
SALE-20260820-S003-P009,2026-08-20,S003,P009,4,3024.76
SALE-20260820-S003-P010,2026-08-20,S003,P010,10,9867.0
SALE-20260820-S003-P011,2026-08-20,S003,P011,2,437.8
SALE-20260820-S003-P012,2026-08-20,S003,P012,15,2832.45
SALE-20260820-S003-P013,2026-08-20,S003,P013,6,5189.28
SALE-20260820-S003-P014,2026-08-20,S003,P014,13,5120.83
SALE-20260820-S003-P015,2026-08-20,S003,P015,5,975.6
SALE-20260820-S003-P016,2026-08-20,S003,P016,6,1585.02
SALE-20260820-S003-P017,2026-08-20,S003,P017,6,3020.94
SALE-20260820-S003-P018,2026-08-20,S003,P018,13,4780.1
SALE-20260820-S003-P019,2026-08-20,S003,P019,2,1616.54
SALE-20260820-S003-P020,2026-08-20,S003,P020,7,4508.77
SALE-20260820-S003-P021,2026-08-20,S003,P021,3,592.41
SALE-20260820-S003-P022,2026-08-20,S003,P022,7,5099.78
SALE-20260820-S003-P023,2026-08-20,S003,P023,1,799.7
SALE-20260820-S003-P024,2026-08-20,S003,P024,10,1494.0
SALE-20260820-S003-P025,2026-08-20,S003,P025,1,690.47
SALE-20260820-S003-P026,2026-08-20,S003,P026,10,8198.8
SALE-20260820-S003-P027,2026-08-20,S003,P027,8,4715.04
SALE-20260820-S003-P028,2026-08-20,S003,P028,4,222.68
SALE-20260820-S003-P029,2026-08-20,S003,P029,5,1175.65
SALE-20260820-S003-P030,2026-08-20,S003,P030,2,461.32
SALE-20260820-S003-P031,2026-08-20,S003,P031,11,3205.62
SALE-20260820-S003-P032,2026-08-20,S003,P032,2,1253.2
SALE-20260820-S003-P033,2026-08-20,S003,P033,10,6749.1
SALE-20260820-S003-P034,2026-08-20,S003,P034,13,2202.07
SALE-20260820-S003-P035,2026-08-20,S003,P035,4,490.32
SALE-20260820-S003-P036,2026-08-20,S003,P036,2,374.78
SALE-20260820-S003-P037,2026-08-20,S003,P037,10,1873.5
SALE-20260820-S003-P038,2026-08-20,S003,P038,6,2320.98
SALE-20260820-S003-P039,2026-08-20,S003,P039,2,1268.2
SALE-20260820-S003-P040,2026-08-20,S003,P040,5,805.25
SALE-20260820-S003-P041,2026-08-20,S003,P041,5,4921.95
SALE-20260820-S003-P042,2026-08-20,S003,P042,6,6410.94
SALE-20260820-S003-P043,2026-08-20,S003,P043,11,8080.16
SALE-20260820-S003-P044,2026-08-20,S003,P044,2,269.9
SALE-20260820-S003-P045,2026-08-20,S003,P045,11,4902.15
SALE-20260820-S003-P046,2026-08-20,S003,P046,6,3335.58
SALE-20260820-S003-P047,2026-08-20,S003,P047,5,4714.95
SALE-20260820-S003-P048,2026-08-20,S003,P048,2,947.56
SALE-20260820-S003-P049,2026-08-20,S003,P049,8,5077.28
SALE-20260821-S001-P001,2026-08-21,S001,P001,23,18143.78
SALE-20260821-S001-P002,2026-08-21,S001,P002,1,649.15
SALE-20260821-S001-P003,2026-08-21,S001,P003,2,2141.74
SALE-20260821-S001-P004,2026-08-21,S001,P004,5,760.75
SALE-20260821-S001-P005,2026-08-21,S001,P005,9,3968.1
SALE-20260821-S001-P006,2026-08-21,S001,P006,1,837.99
SALE-20260821-S001-P007,2026-08-21,S001,P007,12,3084.24
SALE-20260821-S001-P008,2026-08-21,S001,P008,7,6189.05
SALE-20260821-S001-P009,2026-08-21,S001,P009,3,2268.57
SALE-20260821-S001-P010,2026-08-21,S001,P010,4,3946.8
SALE-20260821-S001-P011,2026-08-21,S001,P011,3,656.7
SALE-20260821-S001-P012,2026-08-21,S001,P012,17,3210.11
SALE-20260821-S001-P013,2026-08-21,S001,P013,11,9513.68
SALE-20260821-S001-P014,2026-08-21,S001,P014,12,4726.92
SALE-20260821-S001-P015,2026-08-21,S001,P015,1,195.12
SALE-20260821-S001-P016,2026-08-21,S001,P016,9,2377.53
SALE-20260821-S001-P017,2026-08-21,S001,P017,11,5538.39
SALE-20260821-S001-P018,2026-08-21,S001,P018,8,2941.6
SALE-20260821-S001-P019,2026-08-21,S001,P019,14,11315.78
SALE-20260821-S001-P020,2026-08-21,S001,P020,13,8373.43
SALE-20260821-S001-P021,2026-08-21,S001,P021,5,987.35
SALE-20260821-S001-P022,2026-08-21,S001,P022,6,4371.24
SALE-20260821-S001-P023,2026-08-21,S001,P023,7,5597.9
SALE-20260821-S001-P024,2026-08-21,S001,P024,10,1494.0
SALE-20260821-S001-P025,2026-08-21,S001,P025,1,690.47
SALE-20260821-S001-P026,2026-08-21,S001,P026,14,11478.32
SALE-20260821-S001-P027,2026-08-21,S001,P027,15,8840.7
SALE-20260821-S001-P028,2026-08-21,S001,P028,3,167.01
SALE-20260821-S001-P029,2026-08-21,S001,P029,9,2116.17
SALE-20260821-S001-P030,2026-08-21,S001,P030,2,461.32
SALE-20260821-S001-P031,2026-08-21,S001,P031,11,3205.62
SALE-20260821-S001-P032,2026-08-21,S001,P032,2,1253.2
SALE-20260821-S001-P033,2026-08-21,S001,P033,7,4724.37
SALE-20260821-S001-P034,2026-08-21,S001,P034,12,2032.68
SALE-20260821-S001-P035,2026-08-21,S001,P035,18,2206.44
SALE-20260821-S001-P036,2026-08-21,S001,P036,5,936.95
SALE-20260821-S001-P037,2026-08-21,S001,P037,8,1498.8
SALE-20260821-S001-P038,2026-08-21,S001,P038,5,1934.15
SALE-20260821-S001-P039,2026-08-21,S001,P039,3,1902.3
SALE-20260821-S001-P040,2026-08-21,S001,P040,12,1932.6
SALE-20260821-S001-P041,2026-08-21,S001,P041,12,11812.68
SALE-20260821-S001-P042,2026-08-21,S001,P042,15,16027.35
SALE-20260821-S001-P043,2026-08-21,S001,P043,15,11018.4
SALE-20260821-S001-P044,2026-08-21,S001,P044,6,809.7
SALE-20260821-S001-P045,2026-08-21,S001,P045,9,4010.85
SALE-20260821-S001-P046,2026-08-21,S001,P046,7,3891.51
SALE-20260821-S001-P047,2026-08-21,S001,P047,12,11315.88
SALE-20260821-S001-P048,2026-08-21,S001,P048,5,2368.9
SALE-20260821-S001-P049,2026-08-21,S001,P049,14,8885.24
SALE-20260821-S001-P050,2026-08-21,S001,P050,4,1561.52
SALE-20260821-S002-P001,2026-08-21,S002,P001,11,8677.46
SALE-20260821-S002-P002,2026-08-21,S002,P002,9,5842.35
SALE-20260821-S002-P003,2026-08-21,S002,P003,3,3212.61
SALE-20260821-S002-P004,2026-08-21,S002,P004,0,0.0
SALE-20260821-S002-P005,2026-08-21,S002,P005,11,4849.9
SALE-20260821-S002-P006,2026-08-21,S002,P006,5,4189.95
SALE-20260821-S002-P007,2026-08-21,S002,P007,0,0.0
SALE-20260821-S002-P008,2026-08-21,S002,P008,12,10609.8
SALE-20260821-S002-P009,2026-08-21,S002,P009,11,8318.09
SALE-20260821-S002-P010,2026-08-21,S002,P010,19,18747.3
SALE-20260821-S002-P011,2026-08-21,S002,P011,1,218.9
SALE-20260821-S002-P012,2026-08-21,S002,P012,21,3965.43
SALE-20260821-S002-P013,2026-08-21,S002,P013,10,8648.8
SALE-20260821-S002-P014,2026-08-21,S002,P014,22,8666.02
SALE-20260821-S002-P015,2026-08-21,S002,P015,4,780.48
SALE-20260821-S002-P016,2026-08-21,S002,P016,15,3962.55
SALE-20260821-S002-P017,2026-08-21,S002,P017,9,4531.41
SALE-20260821-S002-P018,2026-08-21,S002,P018,19,6986.3
SALE-20260821-S002-P019,2026-08-21,S002,P019,16,12932.32
SALE-20260821-S002-P020,2026-08-21,S002,P020,11,7085.21
SALE-20260821-S002-P021,2026-08-21,S002,P021,8,1579.76
SALE-20260821-S002-P022,2026-08-21,S002,P022,10,7285.4
SALE-20260821-S002-P023,2026-08-21,S002,P023,13,10396.1
SALE-20260821-S002-P024,2026-08-21,S002,P024,13,1942.2
SALE-20260821-S002-P025,2026-08-21,S002,P025,1,690.47
SALE-20260821-S002-P026,2026-08-21,S002,P026,11,9018.68
SALE-20260821-S002-P027,2026-08-21,S002,P027,20,11787.6
SALE-20260821-S002-P028,2026-08-21,S002,P028,5,278.35
SALE-20260821-S002-P029,2026-08-21,S002,P029,9,2116.17
SALE-20260821-S002-P030,2026-08-21,S002,P030,4,922.64
SALE-20260821-S002-P031,2026-08-21,S002,P031,13,3788.46
SALE-20260821-S002-P032,2026-08-21,S002,P032,6,3759.6
SALE-20260821-S002-P033,2026-08-21,S002,P033,14,9448.74
SALE-20260821-S002-P034,2026-08-21,S002,P034,10,1693.9
SALE-20260821-S002-P035,2026-08-21,S002,P035,16,1961.28
SALE-20260821-S002-P036,2026-08-21,S002,P036,4,749.56
SALE-20260821-S002-P037,2026-08-21,S002,P037,13,2435.55
SALE-20260821-S002-P038,2026-08-21,S002,P038,3,1160.49
SALE-20260821-S002-P039,2026-08-21,S002,P039,2,1268.2
SALE-20260821-S002-P040,2026-08-21,S002,P040,10,1610.5
SALE-20260821-S002-P041,2026-08-21,S002,P041,12,11812.68
SALE-20260821-S002-P042,2026-08-21,S002,P042,15,16027.35
SALE-20260821-S002-P043,2026-08-21,S002,P043,10,7345.6
SALE-20260821-S002-P044,2026-08-21,S002,P044,10,1349.5
SALE-20260821-S002-P045,2026-08-21,S002,P045,16,7130.4
SALE-20260821-S002-P046,2026-08-21,S002,P046,6,3335.58
SALE-20260821-S002-P047,2026-08-21,S002,P047,9,8486.91
SALE-20260821-S002-P048,2026-08-21,S002,P048,3,1421.34
SALE-20260821-S002-P049,2026-08-21,S002,P049,16,10154.56
SALE-20260821-S002-P050,2026-08-21,S002,P050,8,3123.04
SALE-20260821-S003-P001,2026-08-21,S003,P001,8,6310.88
SALE-20260821-S003-P002,2026-08-21,S003,P002,5,3245.75
SALE-20260821-S003-P003,2026-08-21,S003,P003,5,5354.35
SALE-20260821-S003-P004,2026-08-21,S003,P004,1,152.15
SALE-20260821-S003-P005,2026-08-21,S003,P005,6,2645.4
SALE-20260821-S003-P006,2026-08-21,S003,P006,4,3351.96
SALE-20260821-S003-P007,2026-08-21,S003,P007,12,3084.24
SALE-20260821-S003-P008,2026-08-21,S003,P008,8,7073.2
SALE-20260821-S003-P009,2026-08-21,S003,P009,6,4537.14
SALE-20260821-S003-P010,2026-08-21,S003,P010,10,9867.0
SALE-20260821-S003-P011,2026-08-21,S003,P011,2,437.8
SALE-20260821-S003-P012,2026-08-21,S003,P012,12,2265.96
SALE-20260821-S003-P013,2026-08-21,S003,P013,6,5189.28
SALE-20260821-S003-P014,2026-08-21,S003,P014,14,5514.74
SALE-20260821-S003-P015,2026-08-21,S003,P015,2,390.24
SALE-20260821-S003-P016,2026-08-21,S003,P016,6,1585.02
SALE-20260821-S003-P017,2026-08-21,S003,P017,3,1510.47
SALE-20260821-S003-P018,2026-08-21,S003,P018,12,4412.4
SALE-20260821-S003-P019,2026-08-21,S003,P019,10,8082.7
SALE-20260821-S003-P020,2026-08-21,S003,P020,8,5152.88
SALE-20260821-S003-P021,2026-08-21,S003,P021,1,197.47
SALE-20260821-S003-P022,2026-08-21,S003,P022,4,2914.16
SALE-20260821-S003-P023,2026-08-21,S003,P023,11,8796.7
SALE-20260821-S003-P024,2026-08-21,S003,P024,4,597.6
SALE-20260821-S003-P025,2026-08-21,S003,P025,0,0.0
SALE-20260821-S003-P026,2026-08-21,S003,P026,9,7378.92
SALE-20260821-S003-P027,2026-08-21,S003,P027,13,7661.94
SALE-20260821-S003-P028,2026-08-21,S003,P028,4,222.68
SALE-20260821-S003-P029,2026-08-21,S003,P029,7,1645.91
SALE-20260821-S003-P030,2026-08-21,S003,P030,4,922.64
SALE-20260821-S003-P031,2026-08-21,S003,P031,7,2039.94
SALE-20260821-S003-P032,2026-08-21,S003,P032,3,1879.8
SALE-20260821-S003-P033,2026-08-21,S003,P033,3,2024.73
SALE-20260821-S003-P034,2026-08-21,S003,P034,10,1693.9
SALE-20260821-S003-P035,2026-08-21,S003,P035,9,1103.22
SALE-20260821-S003-P036,2026-08-21,S003,P036,6,1124.34
SALE-20260821-S003-P037,2026-08-21,S003,P037,11,2060.85
SALE-20260821-S003-P038,2026-08-21,S003,P038,1,386.83
SALE-20260821-S003-P039,2026-08-21,S003,P039,0,0.0
SALE-20260821-S003-P040,2026-08-21,S003,P040,6,966.3
SALE-20260821-S003-P041,2026-08-21,S003,P041,2,1968.78
SALE-20260821-S003-P042,2026-08-21,S003,P042,9,9616.41
SALE-20260821-S003-P043,2026-08-21,S003,P043,11,8080.16
SALE-20260821-S003-P044,2026-08-21,S003,P044,6,809.7
SALE-20260821-S003-P045,2026-08-21,S003,P045,14,6239.1
SALE-20260821-S003-P046,2026-08-21,S003,P046,7,3891.51
SALE-20260821-S003-P047,2026-08-21,S003,P047,6,5657.94
SALE-20260821-S003-P048,2026-08-21,S003,P048,2,947.56
SALE-20260821-S003-P049,2026-08-21,S003,P049,12,7615.92
SALE-20260822-S001-P001,2026-08-22,S001,P001,9,7099.74
SALE-20260822-S001-P002,2026-08-22,S001,P002,9,5842.35
SALE-20260822-S001-P003,2026-08-22,S001,P003,3,3212.61
SALE-20260822-S001-P004,2026-08-22,S001,P004,2,304.3
SALE-20260822-S001-P005,2026-08-22,S001,P005,9,3968.1
SALE-20260822-S001-P006,2026-08-22,S001,P006,5,4189.95
SALE-20260822-S001-P007,2026-08-22,S001,P007,12,3084.24
SALE-20260822-S001-P008,2026-08-22,S001,P008,9,7957.35
SALE-20260822-S001-P009,2026-08-22,S001,P009,5,3780.95
SALE-20260822-S001-P010,2026-08-22,S001,P010,14,13813.8
SALE-20260822-S001-P011,2026-08-22,S001,P011,2,437.8
SALE-20260822-S001-P012,2026-08-22,S001,P012,20,3776.6
SALE-20260822-S001-P013,2026-08-22,S001,P013,7,6054.16
SALE-20260822-S001-P014,2026-08-22,S001,P014,16,6302.56
SALE-20260822-S001-P015,2026-08-22,S001,P015,3,585.36
SALE-20260822-S001-P016,2026-08-22,S001,P016,7,1849.19
SALE-20260822-S001-P017,2026-08-22,S001,P017,5,2517.45
SALE-20260822-S001-P018,2026-08-22,S001,P018,14,5147.8
SALE-20260822-S001-P019,2026-08-22,S001,P019,12,9699.24
SALE-20260822-S001-P020,2026-08-22,S001,P020,10,6441.1
SALE-20260822-S001-P021,2026-08-22,S001,P021,4,789.88
SALE-20260822-S001-P022,2026-08-22,S001,P022,5,3642.7
SALE-20260822-S001-P023,2026-08-22,S001,P023,12,9596.4
SALE-20260822-S001-P024,2026-08-22,S001,P024,3,448.2
SALE-20260822-S001-P025,2026-08-22,S001,P025,3,2071.41
SALE-20260822-S001-P026,2026-08-22,S001,P026,11,9018.68
SALE-20260822-S001-P027,2026-08-22,S001,P027,16,9430.08
SALE-20260822-S001-P028,2026-08-22,S001,P028,3,167.01
SALE-20260822-S001-P029,2026-08-22,S001,P029,3,705.39
SALE-20260822-S001-P030,2026-08-22,S001,P030,4,922.64
SALE-20260822-S001-P031,2026-08-22,S001,P031,18,5245.56
SALE-20260822-S001-P032,2026-08-22,S001,P032,10,6266.0
SALE-20260822-S001-P033,2026-08-22,S001,P033,10,6749.1
SALE-20260822-S001-P034,2026-08-22,S001,P034,11,1863.29
SALE-20260822-S001-P035,2026-08-22,S001,P035,9,1103.22
SALE-20260822-S001-P036,2026-08-22,S001,P036,1,187.39
SALE-20260822-S001-P037,2026-08-22,S001,P037,18,3372.3
SALE-20260822-S001-P038,2026-08-22,S001,P038,4,1547.32
SALE-20260822-S001-P039,2026-08-22,S001,P039,4,2536.4
SALE-20260822-S001-P040,2026-08-22,S001,P040,12,1932.6
SALE-20260822-S001-P041,2026-08-22,S001,P041,6,5906.34
SALE-20260822-S001-P042,2026-08-22,S001,P042,6,6410.94
SALE-20260822-S001-P043,2026-08-22,S001,P043,9,6611.04
SALE-20260822-S001-P044,2026-08-22,S001,P044,5,674.75
SALE-20260822-S001-P045,2026-08-22,S001,P045,27,12032.55
SALE-20260822-S001-P046,2026-08-22,S001,P046,10,5559.3
SALE-20260822-S001-P047,2026-08-22,S001,P047,10,9429.9
SALE-20260822-S001-P048,2026-08-22,S001,P048,8,3790.24
SALE-20260822-S001-P049,2026-08-22,S001,P049,21,13327.86
SALE-20260822-S001-P050,2026-08-22,S001,P050,7,2732.66
SALE-20260822-S002-P001,2026-08-22,S002,P001,14,11044.04
SALE-20260822-S002-P002,2026-08-22,S002,P002,6,3894.9
SALE-20260822-S002-P003,2026-08-22,S002,P003,5,5354.35
SALE-20260822-S002-P004,2026-08-22,S002,P004,0,0.0
SALE-20260822-S002-P005,2026-08-22,S002,P005,9,3968.1
SALE-20260822-S002-P006,2026-08-22,S002,P006,6,5027.94
SALE-20260822-S002-P007,2026-08-22,S002,P007,0,0.0
SALE-20260822-S002-P008,2026-08-22,S002,P008,16,14146.4
SALE-20260822-S002-P009,2026-08-22,S002,P009,13,9830.47
SALE-20260822-S002-P010,2026-08-22,S002,P010,17,16773.9
SALE-20260822-S002-P011,2026-08-22,S002,P011,5,1094.5
SALE-20260822-S002-P012,2026-08-22,S002,P012,18,3398.94
SALE-20260822-S002-P013,2026-08-22,S002,P013,12,10378.56
SALE-20260822-S002-P014,2026-08-22,S002,P014,20,7878.2
SALE-20260822-S002-P015,2026-08-22,S002,P015,9,1756.08
SALE-20260822-S002-P016,2026-08-22,S002,P016,8,2113.36
SALE-20260822-S002-P017,2026-08-22,S002,P017,13,6545.37
SALE-20260822-S002-P018,2026-08-22,S002,P018,26,9560.2
SALE-20260822-S002-P019,2026-08-22,S002,P019,12,9699.24
SALE-20260822-S002-P020,2026-08-22,S002,P020,16,10305.76
SALE-20260822-S002-P021,2026-08-22,S002,P021,9,1777.23
SALE-20260822-S002-P022,2026-08-22,S002,P022,6,4371.24
SALE-20260822-S002-P023,2026-08-22,S002,P023,8,6397.6
SALE-20260822-S002-P024,2026-08-22,S002,P024,17,2539.8
SALE-20260822-S002-P025,2026-08-22,S002,P025,3,2071.41
SALE-20260822-S002-P026,2026-08-22,S002,P026,18,14757.84
SALE-20260822-S002-P027,2026-08-22,S002,P027,13,7661.94
SALE-20260822-S002-P028,2026-08-22,S002,P028,6,334.02
SALE-20260822-S002-P029,2026-08-22,S002,P029,18,4232.34
SALE-20260822-S002-P030,2026-08-22,S002,P030,2,461.32
SALE-20260822-S002-P031,2026-08-22,S002,P031,15,4371.3
SALE-20260822-S002-P032,2026-08-22,S002,P032,5,3133.0
SALE-20260822-S002-P033,2026-08-22,S002,P033,15,10123.65
SALE-20260822-S002-P034,2026-08-22,S002,P034,22,3726.58
SALE-20260822-S002-P035,2026-08-22,S002,P035,15,1838.7
SALE-20260822-S002-P036,2026-08-22,S002,P036,3,562.17
SALE-20260822-S002-P037,2026-08-22,S002,P037,14,2622.9
SALE-20260822-S002-P038,2026-08-22,S002,P038,3,1160.49
SALE-20260822-S002-P039,2026-08-22,S002,P039,4,2536.4
SALE-20260822-S002-P040,2026-08-22,S002,P040,10,1610.5
SALE-20260822-S002-P041,2026-08-22,S002,P041,11,10828.29
SALE-20260822-S002-P042,2026-08-22,S002,P042,21,22438.29
SALE-20260822-S002-P043,2026-08-22,S002,P043,18,13222.08
SALE-20260822-S002-P044,2026-08-22,S002,P044,6,809.7
SALE-20260822-S002-P045,2026-08-22,S002,P045,18,8021.7
SALE-20260822-S002-P046,2026-08-22,S002,P046,11,6115.23
SALE-20260822-S002-P047,2026-08-22,S002,P047,14,13201.86
SALE-20260822-S002-P048,2026-08-22,S002,P048,5,2368.9
SALE-20260822-S002-P049,2026-08-22,S002,P049,16,10154.56
SALE-20260822-S002-P050,2026-08-22,S002,P050,7,2732.66
SALE-20260822-S003-P001,2026-08-22,S003,P001,6,4733.16
SALE-20260822-S003-P002,2026-08-22,S003,P002,5,3245.75
SALE-20260822-S003-P003,2026-08-22,S003,P003,1,1070.87
SALE-20260822-S003-P004,2026-08-22,S003,P004,1,152.15
SALE-20260822-S003-P005,2026-08-22,S003,P005,9,3968.1
SALE-20260822-S003-P006,2026-08-22,S003,P006,2,1675.98
SALE-20260822-S003-P007,2026-08-22,S003,P007,10,2570.2
SALE-20260822-S003-P008,2026-08-22,S003,P008,12,10609.8
SALE-20260822-S003-P009,2026-08-22,S003,P009,5,3780.95
SALE-20260822-S003-P010,2026-08-22,S003,P010,10,9867.0
SALE-20260822-S003-P011,2026-08-22,S003,P011,0,0.0
SALE-20260822-S003-P012,2026-08-22,S003,P012,13,2454.79
SALE-20260822-S003-P013,2026-08-22,S003,P013,9,7783.92
SALE-20260822-S003-P014,2026-08-22,S003,P014,14,5514.74
SALE-20260822-S003-P015,2026-08-22,S003,P015,3,585.36
SALE-20260822-S003-P016,2026-08-22,S003,P016,7,1849.19
SALE-20260822-S003-P017,2026-08-22,S003,P017,15,7552.35
SALE-20260822-S003-P018,2026-08-22,S003,P018,17,6250.9
SALE-20260822-S003-P019,2026-08-22,S003,P019,8,6466.16
SALE-20260822-S003-P020,2026-08-22,S003,P020,8,5152.88
SALE-20260822-S003-P021,2026-08-22,S003,P021,6,1184.82
SALE-20260822-S003-P022,2026-08-22,S003,P022,3,2185.62
SALE-20260822-S003-P023,2026-08-22,S003,P023,7,5597.9
SALE-20260822-S003-P024,2026-08-22,S003,P024,7,1045.8
SALE-20260822-S003-P025,2026-08-22,S003,P025,1,690.47
SALE-20260822-S003-P026,2026-08-22,S003,P026,11,9018.68
SALE-20260822-S003-P027,2026-08-22,S003,P027,13,7661.94
SALE-20260822-S003-P028,2026-08-22,S003,P028,3,167.01
SALE-20260822-S003-P029,2026-08-22,S003,P029,13,3056.69
SALE-20260822-S003-P030,2026-08-22,S003,P030,3,691.98
SALE-20260822-S003-P031,2026-08-22,S003,P031,18,5245.56
SALE-20260822-S003-P032,2026-08-22,S003,P032,2,1253.2
SALE-20260822-S003-P033,2026-08-22,S003,P033,7,4724.37
SALE-20260822-S003-P034,2026-08-22,S003,P034,14,2371.46
SALE-20260822-S003-P035,2026-08-22,S003,P035,15,1838.7
SALE-20260822-S003-P036,2026-08-22,S003,P036,2,374.78
SALE-20260822-S003-P037,2026-08-22,S003,P037,14,2622.9
SALE-20260822-S003-P038,2026-08-22,S003,P038,4,1547.32
SALE-20260822-S003-P039,2026-08-22,S003,P039,2,1268.2
SALE-20260822-S003-P040,2026-08-22,S003,P040,8,1288.4
SALE-20260822-S003-P041,2026-08-22,S003,P041,6,5906.34
SALE-20260822-S003-P042,2026-08-22,S003,P042,14,14958.86
SALE-20260822-S003-P043,2026-08-22,S003,P043,7,5141.92
SALE-20260822-S003-P044,2026-08-22,S003,P044,5,674.75
SALE-20260822-S003-P045,2026-08-22,S003,P045,19,8467.35
SALE-20260822-S003-P046,2026-08-22,S003,P046,1,555.93
SALE-20260822-S003-P047,2026-08-22,S003,P047,7,6600.93
SALE-20260822-S003-P048,2026-08-22,S003,P048,3,1421.34
SALE-20260822-S003-P049,2026-08-22,S003,P049,16,10154.56
SALE-20260823-S001-P001,2026-08-23,S001,P001,10,7888.6
SALE-20260823-S001-P002,2026-08-23,S001,P002,7,4544.05
SALE-20260823-S001-P003,2026-08-23,S001,P003,1,1070.87
SALE-20260823-S001-P004,2026-08-23,S001,P004,8,1217.2
SALE-20260823-S001-P005,2026-08-23,S001,P005,9,3968.1
SALE-20260823-S001-P006,2026-08-23,S001,P006,4,3351.96
SALE-20260823-S001-P007,2026-08-23,S001,P007,21,5397.42
SALE-20260823-S001-P008,2026-08-23,S001,P008,9,7957.35
SALE-20260823-S001-P009,2026-08-23,S001,P009,6,4537.14
SALE-20260823-S001-P010,2026-08-23,S001,P010,11,10853.7
SALE-20260823-S001-P011,2026-08-23,S001,P011,7,1532.3
SALE-20260823-S001-P012,2026-08-23,S001,P012,11,2077.13
SALE-20260823-S001-P013,2026-08-23,S001,P013,9,7783.92
SALE-20260823-S001-P014,2026-08-23,S001,P014,11,4333.01
SALE-20260823-S001-P015,2026-08-23,S001,P015,4,780.48
SALE-20260823-S001-P016,2026-08-23,S001,P016,7,1849.19
SALE-20260823-S001-P017,2026-08-23,S001,P017,13,6545.37
SALE-20260823-S001-P018,2026-08-23,S001,P018,18,6618.6
SALE-20260823-S001-P019,2026-08-23,S001,P019,5,4041.35
SALE-20260823-S001-P020,2026-08-23,S001,P020,8,5152.88
SALE-20260823-S001-P021,2026-08-23,S001,P021,2,394.94
SALE-20260823-S001-P022,2026-08-23,S001,P022,8,5828.32
SALE-20260823-S001-P023,2026-08-23,S001,P023,11,8796.7
SALE-20260823-S001-P024,2026-08-23,S001,P024,5,747.0
SALE-20260823-S001-P025,2026-08-23,S001,P025,2,1380.94
SALE-20260823-S001-P026,2026-08-23,S001,P026,13,10658.44
SALE-20260823-S001-P027,2026-08-23,S001,P027,22,12966.36
SALE-20260823-S001-P028,2026-08-23,S001,P028,5,278.35
SALE-20260823-S001-P029,2026-08-23,S001,P029,8,1881.04
SALE-20260823-S001-P030,2026-08-23,S001,P030,0,0.0
SALE-20260823-S001-P031,2026-08-23,S001,P031,10,2914.2
SALE-20260823-S001-P032,2026-08-23,S001,P032,7,4386.2
SALE-20260823-S001-P033,2026-08-23,S001,P033,17,11473.47
SALE-20260823-S001-P034,2026-08-23,S001,P034,15,2540.85
SALE-20260823-S001-P035,2026-08-23,S001,P035,8,980.64
SALE-20260823-S001-P036,2026-08-23,S001,P036,4,749.56
SALE-20260823-S001-P037,2026-08-23,S001,P037,16,2997.6
SALE-20260823-S001-P038,2026-08-23,S001,P038,6,2320.98
SALE-20260823-S001-P039,2026-08-23,S001,P039,4,2536.4
SALE-20260823-S001-P040,2026-08-23,S001,P040,13,2093.65
SALE-20260823-S001-P041,2026-08-23,S001,P041,5,4921.95
SALE-20260823-S001-P042,2026-08-23,S001,P042,13,13890.37
SALE-20260823-S001-P043,2026-08-23,S001,P043,14,10283.84
SALE-20260823-S001-P044,2026-08-23,S001,P044,6,809.7
SALE-20260823-S001-P045,2026-08-23,S001,P045,16,7130.4
SALE-20260823-S001-P046,2026-08-23,S001,P046,9,5003.37
SALE-20260823-S001-P047,2026-08-23,S001,P047,11,10372.89
SALE-20260823-S001-P048,2026-08-23,S001,P048,7,3316.46
SALE-20260823-S001-P049,2026-08-23,S001,P049,25,15866.5
SALE-20260823-S001-P050,2026-08-23,S001,P050,2,780.76
SALE-20260823-S002-P001,2026-08-23,S002,P001,10,7888.6
SALE-20260823-S002-P002,2026-08-23,S002,P002,12,7789.8
SALE-20260823-S002-P003,2026-08-23,S002,P003,3,3212.61
SALE-20260823-S002-P004,2026-08-23,S002,P004,0,0.0
SALE-20260823-S002-P005,2026-08-23,S002,P005,7,3086.3
SALE-20260823-S002-P006,2026-08-23,S002,P006,7,5865.93
SALE-20260823-S002-P007,2026-08-23,S002,P007,0,0.0
SALE-20260823-S002-P008,2026-08-23,S002,P008,11,9725.65
SALE-20260823-S002-P009,2026-08-23,S002,P009,7,5293.33
SALE-20260823-S002-P010,2026-08-23,S002,P010,10,9867.0
SALE-20260823-S002-P011,2026-08-23,S002,P011,3,656.7
SALE-20260823-S002-P012,2026-08-23,S002,P012,27,5098.41
SALE-20260823-S002-P013,2026-08-23,S002,P013,9,7783.92
SALE-20260823-S002-P014,2026-08-23,S002,P014,15,5908.65
SALE-20260823-S002-P015,2026-08-23,S002,P015,4,780.48
SALE-20260823-S002-P016,2026-08-23,S002,P016,13,3434.21
SALE-20260823-S002-P017,2026-08-23,S002,P017,10,5034.9
SALE-20260823-S002-P018,2026-08-23,S002,P018,17,6250.9
SALE-20260823-S002-P019,2026-08-23,S002,P019,18,14548.86
SALE-20260823-S002-P020,2026-08-23,S002,P020,14,9017.54
SALE-20260823-S002-P021,2026-08-23,S002,P021,6,1184.82
SALE-20260823-S002-P022,2026-08-23,S002,P022,8,5828.32
SALE-20260823-S002-P023,2026-08-23,S002,P023,9,7197.3
SALE-20260823-S002-P024,2026-08-23,S002,P024,11,1643.4
SALE-20260823-S002-P025,2026-08-23,S002,P025,4,2761.88
SALE-20260823-S002-P026,2026-08-23,S002,P026,21,17217.48
SALE-20260823-S002-P027,2026-08-23,S002,P027,18,10608.84
SALE-20260823-S002-P028,2026-08-23,S002,P028,5,278.35
SALE-20260823-S002-P029,2026-08-23,S002,P029,17,3997.21
SALE-20260823-S002-P030,2026-08-23,S002,P030,6,1383.96
SALE-20260823-S002-P031,2026-08-23,S002,P031,16,4662.72
SALE-20260823-S002-P032,2026-08-23,S002,P032,16,10025.6
SALE-20260823-S002-P033,2026-08-23,S002,P033,17,11473.47
SALE-20260823-S002-P034,2026-08-23,S002,P034,17,2879.63
SALE-20260823-S002-P035,2026-08-23,S002,P035,16,1961.28
SALE-20260823-S002-P036,2026-08-23,S002,P036,3,562.17
SALE-20260823-S002-P037,2026-08-23,S002,P037,18,3372.3
SALE-20260823-S002-P038,2026-08-23,S002,P038,7,2707.81
SALE-20260823-S002-P039,2026-08-23,S002,P039,6,3804.6
SALE-20260823-S002-P040,2026-08-23,S002,P040,11,1771.55
SALE-20260823-S002-P041,2026-08-23,S002,P041,8,7875.12
SALE-20260823-S002-P042,2026-08-23,S002,P042,9,9616.41
SALE-20260823-S002-P043,2026-08-23,S002,P043,15,11018.4
SALE-20260823-S002-P044,2026-08-23,S002,P044,9,1214.55
SALE-20260823-S002-P045,2026-08-23,S002,P045,15,6684.75
SALE-20260823-S002-P046,2026-08-23,S002,P046,5,2779.65
SALE-20260823-S002-P047,2026-08-23,S002,P047,8,7543.92
SALE-20260823-S002-P048,2026-08-23,S002,P048,5,2368.9
SALE-20260823-S002-P049,2026-08-23,S002,P049,22,13962.52
SALE-20260823-S002-P050,2026-08-23,S002,P050,4,1561.52
SALE-20260823-S003-P001,2026-08-23,S003,P001,5,3944.3
SALE-20260823-S003-P002,2026-08-23,S003,P002,7,4544.05
SALE-20260823-S003-P003,2026-08-23,S003,P003,1,1070.87
SALE-20260823-S003-P004,2026-08-23,S003,P004,2,304.3
SALE-20260823-S003-P005,2026-08-23,S003,P005,7,3086.3
SALE-20260823-S003-P006,2026-08-23,S003,P006,4,3351.96
SALE-20260823-S003-P007,2026-08-23,S003,P007,15,3855.3
SALE-20260823-S003-P008,2026-08-23,S003,P008,6,5304.9
SALE-20260823-S003-P009,2026-08-23,S003,P009,7,5293.33
SALE-20260823-S003-P010,2026-08-23,S003,P010,7,6906.9
SALE-20260823-S003-P011,2026-08-23,S003,P011,0,0.0
SALE-20260823-S003-P012,2026-08-23,S003,P012,15,2832.45
SALE-20260823-S003-P013,2026-08-23,S003,P013,6,5189.28
SALE-20260823-S003-P014,2026-08-23,S003,P014,12,4726.92
SALE-20260823-S003-P015,2026-08-23,S003,P015,3,585.36
SALE-20260823-S003-P016,2026-08-23,S003,P016,6,1585.02
SALE-20260823-S003-P017,2026-08-23,S003,P017,6,3020.94
SALE-20260823-S003-P018,2026-08-23,S003,P018,23,8457.1
SALE-20260823-S003-P019,2026-08-23,S003,P019,9,7274.43
SALE-20260823-S003-P020,2026-08-23,S003,P020,7,4508.77
SALE-20260823-S003-P021,2026-08-23,S003,P021,2,394.94
SALE-20260823-S003-P022,2026-08-23,S003,P022,2,1457.08
SALE-20260823-S003-P023,2026-08-23,S003,P023,5,3998.5
SALE-20260823-S003-P024,2026-08-23,S003,P024,12,1792.8
SALE-20260823-S003-P025,2026-08-23,S003,P025,3,2071.41
SALE-20260823-S003-P026,2026-08-23,S003,P026,7,5739.16
SALE-20260823-S003-P027,2026-08-23,S003,P027,10,5893.8
SALE-20260823-S003-P028,2026-08-23,S003,P028,4,222.68
SALE-20260823-S003-P029,2026-08-23,S003,P029,8,1881.04
SALE-20260823-S003-P030,2026-08-23,S003,P030,3,691.98
SALE-20260823-S003-P031,2026-08-23,S003,P031,10,2914.2
SALE-20260823-S003-P032,2026-08-23,S003,P032,4,2506.4
SALE-20260823-S003-P033,2026-08-23,S003,P033,11,7424.01
SALE-20260823-S003-P034,2026-08-23,S003,P034,10,1693.9
SALE-20260823-S003-P035,2026-08-23,S003,P035,11,1348.38
SALE-20260823-S003-P036,2026-08-23,S003,P036,2,374.78
SALE-20260823-S003-P037,2026-08-23,S003,P037,14,2622.9
SALE-20260823-S003-P038,2026-08-23,S003,P038,4,1547.32
SALE-20260823-S003-P039,2026-08-23,S003,P039,4,2536.4
SALE-20260823-S003-P040,2026-08-23,S003,P040,4,644.2
SALE-20260823-S003-P041,2026-08-23,S003,P041,7,6890.73
SALE-20260823-S003-P042,2026-08-23,S003,P042,16,17095.84
SALE-20260823-S003-P043,2026-08-23,S003,P043,11,8080.16
SALE-20260823-S003-P044,2026-08-23,S003,P044,6,809.7
SALE-20260823-S003-P045,2026-08-23,S003,P045,16,7130.4
SALE-20260823-S003-P046,2026-08-23,S003,P046,8,4447.44
SALE-20260823-S003-P047,2026-08-23,S003,P047,6,5657.94
SALE-20260823-S003-P048,2026-08-23,S003,P048,1,473.78
SALE-20260823-S003-P049,2026-08-23,S003,P049,15,9519.9
SALE-20260824-S001-P001,2026-08-24,S001,P001,4,3155.44
SALE-20260824-S001-P002,2026-08-24,S001,P002,2,1298.3
SALE-20260824-S001-P003,2026-08-24,S001,P003,2,2141.74
SALE-20260824-S001-P004,2026-08-24,S001,P004,3,456.45
SALE-20260824-S001-P005,2026-08-24,S001,P005,9,3968.1
SALE-20260824-S001-P006,2026-08-24,S001,P006,5,4189.95
SALE-20260824-S001-P007,2026-08-24,S001,P007,17,4369.34
SALE-20260824-S001-P008,2026-08-24,S001,P008,11,9725.65
SALE-20260824-S001-P009,2026-08-24,S001,P009,6,4537.14
SALE-20260824-S001-P010,2026-08-24,S001,P010,14,13813.8
SALE-20260824-S001-P011,2026-08-24,S001,P011,5,1094.5
SALE-20260824-S001-P012,2026-08-24,S001,P012,16,3021.28
SALE-20260824-S001-P013,2026-08-24,S001,P013,10,8648.8
SALE-20260824-S001-P014,2026-08-24,S001,P014,10,3939.1
SALE-20260824-S001-P015,2026-08-24,S001,P015,5,975.6
SALE-20260824-S001-P016,2026-08-24,S001,P016,5,1320.85
SALE-20260824-S001-P017,2026-08-24,S001,P017,16,8055.84
SALE-20260824-S001-P018,2026-08-24,S001,P018,17,6250.9
SALE-20260824-S001-P019,2026-08-24,S001,P019,7,5657.89
SALE-20260824-S001-P020,2026-08-24,S001,P020,5,3220.55
SALE-20260824-S001-P021,2026-08-24,S001,P021,2,394.94
SALE-20260824-S001-P022,2026-08-24,S001,P022,8,5828.32
SALE-20260824-S001-P023,2026-08-24,S001,P023,14,11195.8
SALE-20260824-S001-P024,2026-08-24,S001,P024,15,2241.0
SALE-20260824-S001-P025,2026-08-24,S001,P025,4,2761.88
SALE-20260824-S001-P026,2026-08-24,S001,P026,10,8198.8
SALE-20260824-S001-P027,2026-08-24,S001,P027,15,8840.7
SALE-20260824-S001-P028,2026-08-24,S001,P028,0,0.0
SALE-20260824-S001-P029,2026-08-24,S001,P029,9,2116.17
SALE-20260824-S001-P030,2026-08-24,S001,P030,4,922.64
SALE-20260824-S001-P031,2026-08-24,S001,P031,13,3788.46
SALE-20260824-S001-P032,2026-08-24,S001,P032,9,5639.4
SALE-20260824-S001-P033,2026-08-24,S001,P033,5,3374.55
SALE-20260824-S001-P034,2026-08-24,S001,P034,15,2540.85
SALE-20260824-S001-P035,2026-08-24,S001,P035,10,1225.8
SALE-20260824-S001-P036,2026-08-24,S001,P036,6,1124.34
SALE-20260824-S001-P037,2026-08-24,S001,P037,22,4121.7
SALE-20260824-S001-P038,2026-08-24,S001,P038,6,2320.98
SALE-20260824-S001-P039,2026-08-24,S001,P039,3,1902.3
SALE-20260824-S001-P040,2026-08-24,S001,P040,13,2093.65
SALE-20260824-S001-P041,2026-08-24,S001,P041,6,5906.34
SALE-20260824-S001-P042,2026-08-24,S001,P042,20,21369.8
SALE-20260824-S001-P043,2026-08-24,S001,P043,11,8080.16
SALE-20260824-S001-P044,2026-08-24,S001,P044,3,404.85
SALE-20260824-S001-P045,2026-08-24,S001,P045,24,10695.6
SALE-20260824-S001-P046,2026-08-24,S001,P046,1,555.93
SALE-20260824-S001-P047,2026-08-24,S001,P047,13,12258.87
SALE-20260824-S001-P048,2026-08-24,S001,P048,7,3316.46
SALE-20260824-S001-P049,2026-08-24,S001,P049,15,9519.9
SALE-20260824-S001-P050,2026-08-24,S001,P050,8,3123.04
SALE-20260824-S002-P001,2026-08-24,S002,P001,6,4733.16
SALE-20260824-S002-P002,2026-08-24,S002,P002,8,5193.2
SALE-20260824-S002-P003,2026-08-24,S002,P003,7,7496.09
SALE-20260824-S002-P004,2026-08-24,S002,P004,2,304.3
SALE-20260824-S002-P005,2026-08-24,S002,P005,12,5290.8
SALE-20260824-S002-P006,2026-08-24,S002,P006,5,4189.95
SALE-20260824-S002-P007,2026-08-24,S002,P007,0,0.0
SALE-20260824-S002-P008,2026-08-24,S002,P008,12,10609.8
SALE-20260824-S002-P009,2026-08-24,S002,P009,4,3024.76
SALE-20260824-S002-P010,2026-08-24,S002,P010,15,14800.5
SALE-20260824-S002-P011,2026-08-24,S002,P011,4,875.6
SALE-20260824-S002-P012,2026-08-24,S002,P012,27,5098.41
SALE-20260824-S002-P013,2026-08-24,S002,P013,4,3459.52
SALE-20260824-S002-P014,2026-08-24,S002,P014,16,6302.56
SALE-20260824-S002-P015,2026-08-24,S002,P015,4,780.48
SALE-20260824-S002-P016,2026-08-24,S002,P016,10,2641.7
SALE-20260824-S002-P017,2026-08-24,S002,P017,9,4531.41
SALE-20260824-S002-P018,2026-08-24,S002,P018,28,10295.6
SALE-20260824-S002-P019,2026-08-24,S002,P019,12,9699.24
SALE-20260824-S002-P020,2026-08-24,S002,P020,9,5796.99
SALE-20260824-S002-P021,2026-08-24,S002,P021,16,3159.52
SALE-20260824-S002-P022,2026-08-24,S002,P022,9,6556.86
SALE-20260824-S002-P023,2026-08-24,S002,P023,11,8796.7
SALE-20260824-S002-P024,2026-08-24,S002,P024,8,1195.2
SALE-20260824-S002-P025,2026-08-24,S002,P025,1,690.47
SALE-20260824-S002-P026,2026-08-24,S002,P026,16,13118.08
SALE-20260824-S002-P027,2026-08-24,S002,P027,23,13555.74
SALE-20260824-S002-P028,2026-08-24,S002,P028,6,334.02
SALE-20260824-S002-P029,2026-08-24,S002,P029,16,3762.08
SALE-20260824-S002-P030,2026-08-24,S002,P030,3,691.98
SALE-20260824-S002-P031,2026-08-24,S002,P031,14,4079.88
SALE-20260824-S002-P032,2026-08-24,S002,P032,3,1879.8
SALE-20260824-S002-P033,2026-08-24,S002,P033,15,10123.65
SALE-20260824-S002-P034,2026-08-24,S002,P034,16,2710.24
SALE-20260824-S002-P035,2026-08-24,S002,P035,16,1961.28
SALE-20260824-S002-P036,2026-08-24,S002,P036,2,374.78
SALE-20260824-S002-P037,2026-08-24,S002,P037,21,3934.35
SALE-20260824-S002-P038,2026-08-24,S002,P038,4,1547.32
SALE-20260824-S002-P039,2026-08-24,S002,P039,2,1268.2
SALE-20260824-S002-P040,2026-08-24,S002,P040,9,1449.45
SALE-20260824-S002-P041,2026-08-24,S002,P041,6,5906.34
SALE-20260824-S002-P042,2026-08-24,S002,P042,13,13890.37
SALE-20260824-S002-P043,2026-08-24,S002,P043,12,8814.72
SALE-20260824-S002-P044,2026-08-24,S002,P044,10,1349.5
SALE-20260824-S002-P045,2026-08-24,S002,P045,10,4456.5
SALE-20260824-S002-P046,2026-08-24,S002,P046,6,3335.58
SALE-20260824-S002-P047,2026-08-24,S002,P047,12,11315.88
SALE-20260824-S002-P048,2026-08-24,S002,P048,3,1421.34
SALE-20260824-S002-P049,2026-08-24,S002,P049,22,13962.52
SALE-20260824-S002-P050,2026-08-24,S002,P050,2,780.76
SALE-20260824-S003-P001,2026-08-24,S003,P001,6,4733.16
SALE-20260824-S003-P002,2026-08-24,S003,P002,7,4544.05
SALE-20260824-S003-P003,2026-08-24,S003,P003,3,3212.61
SALE-20260824-S003-P004,2026-08-24,S003,P004,2,304.3
SALE-20260824-S003-P005,2026-08-24,S003,P005,3,1322.7
SALE-20260824-S003-P006,2026-08-24,S003,P006,3,2513.97
SALE-20260824-S003-P007,2026-08-24,S003,P007,17,4369.34
SALE-20260824-S003-P008,2026-08-24,S003,P008,7,6189.05
SALE-20260824-S003-P009,2026-08-24,S003,P009,10,7561.9
SALE-20260824-S003-P010,2026-08-24,S003,P010,11,10853.7
SALE-20260824-S003-P011,2026-08-24,S003,P011,1,218.9
SALE-20260824-S003-P012,2026-08-24,S003,P012,16,3021.28
SALE-20260824-S003-P013,2026-08-24,S003,P013,7,6054.16
SALE-20260824-S003-P014,2026-08-24,S003,P014,6,2363.46
SALE-20260824-S003-P015,2026-08-24,S003,P015,3,585.36
SALE-20260824-S003-P016,2026-08-24,S003,P016,7,1849.19
SALE-20260824-S003-P017,2026-08-24,S003,P017,6,3020.94
SALE-20260824-S003-P018,2026-08-24,S003,P018,16,5883.2
SALE-20260824-S003-P019,2026-08-24,S003,P019,11,8890.97
SALE-20260824-S003-P020,2026-08-24,S003,P020,3,1932.33
SALE-20260824-S003-P021,2026-08-24,S003,P021,4,789.88
SALE-20260824-S003-P022,2026-08-24,S003,P022,7,5099.78
SALE-20260824-S003-P023,2026-08-24,S003,P023,23,18393.1
SALE-20260824-S003-P024,2026-08-24,S003,P024,9,1344.6
SALE-20260824-S003-P025,2026-08-24,S003,P025,1,690.47
SALE-20260824-S003-P026,2026-08-24,S003,P026,13,10658.44
SALE-20260824-S003-P027,2026-08-24,S003,P027,11,6483.18
SALE-20260824-S003-P028,2026-08-24,S003,P028,5,278.35
SALE-20260824-S003-P029,2026-08-24,S003,P029,7,1645.91
SALE-20260824-S003-P030,2026-08-24,S003,P030,2,461.32
SALE-20260824-S003-P031,2026-08-24,S003,P031,12,3497.04
SALE-20260824-S003-P032,2026-08-24,S003,P032,4,2506.4
SALE-20260824-S003-P033,2026-08-24,S003,P033,13,8773.83
SALE-20260824-S003-P034,2026-08-24,S003,P034,11,1863.29
SALE-20260824-S003-P035,2026-08-24,S003,P035,4,490.32
SALE-20260824-S003-P036,2026-08-24,S003,P036,0,0.0
SALE-20260824-S003-P037,2026-08-24,S003,P037,14,2622.9
SALE-20260824-S003-P038,2026-08-24,S003,P038,0,0.0
SALE-20260824-S003-P039,2026-08-24,S003,P039,2,1268.2
SALE-20260824-S003-P040,2026-08-24,S003,P040,2,322.1
SALE-20260824-S003-P041,2026-08-24,S003,P041,9,8859.51
SALE-20260824-S003-P042,2026-08-24,S003,P042,9,9616.41
SALE-20260824-S003-P043,2026-08-24,S003,P043,8,5876.48
SALE-20260824-S003-P044,2026-08-24,S003,P044,6,809.7
SALE-20260824-S003-P045,2026-08-24,S003,P045,7,3119.55
SALE-20260824-S003-P046,2026-08-24,S003,P046,4,2223.72
SALE-20260824-S003-P047,2026-08-24,S003,P047,6,5657.94
SALE-20260824-S003-P048,2026-08-24,S003,P048,7,3316.46
SALE-20260824-S003-P049,2026-08-24,S003,P049,16,10154.56
SALE-20260825-S001-P001,2026-08-25,S001,P001,7,5522.02
SALE-20260825-S001-P002,2026-08-25,S001,P002,5,3245.75
SALE-20260825-S001-P003,2026-08-25,S001,P003,3,3212.61
SALE-20260825-S001-P004,2026-08-25,S001,P004,2,304.3
SALE-20260825-S001-P005,2026-08-25,S001,P005,7,3086.3
SALE-20260825-S001-P006,2026-08-25,S001,P006,2,1675.98
SALE-20260825-S001-P007,2026-08-25,S001,P007,14,3598.28
SALE-20260825-S001-P008,2026-08-25,S001,P008,10,8841.5
SALE-20260825-S001-P009,2026-08-25,S001,P009,5,3780.95
SALE-20260825-S001-P010,2026-08-25,S001,P010,9,8880.3
SALE-20260825-S001-P011,2026-08-25,S001,P011,3,656.7
SALE-20260825-S001-P012,2026-08-25,S001,P012,19,3587.77
SALE-20260825-S001-P013,2026-08-25,S001,P013,9,7783.92
SALE-20260825-S001-P014,2026-08-25,S001,P014,15,5908.65
SALE-20260825-S001-P015,2026-08-25,S001,P015,2,390.24
SALE-20260825-S001-P016,2026-08-25,S001,P016,9,2377.53
SALE-20260825-S001-P017,2026-08-25,S001,P017,12,6041.88
SALE-20260825-S001-P018,2026-08-25,S001,P018,11,4044.7
SALE-20260825-S001-P019,2026-08-25,S001,P019,9,7274.43
SALE-20260825-S001-P020,2026-08-25,S001,P020,8,5152.88
SALE-20260825-S001-P021,2026-08-25,S001,P021,6,1184.82
SALE-20260825-S001-P022,2026-08-25,S001,P022,10,7285.4
SALE-20260825-S001-P023,2026-08-25,S001,P023,8,6397.6
SALE-20260825-S001-P024,2026-08-25,S001,P024,7,1045.8
SALE-20260825-S001-P025,2026-08-25,S001,P025,0,0.0
SALE-20260825-S001-P026,2026-08-25,S001,P026,12,9838.56
SALE-20260825-S001-P027,2026-08-25,S001,P027,8,4715.04
SALE-20260825-S001-P028,2026-08-25,S001,P028,2,111.34
SALE-20260825-S001-P029,2026-08-25,S001,P029,5,1175.65
SALE-20260825-S001-P030,2026-08-25,S001,P030,1,230.66
SALE-20260825-S001-P031,2026-08-25,S001,P031,15,4371.3
SALE-20260825-S001-P032,2026-08-25,S001,P032,2,1253.2
SALE-20260825-S001-P033,2026-08-25,S001,P033,9,6074.19
SALE-20260825-S001-P034,2026-08-25,S001,P034,11,1863.29
SALE-20260825-S001-P035,2026-08-25,S001,P035,12,1470.96
SALE-20260825-S001-P036,2026-08-25,S001,P036,1,187.39
SALE-20260825-S001-P037,2026-08-25,S001,P037,21,3934.35
SALE-20260825-S001-P038,2026-08-25,S001,P038,5,1934.15
SALE-20260825-S001-P039,2026-08-25,S001,P039,0,0.0
SALE-20260825-S001-P040,2026-08-25,S001,P040,14,2254.7
SALE-20260825-S001-P041,2026-08-25,S001,P041,7,6890.73
SALE-20260825-S001-P042,2026-08-25,S001,P042,13,13890.37
SALE-20260825-S001-P043,2026-08-25,S001,P043,8,5876.48
SALE-20260825-S001-P044,2026-08-25,S001,P044,5,674.75
SALE-20260825-S001-P045,2026-08-25,S001,P045,18,8021.7
SALE-20260825-S001-P046,2026-08-25,S001,P046,5,2779.65
SALE-20260825-S001-P047,2026-08-25,S001,P047,12,11315.88
SALE-20260825-S001-P048,2026-08-25,S001,P048,1,473.78
SALE-20260825-S001-P049,2026-08-25,S001,P049,22,13962.52
SALE-20260825-S001-P050,2026-08-25,S001,P050,4,1561.52
SALE-20260825-S002-P001,2026-08-25,S002,P001,12,9466.32
SALE-20260825-S002-P002,2026-08-25,S002,P002,3,1947.45
SALE-20260825-S002-P003,2026-08-25,S002,P003,5,5354.35
SALE-20260825-S002-P004,2026-08-25,S002,P004,0,0.0
SALE-20260825-S002-P005,2026-08-25,S002,P005,12,5290.8
SALE-20260825-S002-P006,2026-08-25,S002,P006,8,6703.92
SALE-20260825-S002-P007,2026-08-25,S002,P007,0,0.0
SALE-20260825-S002-P008,2026-08-25,S002,P008,12,10609.8
SALE-20260825-S002-P009,2026-08-25,S002,P009,10,7561.9
SALE-20260825-S002-P010,2026-08-25,S002,P010,10,9867.0
SALE-20260825-S002-P011,2026-08-25,S002,P011,3,656.7
SALE-20260825-S002-P012,2026-08-25,S002,P012,19,3587.77
SALE-20260825-S002-P013,2026-08-25,S002,P013,7,6054.16
SALE-20260825-S002-P014,2026-08-25,S002,P014,12,4726.92
SALE-20260825-S002-P015,2026-08-25,S002,P015,0,0.0
SALE-20260825-S002-P016,2026-08-25,S002,P016,10,2641.7
SALE-20260825-S002-P017,2026-08-25,S002,P017,5,2517.45
SALE-20260825-S002-P018,2026-08-25,S002,P018,13,4780.1
SALE-20260825-S002-P019,2026-08-25,S002,P019,9,7274.43
SALE-20260825-S002-P020,2026-08-25,S002,P020,11,7085.21
SALE-20260825-S002-P021,2026-08-25,S002,P021,2,394.94
SALE-20260825-S002-P022,2026-08-25,S002,P022,9,6556.86
SALE-20260825-S002-P023,2026-08-25,S002,P023,10,7997.0
SALE-20260825-S002-P024,2026-08-25,S002,P024,13,1942.2
SALE-20260825-S002-P025,2026-08-25,S002,P025,2,1380.94
SALE-20260825-S002-P026,2026-08-25,S002,P026,9,7378.92
SALE-20260825-S002-P027,2026-08-25,S002,P027,15,8840.7
SALE-20260825-S002-P028,2026-08-25,S002,P028,5,278.35
SALE-20260825-S002-P029,2026-08-25,S002,P029,13,3056.69
SALE-20260825-S002-P030,2026-08-25,S002,P030,6,1383.96
SALE-20260825-S002-P031,2026-08-25,S002,P031,13,3788.46
SALE-20260825-S002-P032,2026-08-25,S002,P032,2,1253.2
SALE-20260825-S002-P033,2026-08-25,S002,P033,16,10798.56
SALE-20260825-S002-P034,2026-08-25,S002,P034,9,1524.51
SALE-20260825-S002-P035,2026-08-25,S002,P035,13,1593.54
SALE-20260825-S002-P036,2026-08-25,S002,P036,4,749.56
SALE-20260825-S002-P037,2026-08-25,S002,P037,19,3559.65
SALE-20260825-S002-P038,2026-08-25,S002,P038,3,1160.49
SALE-20260825-S002-P039,2026-08-25,S002,P039,2,1268.2
SALE-20260825-S002-P040,2026-08-25,S002,P040,17,2737.85
SALE-20260825-S002-P041,2026-08-25,S002,P041,3,2953.17
SALE-20260825-S002-P042,2026-08-25,S002,P042,17,18164.33
SALE-20260825-S002-P043,2026-08-25,S002,P043,20,14691.2
SALE-20260825-S002-P044,2026-08-25,S002,P044,7,944.65
SALE-20260825-S002-P045,2026-08-25,S002,P045,19,8467.35
SALE-20260825-S002-P046,2026-08-25,S002,P046,6,3335.58
SALE-20260825-S002-P047,2026-08-25,S002,P047,4,3771.96
SALE-20260825-S002-P048,2026-08-25,S002,P048,2,947.56
SALE-20260825-S002-P049,2026-08-25,S002,P049,14,8885.24
SALE-20260825-S002-P050,2026-08-25,S002,P050,6,2342.28
SALE-20260825-S003-P001,2026-08-25,S003,P001,6,4733.16
SALE-20260825-S003-P002,2026-08-25,S003,P002,3,1947.45
SALE-20260825-S003-P003,2026-08-25,S003,P003,4,4283.48
SALE-20260825-S003-P004,2026-08-25,S003,P004,2,304.3
SALE-20260825-S003-P005,2026-08-25,S003,P005,9,3968.1
SALE-20260825-S003-P006,2026-08-25,S003,P006,3,2513.97
SALE-20260825-S003-P007,2026-08-25,S003,P007,13,3341.26
SALE-20260825-S003-P008,2026-08-25,S003,P008,11,9725.65
SALE-20260825-S003-P009,2026-08-25,S003,P009,6,4537.14
SALE-20260825-S003-P010,2026-08-25,S003,P010,4,3946.8
SALE-20260825-S003-P011,2026-08-25,S003,P011,0,0.0
SALE-20260825-S003-P012,2026-08-25,S003,P012,13,2454.79
SALE-20260825-S003-P013,2026-08-25,S003,P013,4,3459.52
SALE-20260825-S003-P014,2026-08-25,S003,P014,8,3151.28
SALE-20260825-S003-P015,2026-08-25,S003,P015,2,390.24
SALE-20260825-S003-P016,2026-08-25,S003,P016,7,1849.19
SALE-20260825-S003-P017,2026-08-25,S003,P017,5,2517.45
SALE-20260825-S003-P018,2026-08-25,S003,P018,18,6618.6
SALE-20260825-S003-P019,2026-08-25,S003,P019,10,8082.7
SALE-20260825-S003-P020,2026-08-25,S003,P020,5,3220.55
SALE-20260825-S003-P021,2026-08-25,S003,P021,1,197.47
SALE-20260825-S003-P022,2026-08-25,S003,P022,9,6556.86
SALE-20260825-S003-P023,2026-08-25,S003,P023,0,0.0
SALE-20260825-S003-P024,2026-08-25,S003,P024,3,448.2
SALE-20260825-S003-P025,2026-08-25,S003,P025,2,1380.94
SALE-20260825-S003-P026,2026-08-25,S003,P026,7,5739.16
SALE-20260825-S003-P027,2026-08-25,S003,P027,13,7661.94
SALE-20260825-S003-P028,2026-08-25,S003,P028,4,222.68
SALE-20260825-S003-P029,2026-08-25,S003,P029,7,1645.91
SALE-20260825-S003-P030,2026-08-25,S003,P030,4,922.64
SALE-20260825-S003-P031,2026-08-25,S003,P031,10,2914.2
SALE-20260825-S003-P032,2026-08-25,S003,P032,6,3759.6
SALE-20260825-S003-P033,2026-08-25,S003,P033,4,2699.64
SALE-20260825-S003-P034,2026-08-25,S003,P034,9,1524.51
SALE-20260825-S003-P035,2026-08-25,S003,P035,11,1348.38
SALE-20260825-S003-P036,2026-08-25,S003,P036,5,936.95
SALE-20260825-S003-P037,2026-08-25,S003,P037,9,1686.15
SALE-20260825-S003-P038,2026-08-25,S003,P038,6,2320.98
SALE-20260825-S003-P039,2026-08-25,S003,P039,0,0.0
SALE-20260825-S003-P040,2026-08-25,S003,P040,8,1288.4
SALE-20260825-S003-P041,2026-08-25,S003,P041,6,5906.34
SALE-20260825-S003-P042,2026-08-25,S003,P042,6,6410.94
SALE-20260825-S003-P043,2026-08-25,S003,P043,8,5876.48
SALE-20260825-S003-P044,2026-08-25,S003,P044,7,944.65
SALE-20260825-S003-P045,2026-08-25,S003,P045,14,6239.1
SALE-20260825-S003-P046,2026-08-25,S003,P046,6,3335.58
SALE-20260825-S003-P047,2026-08-25,S003,P047,10,9429.9
SALE-20260825-S003-P048,2026-08-25,S003,P048,3,1421.34
SALE-20260825-S003-P049,2026-08-25,S003,P049,6,3807.96
SALE-20260826-S001-P001,2026-08-26,S001,P001,10,7888.6
SALE-20260826-S001-P002,2026-08-26,S001,P002,7,4544.05
SALE-20260826-S001-P003,2026-08-26,S001,P003,3,3212.61
SALE-20260826-S001-P004,2026-08-26,S001,P004,3,456.45
SALE-20260826-S001-P005,2026-08-26,S001,P005,7,3086.3
SALE-20260826-S001-P006,2026-08-26,S001,P006,3,2513.97
SALE-20260826-S001-P007,2026-08-26,S001,P007,14,3598.28
SALE-20260826-S001-P008,2026-08-26,S001,P008,6,5304.9
SALE-20260826-S001-P009,2026-08-26,S001,P009,5,3780.95
SALE-20260826-S001-P010,2026-08-26,S001,P010,11,10853.7
SALE-20260826-S001-P011,2026-08-26,S001,P011,3,656.7
SALE-20260826-S001-P012,2026-08-26,S001,P012,20,3776.6
SALE-20260826-S001-P013,2026-08-26,S001,P013,3,2594.64
SALE-20260826-S001-P014,2026-08-26,S001,P014,14,5514.74
SALE-20260826-S001-P015,2026-08-26,S001,P015,3,585.36
SALE-20260826-S001-P016,2026-08-26,S001,P016,8,2113.36
SALE-20260826-S001-P017,2026-08-26,S001,P017,8,4027.92
SALE-20260826-S001-P018,2026-08-26,S001,P018,11,4044.7
SALE-20260826-S001-P019,2026-08-26,S001,P019,8,6466.16
SALE-20260826-S001-P020,2026-08-26,S001,P020,10,6441.1
SALE-20260826-S001-P021,2026-08-26,S001,P021,3,592.41
SALE-20260826-S001-P022,2026-08-26,S001,P022,5,3642.7
SALE-20260826-S001-P023,2026-08-26,S001,P023,11,8796.7
SALE-20260826-S001-P024,2026-08-26,S001,P024,9,1344.6
SALE-20260826-S001-P025,2026-08-26,S001,P025,2,1380.94
SALE-20260826-S001-P026,2026-08-26,S001,P026,9,7378.92
SALE-20260826-S001-P027,2026-08-26,S001,P027,10,5893.8
SALE-20260826-S001-P028,2026-08-26,S001,P028,0,0.0
SALE-20260826-S001-P029,2026-08-26,S001,P029,8,1881.04
SALE-20260826-S001-P030,2026-08-26,S001,P030,2,461.32
SALE-20260826-S001-P031,2026-08-26,S001,P031,7,2039.94
SALE-20260826-S001-P032,2026-08-26,S001,P032,4,2506.4
SALE-20260826-S001-P033,2026-08-26,S001,P033,10,6749.1
SALE-20260826-S001-P034,2026-08-26,S001,P034,11,1863.29
SALE-20260826-S001-P035,2026-08-26,S001,P035,19,2329.02
SALE-20260826-S001-P036,2026-08-26,S001,P036,3,562.17
SALE-20260826-S001-P037,2026-08-26,S001,P037,15,2810.25
SALE-20260826-S001-P038,2026-08-26,S001,P038,8,3094.64
SALE-20260826-S001-P039,2026-08-26,S001,P039,3,1902.3
SALE-20260826-S001-P040,2026-08-26,S001,P040,10,1610.5
SALE-20260826-S001-P041,2026-08-26,S001,P041,5,4921.95
SALE-20260826-S001-P042,2026-08-26,S001,P042,7,7479.43
SALE-20260826-S001-P043,2026-08-26,S001,P043,15,11018.4
SALE-20260826-S001-P044,2026-08-26,S001,P044,7,944.65
SALE-20260826-S001-P045,2026-08-26,S001,P045,19,8467.35
SALE-20260826-S001-P046,2026-08-26,S001,P046,3,1667.79
SALE-20260826-S001-P047,2026-08-26,S001,P047,7,6600.93
SALE-20260826-S001-P048,2026-08-26,S001,P048,5,2368.9
SALE-20260826-S001-P049,2026-08-26,S001,P049,11,6981.26
SALE-20260826-S001-P050,2026-08-26,S001,P050,4,1561.52
SALE-20260826-S002-P001,2026-08-26,S002,P001,8,6310.88
SALE-20260826-S002-P002,2026-08-26,S002,P002,12,7789.8
SALE-20260826-S002-P003,2026-08-26,S002,P003,2,2141.74
SALE-20260826-S002-P004,2026-08-26,S002,P004,0,0.0
SALE-20260826-S002-P005,2026-08-26,S002,P005,13,5731.7
SALE-20260826-S002-P006,2026-08-26,S002,P006,4,3351.96
SALE-20260826-S002-P007,2026-08-26,S002,P007,0,0.0
SALE-20260826-S002-P008,2026-08-26,S002,P008,13,11493.95
SALE-20260826-S002-P009,2026-08-26,S002,P009,7,5293.33
SALE-20260826-S002-P010,2026-08-26,S002,P010,10,9867.0
SALE-20260826-S002-P011,2026-08-26,S002,P011,1,218.9
SALE-20260826-S002-P012,2026-08-26,S002,P012,17,3210.11
SALE-20260826-S002-P013,2026-08-26,S002,P013,11,9513.68
SALE-20260826-S002-P014,2026-08-26,S002,P014,14,5514.74
SALE-20260826-S002-P015,2026-08-26,S002,P015,4,780.48
SALE-20260826-S002-P016,2026-08-26,S002,P016,10,2641.7
SALE-20260826-S002-P017,2026-08-26,S002,P017,4,2013.96
SALE-20260826-S002-P018,2026-08-26,S002,P018,14,5147.8
SALE-20260826-S002-P019,2026-08-26,S002,P019,5,4041.35
SALE-20260826-S002-P020,2026-08-26,S002,P020,5,3220.55
SALE-20260826-S002-P021,2026-08-26,S002,P021,7,1382.29
SALE-20260826-S002-P022,2026-08-26,S002,P022,9,6556.86
SALE-20260826-S002-P023,2026-08-26,S002,P023,16,12795.2
SALE-20260826-S002-P024,2026-08-26,S002,P024,4,597.6
SALE-20260826-S002-P025,2026-08-26,S002,P025,2,1380.94
SALE-20260826-S002-P026,2026-08-26,S002,P026,12,9838.56
SALE-20260826-S002-P027,2026-08-26,S002,P027,12,7072.56
SALE-20260826-S002-P028,2026-08-26,S002,P028,1,55.67
SALE-20260826-S002-P029,2026-08-26,S002,P029,12,2821.56
SALE-20260826-S002-P030,2026-08-26,S002,P030,7,1614.62
SALE-20260826-S002-P031,2026-08-26,S002,P031,11,3205.62
SALE-20260826-S002-P032,2026-08-26,S002,P032,3,1879.8
SALE-20260826-S002-P033,2026-08-26,S002,P033,14,9448.74
SALE-20260826-S002-P034,2026-08-26,S002,P034,12,2032.68
SALE-20260826-S002-P035,2026-08-26,S002,P035,15,1838.7
SALE-20260826-S002-P036,2026-08-26,S002,P036,1,187.39
SALE-20260826-S002-P037,2026-08-26,S002,P037,13,2435.55
SALE-20260826-S002-P038,2026-08-26,S002,P038,1,386.83
SALE-20260826-S002-P039,2026-08-26,S002,P039,2,1268.2
SALE-20260826-S002-P040,2026-08-26,S002,P040,10,1610.5
SALE-20260826-S002-P041,2026-08-26,S002,P041,13,12797.07
SALE-20260826-S002-P042,2026-08-26,S002,P042,17,18164.33
SALE-20260826-S002-P043,2026-08-26,S002,P043,14,10283.84
SALE-20260826-S002-P044,2026-08-26,S002,P044,12,1619.4
SALE-20260826-S002-P045,2026-08-26,S002,P045,10,4456.5
SALE-20260826-S002-P046,2026-08-26,S002,P046,3,1667.79
SALE-20260826-S002-P047,2026-08-26,S002,P047,9,8486.91
SALE-20260826-S002-P048,2026-08-26,S002,P048,5,2368.9
SALE-20260826-S002-P049,2026-08-26,S002,P049,14,8885.24
SALE-20260826-S002-P050,2026-08-26,S002,P050,6,2342.28
SALE-20260826-S003-P001,2026-08-26,S003,P001,5,3944.3
SALE-20260826-S003-P002,2026-08-26,S003,P002,7,4544.05
SALE-20260826-S003-P003,2026-08-26,S003,P003,1,1070.87
SALE-20260826-S003-P004,2026-08-26,S003,P004,0,0.0
SALE-20260826-S003-P005,2026-08-26,S003,P005,4,1763.6
SALE-20260826-S003-P006,2026-08-26,S003,P006,1,837.99
SALE-20260826-S003-P007,2026-08-26,S003,P007,9,2313.18
SALE-20260826-S003-P008,2026-08-26,S003,P008,3,2652.45
SALE-20260826-S003-P009,2026-08-26,S003,P009,7,5293.33
SALE-20260826-S003-P010,2026-08-26,S003,P010,10,9867.0
SALE-20260826-S003-P011,2026-08-26,S003,P011,0,0.0
SALE-20260826-S003-P012,2026-08-26,S003,P012,9,1699.47
SALE-20260826-S003-P013,2026-08-26,S003,P013,5,4324.4
SALE-20260826-S003-P014,2026-08-26,S003,P014,8,3151.28
SALE-20260826-S003-P015,2026-08-26,S003,P015,3,585.36
SALE-20260826-S003-P016,2026-08-26,S003,P016,8,2113.36
SALE-20260826-S003-P017,2026-08-26,S003,P017,11,5538.39
SALE-20260826-S003-P018,2026-08-26,S003,P018,13,4780.1
SALE-20260826-S003-P019,2026-08-26,S003,P019,6,4849.62
SALE-20260826-S003-P020,2026-08-26,S003,P020,1,644.11
SALE-20260826-S003-P021,2026-08-26,S003,P021,4,789.88
SALE-20260826-S003-P022,2026-08-26,S003,P022,2,1457.08
SALE-20260826-S003-P023,2026-08-26,S003,P023,12,9596.4
SALE-20260826-S003-P024,2026-08-26,S003,P024,6,896.4
SALE-20260826-S003-P025,2026-08-26,S003,P025,1,690.47
SALE-20260826-S003-P026,2026-08-26,S003,P026,8,6559.04
SALE-20260826-S003-P027,2026-08-26,S003,P027,15,8840.7
SALE-20260826-S003-P028,2026-08-26,S003,P028,1,55.67
SALE-20260826-S003-P029,2026-08-26,S003,P029,6,1410.78
SALE-20260826-S003-P030,2026-08-26,S003,P030,3,691.98
SALE-20260826-S003-P031,2026-08-26,S003,P031,9,2622.78
SALE-20260826-S003-P032,2026-08-26,S003,P032,1,626.6
SALE-20260826-S003-P033,2026-08-26,S003,P033,10,6749.1
SALE-20260826-S003-P034,2026-08-26,S003,P034,3,508.17
SALE-20260826-S003-P035,2026-08-26,S003,P035,7,858.06
SALE-20260826-S003-P036,2026-08-26,S003,P036,1,187.39
SALE-20260826-S003-P037,2026-08-26,S003,P037,14,2622.9
SALE-20260826-S003-P038,2026-08-26,S003,P038,4,1547.32
SALE-20260826-S003-P039,2026-08-26,S003,P039,0,0.0
SALE-20260826-S003-P040,2026-08-26,S003,P040,5,805.25
SALE-20260826-S003-P041,2026-08-26,S003,P041,3,2953.17
SALE-20260826-S003-P042,2026-08-26,S003,P042,8,8547.92
SALE-20260826-S003-P043,2026-08-26,S003,P043,8,5876.48
SALE-20260826-S003-P044,2026-08-26,S003,P044,6,809.7
SALE-20260826-S003-P045,2026-08-26,S003,P045,11,4902.15
SALE-20260826-S003-P046,2026-08-26,S003,P046,3,1667.79
SALE-20260826-S003-P047,2026-08-26,S003,P047,9,8486.91
SALE-20260826-S003-P048,2026-08-26,S003,P048,5,2368.9
SALE-20260826-S003-P049,2026-08-26,S003,P049,5,3173.3
SALE-20260827-S001-P001,2026-08-27,S001,P001,10,7888.6
SALE-20260827-S001-P002,2026-08-27,S001,P002,2,1298.3
SALE-20260827-S001-P003,2026-08-27,S001,P003,5,5354.35
SALE-20260827-S001-P004,2026-08-27,S001,P004,2,304.3
SALE-20260827-S001-P005,2026-08-27,S001,P005,8,3527.2
SALE-20260827-S001-P006,2026-08-27,S001,P006,3,2513.97
SALE-20260827-S001-P007,2026-08-27,S001,P007,11,2827.22
SALE-20260827-S001-P008,2026-08-27,S001,P008,7,6189.05
SALE-20260827-S001-P009,2026-08-27,S001,P009,6,4537.14
SALE-20260827-S001-P010,2026-08-27,S001,P010,7,6906.9
SALE-20260827-S001-P011,2026-08-27,S001,P011,1,218.9
SALE-20260827-S001-P012,2026-08-27,S001,P012,9,1699.47
SALE-20260827-S001-P013,2026-08-27,S001,P013,7,6054.16
SALE-20260827-S001-P014,2026-08-27,S001,P014,14,5514.74
SALE-20260827-S001-P015,2026-08-27,S001,P015,4,780.48
SALE-20260827-S001-P016,2026-08-27,S001,P016,12,3170.04
SALE-20260827-S001-P017,2026-08-27,S001,P017,6,3020.94
SALE-20260827-S001-P018,2026-08-27,S001,P018,14,5147.8
SALE-20260827-S001-P019,2026-08-27,S001,P019,9,7274.43
SALE-20260827-S001-P020,2026-08-27,S001,P020,9,5796.99
SALE-20260827-S001-P021,2026-08-27,S001,P021,2,394.94
SALE-20260827-S001-P022,2026-08-27,S001,P022,5,3642.7
SALE-20260827-S001-P023,2026-08-27,S001,P023,4,3198.8
SALE-20260827-S001-P024,2026-08-27,S001,P024,6,896.4
SALE-20260827-S001-P025,2026-08-27,S001,P025,1,690.47
SALE-20260827-S001-P026,2026-08-27,S001,P026,17,13937.96
SALE-20260827-S001-P027,2026-08-27,S001,P027,14,8251.32
SALE-20260827-S001-P028,2026-08-27,S001,P028,5,278.35
SALE-20260827-S001-P029,2026-08-27,S001,P029,4,940.52
SALE-20260827-S001-P030,2026-08-27,S001,P030,3,691.98
SALE-20260827-S001-P031,2026-08-27,S001,P031,17,4954.14
SALE-20260827-S001-P032,2026-08-27,S001,P032,5,3133.0
SALE-20260827-S001-P033,2026-08-27,S001,P033,10,6749.1
SALE-20260827-S001-P034,2026-08-27,S001,P034,12,2032.68
SALE-20260827-S001-P035,2026-08-27,S001,P035,12,1470.96
SALE-20260827-S001-P036,2026-08-27,S001,P036,9,1686.51
SALE-20260827-S001-P037,2026-08-27,S001,P037,13,2435.55
SALE-20260827-S001-P038,2026-08-27,S001,P038,8,3094.64
SALE-20260827-S001-P039,2026-08-27,S001,P039,0,0.0
SALE-20260827-S001-P040,2026-08-27,S001,P040,8,1288.4
SALE-20260827-S001-P041,2026-08-27,S001,P041,5,4921.95
SALE-20260827-S001-P042,2026-08-27,S001,P042,9,9616.41
SALE-20260827-S001-P043,2026-08-27,S001,P043,10,7345.6
SALE-20260827-S001-P044,2026-08-27,S001,P044,12,1619.4
SALE-20260827-S001-P045,2026-08-27,S001,P045,12,5347.8
SALE-20260827-S001-P046,2026-08-27,S001,P046,5,2779.65
SALE-20260827-S001-P047,2026-08-27,S001,P047,3,2828.97
SALE-20260827-S001-P048,2026-08-27,S001,P048,2,947.56
SALE-20260827-S001-P049,2026-08-27,S001,P049,17,10789.22
SALE-20260827-S001-P050,2026-08-27,S001,P050,1,390.38
SALE-20260827-S002-P001,2026-08-27,S002,P001,5,3944.3
SALE-20260827-S002-P002,2026-08-27,S002,P002,6,3894.9
SALE-20260827-S002-P003,2026-08-27,S002,P003,4,4283.48
SALE-20260827-S002-P004,2026-08-27,S002,P004,1,152.15
SALE-20260827-S002-P005,2026-08-27,S002,P005,16,7054.4
SALE-20260827-S002-P006,2026-08-27,S002,P006,5,4189.95
SALE-20260827-S002-P007,2026-08-27,S002,P007,0,0.0
SALE-20260827-S002-P008,2026-08-27,S002,P008,8,7073.2
SALE-20260827-S002-P009,2026-08-27,S002,P009,10,7561.9
SALE-20260827-S002-P010,2026-08-27,S002,P010,13,12827.1
SALE-20260827-S002-P011,2026-08-27,S002,P011,0,0.0
SALE-20260827-S002-P012,2026-08-27,S002,P012,22,4154.26
SALE-20260827-S002-P013,2026-08-27,S002,P013,13,11243.44
SALE-20260827-S002-P014,2026-08-27,S002,P014,23,9059.93
SALE-20260827-S002-P015,2026-08-27,S002,P015,0,0.0
SALE-20260827-S002-P016,2026-08-27,S002,P016,16,4226.72
SALE-20260827-S002-P017,2026-08-27,S002,P017,11,5538.39
SALE-20260827-S002-P018,2026-08-27,S002,P018,19,6986.3
SALE-20260827-S002-P019,2026-08-27,S002,P019,8,6466.16
SALE-20260827-S002-P020,2026-08-27,S002,P020,7,4508.77
SALE-20260827-S002-P021,2026-08-27,S002,P021,7,1382.29
SALE-20260827-S002-P022,2026-08-27,S002,P022,1,728.54
SALE-20260827-S002-P023,2026-08-27,S002,P023,13,10396.1
SALE-20260827-S002-P024,2026-08-27,S002,P024,4,597.6
SALE-20260827-S002-P025,2026-08-27,S002,P025,1,690.47
SALE-20260827-S002-P026,2026-08-27,S002,P026,14,11478.32
SALE-20260827-S002-P027,2026-08-27,S002,P027,10,5893.8
SALE-20260827-S002-P028,2026-08-27,S002,P028,3,167.01
SALE-20260827-S002-P029,2026-08-27,S002,P029,4,940.52
SALE-20260827-S002-P030,2026-08-27,S002,P030,4,922.64
SALE-20260827-S002-P031,2026-08-27,S002,P031,11,3205.62
SALE-20260827-S002-P032,2026-08-27,S002,P032,4,2506.4
SALE-20260827-S002-P033,2026-08-27,S002,P033,7,4724.37
SALE-20260827-S002-P034,2026-08-27,S002,P034,18,3049.02
SALE-20260827-S002-P035,2026-08-27,S002,P035,15,1838.7
SALE-20260827-S002-P036,2026-08-27,S002,P036,2,374.78
SALE-20260827-S002-P037,2026-08-27,S002,P037,22,4121.7
SALE-20260827-S002-P038,2026-08-27,S002,P038,4,1547.32
SALE-20260827-S002-P039,2026-08-27,S002,P039,3,1902.3
SALE-20260827-S002-P040,2026-08-27,S002,P040,8,1288.4
SALE-20260827-S002-P041,2026-08-27,S002,P041,13,12797.07
SALE-20260827-S002-P042,2026-08-27,S002,P042,10,10684.9
SALE-20260827-S002-P043,2026-08-27,S002,P043,12,8814.72
SALE-20260827-S002-P044,2026-08-27,S002,P044,7,944.65
SALE-20260827-S002-P045,2026-08-27,S002,P045,22,9804.3
SALE-20260827-S002-P046,2026-08-27,S002,P046,6,3335.58
SALE-20260827-S002-P047,2026-08-27,S002,P047,13,12258.87
SALE-20260827-S002-P048,2026-08-27,S002,P048,5,2368.9
SALE-20260827-S002-P049,2026-08-27,S002,P049,14,8885.24
SALE-20260827-S002-P050,2026-08-27,S002,P050,2,780.76
SALE-20260827-S003-P001,2026-08-27,S003,P001,3,2366.58
SALE-20260827-S003-P002,2026-08-27,S003,P002,4,2596.6
SALE-20260827-S003-P003,2026-08-27,S003,P003,2,2141.74
SALE-20260827-S003-P004,2026-08-27,S003,P004,2,304.3
SALE-20260827-S003-P005,2026-08-27,S003,P005,8,3527.2
SALE-20260827-S003-P006,2026-08-27,S003,P006,1,837.99
SALE-20260827-S003-P007,2026-08-27,S003,P007,12,3084.24
SALE-20260827-S003-P008,2026-08-27,S003,P008,7,6189.05
SALE-20260827-S003-P009,2026-08-27,S003,P009,1,756.19
SALE-20260827-S003-P010,2026-08-27,S003,P010,7,6906.9
SALE-20260827-S003-P011,2026-08-27,S003,P011,0,0.0
SALE-20260827-S003-P012,2026-08-27,S003,P012,13,2454.79
SALE-20260827-S003-P013,2026-08-27,S003,P013,4,3459.52
SALE-20260827-S003-P014,2026-08-27,S003,P014,9,3545.19
SALE-20260827-S003-P015,2026-08-27,S003,P015,0,0.0
SALE-20260827-S003-P016,2026-08-27,S003,P016,8,2113.36
SALE-20260827-S003-P017,2026-08-27,S003,P017,8,4027.92
SALE-20260827-S003-P018,2026-08-27,S003,P018,14,5147.8
SALE-20260827-S003-P019,2026-08-27,S003,P019,8,6466.16
SALE-20260827-S003-P020,2026-08-27,S003,P020,5,3220.55
SALE-20260827-S003-P021,2026-08-27,S003,P021,4,789.88
SALE-20260827-S003-P022,2026-08-27,S003,P022,6,4371.24
SALE-20260827-S003-P023,2026-08-27,S003,P023,9,7197.3
SALE-20260827-S003-P024,2026-08-27,S003,P024,6,896.4
SALE-20260827-S003-P025,2026-08-27,S003,P025,1,690.47
SALE-20260827-S003-P026,2026-08-27,S003,P026,5,4099.4
SALE-20260827-S003-P027,2026-08-27,S003,P027,15,8840.7
SALE-20260827-S003-P028,2026-08-27,S003,P028,3,167.01
SALE-20260827-S003-P029,2026-08-27,S003,P029,5,1175.65
SALE-20260827-S003-P030,2026-08-27,S003,P030,1,230.66
SALE-20260827-S003-P031,2026-08-27,S003,P031,10,2914.2
SALE-20260827-S003-P032,2026-08-27,S003,P032,8,5012.8
SALE-20260827-S003-P033,2026-08-27,S003,P033,11,7424.01
SALE-20260827-S003-P034,2026-08-27,S003,P034,10,1693.9
SALE-20260827-S003-P035,2026-08-27,S003,P035,9,1103.22
SALE-20260827-S003-P036,2026-08-27,S003,P036,2,374.78
SALE-20260827-S003-P037,2026-08-27,S003,P037,12,2248.2
SALE-20260827-S003-P038,2026-08-27,S003,P038,4,1547.32
SALE-20260827-S003-P039,2026-08-27,S003,P039,1,634.1
SALE-20260827-S003-P040,2026-08-27,S003,P040,9,1449.45
SALE-20260827-S003-P041,2026-08-27,S003,P041,3,2953.17
SALE-20260827-S003-P042,2026-08-27,S003,P042,5,5342.45
SALE-20260827-S003-P043,2026-08-27,S003,P043,11,8080.16
SALE-20260827-S003-P044,2026-08-27,S003,P044,1,134.95
SALE-20260827-S003-P045,2026-08-27,S003,P045,11,4902.15
SALE-20260827-S003-P046,2026-08-27,S003,P046,5,2779.65
SALE-20260827-S003-P047,2026-08-27,S003,P047,6,5657.94
SALE-20260827-S003-P048,2026-08-27,S003,P048,7,3316.46
SALE-20260827-S003-P049,2026-08-27,S003,P049,7,4442.62
SALE-20260828-S001-P001,2026-08-28,S001,P001,9,7099.74
SALE-20260828-S001-P002,2026-08-28,S001,P002,5,3245.75
SALE-20260828-S001-P003,2026-08-28,S001,P003,7,7496.09
SALE-20260828-S001-P004,2026-08-28,S001,P004,1,152.15
SALE-20260828-S001-P005,2026-08-28,S001,P005,9,3968.1
SALE-20260828-S001-P006,2026-08-28,S001,P006,4,3351.96
SALE-20260828-S001-P007,2026-08-28,S001,P007,11,2827.22
SALE-20260828-S001-P008,2026-08-28,S001,P008,12,10609.8
SALE-20260828-S001-P009,2026-08-28,S001,P009,8,6049.52
SALE-20260828-S001-P010,2026-08-28,S001,P010,8,7893.6
SALE-20260828-S001-P011,2026-08-28,S001,P011,0,0.0
SALE-20260828-S001-P012,2026-08-28,S001,P012,23,4343.09
SALE-20260828-S001-P013,2026-08-28,S001,P013,6,5189.28
SALE-20260828-S001-P014,2026-08-28,S001,P014,13,5120.83
SALE-20260828-S001-P015,2026-08-28,S001,P015,4,780.48
SALE-20260828-S001-P016,2026-08-28,S001,P016,7,1849.19
SALE-20260828-S001-P017,2026-08-28,S001,P017,11,5538.39
SALE-20260828-S001-P018,2026-08-28,S001,P018,14,5147.8
SALE-20260828-S001-P019,2026-08-28,S001,P019,9,7274.43
SALE-20260828-S001-P020,2026-08-28,S001,P020,9,5796.99
SALE-20260828-S001-P021,2026-08-28,S001,P021,6,1184.82
SALE-20260828-S001-P022,2026-08-28,S001,P022,6,4371.24
SALE-20260828-S001-P023,2026-08-28,S001,P023,7,5597.9
SALE-20260828-S001-P024,2026-08-28,S001,P024,10,1494.0
SALE-20260828-S001-P025,2026-08-28,S001,P025,1,690.47
SALE-20260828-S001-P026,2026-08-28,S001,P026,14,11478.32
SALE-20260828-S001-P027,2026-08-28,S001,P027,15,8840.7
SALE-20260828-S001-P028,2026-08-28,S001,P028,1,55.67
SALE-20260828-S001-P029,2026-08-28,S001,P029,5,1175.65
SALE-20260828-S001-P030,2026-08-28,S001,P030,4,922.64
SALE-20260828-S001-P031,2026-08-28,S001,P031,16,4662.72
SALE-20260828-S001-P032,2026-08-28,S001,P032,4,2506.4
SALE-20260828-S001-P033,2026-08-28,S001,P033,13,8773.83
SALE-20260828-S001-P034,2026-08-28,S001,P034,11,1863.29
SALE-20260828-S001-P035,2026-08-28,S001,P035,21,2574.18
SALE-20260828-S001-P036,2026-08-28,S001,P036,3,562.17
SALE-20260828-S001-P037,2026-08-28,S001,P037,17,3184.95
SALE-20260828-S001-P038,2026-08-28,S001,P038,5,1934.15
SALE-20260828-S001-P039,2026-08-28,S001,P039,2,1268.2
SALE-20260828-S001-P040,2026-08-28,S001,P040,9,1449.45
SALE-20260828-S001-P041,2026-08-28,S001,P041,3,2953.17
SALE-20260828-S001-P042,2026-08-28,S001,P042,10,10684.9
SALE-20260828-S001-P043,2026-08-28,S001,P043,13,9549.28
SALE-20260828-S001-P044,2026-08-28,S001,P044,4,539.8
SALE-20260828-S001-P045,2026-08-28,S001,P045,8,3565.2
SALE-20260828-S001-P046,2026-08-28,S001,P046,3,1667.79
SALE-20260828-S001-P047,2026-08-28,S001,P047,11,10372.89
SALE-20260828-S001-P048,2026-08-28,S001,P048,7,3316.46
SALE-20260828-S001-P049,2026-08-28,S001,P049,14,8885.24
SALE-20260828-S001-P050,2026-08-28,S001,P050,7,2732.66
SALE-20260828-S002-P001,2026-08-28,S002,P001,6,4733.16
SALE-20260828-S002-P002,2026-08-28,S002,P002,10,6491.5
SALE-20260828-S002-P003,2026-08-28,S002,P003,4,4283.48
SALE-20260828-S002-P004,2026-08-28,S002,P004,1,152.15
SALE-20260828-S002-P005,2026-08-28,S002,P005,10,4409.0
SALE-20260828-S002-P006,2026-08-28,S002,P006,3,2513.97
SALE-20260828-S002-P007,2026-08-28,S002,P007,0,0.0
SALE-20260828-S002-P008,2026-08-28,S002,P008,12,10609.8
SALE-20260828-S002-P009,2026-08-28,S002,P009,10,7561.9
SALE-20260828-S002-P010,2026-08-28,S002,P010,6,5920.2
SALE-20260828-S002-P011,2026-08-28,S002,P011,3,656.7
SALE-20260828-S002-P012,2026-08-28,S002,P012,22,4154.26
SALE-20260828-S002-P013,2026-08-28,S002,P013,8,6919.04
SALE-20260828-S002-P014,2026-08-28,S002,P014,13,5120.83
SALE-20260828-S002-P015,2026-08-28,S002,P015,3,585.36
SALE-20260828-S002-P016,2026-08-28,S002,P016,9,2377.53
SALE-20260828-S002-P017,2026-08-28,S002,P017,16,8055.84
SALE-20260828-S002-P018,2026-08-28,S002,P018,24,8824.8
SALE-20260828-S002-P019,2026-08-28,S002,P019,13,10507.51
SALE-20260828-S002-P020,2026-08-28,S002,P020,9,5796.99
SALE-20260828-S002-P021,2026-08-28,S002,P021,4,789.88
SALE-20260828-S002-P022,2026-08-28,S002,P022,6,4371.24
SALE-20260828-S002-P023,2026-08-28,S002,P023,6,4798.2
SALE-20260828-S002-P024,2026-08-28,S002,P024,9,1344.6
SALE-20260828-S002-P025,2026-08-28,S002,P025,2,1380.94
SALE-20260828-S002-P026,2026-08-28,S002,P026,21,17217.48
SALE-20260828-S002-P027,2026-08-28,S002,P027,18,10608.84
SALE-20260828-S002-P028,2026-08-28,S002,P028,4,222.68
SALE-20260828-S002-P029,2026-08-28,S002,P029,6,1410.78
SALE-20260828-S002-P030,2026-08-28,S002,P030,4,922.64
SALE-20260828-S002-P031,2026-08-28,S002,P031,11,3205.62
SALE-20260828-S002-P032,2026-08-28,S002,P032,6,3759.6
SALE-20260828-S002-P033,2026-08-28,S002,P033,15,10123.65
SALE-20260828-S002-P034,2026-08-28,S002,P034,13,2202.07
SALE-20260828-S002-P035,2026-08-28,S002,P035,12,1470.96
SALE-20260828-S002-P036,2026-08-28,S002,P036,6,1124.34
SALE-20260828-S002-P037,2026-08-28,S002,P037,12,2248.2
SALE-20260828-S002-P038,2026-08-28,S002,P038,4,1547.32
SALE-20260828-S002-P039,2026-08-28,S002,P039,3,1902.3
SALE-20260828-S002-P040,2026-08-28,S002,P040,13,2093.65
SALE-20260828-S002-P041,2026-08-28,S002,P041,4,3937.56
SALE-20260828-S002-P042,2026-08-28,S002,P042,23,24575.27
SALE-20260828-S002-P043,2026-08-28,S002,P043,11,8080.16
SALE-20260828-S002-P044,2026-08-28,S002,P044,9,1214.55
SALE-20260828-S002-P045,2026-08-28,S002,P045,12,5347.8
SALE-20260828-S002-P046,2026-08-28,S002,P046,2,1111.86
SALE-20260828-S002-P047,2026-08-28,S002,P047,10,9429.9
SALE-20260828-S002-P048,2026-08-28,S002,P048,6,2842.68
SALE-20260828-S002-P049,2026-08-28,S002,P049,14,8885.24
SALE-20260828-S002-P050,2026-08-28,S002,P050,2,780.76
SALE-20260828-S003-P001,2026-08-28,S003,P001,3,2366.58
SALE-20260828-S003-P002,2026-08-28,S003,P002,4,2596.6
SALE-20260828-S003-P003,2026-08-28,S003,P003,2,2141.74
SALE-20260828-S003-P004,2026-08-28,S003,P004,1,152.15
SALE-20260828-S003-P005,2026-08-28,S003,P005,4,1763.6
SALE-20260828-S003-P006,2026-08-28,S003,P006,5,4189.95
SALE-20260828-S003-P007,2026-08-28,S003,P007,11,2827.22
SALE-20260828-S003-P008,2026-08-28,S003,P008,13,11493.95
SALE-20260828-S003-P009,2026-08-28,S003,P009,5,3780.95
SALE-20260828-S003-P010,2026-08-28,S003,P010,8,7893.6
SALE-20260828-S003-P011,2026-08-28,S003,P011,5,1094.5
SALE-20260828-S003-P012,2026-08-28,S003,P012,9,1699.47
SALE-20260828-S003-P013,2026-08-28,S003,P013,5,4324.4
SALE-20260828-S003-P014,2026-08-28,S003,P014,9,3545.19
SALE-20260828-S003-P015,2026-08-28,S003,P015,2,390.24
SALE-20260828-S003-P016,2026-08-28,S003,P016,8,2113.36
SALE-20260828-S003-P017,2026-08-28,S003,P017,3,1510.47
SALE-20260828-S003-P018,2026-08-28,S003,P018,12,4412.4
SALE-20260828-S003-P019,2026-08-28,S003,P019,5,4041.35
SALE-20260828-S003-P020,2026-08-28,S003,P020,6,3864.66
SALE-20260828-S003-P021,2026-08-28,S003,P021,2,394.94
SALE-20260828-S003-P022,2026-08-28,S003,P022,2,1457.08
SALE-20260828-S003-P023,2026-08-28,S003,P023,6,4798.2
SALE-20260828-S003-P024,2026-08-28,S003,P024,10,1494.0
SALE-20260828-S003-P025,2026-08-28,S003,P025,4,2761.88
SALE-20260828-S003-P026,2026-08-28,S003,P026,12,9838.56
SALE-20260828-S003-P027,2026-08-28,S003,P027,21,12376.98
SALE-20260828-S003-P028,2026-08-28,S003,P028,3,167.01
SALE-20260828-S003-P029,2026-08-28,S003,P029,11,2586.43
SALE-20260828-S003-P030,2026-08-28,S003,P030,2,461.32
SALE-20260828-S003-P031,2026-08-28,S003,P031,8,2331.36
SALE-20260828-S003-P032,2026-08-28,S003,P032,2,1253.2
SALE-20260828-S003-P033,2026-08-28,S003,P033,8,5399.28
SALE-20260828-S003-P034,2026-08-28,S003,P034,10,1693.9
SALE-20260828-S003-P035,2026-08-28,S003,P035,9,1103.22
SALE-20260828-S003-P036,2026-08-28,S003,P036,2,374.78
SALE-20260828-S003-P037,2026-08-28,S003,P037,20,3747.0
SALE-20260828-S003-P038,2026-08-28,S003,P038,4,1547.32
SALE-20260828-S003-P039,2026-08-28,S003,P039,1,634.1
SALE-20260828-S003-P040,2026-08-28,S003,P040,4,644.2
SALE-20260828-S003-P041,2026-08-28,S003,P041,10,9843.9
SALE-20260828-S003-P042,2026-08-28,S003,P042,11,11753.39
SALE-20260828-S003-P043,2026-08-28,S003,P043,12,8814.72
SALE-20260828-S003-P044,2026-08-28,S003,P044,2,269.9
SALE-20260828-S003-P045,2026-08-28,S003,P045,4,1782.6
SALE-20260828-S003-P046,2026-08-28,S003,P046,3,1667.79
SALE-20260828-S003-P047,2026-08-28,S003,P047,8,7543.92
SALE-20260828-S003-P048,2026-08-28,S003,P048,5,2368.9
SALE-20260828-S003-P049,2026-08-28,S003,P049,16,10154.56
SALE-20260829-S001-P001,2026-08-29,S001,P001,10,7888.6
SALE-20260829-S001-P002,2026-08-29,S001,P002,8,5193.2
SALE-20260829-S001-P003,2026-08-29,S001,P003,4,4283.48
SALE-20260829-S001-P004,2026-08-29,S001,P004,4,608.6
SALE-20260829-S001-P005,2026-08-29,S001,P005,10,4409.0
SALE-20260829-S001-P006,2026-08-29,S001,P006,0,0.0
SALE-20260829-S001-P007,2026-08-29,S001,P007,16,4112.32
SALE-20260829-S001-P008,2026-08-29,S001,P008,8,7073.2
SALE-20260829-S001-P009,2026-08-29,S001,P009,6,4537.14
SALE-20260829-S001-P010,2026-08-29,S001,P010,7,6906.9
SALE-20260829-S001-P011,2026-08-29,S001,P011,0,0.0
SALE-20260829-S001-P012,2026-08-29,S001,P012,11,2077.13
SALE-20260829-S001-P013,2026-08-29,S001,P013,6,5189.28
SALE-20260829-S001-P014,2026-08-29,S001,P014,19,7484.29
SALE-20260829-S001-P015,2026-08-29,S001,P015,1,195.12
SALE-20260829-S001-P016,2026-08-29,S001,P016,11,2905.87
SALE-20260829-S001-P017,2026-08-29,S001,P017,10,5034.9
SALE-20260829-S001-P018,2026-08-29,S001,P018,21,7721.7
SALE-20260829-S001-P019,2026-08-29,S001,P019,14,11315.78
SALE-20260829-S001-P020,2026-08-29,S001,P020,7,4508.77
SALE-20260829-S001-P021,2026-08-29,S001,P021,5,987.35
SALE-20260829-S001-P022,2026-08-29,S001,P022,9,6556.86
SALE-20260829-S001-P023,2026-08-29,S001,P023,18,14394.6
SALE-20260829-S001-P024,2026-08-29,S001,P024,5,747.0
SALE-20260829-S001-P025,2026-08-29,S001,P025,2,1380.94
SALE-20260829-S001-P026,2026-08-29,S001,P026,11,9018.68
SALE-20260829-S001-P027,2026-08-29,S001,P027,16,9430.08
SALE-20260829-S001-P028,2026-08-29,S001,P028,2,111.34
SALE-20260829-S001-P029,2026-08-29,S001,P029,15,3526.95
SALE-20260829-S001-P030,2026-08-29,S001,P030,2,461.32
SALE-20260829-S001-P031,2026-08-29,S001,P031,13,3788.46
SALE-20260829-S001-P032,2026-08-29,S001,P032,7,4386.2
SALE-20260829-S001-P033,2026-08-29,S001,P033,19,12823.29
SALE-20260829-S001-P034,2026-08-29,S001,P034,11,1863.29
SALE-20260829-S001-P035,2026-08-29,S001,P035,12,1470.96
SALE-20260829-S001-P036,2026-08-29,S001,P036,3,562.17
SALE-20260829-S001-P037,2026-08-29,S001,P037,21,3934.35
SALE-20260829-S001-P038,2026-08-29,S001,P038,6,2320.98
SALE-20260829-S001-P039,2026-08-29,S001,P039,3,1902.3
SALE-20260829-S001-P040,2026-08-29,S001,P040,11,1771.55
SALE-20260829-S001-P041,2026-08-29,S001,P041,5,4921.95
SALE-20260829-S001-P042,2026-08-29,S001,P042,17,18164.33
SALE-20260829-S001-P043,2026-08-29,S001,P043,8,5876.48
SALE-20260829-S001-P044,2026-08-29,S001,P044,8,1079.6
SALE-20260829-S001-P045,2026-08-29,S001,P045,7,3119.55
SALE-20260829-S001-P046,2026-08-29,S001,P046,8,4447.44
SALE-20260829-S001-P047,2026-08-29,S001,P047,10,9429.9
SALE-20260829-S001-P048,2026-08-29,S001,P048,7,3316.46
SALE-20260829-S001-P049,2026-08-29,S001,P049,20,12693.2
SALE-20260829-S001-P050,2026-08-29,S001,P050,1,390.38
SALE-20260829-S002-P001,2026-08-29,S002,P001,11,8677.46
SALE-20260829-S002-P002,2026-08-29,S002,P002,8,5193.2
SALE-20260829-S002-P003,2026-08-29,S002,P003,3,3212.61
SALE-20260829-S002-P004,2026-08-29,S002,P004,1,152.15
SALE-20260829-S002-P005,2026-08-29,S002,P005,9,3968.1
SALE-20260829-S002-P006,2026-08-29,S002,P006,5,4189.95
SALE-20260829-S002-P007,2026-08-29,S002,P007,0,0.0
SALE-20260829-S002-P008,2026-08-29,S002,P008,14,12378.1
SALE-20260829-S002-P009,2026-08-29,S002,P009,6,4537.14
SALE-20260829-S002-P010,2026-08-29,S002,P010,12,11840.4
SALE-20260829-S002-P011,2026-08-29,S002,P011,3,656.7
SALE-20260829-S002-P012,2026-08-29,S002,P012,19,3587.77
SALE-20260829-S002-P013,2026-08-29,S002,P013,15,12973.2
SALE-20260829-S002-P014,2026-08-29,S002,P014,17,6696.47
SALE-20260829-S002-P015,2026-08-29,S002,P015,6,1170.72
SALE-20260829-S002-P016,2026-08-29,S002,P016,11,2905.87
SALE-20260829-S002-P017,2026-08-29,S002,P017,11,5538.39
SALE-20260829-S002-P018,2026-08-29,S002,P018,18,6618.6
SALE-20260829-S002-P019,2026-08-29,S002,P019,12,9699.24
SALE-20260829-S002-P020,2026-08-29,S002,P020,12,7729.32
SALE-20260829-S002-P021,2026-08-29,S002,P021,6,1184.82
SALE-20260829-S002-P022,2026-08-29,S002,P022,6,4371.24
SALE-20260829-S002-P023,2026-08-29,S002,P023,15,11995.5
SALE-20260829-S002-P024,2026-08-29,S002,P024,16,2390.4
SALE-20260829-S002-P025,2026-08-29,S002,P025,2,1380.94
SALE-20260829-S002-P026,2026-08-29,S002,P026,21,17217.48
SALE-20260829-S002-P027,2026-08-29,S002,P027,20,11787.6
SALE-20260829-S002-P028,2026-08-29,S002,P028,2,111.34
SALE-20260829-S002-P029,2026-08-29,S002,P029,9,2116.17
SALE-20260829-S002-P030,2026-08-29,S002,P030,6,1383.96
SALE-20260829-S002-P031,2026-08-29,S002,P031,14,4079.88
SALE-20260829-S002-P032,2026-08-29,S002,P032,8,5012.8
SALE-20260829-S002-P033,2026-08-29,S002,P033,11,7424.01
SALE-20260829-S002-P034,2026-08-29,S002,P034,17,2879.63
SALE-20260829-S002-P035,2026-08-29,S002,P035,15,1838.7
SALE-20260829-S002-P036,2026-08-29,S002,P036,2,374.78
SALE-20260829-S002-P037,2026-08-29,S002,P037,19,3559.65
SALE-20260829-S002-P038,2026-08-29,S002,P038,3,1160.49
SALE-20260829-S002-P039,2026-08-29,S002,P039,2,1268.2
SALE-20260829-S002-P040,2026-08-29,S002,P040,10,1610.5
SALE-20260829-S002-P041,2026-08-29,S002,P041,5,4921.95
SALE-20260829-S002-P042,2026-08-29,S002,P042,24,25643.76
SALE-20260829-S002-P043,2026-08-29,S002,P043,15,11018.4
SALE-20260829-S002-P044,2026-08-29,S002,P044,5,674.75
SALE-20260829-S002-P045,2026-08-29,S002,P045,21,9358.65
SALE-20260829-S002-P046,2026-08-29,S002,P046,12,6671.16
SALE-20260829-S002-P047,2026-08-29,S002,P047,10,9429.9
SALE-20260829-S002-P048,2026-08-29,S002,P048,3,1421.34
SALE-20260829-S002-P049,2026-08-29,S002,P049,18,11423.88
SALE-20260829-S002-P050,2026-08-29,S002,P050,6,2342.28
SALE-20260829-S003-P001,2026-08-29,S003,P001,7,5522.02
SALE-20260829-S003-P002,2026-08-29,S003,P002,5,3245.75
SALE-20260829-S003-P003,2026-08-29,S003,P003,4,4283.48
SALE-20260829-S003-P004,2026-08-29,S003,P004,5,760.75
SALE-20260829-S003-P005,2026-08-29,S003,P005,20,8818.0
SALE-20260829-S003-P006,2026-08-29,S003,P006,3,2513.97
SALE-20260829-S003-P007,2026-08-29,S003,P007,10,2570.2
SALE-20260829-S003-P008,2026-08-29,S003,P008,10,8841.5
SALE-20260829-S003-P009,2026-08-29,S003,P009,2,1512.38
SALE-20260829-S003-P010,2026-08-29,S003,P010,10,9867.0
SALE-20260829-S003-P011,2026-08-29,S003,P011,2,437.8
SALE-20260829-S003-P012,2026-08-29,S003,P012,9,1699.47
SALE-20260829-S003-P013,2026-08-29,S003,P013,6,5189.28
SALE-20260829-S003-P014,2026-08-29,S003,P014,6,2363.46
SALE-20260829-S003-P015,2026-08-29,S003,P015,2,390.24
SALE-20260829-S003-P016,2026-08-29,S003,P016,10,2641.7
SALE-20260829-S003-P017,2026-08-29,S003,P017,7,3524.43
SALE-20260829-S003-P018,2026-08-29,S003,P018,18,6618.6
SALE-20260829-S003-P019,2026-08-29,S003,P019,5,4041.35
SALE-20260829-S003-P020,2026-08-29,S003,P020,7,4508.77
SALE-20260829-S003-P021,2026-08-29,S003,P021,5,987.35
SALE-20260829-S003-P022,2026-08-29,S003,P022,4,2914.16
SALE-20260829-S003-P023,2026-08-29,S003,P023,4,3198.8
SALE-20260829-S003-P024,2026-08-29,S003,P024,11,1643.4
SALE-20260829-S003-P025,2026-08-29,S003,P025,1,690.47
SALE-20260829-S003-P026,2026-08-29,S003,P026,9,7378.92
SALE-20260829-S003-P027,2026-08-29,S003,P027,16,9430.08
SALE-20260829-S003-P028,2026-08-29,S003,P028,3,167.01
SALE-20260829-S003-P029,2026-08-29,S003,P029,8,1881.04
SALE-20260829-S003-P030,2026-08-29,S003,P030,3,691.98
SALE-20260829-S003-P031,2026-08-29,S003,P031,8,2331.36
SALE-20260829-S003-P032,2026-08-29,S003,P032,9,5639.4
SALE-20260829-S003-P033,2026-08-29,S003,P033,9,6074.19
SALE-20260829-S003-P034,2026-08-29,S003,P034,9,1524.51
SALE-20260829-S003-P035,2026-08-29,S003,P035,12,1470.96
SALE-20260829-S003-P036,2026-08-29,S003,P036,4,749.56
SALE-20260829-S003-P037,2026-08-29,S003,P037,8,1498.8
SALE-20260829-S003-P038,2026-08-29,S003,P038,3,1160.49
SALE-20260829-S003-P039,2026-08-29,S003,P039,2,1268.2
SALE-20260829-S003-P040,2026-08-29,S003,P040,8,1288.4
SALE-20260829-S003-P041,2026-08-29,S003,P041,8,7875.12
SALE-20260829-S003-P042,2026-08-29,S003,P042,12,12821.88
SALE-20260829-S003-P043,2026-08-29,S003,P043,13,9549.28
SALE-20260829-S003-P044,2026-08-29,S003,P044,3,404.85
SALE-20260829-S003-P045,2026-08-29,S003,P045,13,5793.45
SALE-20260829-S003-P046,2026-08-29,S003,P046,4,2223.72
SALE-20260829-S003-P047,2026-08-29,S003,P047,7,6600.93
SALE-20260829-S003-P048,2026-08-29,S003,P048,6,2842.68
SALE-20260829-S003-P049,2026-08-29,S003,P049,13,8250.58
SALE-20260830-S001-P001,2026-08-30,S001,P001,8,6310.88
SALE-20260830-S001-P002,2026-08-30,S001,P002,10,6491.5
SALE-20260830-S001-P003,2026-08-30,S001,P003,6,6425.22
SALE-20260830-S001-P004,2026-08-30,S001,P004,4,608.6
SALE-20260830-S001-P005,2026-08-30,S001,P005,9,3968.1
SALE-20260830-S001-P006,2026-08-30,S001,P006,0,0.0
SALE-20260830-S001-P007,2026-08-30,S001,P007,19,4883.38
SALE-20260830-S001-P008,2026-08-30,S001,P008,12,10609.8
SALE-20260830-S001-P009,2026-08-30,S001,P009,5,3780.95
SALE-20260830-S001-P010,2026-08-30,S001,P010,10,9867.0
SALE-20260830-S001-P011,2026-08-30,S001,P011,1,218.9
SALE-20260830-S001-P012,2026-08-30,S001,P012,11,2077.13
SALE-20260830-S001-P013,2026-08-30,S001,P013,14,12108.32
SALE-20260830-S001-P014,2026-08-30,S001,P014,16,6302.56
SALE-20260830-S001-P015,2026-08-30,S001,P015,1,195.12
SALE-20260830-S001-P016,2026-08-30,S001,P016,8,2113.36
SALE-20260830-S001-P017,2026-08-30,S001,P017,6,3020.94
SALE-20260830-S001-P018,2026-08-30,S001,P018,15,5515.5
SALE-20260830-S001-P019,2026-08-30,S001,P019,4,3233.08
SALE-20260830-S001-P020,2026-08-30,S001,P020,9,5796.99
SALE-20260830-S001-P021,2026-08-30,S001,P021,8,1579.76
SALE-20260830-S001-P022,2026-08-30,S001,P022,8,5828.32
SALE-20260830-S001-P023,2026-08-30,S001,P023,9,7197.3
SALE-20260830-S001-P024,2026-08-30,S001,P024,6,896.4
SALE-20260830-S001-P025,2026-08-30,S001,P025,1,690.47
SALE-20260830-S001-P026,2026-08-30,S001,P026,15,12298.2
SALE-20260830-S001-P027,2026-08-30,S001,P027,16,9430.08
SALE-20260830-S001-P028,2026-08-30,S001,P028,1,55.67
SALE-20260830-S001-P029,2026-08-30,S001,P029,16,3762.08
SALE-20260830-S001-P030,2026-08-30,S001,P030,0,0.0
SALE-20260830-S001-P031,2026-08-30,S001,P031,13,3788.46
SALE-20260830-S001-P032,2026-08-30,S001,P032,4,2506.4
SALE-20260830-S001-P033,2026-08-30,S001,P033,16,10798.56
SALE-20260830-S001-P034,2026-08-30,S001,P034,16,2710.24
SALE-20260830-S001-P035,2026-08-30,S001,P035,14,1716.12
SALE-20260830-S001-P036,2026-08-30,S001,P036,7,1311.73
SALE-20260830-S001-P037,2026-08-30,S001,P037,17,3184.95
SALE-20260830-S001-P038,2026-08-30,S001,P038,1,386.83
SALE-20260830-S001-P039,2026-08-30,S001,P039,2,1268.2
SALE-20260830-S001-P040,2026-08-30,S001,P040,12,1932.6
SALE-20260830-S001-P041,2026-08-30,S001,P041,8,7875.12
SALE-20260830-S001-P042,2026-08-30,S001,P042,13,13890.37
SALE-20260830-S001-P043,2026-08-30,S001,P043,21,15425.76
SALE-20260830-S001-P044,2026-08-30,S001,P044,9,1214.55
SALE-20260830-S001-P045,2026-08-30,S001,P045,17,7576.05
SALE-20260830-S001-P046,2026-08-30,S001,P046,7,3891.51
SALE-20260830-S001-P047,2026-08-30,S001,P047,13,12258.87
SALE-20260830-S001-P048,2026-08-30,S001,P048,8,3790.24
SALE-20260830-S001-P049,2026-08-30,S001,P049,17,10789.22
SALE-20260830-S001-P050,2026-08-30,S001,P050,5,1951.9
SALE-20260830-S002-P001,2026-08-30,S002,P001,13,10255.18
SALE-20260830-S002-P002,2026-08-30,S002,P002,5,3245.75
SALE-20260830-S002-P003,2026-08-30,S002,P003,5,5354.35
SALE-20260830-S002-P004,2026-08-30,S002,P004,1,152.15
SALE-20260830-S002-P005,2026-08-30,S002,P005,8,3527.2
SALE-20260830-S002-P006,2026-08-30,S002,P006,5,4189.95
SALE-20260830-S002-P007,2026-08-30,S002,P007,0,0.0
SALE-20260830-S002-P008,2026-08-30,S002,P008,12,10609.8
SALE-20260830-S002-P009,2026-08-30,S002,P009,9,6805.71
SALE-20260830-S002-P010,2026-08-30,S002,P010,10,9867.0
SALE-20260830-S002-P011,2026-08-30,S002,P011,2,437.8
SALE-20260830-S002-P012,2026-08-30,S002,P012,15,2832.45
SALE-20260830-S002-P013,2026-08-30,S002,P013,11,9513.68
SALE-20260830-S002-P014,2026-08-30,S002,P014,22,8666.02
SALE-20260830-S002-P015,2026-08-30,S002,P015,5,975.6
SALE-20260830-S002-P016,2026-08-30,S002,P016,6,1585.02
SALE-20260830-S002-P017,2026-08-30,S002,P017,16,8055.84
SALE-20260830-S002-P018,2026-08-30,S002,P018,15,5515.5
SALE-20260830-S002-P019,2026-08-30,S002,P019,8,6466.16
SALE-20260830-S002-P020,2026-08-30,S002,P020,6,3864.66
SALE-20260830-S002-P021,2026-08-30,S002,P021,4,789.88
SALE-20260830-S002-P022,2026-08-30,S002,P022,8,5828.32
SALE-20260830-S002-P023,2026-08-30,S002,P023,10,7997.0
SALE-20260830-S002-P024,2026-08-30,S002,P024,13,1942.2
SALE-20260830-S002-P025,2026-08-30,S002,P025,4,2761.88
SALE-20260830-S002-P026,2026-08-30,S002,P026,20,16397.6
SALE-20260830-S002-P027,2026-08-30,S002,P027,19,11198.22
SALE-20260830-S002-P028,2026-08-30,S002,P028,7,389.69
SALE-20260830-S002-P029,2026-08-30,S002,P029,16,3762.08
SALE-20260830-S002-P030,2026-08-30,S002,P030,1,230.66
SALE-20260830-S002-P031,2026-08-30,S002,P031,9,2622.78
SALE-20260830-S002-P032,2026-08-30,S002,P032,6,3759.6
SALE-20260830-S002-P033,2026-08-30,S002,P033,14,9448.74
SALE-20260830-S002-P034,2026-08-30,S002,P034,10,1693.9
SALE-20260830-S002-P035,2026-08-30,S002,P035,18,2206.44
SALE-20260830-S002-P036,2026-08-30,S002,P036,8,1499.12
SALE-20260830-S002-P037,2026-08-30,S002,P037,24,4496.4
SALE-20260830-S002-P038,2026-08-30,S002,P038,5,1934.15
SALE-20260830-S002-P039,2026-08-30,S002,P039,5,3170.5
SALE-20260830-S002-P040,2026-08-30,S002,P040,16,2576.8
SALE-20260830-S002-P041,2026-08-30,S002,P041,12,11812.68
SALE-20260830-S002-P042,2026-08-30,S002,P042,14,14958.86
SALE-20260830-S002-P043,2026-08-30,S002,P043,18,13222.08
SALE-20260830-S002-P044,2026-08-30,S002,P044,5,674.75
SALE-20260830-S002-P045,2026-08-30,S002,P045,20,8913.0
SALE-20260830-S002-P046,2026-08-30,S002,P046,6,3335.58
SALE-20260830-S002-P047,2026-08-30,S002,P047,17,16030.83
SALE-20260830-S002-P048,2026-08-30,S002,P048,3,1421.34
SALE-20260830-S002-P049,2026-08-30,S002,P049,19,12058.54
SALE-20260830-S002-P050,2026-08-30,S002,P050,10,3903.8
SALE-20260830-S003-P001,2026-08-30,S003,P001,13,10255.18
SALE-20260830-S003-P002,2026-08-30,S003,P002,6,3894.9
SALE-20260830-S003-P003,2026-08-30,S003,P003,2,2141.74
SALE-20260830-S003-P004,2026-08-30,S003,P004,3,456.45
SALE-20260830-S003-P005,2026-08-30,S003,P005,20,8818.0
SALE-20260830-S003-P006,2026-08-30,S003,P006,6,5027.94
SALE-20260830-S003-P007,2026-08-30,S003,P007,11,2827.22
SALE-20260830-S003-P008,2026-08-30,S003,P008,8,7073.2
SALE-20260830-S003-P009,2026-08-30,S003,P009,6,4537.14
SALE-20260830-S003-P010,2026-08-30,S003,P010,8,7893.6
SALE-20260830-S003-P011,2026-08-30,S003,P011,3,656.7
SALE-20260830-S003-P012,2026-08-30,S003,P012,16,3021.28
SALE-20260830-S003-P013,2026-08-30,S003,P013,12,10378.56
SALE-20260830-S003-P014,2026-08-30,S003,P014,10,3939.1
SALE-20260830-S003-P015,2026-08-30,S003,P015,0,0.0
SALE-20260830-S003-P016,2026-08-30,S003,P016,9,2377.53
SALE-20260830-S003-P017,2026-08-30,S003,P017,9,4531.41
SALE-20260830-S003-P018,2026-08-30,S003,P018,16,5883.2
SALE-20260830-S003-P019,2026-08-30,S003,P019,9,7274.43
SALE-20260830-S003-P020,2026-08-30,S003,P020,9,5796.99
SALE-20260830-S003-P021,2026-08-30,S003,P021,2,394.94
SALE-20260830-S003-P022,2026-08-30,S003,P022,6,4371.24
SALE-20260830-S003-P023,2026-08-30,S003,P023,9,7197.3
SALE-20260830-S003-P024,2026-08-30,S003,P024,6,896.4
SALE-20260830-S003-P025,2026-08-30,S003,P025,0,0.0
SALE-20260830-S003-P026,2026-08-30,S003,P026,18,14757.84
SALE-20260830-S003-P027,2026-08-30,S003,P027,14,8251.32
SALE-20260830-S003-P028,2026-08-30,S003,P028,2,111.34
SALE-20260830-S003-P029,2026-08-30,S003,P029,3,705.39
SALE-20260830-S003-P030,2026-08-30,S003,P030,5,1153.3
SALE-20260830-S003-P031,2026-08-30,S003,P031,18,5245.56
SALE-20260830-S003-P032,2026-08-30,S003,P032,5,3133.0
SALE-20260830-S003-P033,2026-08-30,S003,P033,7,4724.37
SALE-20260830-S003-P034,2026-08-30,S003,P034,9,1524.51
SALE-20260830-S003-P035,2026-08-30,S003,P035,8,980.64
SALE-20260830-S003-P036,2026-08-30,S003,P036,1,187.39
SALE-20260830-S003-P037,2026-08-30,S003,P037,9,1686.15
SALE-20260830-S003-P038,2026-08-30,S003,P038,2,773.66
SALE-20260830-S003-P039,2026-08-30,S003,P039,3,1902.3
SALE-20260830-S003-P040,2026-08-30,S003,P040,5,805.25
SALE-20260830-S003-P041,2026-08-30,S003,P041,3,2953.17
SALE-20260830-S003-P042,2026-08-30,S003,P042,13,13890.37
SALE-20260830-S003-P043,2026-08-30,S003,P043,21,15425.76
SALE-20260830-S003-P044,2026-08-30,S003,P044,3,404.85
SALE-20260830-S003-P045,2026-08-30,S003,P045,10,4456.5
SALE-20260830-S003-P046,2026-08-30,S003,P046,7,3891.51
SALE-20260830-S003-P047,2026-08-30,S003,P047,6,5657.94
SALE-20260830-S003-P048,2026-08-30,S003,P048,3,1421.34
SALE-20260830-S003-P049,2026-08-30,S003,P049,10,6346.6
SALE-20260831-S001-P001,2026-08-31,S001,P001,7,5522.02
SALE-20260831-S001-P002,2026-08-31,S001,P002,7,4544.05
SALE-20260831-S001-P003,2026-08-31,S001,P003,7,7496.09
SALE-20260831-S001-P004,2026-08-31,S001,P004,5,760.75
SALE-20260831-S001-P005,2026-08-31,S001,P005,7,3086.3
SALE-20260831-S001-P006,2026-08-31,S001,P006,1,837.99
SALE-20260831-S001-P007,2026-08-31,S001,P007,18,4626.36
SALE-20260831-S001-P008,2026-08-31,S001,P008,11,9725.65
SALE-20260831-S001-P009,2026-08-31,S001,P009,9,6805.71
SALE-20260831-S001-P010,2026-08-31,S001,P010,14,13813.8
SALE-20260831-S001-P011,2026-08-31,S001,P011,1,218.9
SALE-20260831-S001-P012,2026-08-31,S001,P012,11,2077.13
SALE-20260831-S001-P013,2026-08-31,S001,P013,6,5189.28
SALE-20260831-S001-P014,2026-08-31,S001,P014,15,5908.65
SALE-20260831-S001-P015,2026-08-31,S001,P015,1,195.12
SALE-20260831-S001-P016,2026-08-31,S001,P016,7,1849.19
SALE-20260831-S001-P017,2026-08-31,S001,P017,8,4027.92
SALE-20260831-S001-P018,2026-08-31,S001,P018,11,4044.7
SALE-20260831-S001-P019,2026-08-31,S001,P019,10,8082.7
SALE-20260831-S001-P020,2026-08-31,S001,P020,9,5796.99
SALE-20260831-S001-P021,2026-08-31,S001,P021,5,987.35
SALE-20260831-S001-P022,2026-08-31,S001,P022,11,8013.94
SALE-20260831-S001-P023,2026-08-31,S001,P023,4,3198.8
SALE-20260831-S001-P024,2026-08-31,S001,P024,8,1195.2
SALE-20260831-S001-P025,2026-08-31,S001,P025,3,2071.41
SALE-20260831-S001-P026,2026-08-31,S001,P026,21,17217.48
SALE-20260831-S001-P027,2026-08-31,S001,P027,12,7072.56
SALE-20260831-S001-P028,2026-08-31,S001,P028,2,111.34
SALE-20260831-S001-P029,2026-08-31,S001,P029,8,1881.04
SALE-20260831-S001-P030,2026-08-31,S001,P030,3,691.98
SALE-20260831-S001-P031,2026-08-31,S001,P031,9,2622.78
SALE-20260831-S001-P032,2026-08-31,S001,P032,6,3759.6
SALE-20260831-S001-P033,2026-08-31,S001,P033,19,12823.29
SALE-20260831-S001-P034,2026-08-31,S001,P034,12,2032.68
SALE-20260831-S001-P035,2026-08-31,S001,P035,15,1838.7
SALE-20260831-S001-P036,2026-08-31,S001,P036,1,187.39
SALE-20260831-S001-P037,2026-08-31,S001,P037,18,3372.3
SALE-20260831-S001-P038,2026-08-31,S001,P038,4,1547.32
SALE-20260831-S001-P039,2026-08-31,S001,P039,1,634.1
SALE-20260831-S001-P040,2026-08-31,S001,P040,10,1610.5
SALE-20260831-S001-P041,2026-08-31,S001,P041,6,5906.34
SALE-20260831-S001-P042,2026-08-31,S001,P042,9,9616.41
SALE-20260831-S001-P043,2026-08-31,S001,P043,17,12487.52
SALE-20260831-S001-P044,2026-08-31,S001,P044,5,674.75
SALE-20260831-S001-P045,2026-08-31,S001,P045,19,8467.35
SALE-20260831-S001-P046,2026-08-31,S001,P046,8,4447.44
SALE-20260831-S001-P047,2026-08-31,S001,P047,10,9429.9
SALE-20260831-S001-P048,2026-08-31,S001,P048,5,2368.9
SALE-20260831-S001-P049,2026-08-31,S001,P049,18,11423.88
SALE-20260831-S001-P050,2026-08-31,S001,P050,4,1561.52
SALE-20260831-S002-P001,2026-08-31,S002,P001,4,3155.44
SALE-20260831-S002-P002,2026-08-31,S002,P002,8,5193.2
SALE-20260831-S002-P003,2026-08-31,S002,P003,2,2141.74
SALE-20260831-S002-P004,2026-08-31,S002,P004,0,0.0
SALE-20260831-S002-P005,2026-08-31,S002,P005,7,3086.3
SALE-20260831-S002-P006,2026-08-31,S002,P006,6,5027.94
SALE-20260831-S002-P007,2026-08-31,S002,P007,0,0.0
SALE-20260831-S002-P008,2026-08-31,S002,P008,13,11493.95
SALE-20260831-S002-P009,2026-08-31,S002,P009,6,4537.14
SALE-20260831-S002-P010,2026-08-31,S002,P010,9,8880.3
SALE-20260831-S002-P011,2026-08-31,S002,P011,2,437.8
SALE-20260831-S002-P012,2026-08-31,S002,P012,21,3965.43
SALE-20260831-S002-P013,2026-08-31,S002,P013,10,8648.8
SALE-20260831-S002-P014,2026-08-31,S002,P014,13,5120.83
SALE-20260831-S002-P015,2026-08-31,S002,P015,7,1365.84
SALE-20260831-S002-P016,2026-08-31,S002,P016,13,3434.21
SALE-20260831-S002-P017,2026-08-31,S002,P017,8,4027.92
SALE-20260831-S002-P018,2026-08-31,S002,P018,19,6986.3
SALE-20260831-S002-P019,2026-08-31,S002,P019,8,6466.16
SALE-20260831-S002-P020,2026-08-31,S002,P020,8,5152.88
SALE-20260831-S002-P021,2026-08-31,S002,P021,5,987.35
SALE-20260831-S002-P022,2026-08-31,S002,P022,11,8013.94
SALE-20260831-S002-P023,2026-08-31,S002,P023,9,7197.3
SALE-20260831-S002-P024,2026-08-31,S002,P024,12,1792.8
SALE-20260831-S002-P025,2026-08-31,S002,P025,1,690.47
SALE-20260831-S002-P026,2026-08-31,S002,P026,21,17217.48
SALE-20260831-S002-P027,2026-08-31,S002,P027,10,5893.8
SALE-20260831-S002-P028,2026-08-31,S002,P028,3,167.01
SALE-20260831-S002-P029,2026-08-31,S002,P029,13,3056.69
SALE-20260831-S002-P030,2026-08-31,S002,P030,3,691.98
SALE-20260831-S002-P031,2026-08-31,S002,P031,16,4662.72
SALE-20260831-S002-P032,2026-08-31,S002,P032,10,6266.0
SALE-20260831-S002-P033,2026-08-31,S002,P033,6,4049.46
SALE-20260831-S002-P034,2026-08-31,S002,P034,16,2710.24
SALE-20260831-S002-P035,2026-08-31,S002,P035,12,1470.96
SALE-20260831-S002-P036,2026-08-31,S002,P036,4,749.56
SALE-20260831-S002-P037,2026-08-31,S002,P037,19,3559.65
SALE-20260831-S002-P038,2026-08-31,S002,P038,11,4255.13
SALE-20260831-S002-P039,2026-08-31,S002,P039,1,634.1
SALE-20260831-S002-P040,2026-08-31,S002,P040,20,3221.0
SALE-20260831-S002-P041,2026-08-31,S002,P041,7,6890.73
SALE-20260831-S002-P042,2026-08-31,S002,P042,14,14958.86
SALE-20260831-S002-P043,2026-08-31,S002,P043,15,11018.4
SALE-20260831-S002-P044,2026-08-31,S002,P044,5,674.75
SALE-20260831-S002-P045,2026-08-31,S002,P045,22,9804.3
SALE-20260831-S002-P046,2026-08-31,S002,P046,8,4447.44
SALE-20260831-S002-P047,2026-08-31,S002,P047,10,9429.9
SALE-20260831-S002-P048,2026-08-31,S002,P048,5,2368.9
SALE-20260831-S002-P049,2026-08-31,S002,P049,16,10154.56
SALE-20260831-S002-P050,2026-08-31,S002,P050,5,1951.9
SALE-20260831-S003-P001,2026-08-31,S003,P001,9,7099.74
SALE-20260831-S003-P002,2026-08-31,S003,P002,4,2596.6
SALE-20260831-S003-P003,2026-08-31,S003,P003,3,3212.61
SALE-20260831-S003-P004,2026-08-31,S003,P004,4,608.6
SALE-20260831-S003-P005,2026-08-31,S003,P005,28,12345.2
SALE-20260831-S003-P006,2026-08-31,S003,P006,3,2513.97
SALE-20260831-S003-P007,2026-08-31,S003,P007,15,3855.3
SALE-20260831-S003-P008,2026-08-31,S003,P008,7,6189.05
SALE-20260831-S003-P009,2026-08-31,S003,P009,4,3024.76
SALE-20260831-S003-P010,2026-08-31,S003,P010,8,7893.6
SALE-20260831-S003-P011,2026-08-31,S003,P011,1,218.9
SALE-20260831-S003-P012,2026-08-31,S003,P012,19,3587.77
SALE-20260831-S003-P013,2026-08-31,S003,P013,5,4324.4
SALE-20260831-S003-P014,2026-08-31,S003,P014,11,4333.01
SALE-20260831-S003-P015,2026-08-31,S003,P015,2,390.24
SALE-20260831-S003-P016,2026-08-31,S003,P016,6,1585.02
SALE-20260831-S003-P017,2026-08-31,S003,P017,1,503.49
SALE-20260831-S003-P018,2026-08-31,S003,P018,10,3677.0
SALE-20260831-S003-P019,2026-08-31,S003,P019,1,808.27
SALE-20260831-S003-P020,2026-08-31,S003,P020,7,4508.77
SALE-20260831-S003-P021,2026-08-31,S003,P021,5,987.35
SALE-20260831-S003-P022,2026-08-31,S003,P022,6,4371.24
SALE-20260831-S003-P023,2026-08-31,S003,P023,8,6397.6
SALE-20260831-S003-P024,2026-08-31,S003,P024,11,1643.4
SALE-20260831-S003-P025,2026-08-31,S003,P025,3,2071.41
SALE-20260831-S003-P026,2026-08-31,S003,P026,13,10658.44
SALE-20260831-S003-P027,2026-08-31,S003,P027,10,5893.8
SALE-20260831-S003-P028,2026-08-31,S003,P028,3,167.01
SALE-20260831-S003-P029,2026-08-31,S003,P029,7,1645.91
SALE-20260831-S003-P030,2026-08-31,S003,P030,1,230.66
SALE-20260831-S003-P031,2026-08-31,S003,P031,9,2622.78
SALE-20260831-S003-P032,2026-08-31,S003,P032,6,3759.6
SALE-20260831-S003-P033,2026-08-31,S003,P033,7,4724.37
SALE-20260831-S003-P034,2026-08-31,S003,P034,15,2540.85
SALE-20260831-S003-P035,2026-08-31,S003,P035,14,1716.12
SALE-20260831-S003-P036,2026-08-31,S003,P036,7,1311.73
SALE-20260831-S003-P037,2026-08-31,S003,P037,6,1124.1
SALE-20260831-S003-P038,2026-08-31,S003,P038,5,1934.15
SALE-20260831-S003-P039,2026-08-31,S003,P039,6,3804.6
SALE-20260831-S003-P040,2026-08-31,S003,P040,6,966.3
SALE-20260831-S003-P041,2026-08-31,S003,P041,5,4921.95
SALE-20260831-S003-P042,2026-08-31,S003,P042,11,11753.39
SALE-20260831-S003-P043,2026-08-31,S003,P043,11,8080.16
SALE-20260831-S003-P044,2026-08-31,S003,P044,4,539.8
SALE-20260831-S003-P045,2026-08-31,S003,P045,16,7130.4
SALE-20260831-S003-P046,2026-08-31,S003,P046,5,2779.65
SALE-20260831-S003-P047,2026-08-31,S003,P047,10,9429.9
SALE-20260831-S003-P048,2026-08-31,S003,P048,4,1895.12
SALE-20260831-S003-P049,2026-08-31,S003,P049,12,7615.92
SALE-20260831-S003-P050,2026-08-31,S003,P050,5,1951.9
SALE-20260901-S001-P001,2026-09-01,S001,P001,6,4733.16
SALE-20260901-S001-P002,2026-09-01,S001,P002,7,4544.05
SALE-20260901-S001-P003,2026-09-01,S001,P003,4,4283.48
SALE-20260901-S001-P004,2026-09-01,S001,P004,4,608.6
SALE-20260901-S001-P005,2026-09-01,S001,P005,15,6613.5
SALE-20260901-S001-P006,2026-09-01,S001,P006,3,2513.97
SALE-20260901-S001-P007,2026-09-01,S001,P007,16,4112.32
SALE-20260901-S001-P008,2026-09-01,S001,P008,9,7957.35
SALE-20260901-S001-P009,2026-09-01,S001,P009,5,3780.95
SALE-20260901-S001-P010,2026-09-01,S001,P010,12,11840.4
SALE-20260901-S001-P011,2026-09-01,S001,P011,0,0.0
SALE-20260901-S001-P012,2026-09-01,S001,P012,11,2077.13
SALE-20260901-S001-P013,2026-09-01,S001,P013,13,11243.44
SALE-20260901-S001-P014,2026-09-01,S001,P014,21,8272.11
SALE-20260901-S001-P015,2026-09-01,S001,P015,6,1170.72
SALE-20260901-S001-P016,2026-09-01,S001,P016,11,2905.87
SALE-20260901-S001-P017,2026-09-01,S001,P017,10,5034.9
SALE-20260901-S001-P018,2026-09-01,S001,P018,18,6618.6
SALE-20260901-S001-P019,2026-09-01,S001,P019,6,4849.62
SALE-20260901-S001-P020,2026-09-01,S001,P020,7,4508.77
SALE-20260901-S001-P021,2026-09-01,S001,P021,5,987.35
SALE-20260901-S001-P022,2026-09-01,S001,P022,8,5828.32
SALE-20260901-S001-P023,2026-09-01,S001,P023,10,7997.0
SALE-20260901-S001-P024,2026-09-01,S001,P024,8,1195.2
SALE-20260901-S001-P025,2026-09-01,S001,P025,1,690.47
SALE-20260901-S001-P026,2026-09-01,S001,P026,11,9018.68
SALE-20260901-S001-P027,2026-09-01,S001,P027,9,5304.42
SALE-20260901-S001-P028,2026-09-01,S001,P028,4,222.68
SALE-20260901-S001-P029,2026-09-01,S001,P029,6,1410.78
SALE-20260901-S001-P030,2026-09-01,S001,P030,2,461.32
SALE-20260901-S001-P031,2026-09-01,S001,P031,9,2622.78
SALE-20260901-S001-P032,2026-09-01,S001,P032,4,2506.4
SALE-20260901-S001-P033,2026-09-01,S001,P033,12,8098.92
SALE-20260901-S001-P034,2026-09-01,S001,P034,11,1863.29
SALE-20260901-S001-P035,2026-09-01,S001,P035,6,735.48
SALE-20260901-S001-P036,2026-09-01,S001,P036,1,187.39
SALE-20260901-S001-P037,2026-09-01,S001,P037,15,2810.25
SALE-20260901-S001-P038,2026-09-01,S001,P038,2,773.66
SALE-20260901-S001-P039,2026-09-01,S001,P039,3,1902.3
SALE-20260901-S001-P040,2026-09-01,S001,P040,8,1288.4
SALE-20260901-S001-P041,2026-09-01,S001,P041,6,5906.34
SALE-20260901-S001-P042,2026-09-01,S001,P042,18,19232.82
SALE-20260901-S001-P043,2026-09-01,S001,P043,16,11752.96
SALE-20260901-S001-P044,2026-09-01,S001,P044,3,404.85
SALE-20260901-S001-P045,2026-09-01,S001,P045,8,3565.2
SALE-20260901-S001-P046,2026-09-01,S001,P046,5,2779.65
SALE-20260901-S001-P047,2026-09-01,S001,P047,6,5657.94
SALE-20260901-S001-P048,2026-09-01,S001,P048,7,3316.46
SALE-20260901-S001-P049,2026-09-01,S001,P049,9,5711.94
SALE-20260901-S001-P050,2026-09-01,S001,P050,1,390.38
SALE-20260901-S002-P001,2026-09-01,S002,P001,5,3944.3
SALE-20260901-S002-P002,2026-09-01,S002,P002,6,3894.9
SALE-20260901-S002-P003,2026-09-01,S002,P003,4,4283.48
SALE-20260901-S002-P004,2026-09-01,S002,P004,0,0.0
SALE-20260901-S002-P005,2026-09-01,S002,P005,18,7936.2
SALE-20260901-S002-P006,2026-09-01,S002,P006,1,837.99
SALE-20260901-S002-P007,2026-09-01,S002,P007,0,0.0
SALE-20260901-S002-P008,2026-09-01,S002,P008,11,9725.65
SALE-20260901-S002-P009,2026-09-01,S002,P009,4,3024.76
SALE-20260901-S002-P010,2026-09-01,S002,P010,11,10853.7
SALE-20260901-S002-P011,2026-09-01,S002,P011,3,656.7
SALE-20260901-S002-P012,2026-09-01,S002,P012,20,3776.6
SALE-20260901-S002-P013,2026-09-01,S002,P013,11,9513.68
SALE-20260901-S002-P014,2026-09-01,S002,P014,26,10241.66
SALE-20260901-S002-P015,2026-09-01,S002,P015,5,975.6
SALE-20260901-S002-P016,2026-09-01,S002,P016,15,3962.55
SALE-20260901-S002-P017,2026-09-01,S002,P017,10,5034.9
SALE-20260901-S002-P018,2026-09-01,S002,P018,16,5883.2
SALE-20260901-S002-P019,2026-09-01,S002,P019,13,10507.51
SALE-20260901-S002-P020,2026-09-01,S002,P020,15,9661.65
SALE-20260901-S002-P021,2026-09-01,S002,P021,11,2172.17
SALE-20260901-S002-P022,2026-09-01,S002,P022,9,6556.86
SALE-20260901-S002-P023,2026-09-01,S002,P023,16,12795.2
SALE-20260901-S002-P024,2026-09-01,S002,P024,8,1195.2
SALE-20260901-S002-P025,2026-09-01,S002,P025,0,0.0
SALE-20260901-S002-P026,2026-09-01,S002,P026,14,11478.32
SALE-20260901-S002-P027,2026-09-01,S002,P027,18,10608.84
SALE-20260901-S002-P028,2026-09-01,S002,P028,7,389.69
SALE-20260901-S002-P029,2026-09-01,S002,P029,10,2351.3
SALE-20260901-S002-P030,2026-09-01,S002,P030,1,230.66
SALE-20260901-S002-P031,2026-09-01,S002,P031,9,2622.78
SALE-20260901-S002-P032,2026-09-01,S002,P032,5,3133.0
SALE-20260901-S002-P033,2026-09-01,S002,P033,9,6074.19
SALE-20260901-S002-P034,2026-09-01,S002,P034,5,846.95
SALE-20260901-S002-P035,2026-09-01,S002,P035,9,1103.22
SALE-20260901-S002-P036,2026-09-01,S002,P036,2,374.78
SALE-20260901-S002-P037,2026-09-01,S002,P037,17,3184.95
SALE-20260901-S002-P038,2026-09-01,S002,P038,3,1160.49
SALE-20260901-S002-P039,2026-09-01,S002,P039,4,2536.4
SALE-20260901-S002-P040,2026-09-01,S002,P040,14,2254.7
SALE-20260901-S002-P041,2026-09-01,S002,P041,0,0.0
SALE-20260901-S002-P042,2026-09-01,S002,P042,13,13890.37
SALE-20260901-S002-P043,2026-09-01,S002,P043,8,5876.48
SALE-20260901-S002-P044,2026-09-01,S002,P044,15,2024.25
SALE-20260901-S002-P045,2026-09-01,S002,P045,16,7130.4
SALE-20260901-S002-P046,2026-09-01,S002,P046,5,2779.65
SALE-20260901-S002-P047,2026-09-01,S002,P047,6,5657.94
SALE-20260901-S002-P048,2026-09-01,S002,P048,5,2368.9
SALE-20260901-S002-P049,2026-09-01,S002,P049,13,8250.58
SALE-20260901-S002-P050,2026-09-01,S002,P050,4,1561.52
SALE-20260901-S003-P001,2026-09-01,S003,P001,9,7099.74
SALE-20260901-S003-P002,2026-09-01,S003,P002,7,4544.05
SALE-20260901-S003-P003,2026-09-01,S003,P003,3,3212.61
SALE-20260901-S003-P004,2026-09-01,S003,P004,0,0.0
SALE-20260901-S003-P005,2026-09-01,S003,P005,17,7495.3
SALE-20260901-S003-P006,2026-09-01,S003,P006,4,3351.96
SALE-20260901-S003-P007,2026-09-01,S003,P007,17,4369.34
SALE-20260901-S003-P008,2026-09-01,S003,P008,9,7957.35
SALE-20260901-S003-P009,2026-09-01,S003,P009,4,3024.76
SALE-20260901-S003-P010,2026-09-01,S003,P010,8,7893.6
SALE-20260901-S003-P011,2026-09-01,S003,P011,1,218.9
SALE-20260901-S003-P012,2026-09-01,S003,P012,14,2643.62
SALE-20260901-S003-P013,2026-09-01,S003,P013,7,6054.16
SALE-20260901-S003-P014,2026-09-01,S003,P014,11,4333.01
SALE-20260901-S003-P015,2026-09-01,S003,P015,2,390.24
SALE-20260901-S003-P016,2026-09-01,S003,P016,5,1320.85
SALE-20260901-S003-P017,2026-09-01,S003,P017,6,3020.94
SALE-20260901-S003-P018,2026-09-01,S003,P018,10,3677.0
SALE-20260901-S003-P019,2026-09-01,S003,P019,10,8082.7
SALE-20260901-S003-P020,2026-09-01,S003,P020,8,5152.88
SALE-20260901-S003-P021,2026-09-01,S003,P021,7,1382.29
SALE-20260901-S003-P022,2026-09-01,S003,P022,7,5099.78
SALE-20260901-S003-P023,2026-09-01,S003,P023,9,7197.3
SALE-20260901-S003-P024,2026-09-01,S003,P024,6,896.4
SALE-20260901-S003-P025,2026-09-01,S003,P025,2,1380.94
SALE-20260901-S003-P026,2026-09-01,S003,P026,16,13118.08
SALE-20260901-S003-P027,2026-09-01,S003,P027,10,5893.8
SALE-20260901-S003-P028,2026-09-01,S003,P028,4,222.68
SALE-20260901-S003-P029,2026-09-01,S003,P029,7,1645.91
SALE-20260901-S003-P030,2026-09-01,S003,P030,2,461.32
SALE-20260901-S003-P031,2026-09-01,S003,P031,8,2331.36
SALE-20260901-S003-P032,2026-09-01,S003,P032,5,3133.0
SALE-20260901-S003-P033,2026-09-01,S003,P033,6,4049.46
SALE-20260901-S003-P034,2026-09-01,S003,P034,10,1693.9
SALE-20260901-S003-P035,2026-09-01,S003,P035,7,858.06
SALE-20260901-S003-P036,2026-09-01,S003,P036,3,562.17
SALE-20260901-S003-P037,2026-09-01,S003,P037,10,1873.5
SALE-20260901-S003-P038,2026-09-01,S003,P038,2,773.66
SALE-20260901-S003-P039,2026-09-01,S003,P039,3,1902.3
SALE-20260901-S003-P040,2026-09-01,S003,P040,8,1288.4
SALE-20260901-S003-P041,2026-09-01,S003,P041,3,2953.17
SALE-20260901-S003-P042,2026-09-01,S003,P042,9,9616.41
SALE-20260901-S003-P043,2026-09-01,S003,P043,14,10283.84
SALE-20260901-S003-P044,2026-09-01,S003,P044,4,539.8
SALE-20260901-S003-P045,2026-09-01,S003,P045,11,4902.15
SALE-20260901-S003-P046,2026-09-01,S003,P046,3,1667.79
SALE-20260901-S003-P047,2026-09-01,S003,P047,8,7543.92
SALE-20260901-S003-P048,2026-09-01,S003,P048,2,947.56
SALE-20260901-S003-P049,2026-09-01,S003,P049,16,10154.56
SALE-20260901-S003-P050,2026-09-01,S003,P050,6,2342.28
SALE-20260902-S001-P001,2026-09-02,S001,P001,4,3155.44
SALE-20260902-S001-P002,2026-09-02,S001,P002,6,3894.9
SALE-20260902-S001-P003,2026-09-02,S001,P003,6,6425.22
SALE-20260902-S001-P004,2026-09-02,S001,P004,1,152.15
SALE-20260902-S001-P005,2026-09-02,S001,P005,9,3968.1
SALE-20260902-S001-P006,2026-09-02,S001,P006,0,0.0
SALE-20260902-S001-P007,2026-09-02,S001,P007,14,3598.28
SALE-20260902-S001-P008,2026-09-02,S001,P008,10,8841.5
SALE-20260902-S001-P009,2026-09-02,S001,P009,6,4537.14
SALE-20260902-S001-P010,2026-09-02,S001,P010,7,6906.9
SALE-20260902-S001-P011,2026-09-02,S001,P011,1,218.9
SALE-20260902-S001-P012,2026-09-02,S001,P012,5,944.15
SALE-20260902-S001-P013,2026-09-02,S001,P013,6,5189.28
SALE-20260902-S001-P014,2026-09-02,S001,P014,16,6302.56
SALE-20260902-S001-P015,2026-09-02,S001,P015,1,195.12
SALE-20260902-S001-P016,2026-09-02,S001,P016,12,3170.04
SALE-20260902-S001-P017,2026-09-02,S001,P017,10,5034.9
SALE-20260902-S001-P018,2026-09-02,S001,P018,13,4780.1
SALE-20260902-S001-P019,2026-09-02,S001,P019,11,8890.97
SALE-20260902-S001-P020,2026-09-02,S001,P020,7,4508.77
SALE-20260902-S001-P021,2026-09-02,S001,P021,4,789.88
SALE-20260902-S001-P022,2026-09-02,S001,P022,8,5828.32
SALE-20260902-S001-P023,2026-09-02,S001,P023,6,4798.2
SALE-20260902-S001-P024,2026-09-02,S001,P024,8,1195.2
SALE-20260902-S001-P025,2026-09-02,S001,P025,0,0.0
SALE-20260902-S001-P026,2026-09-02,S001,P026,13,10658.44
SALE-20260902-S001-P027,2026-09-02,S001,P027,15,8840.7
SALE-20260902-S001-P028,2026-09-02,S001,P028,4,222.68
SALE-20260902-S001-P029,2026-09-02,S001,P029,2,470.26
SALE-20260902-S001-P030,2026-09-02,S001,P030,3,691.98
SALE-20260902-S001-P031,2026-09-02,S001,P031,8,2331.36
SALE-20260902-S001-P032,2026-09-02,S001,P032,6,3759.6
SALE-20260902-S001-P033,2026-09-02,S001,P033,7,4724.37
SALE-20260902-S001-P034,2026-09-02,S001,P034,7,1185.73
SALE-20260902-S001-P035,2026-09-02,S001,P035,10,1225.8
SALE-20260902-S001-P036,2026-09-02,S001,P036,4,749.56
SALE-20260902-S001-P037,2026-09-02,S001,P037,7,1311.45
SALE-20260902-S001-P038,2026-09-02,S001,P038,3,1160.49
SALE-20260902-S001-P039,2026-09-02,S001,P039,1,634.1
SALE-20260902-S001-P040,2026-09-02,S001,P040,7,1127.35
SALE-20260902-S001-P041,2026-09-02,S001,P041,2,1968.78
SALE-20260902-S001-P042,2026-09-02,S001,P042,11,11753.39
SALE-20260902-S001-P043,2026-09-02,S001,P043,15,11018.4
SALE-20260902-S001-P044,2026-09-02,S001,P044,8,1079.6
SALE-20260902-S001-P045,2026-09-02,S001,P045,16,7130.4
SALE-20260902-S001-P046,2026-09-02,S001,P046,7,3891.51
SALE-20260902-S001-P047,2026-09-02,S001,P047,4,3771.96
SALE-20260902-S001-P048,2026-09-02,S001,P048,8,3790.24
SALE-20260902-S001-P049,2026-09-02,S001,P049,12,7615.92
SALE-20260902-S001-P050,2026-09-02,S001,P050,5,1951.9
SALE-20260902-S002-P001,2026-09-02,S002,P001,11,8677.46
SALE-20260902-S002-P002,2026-09-02,S002,P002,5,3245.75
SALE-20260902-S002-P003,2026-09-02,S002,P003,2,2141.74
SALE-20260902-S002-P004,2026-09-02,S002,P004,1,152.15
SALE-20260902-S002-P005,2026-09-02,S002,P005,8,3527.2
SALE-20260902-S002-P006,2026-09-02,S002,P006,7,5865.93
SALE-20260902-S002-P007,2026-09-02,S002,P007,0,0.0
SALE-20260902-S002-P008,2026-09-02,S002,P008,8,7073.2
SALE-20260902-S002-P009,2026-09-02,S002,P009,7,5293.33
SALE-20260902-S002-P010,2026-09-02,S002,P010,13,12827.1
SALE-20260902-S002-P011,2026-09-02,S002,P011,0,0.0
SALE-20260902-S002-P012,2026-09-02,S002,P012,7,1321.81
SALE-20260902-S002-P013,2026-09-02,S002,P013,9,7783.92
SALE-20260902-S002-P014,2026-09-02,S002,P014,11,4333.01
SALE-20260902-S002-P015,2026-09-02,S002,P015,2,390.24
SALE-20260902-S002-P016,2026-09-02,S002,P016,5,1320.85
SALE-20260902-S002-P017,2026-09-02,S002,P017,10,5034.9
SALE-20260902-S002-P018,2026-09-02,S002,P018,17,6250.9
SALE-20260902-S002-P019,2026-09-02,S002,P019,16,12932.32
SALE-20260902-S002-P020,2026-09-02,S002,P020,6,3864.66
SALE-20260902-S002-P021,2026-09-02,S002,P021,4,789.88
SALE-20260902-S002-P022,2026-09-02,S002,P022,4,2914.16
SALE-20260902-S002-P023,2026-09-02,S002,P023,12,9596.4
SALE-20260902-S002-P024,2026-09-02,S002,P024,4,597.6
SALE-20260902-S002-P025,2026-09-02,S002,P025,4,2761.88
SALE-20260902-S002-P026,2026-09-02,S002,P026,16,13118.08
SALE-20260902-S002-P027,2026-09-02,S002,P027,20,11787.6
SALE-20260902-S002-P028,2026-09-02,S002,P028,5,278.35
SALE-20260902-S002-P029,2026-09-02,S002,P029,9,2116.17
SALE-20260902-S002-P030,2026-09-02,S002,P030,3,691.98
SALE-20260902-S002-P031,2026-09-02,S002,P031,9,2622.78
SALE-20260902-S002-P032,2026-09-02,S002,P032,3,1879.8
SALE-20260902-S002-P033,2026-09-02,S002,P033,13,8773.83
SALE-20260902-S002-P034,2026-09-02,S002,P034,11,1863.29
SALE-20260902-S002-P035,2026-09-02,S002,P035,12,1470.96
SALE-20260902-S002-P036,2026-09-02,S002,P036,3,562.17
SALE-20260902-S002-P037,2026-09-02,S002,P037,13,2435.55
SALE-20260902-S002-P038,2026-09-02,S002,P038,8,3094.64
SALE-20260902-S002-P039,2026-09-02,S002,P039,1,634.1
SALE-20260902-S002-P040,2026-09-02,S002,P040,6,966.3
SALE-20260902-S002-P041,2026-09-02,S002,P041,13,12797.07
SALE-20260902-S002-P042,2026-09-02,S002,P042,20,21369.8
SALE-20260902-S002-P043,2026-09-02,S002,P043,16,11752.96
SALE-20260902-S002-P044,2026-09-02,S002,P044,11,1484.45
SALE-20260902-S002-P045,2026-09-02,S002,P045,22,9804.3
SALE-20260902-S002-P046,2026-09-02,S002,P046,6,3335.58
SALE-20260902-S002-P047,2026-09-02,S002,P047,6,5657.94
SALE-20260902-S002-P048,2026-09-02,S002,P048,4,1895.12
SALE-20260902-S002-P049,2026-09-02,S002,P049,20,12693.2
SALE-20260902-S002-P050,2026-09-02,S002,P050,0,0.0
SALE-20260902-S003-P001,2026-09-02,S003,P001,7,5522.02
SALE-20260902-S003-P002,2026-09-02,S003,P002,4,2596.6
SALE-20260902-S003-P003,2026-09-02,S003,P003,1,1070.87
SALE-20260902-S003-P004,2026-09-02,S003,P004,5,760.75
SALE-20260902-S003-P005,2026-09-02,S003,P005,18,7936.2
SALE-20260902-S003-P006,2026-09-02,S003,P006,2,1675.98
SALE-20260902-S003-P007,2026-09-02,S003,P007,18,4626.36
SALE-20260902-S003-P008,2026-09-02,S003,P008,4,3536.6
SALE-20260902-S003-P009,2026-09-02,S003,P009,1,756.19
SALE-20260902-S003-P010,2026-09-02,S003,P010,8,7893.6
SALE-20260902-S003-P011,2026-09-02,S003,P011,0,0.0
SALE-20260902-S003-P012,2026-09-02,S003,P012,8,1510.64
SALE-20260902-S003-P013,2026-09-02,S003,P013,4,3459.52
SALE-20260902-S003-P014,2026-09-02,S003,P014,9,3545.19
SALE-20260902-S003-P015,2026-09-02,S003,P015,1,195.12
SALE-20260902-S003-P016,2026-09-02,S003,P016,5,1320.85
SALE-20260902-S003-P017,2026-09-02,S003,P017,8,4027.92
SALE-20260902-S003-P018,2026-09-02,S003,P018,12,4412.4
SALE-20260902-S003-P019,2026-09-02,S003,P019,9,7274.43
SALE-20260902-S003-P020,2026-09-02,S003,P020,4,2576.44
SALE-20260902-S003-P021,2026-09-02,S003,P021,4,789.88
SALE-20260902-S003-P022,2026-09-02,S003,P022,6,4371.24
SALE-20260902-S003-P023,2026-09-02,S003,P023,9,7197.3
SALE-20260902-S003-P024,2026-09-02,S003,P024,3,448.2
SALE-20260902-S003-P025,2026-09-02,S003,P025,2,1380.94
SALE-20260902-S003-P026,2026-09-02,S003,P026,4,3279.52
SALE-20260902-S003-P027,2026-09-02,S003,P027,10,5893.8
SALE-20260902-S003-P028,2026-09-02,S003,P028,0,0.0
SALE-20260902-S003-P029,2026-09-02,S003,P029,6,1410.78
SALE-20260902-S003-P030,2026-09-02,S003,P030,1,230.66
SALE-20260902-S003-P031,2026-09-02,S003,P031,10,2914.2
SALE-20260902-S003-P032,2026-09-02,S003,P032,4,2506.4
SALE-20260902-S003-P033,2026-09-02,S003,P033,10,6749.1
SALE-20260902-S003-P034,2026-09-02,S003,P034,7,1185.73
SALE-20260902-S003-P035,2026-09-02,S003,P035,7,858.06
SALE-20260902-S003-P036,2026-09-02,S003,P036,4,749.56
SALE-20260902-S003-P037,2026-09-02,S003,P037,10,1873.5
SALE-20260902-S003-P038,2026-09-02,S003,P038,3,1160.49
SALE-20260902-S003-P039,2026-09-02,S003,P039,3,1902.3
SALE-20260902-S003-P040,2026-09-02,S003,P040,11,1771.55
SALE-20260902-S003-P041,2026-09-02,S003,P041,3,2953.17
SALE-20260902-S003-P042,2026-09-02,S003,P042,9,9616.41
SALE-20260902-S003-P043,2026-09-02,S003,P043,12,8814.72
SALE-20260902-S003-P044,2026-09-02,S003,P044,2,269.9
SALE-20260902-S003-P045,2026-09-02,S003,P045,20,8913.0
SALE-20260902-S003-P046,2026-09-02,S003,P046,6,3335.58
SALE-20260902-S003-P047,2026-09-02,S003,P047,8,7543.92
SALE-20260902-S003-P048,2026-09-02,S003,P048,2,947.56
SALE-20260902-S003-P049,2026-09-02,S003,P049,7,4442.62
SALE-20260902-S003-P050,2026-09-02,S003,P050,4,1561.52
SALE-20260903-S001-P001,2026-09-03,S001,P001,5,3944.3
SALE-20260903-S001-P002,2026-09-03,S001,P002,9,5842.35
SALE-20260903-S001-P003,2026-09-03,S001,P003,4,4283.48
SALE-20260903-S001-P004,2026-09-03,S001,P004,2,304.3
SALE-20260903-S001-P005,2026-09-03,S001,P005,8,3527.2
SALE-20260903-S001-P006,2026-09-03,S001,P006,0,0.0
SALE-20260903-S001-P007,2026-09-03,S001,P007,8,2056.16
SALE-20260903-S001-P008,2026-09-03,S001,P008,8,7073.2
SALE-20260903-S001-P009,2026-09-03,S001,P009,10,7561.9
SALE-20260903-S001-P010,2026-09-03,S001,P010,10,9867.0
SALE-20260903-S001-P011,2026-09-03,S001,P011,2,437.8
SALE-20260903-S001-P012,2026-09-03,S001,P012,17,3210.11
SALE-20260903-S001-P013,2026-09-03,S001,P013,5,4324.4
SALE-20260903-S001-P014,2026-09-03,S001,P014,12,4726.92
SALE-20260903-S001-P015,2026-09-03,S001,P015,6,1170.72
SALE-20260903-S001-P016,2026-09-03,S001,P016,8,2113.36
SALE-20260903-S001-P017,2026-09-03,S001,P017,9,4531.41
SALE-20260903-S001-P018,2026-09-03,S001,P018,16,5883.2
SALE-20260903-S001-P019,2026-09-03,S001,P019,9,7274.43
SALE-20260903-S001-P020,2026-09-03,S001,P020,11,7085.21
SALE-20260903-S001-P021,2026-09-03,S001,P021,9,1777.23
SALE-20260903-S001-P022,2026-09-03,S001,P022,11,8013.94
SALE-20260903-S001-P023,2026-09-03,S001,P023,9,7197.3
SALE-20260903-S001-P024,2026-09-03,S001,P024,8,1195.2
SALE-20260903-S001-P025,2026-09-03,S001,P025,3,2071.41
SALE-20260903-S001-P026,2026-09-03,S001,P026,9,7378.92
SALE-20260903-S001-P027,2026-09-03,S001,P027,16,9430.08
SALE-20260903-S001-P028,2026-09-03,S001,P028,2,111.34
SALE-20260903-S001-P029,2026-09-03,S001,P029,5,1175.65
SALE-20260903-S001-P030,2026-09-03,S001,P030,3,691.98
SALE-20260903-S001-P031,2026-09-03,S001,P031,7,2039.94
SALE-20260903-S001-P032,2026-09-03,S001,P032,3,1879.8
SALE-20260903-S001-P033,2026-09-03,S001,P033,9,6074.19
SALE-20260903-S001-P034,2026-09-03,S001,P034,9,1524.51
SALE-20260903-S001-P035,2026-09-03,S001,P035,9,1103.22
SALE-20260903-S001-P036,2026-09-03,S001,P036,3,562.17
SALE-20260903-S001-P037,2026-09-03,S001,P037,13,2435.55
SALE-20260903-S001-P038,2026-09-03,S001,P038,6,2320.98
SALE-20260903-S001-P039,2026-09-03,S001,P039,3,1902.3
SALE-20260903-S001-P040,2026-09-03,S001,P040,10,1610.5
SALE-20260903-S001-P041,2026-09-03,S001,P041,8,7875.12
SALE-20260903-S001-P042,2026-09-03,S001,P042,10,10684.9
SALE-20260903-S001-P043,2026-09-03,S001,P043,17,12487.52
SALE-20260903-S001-P044,2026-09-03,S001,P044,3,404.85
SALE-20260903-S001-P045,2026-09-03,S001,P045,16,7130.4
SALE-20260903-S001-P046,2026-09-03,S001,P046,4,2223.72
SALE-20260903-S001-P047,2026-09-03,S001,P047,8,7543.92
SALE-20260903-S001-P048,2026-09-03,S001,P048,4,1895.12
SALE-20260903-S001-P049,2026-09-03,S001,P049,17,10789.22
SALE-20260903-S001-P050,2026-09-03,S001,P050,3,1171.14
SALE-20260903-S002-P001,2026-09-03,S002,P001,6,4733.16
SALE-20260903-S002-P002,2026-09-03,S002,P002,4,2596.6
SALE-20260903-S002-P003,2026-09-03,S002,P003,1,1070.87
SALE-20260903-S002-P004,2026-09-03,S002,P004,2,304.3
SALE-20260903-S002-P005,2026-09-03,S002,P005,6,2645.4
SALE-20260903-S002-P006,2026-09-03,S002,P006,10,8379.9
SALE-20260903-S002-P007,2026-09-03,S002,P007,0,0.0
SALE-20260903-S002-P008,2026-09-03,S002,P008,13,11493.95
SALE-20260903-S002-P009,2026-09-03,S002,P009,10,7561.9
SALE-20260903-S002-P010,2026-09-03,S002,P010,15,14800.5
SALE-20260903-S002-P011,2026-09-03,S002,P011,2,437.8
SALE-20260903-S002-P012,2026-09-03,S002,P012,15,2832.45
SALE-20260903-S002-P013,2026-09-03,S002,P013,8,6919.04
SALE-20260903-S002-P014,2026-09-03,S002,P014,12,4726.92
SALE-20260903-S002-P015,2026-09-03,S002,P015,4,780.48
SALE-20260903-S002-P016,2026-09-03,S002,P016,13,3434.21
SALE-20260903-S002-P017,2026-09-03,S002,P017,13,6545.37
SALE-20260903-S002-P018,2026-09-03,S002,P018,10,3677.0
SALE-20260903-S002-P019,2026-09-03,S002,P019,11,8890.97
SALE-20260903-S002-P020,2026-09-03,S002,P020,11,7085.21
SALE-20260903-S002-P021,2026-09-03,S002,P021,5,987.35
SALE-20260903-S002-P022,2026-09-03,S002,P022,6,4371.24
SALE-20260903-S002-P023,2026-09-03,S002,P023,4,3198.8
SALE-20260903-S002-P024,2026-09-03,S002,P024,11,1643.4
SALE-20260903-S002-P025,2026-09-03,S002,P025,2,1380.94
SALE-20260903-S002-P026,2026-09-03,S002,P026,14,11478.32
SALE-20260903-S002-P027,2026-09-03,S002,P027,18,10608.84
SALE-20260903-S002-P028,2026-09-03,S002,P028,1,55.67
SALE-20260903-S002-P029,2026-09-03,S002,P029,7,1645.91
SALE-20260903-S002-P030,2026-09-03,S002,P030,2,461.32
SALE-20260903-S002-P031,2026-09-03,S002,P031,8,2331.36
SALE-20260903-S002-P032,2026-09-03,S002,P032,7,4386.2
SALE-20260903-S002-P033,2026-09-03,S002,P033,10,6749.1
SALE-20260903-S002-P034,2026-09-03,S002,P034,13,2202.07
SALE-20260903-S002-P035,2026-09-03,S002,P035,10,1225.8
SALE-20260903-S002-P036,2026-09-03,S002,P036,2,374.78
SALE-20260903-S002-P037,2026-09-03,S002,P037,15,2810.25
SALE-20260903-S002-P038,2026-09-03,S002,P038,3,1160.49
SALE-20260903-S002-P039,2026-09-03,S002,P039,4,2536.4
SALE-20260903-S002-P040,2026-09-03,S002,P040,8,1288.4
SALE-20260903-S002-P041,2026-09-03,S002,P041,10,9843.9
SALE-20260903-S002-P042,2026-09-03,S002,P042,14,14958.86
SALE-20260903-S002-P043,2026-09-03,S002,P043,11,8080.16
SALE-20260903-S002-P044,2026-09-03,S002,P044,7,944.65
SALE-20260903-S002-P045,2026-09-03,S002,P045,13,5793.45
SALE-20260903-S002-P046,2026-09-03,S002,P046,6,3335.58
SALE-20260903-S002-P047,2026-09-03,S002,P047,15,14144.85
SALE-20260903-S002-P048,2026-09-03,S002,P048,4,1895.12
SALE-20260903-S002-P049,2026-09-03,S002,P049,17,10789.22
SALE-20260903-S002-P050,2026-09-03,S002,P050,6,2342.28
SALE-20260903-S003-P001,2026-09-03,S003,P001,3,2366.58
SALE-20260903-S003-P002,2026-09-03,S003,P002,7,4544.05
SALE-20260903-S003-P003,2026-09-03,S003,P003,1,1070.87
SALE-20260903-S003-P004,2026-09-03,S003,P004,1,152.15
SALE-20260903-S003-P005,2026-09-03,S003,P005,20,8818.0
SALE-20260903-S003-P006,2026-09-03,S003,P006,3,2513.97
SALE-20260903-S003-P007,2026-09-03,S003,P007,9,2313.18
SALE-20260903-S003-P008,2026-09-03,S003,P008,8,7073.2
SALE-20260903-S003-P009,2026-09-03,S003,P009,5,3780.95
SALE-20260903-S003-P010,2026-09-03,S003,P010,3,2960.1
SALE-20260903-S003-P011,2026-09-03,S003,P011,0,0.0
SALE-20260903-S003-P012,2026-09-03,S003,P012,10,1888.3
SALE-20260903-S003-P013,2026-09-03,S003,P013,5,4324.4
SALE-20260903-S003-P014,2026-09-03,S003,P014,11,4333.01
SALE-20260903-S003-P015,2026-09-03,S003,P015,2,390.24
SALE-20260903-S003-P016,2026-09-03,S003,P016,9,2377.53
SALE-20260903-S003-P017,2026-09-03,S003,P017,8,4027.92
SALE-20260903-S003-P018,2026-09-03,S003,P018,12,4412.4
SALE-20260903-S003-P019,2026-09-03,S003,P019,5,4041.35
SALE-20260903-S003-P020,2026-09-03,S003,P020,5,3220.55
SALE-20260903-S003-P021,2026-09-03,S003,P021,2,394.94
SALE-20260903-S003-P022,2026-09-03,S003,P022,5,3642.7
SALE-20260903-S003-P023,2026-09-03,S003,P023,6,4798.2
SALE-20260903-S003-P024,2026-09-03,S003,P024,5,747.0
SALE-20260903-S003-P025,2026-09-03,S003,P025,1,690.47
SALE-20260903-S003-P026,2026-09-03,S003,P026,9,7378.92
SALE-20260903-S003-P027,2026-09-03,S003,P027,10,5893.8
SALE-20260903-S003-P028,2026-09-03,S003,P028,2,111.34
SALE-20260903-S003-P029,2026-09-03,S003,P029,9,2116.17
SALE-20260903-S003-P030,2026-09-03,S003,P030,1,230.66
SALE-20260903-S003-P031,2026-09-03,S003,P031,8,2331.36
SALE-20260903-S003-P032,2026-09-03,S003,P032,3,1879.8
SALE-20260903-S003-P033,2026-09-03,S003,P033,13,8773.83
SALE-20260903-S003-P034,2026-09-03,S003,P034,5,846.95
SALE-20260903-S003-P035,2026-09-03,S003,P035,17,2083.86
SALE-20260903-S003-P036,2026-09-03,S003,P036,2,374.78
SALE-20260903-S003-P037,2026-09-03,S003,P037,8,1498.8
SALE-20260903-S003-P038,2026-09-03,S003,P038,4,1547.32
SALE-20260903-S003-P039,2026-09-03,S003,P039,0,0.0
SALE-20260903-S003-P040,2026-09-03,S003,P040,5,805.25
SALE-20260903-S003-P041,2026-09-03,S003,P041,4,3937.56
SALE-20260903-S003-P042,2026-09-03,S003,P042,12,12821.88
SALE-20260903-S003-P043,2026-09-03,S003,P043,7,5141.92
SALE-20260903-S003-P044,2026-09-03,S003,P044,3,404.85
SALE-20260903-S003-P045,2026-09-03,S003,P045,9,4010.85
SALE-20260903-S003-P046,2026-09-03,S003,P046,7,3891.51
SALE-20260903-S003-P047,2026-09-03,S003,P047,7,6600.93
SALE-20260903-S003-P048,2026-09-03,S003,P048,2,947.56
SALE-20260903-S003-P049,2026-09-03,S003,P049,11,6981.26
SALE-20260903-S003-P050,2026-09-03,S003,P050,1,390.38
SALE-20260904-S001-P001,2026-09-04,S001,P001,9,7099.74
SALE-20260904-S001-P002,2026-09-04,S001,P002,8,5193.2
SALE-20260904-S001-P003,2026-09-04,S001,P003,1,1070.87
SALE-20260904-S001-P004,2026-09-04,S001,P004,1,152.15
SALE-20260904-S001-P005,2026-09-04,S001,P005,12,5290.8
SALE-20260904-S001-P006,2026-09-04,S001,P006,2,1675.98
SALE-20260904-S001-P007,2026-09-04,S001,P007,16,4112.32
SALE-20260904-S001-P008,2026-09-04,S001,P008,6,5304.9
SALE-20260904-S001-P009,2026-09-04,S001,P009,11,8318.09
SALE-20260904-S001-P010,2026-09-04,S001,P010,20,19734.0
SALE-20260904-S001-P011,2026-09-04,S001,P011,0,0.0
SALE-20260904-S001-P012,2026-09-04,S001,P012,16,3021.28
SALE-20260904-S001-P013,2026-09-04,S001,P013,5,4324.4
SALE-20260904-S001-P014,2026-09-04,S001,P014,14,5514.74
SALE-20260904-S001-P015,2026-09-04,S001,P015,5,975.6
SALE-20260904-S001-P016,2026-09-04,S001,P016,11,2905.87
SALE-20260904-S001-P017,2026-09-04,S001,P017,5,2517.45
SALE-20260904-S001-P018,2026-09-04,S001,P018,15,5515.5
SALE-20260904-S001-P019,2026-09-04,S001,P019,10,8082.7
SALE-20260904-S001-P020,2026-09-04,S001,P020,12,7729.32
SALE-20260904-S001-P021,2026-09-04,S001,P021,6,1184.82
SALE-20260904-S001-P022,2026-09-04,S001,P022,5,3642.7
SALE-20260904-S001-P023,2026-09-04,S001,P023,10,7997.0
SALE-20260904-S001-P024,2026-09-04,S001,P024,8,1195.2
SALE-20260904-S001-P025,2026-09-04,S001,P025,2,1380.94
SALE-20260904-S001-P026,2026-09-04,S001,P026,14,11478.32
SALE-20260904-S001-P027,2026-09-04,S001,P027,8,4715.04
SALE-20260904-S001-P028,2026-09-04,S001,P028,4,222.68
SALE-20260904-S001-P029,2026-09-04,S001,P029,11,2586.43
SALE-20260904-S001-P030,2026-09-04,S001,P030,3,691.98
SALE-20260904-S001-P031,2026-09-04,S001,P031,11,3205.62
SALE-20260904-S001-P032,2026-09-04,S001,P032,4,2506.4
SALE-20260904-S001-P033,2026-09-04,S001,P033,17,11473.47
SALE-20260904-S001-P034,2026-09-04,S001,P034,19,3218.41
SALE-20260904-S001-P035,2026-09-04,S001,P035,13,1593.54
SALE-20260904-S001-P036,2026-09-04,S001,P036,4,749.56
SALE-20260904-S001-P037,2026-09-04,S001,P037,18,3372.3
SALE-20260904-S001-P038,2026-09-04,S001,P038,4,1547.32
SALE-20260904-S001-P039,2026-09-04,S001,P039,1,634.1
SALE-20260904-S001-P040,2026-09-04,S001,P040,9,1449.45
SALE-20260904-S001-P041,2026-09-04,S001,P041,2,1968.78
SALE-20260904-S001-P042,2026-09-04,S001,P042,15,16027.35
SALE-20260904-S001-P043,2026-09-04,S001,P043,12,8814.72
SALE-20260904-S001-P044,2026-09-04,S001,P044,7,944.65
SALE-20260904-S001-P045,2026-09-04,S001,P045,19,8467.35
SALE-20260904-S001-P046,2026-09-04,S001,P046,2,1111.86
SALE-20260904-S001-P047,2026-09-04,S001,P047,5,4714.95
SALE-20260904-S001-P048,2026-09-04,S001,P048,2,947.56
SALE-20260904-S001-P049,2026-09-04,S001,P049,15,9519.9
SALE-20260904-S001-P050,2026-09-04,S001,P050,5,1951.9
SALE-20260904-S002-P001,2026-09-04,S002,P001,11,8677.46
SALE-20260904-S002-P002,2026-09-04,S002,P002,10,6491.5
SALE-20260904-S002-P003,2026-09-04,S002,P003,3,3212.61
SALE-20260904-S002-P004,2026-09-04,S002,P004,1,152.15
SALE-20260904-S002-P005,2026-09-04,S002,P005,21,9258.9
SALE-20260904-S002-P006,2026-09-04,S002,P006,3,2513.97
SALE-20260904-S002-P007,2026-09-04,S002,P007,0,0.0
SALE-20260904-S002-P008,2026-09-04,S002,P008,8,7073.2
SALE-20260904-S002-P009,2026-09-04,S002,P009,10,7561.9
SALE-20260904-S002-P010,2026-09-04,S002,P010,9,8880.3
SALE-20260904-S002-P011,2026-09-04,S002,P011,3,656.7
SALE-20260904-S002-P012,2026-09-04,S002,P012,18,3398.94
SALE-20260904-S002-P013,2026-09-04,S002,P013,7,6054.16
SALE-20260904-S002-P014,2026-09-04,S002,P014,18,7090.38
SALE-20260904-S002-P015,2026-09-04,S002,P015,6,1170.72
SALE-20260904-S002-P016,2026-09-04,S002,P016,18,4755.06
SALE-20260904-S002-P017,2026-09-04,S002,P017,9,4531.41
SALE-20260904-S002-P018,2026-09-04,S002,P018,19,6986.3
SALE-20260904-S002-P019,2026-09-04,S002,P019,16,12932.32
SALE-20260904-S002-P020,2026-09-04,S002,P020,7,4508.77
SALE-20260904-S002-P021,2026-09-04,S002,P021,12,2369.64
SALE-20260904-S002-P022,2026-09-04,S002,P022,6,4371.24
SALE-20260904-S002-P023,2026-09-04,S002,P023,13,10396.1
SALE-20260904-S002-P024,2026-09-04,S002,P024,7,1045.8
SALE-20260904-S002-P025,2026-09-04,S002,P025,1,690.47
SALE-20260904-S002-P026,2026-09-04,S002,P026,14,11478.32
SALE-20260904-S002-P027,2026-09-04,S002,P027,17,10019.46
SALE-20260904-S002-P028,2026-09-04,S002,P028,5,278.35
SALE-20260904-S002-P029,2026-09-04,S002,P029,11,2586.43
SALE-20260904-S002-P030,2026-09-04,S002,P030,7,1614.62
SALE-20260904-S002-P031,2026-09-04,S002,P031,18,5245.56
SALE-20260904-S002-P032,2026-09-04,S002,P032,7,4386.2
SALE-20260904-S002-P033,2026-09-04,S002,P033,16,10798.56
SALE-20260904-S002-P034,2026-09-04,S002,P034,15,2540.85
SALE-20260904-S002-P035,2026-09-04,S002,P035,18,2206.44
SALE-20260904-S002-P036,2026-09-04,S002,P036,4,749.56
SALE-20260904-S002-P037,2026-09-04,S002,P037,12,2248.2
SALE-20260904-S002-P038,2026-09-04,S002,P038,3,1160.49
SALE-20260904-S002-P039,2026-09-04,S002,P039,4,2536.4
SALE-20260904-S002-P040,2026-09-04,S002,P040,14,2254.7
SALE-20260904-S002-P041,2026-09-04,S002,P041,9,8859.51
SALE-20260904-S002-P042,2026-09-04,S002,P042,13,13890.37
SALE-20260904-S002-P043,2026-09-04,S002,P043,16,11752.96
SALE-20260904-S002-P044,2026-09-04,S002,P044,11,1484.45
SALE-20260904-S002-P045,2026-09-04,S002,P045,26,11586.9
SALE-20260904-S002-P046,2026-09-04,S002,P046,4,2223.72
SALE-20260904-S002-P047,2026-09-04,S002,P047,14,13201.86
SALE-20260904-S002-P048,2026-09-04,S002,P048,9,4264.02
SALE-20260904-S002-P049,2026-09-04,S002,P049,20,12693.2
SALE-20260904-S002-P050,2026-09-04,S002,P050,3,1171.14
SALE-20260904-S003-P001,2026-09-04,S003,P001,8,6310.88
SALE-20260904-S003-P002,2026-09-04,S003,P002,7,4544.05
SALE-20260904-S003-P003,2026-09-04,S003,P003,6,6425.22
SALE-20260904-S003-P004,2026-09-04,S003,P004,3,456.45
SALE-20260904-S003-P005,2026-09-04,S003,P005,22,9699.8
SALE-20260904-S003-P006,2026-09-04,S003,P006,3,2513.97
SALE-20260904-S003-P007,2026-09-04,S003,P007,10,2570.2
SALE-20260904-S003-P008,2026-09-04,S003,P008,6,5304.9
SALE-20260904-S003-P009,2026-09-04,S003,P009,9,6805.71
SALE-20260904-S003-P010,2026-09-04,S003,P010,3,2960.1
SALE-20260904-S003-P011,2026-09-04,S003,P011,1,218.9
SALE-20260904-S003-P012,2026-09-04,S003,P012,9,1699.47
SALE-20260904-S003-P013,2026-09-04,S003,P013,4,3459.52
SALE-20260904-S003-P014,2026-09-04,S003,P014,10,3939.1
SALE-20260904-S003-P015,2026-09-04,S003,P015,2,390.24
SALE-20260904-S003-P016,2026-09-04,S003,P016,5,1320.85
SALE-20260904-S003-P017,2026-09-04,S003,P017,8,4027.92
SALE-20260904-S003-P018,2026-09-04,S003,P018,15,5515.5
SALE-20260904-S003-P019,2026-09-04,S003,P019,5,4041.35
SALE-20260904-S003-P020,2026-09-04,S003,P020,9,5796.99
SALE-20260904-S003-P021,2026-09-04,S003,P021,3,592.41
SALE-20260904-S003-P022,2026-09-04,S003,P022,6,4371.24
SALE-20260904-S003-P023,2026-09-04,S003,P023,9,7197.3
SALE-20260904-S003-P024,2026-09-04,S003,P024,9,1344.6
SALE-20260904-S003-P025,2026-09-04,S003,P025,2,1380.94
SALE-20260904-S003-P026,2026-09-04,S003,P026,12,9838.56
SALE-20260904-S003-P027,2026-09-04,S003,P027,14,8251.32
SALE-20260904-S003-P028,2026-09-04,S003,P028,4,222.68
SALE-20260904-S003-P029,2026-09-04,S003,P029,6,1410.78
SALE-20260904-S003-P030,2026-09-04,S003,P030,1,230.66
SALE-20260904-S003-P031,2026-09-04,S003,P031,9,2622.78
SALE-20260904-S003-P032,2026-09-04,S003,P032,2,1253.2
SALE-20260904-S003-P033,2026-09-04,S003,P033,15,10123.65
SALE-20260904-S003-P034,2026-09-04,S003,P034,11,1863.29
SALE-20260904-S003-P035,2026-09-04,S003,P035,10,1225.8
SALE-20260904-S003-P036,2026-09-04,S003,P036,3,562.17
SALE-20260904-S003-P037,2026-09-04,S003,P037,11,2060.85
SALE-20260904-S003-P038,2026-09-04,S003,P038,4,1547.32
SALE-20260904-S003-P039,2026-09-04,S003,P039,3,1902.3
SALE-20260904-S003-P040,2026-09-04,S003,P040,7,1127.35
SALE-20260904-S003-P041,2026-09-04,S003,P041,1,984.39
SALE-20260904-S003-P042,2026-09-04,S003,P042,10,10684.9
SALE-20260904-S003-P043,2026-09-04,S003,P043,9,6611.04
SALE-20260904-S003-P044,2026-09-04,S003,P044,7,944.65
SALE-20260904-S003-P045,2026-09-04,S003,P045,4,1782.6
SALE-20260904-S003-P046,2026-09-04,S003,P046,7,3891.51
SALE-20260904-S003-P047,2026-09-04,S003,P047,8,7543.92
SALE-20260904-S003-P048,2026-09-04,S003,P048,5,2368.9
SALE-20260904-S003-P049,2026-09-04,S003,P049,15,9519.9
SALE-20260904-S003-P050,2026-09-04,S003,P050,4,1561.52
